// This file was generated by scripts/normalization.py
#ifndef SIMDUTF_NORMALIZATION_TABLES_H
#define SIMDUTF_NORMALIZATION_TABLES_H

namespace simdutf {
namespace {
namespace tables {
namespace normalization {


const uint16_t ccc_trie_index[1024] = {
  0x0000, 0x0000, 0x0000, 0x0000, 0x0000, 0x0000, 0x0000, 0x0000, 0x0000, 0x0000,
  0x0000, 0x0000, 0x0040, 0x007D, 0x0000, 0x0000, 0x0000, 0x0000, 0x00BA, 0x0000,
  0x0000, 0x0000, 0x00E9, 0x0129, 0x0159, 0x018E, 0x0000, 0x01BF, 0x01EE, 0x022D,
  0x0000, 0x0242, 0x0280, 0x02AE, 0x02D7, 0x030D, 0x034D, 0x038A, 0x034D, 0x03BD,
  0x034D, 0x03FC, 0x034D, 0x03FC, 0x034D, 0x03FC, 0x0000, 0x03FC, 0x034D, 0x042F,
  0x034D, 0x03FC, 0x0446, 0x03FC, 0x0000, 0x0483, 0x048E, 0x04C9, 0x04D5, 0x0510,
  0x0538, 0x0572, 0x05B2, 0x05EC, 0x05F5, 0x0000, 0x05E5, 0x0000, 0x0000, 0x0000,
  0x0000, 0x0000, 0x0000, 0x0000, 0x0000, 0x0000, 0x0000, 0x0630, 0x0000, 0x0000,
  0x0000, 0x0000, 0x0000, 0x0000, 0x0000, 0x0000, 0x0000, 0x0000, 0x0000, 0x0000,
  0x0000, 0x0000, 0x065C, 0x0000, 0x0000, 0x0691, 0x0000, 0x0000, 0x06AF, 0x0000,
  0x06D9, 0x0000, 0x0000, 0x0000, 0x0715, 0x0735, 0x0775, 0x07B4, 0x0355, 0x07F0,
  0x0824, 0x0850, 0x0352, 0x0000, 0x0000, 0x0884, 0x0000, 0x0000, 0x0000, 0x08C4,
  0x0000, 0x0000, 0x0000, 0x0000, 0x0000, 0x0000, 0x0000, 0x0000, 0x0000, 0x0000,
  0x0000, 0x0904, 0x0000, 0x0000, 0x0000, 0x0000, 0x0000, 0x0000, 0x0000, 0x0000,
  0x0000, 0x0000, 0x0000, 0x0000, 0x0000, 0x0000, 0x0000, 0x0000, 0x0000, 0x0000,
  0x0000, 0x0000, 0x0000, 0x0000, 0x0000, 0x0000, 0x0000, 0x0000, 0x0000, 0x0000,
  0x0000, 0x0000, 0x0000, 0x0000, 0x0000, 0x0000, 0x0000, 0x0000, 0x0000, 0x0000,
  0x0000, 0x0000, 0x0000, 0x0000, 0x0000, 0x0000, 0x0000, 0x0000, 0x0000, 0x0935,
  0x0000, 0x0967, 0x0000, 0x09A7, 0x0000, 0x0000, 0x0000, 0x0000, 0x0000, 0x0000,
  0x0000, 0x0000, 0x09E7, 0x0000, 0x0A17, 0x0000, 0x0000, 0x0000, 0x0000, 0x0000,
  0x0000, 0x0000, 0x0000, 0x0000, 0x0000, 0x0000, 0x0000, 0x0000, 0x0000, 0x0000,
  0x0000, 0x0000, 0x0000, 0x0000, 0x0000, 0x0000, 0x0000, 0x0000, 0x0000, 0x0000,
  0x0000, 0x0000, 0x0000, 0x0000, 0x0000, 0x0000, 0x0000, 0x0000, 0x0000, 0x0000,
  0x0000, 0x0000, 0x0000, 0x0000, 0x0000, 0x0000, 0x0000, 0x0000, 0x0000, 0x0000,
  0x0000, 0x0000, 0x0000, 0x0000, 0x0000, 0x0000, 0x0000, 0x0000, 0x0000, 0x0000,
  0x0000, 0x0000, 0x0000, 0x0000, 0x0000, 0x0000, 0x0000, 0x0000, 0x0000, 0x0000,
  0x0000, 0x0000, 0x0000, 0x0000, 0x0000, 0x0000, 0x0000, 0x0000, 0x0000, 0x0000,
  0x0000, 0x0000, 0x0000, 0x0000, 0x0000, 0x0000, 0x0000, 0x0000, 0x0000, 0x0000,
  0x0000, 0x0000, 0x0000, 0x0000, 0x0000, 0x0000, 0x0000, 0x0000, 0x0000, 0x0000,
  0x0000, 0x0000, 0x0000, 0x0000, 0x0000, 0x0000, 0x0000, 0x0000, 0x0000, 0x0000,
  0x0000, 0x0000, 0x0000, 0x0000, 0x0000, 0x0000, 0x0000, 0x0000, 0x0000, 0x0000,
  0x0000, 0x0000, 0x0000, 0x0000, 0x0000, 0x0000, 0x0000, 0x0000, 0x0000, 0x0000,
  0x0000, 0x0000, 0x0000, 0x0000, 0x0000, 0x0000, 0x0000, 0x0000, 0x0000, 0x0000,
  0x0000, 0x0000, 0x0000, 0x0000, 0x0000, 0x0000, 0x0000, 0x0000, 0x0000, 0x0000,
  0x0000, 0x0000, 0x0000, 0x0000, 0x0000, 0x0000, 0x0000, 0x0000, 0x0000, 0x0000,
  0x0000, 0x0000, 0x0000, 0x0000, 0x0000, 0x0000, 0x0000, 0x0000, 0x0000, 0x0000,
  0x0000, 0x0000, 0x0000, 0x0000, 0x0000, 0x0000, 0x0000, 0x0000, 0x0000, 0x0000,
  0x0000, 0x0000, 0x0000, 0x0000, 0x0000, 0x0000, 0x0000, 0x0000, 0x0000, 0x0000,
  0x0000, 0x0000, 0x0000, 0x0000, 0x0000, 0x0000, 0x0000, 0x0000, 0x0000, 0x0000,
  0x0000, 0x0000, 0x0000, 0x0000, 0x0000, 0x0000, 0x0000, 0x0000, 0x0000, 0x0000,
  0x0000, 0x0000, 0x0000, 0x0000, 0x0000, 0x0000, 0x0000, 0x0000, 0x0000, 0x0000,
  0x0000, 0x0000, 0x0000, 0x0000, 0x0000, 0x0000, 0x0000, 0x0000, 0x0000, 0x0000,
  0x0000, 0x0000, 0x0000, 0x0000, 0x0000, 0x0000, 0x0000, 0x0000, 0x0000, 0x0000,
  0x0000, 0x0000, 0x0000, 0x0000, 0x0000, 0x0000, 0x0000, 0x0000, 0x0000, 0x0000,
  0x0000, 0x0000, 0x0000, 0x0000, 0x0000, 0x0000, 0x0000, 0x0000, 0x0000, 0x0000,
  0x0000, 0x0000, 0x0000, 0x0000, 0x0000, 0x0000, 0x0000, 0x0000, 0x0000, 0x0000,
  0x0000, 0x0000, 0x0000, 0x0000, 0x0000, 0x0000, 0x0000, 0x0000, 0x0000, 0x0000,
  0x0000, 0x0000, 0x0000, 0x0000, 0x0000, 0x0000, 0x0000, 0x0000, 0x0000, 0x0000,
  0x0000, 0x0000, 0x0000, 0x0000, 0x0000, 0x0000, 0x0000, 0x0000, 0x0000, 0x0000,
  0x0000, 0x0000, 0x0000, 0x0000, 0x0000, 0x0000, 0x0000, 0x0000, 0x0000, 0x0000,
  0x0000, 0x0000, 0x0000, 0x0000, 0x0000, 0x0000, 0x0000, 0x0000, 0x0000, 0x0000,
  0x0000, 0x0000, 0x0000, 0x0000, 0x0000, 0x0000, 0x0000, 0x0000, 0x0000, 0x0000,
  0x0000, 0x0000, 0x0000, 0x0000, 0x0000, 0x0000, 0x0000, 0x0000, 0x0000, 0x0000,
  0x0000, 0x0000, 0x0000, 0x0000, 0x0000, 0x0000, 0x0000, 0x0000, 0x0000, 0x0000,
  0x0000, 0x0000, 0x0000, 0x0000, 0x0000, 0x0000, 0x0000, 0x0000, 0x0000, 0x0000,
  0x0000, 0x0000, 0x0000, 0x0000, 0x0000, 0x0000, 0x0000, 0x0000, 0x0000, 0x0000,
  0x0000, 0x0000, 0x0000, 0x0000, 0x0000, 0x0000, 0x0000, 0x0000, 0x0000, 0x0000,
  0x0000, 0x0000, 0x0000, 0x0000, 0x0000, 0x0000, 0x0000, 0x0000, 0x0000, 0x0000,
  0x0000, 0x0000, 0x0000, 0x0000, 0x0000, 0x0000, 0x0000, 0x0000, 0x0000, 0x0000,
  0x0000, 0x0000, 0x0000, 0x0000, 0x0000, 0x0000, 0x0000, 0x0000, 0x0000, 0x0000,
  0x0000, 0x0000, 0x0000, 0x0000, 0x0000, 0x0000, 0x0000, 0x0000, 0x0000, 0x0000,
  0x0000, 0x0000, 0x0000, 0x0000, 0x0000, 0x0000, 0x0000, 0x0000, 0x0000, 0x0000,
  0x0000, 0x0000, 0x0000, 0x0000, 0x0000, 0x0000, 0x0000, 0x0000, 0x0000, 0x0000,
  0x0000, 0x0000, 0x0000, 0x0000, 0x0000, 0x0000, 0x0000, 0x0000, 0x0000, 0x0000,
  0x0000, 0x0000, 0x0000, 0x0000, 0x0000, 0x0000, 0x0000, 0x0000, 0x0000, 0x0000,
  0x0000, 0x0000, 0x0000, 0x0000, 0x0000, 0x0000, 0x0000, 0x0000, 0x0000, 0x0000,
  0x0000, 0x0000, 0x0000, 0x0000, 0x0000, 0x0A32, 0x0A70, 0x0A90, 0x0000, 0x0000,
  0x0000, 0x0000, 0x0ACA, 0x0000, 0x0000, 0x0AF2, 0x0B24, 0x03B7, 0x0356, 0x0B64,
  0x0000, 0x0000, 0x0B74, 0x0BB4, 0x0000, 0x0000, 0x0000, 0x0979, 0x0000, 0x0000,
  0x0000, 0x0000, 0x0000, 0x0000, 0x0000, 0x0000, 0x0000, 0x0000, 0x0000, 0x0000,
  0x0000, 0x0000, 0x0000, 0x0000, 0x0000, 0x0000, 0x0000, 0x0000, 0x0000, 0x0000,
  0x0000, 0x0000, 0x0000, 0x0000, 0x0000, 0x0000, 0x0000, 0x0000, 0x0000, 0x0000,
  0x0000, 0x0000, 0x0000, 0x0000, 0x0000, 0x0000, 0x0000, 0x0000, 0x0000, 0x0000,
  0x0000, 0x0000, 0x0000, 0x0000, 0x0000, 0x0000, 0x0000, 0x0000, 0x0000, 0x0000,
  0x0000, 0x0000, 0x0000, 0x0000, 0x0000, 0x0000, 0x0000, 0x0000, 0x0000, 0x0000,
  0x0000, 0x0000, 0x0000, 0x0000, 0x0000, 0x0000, 0x0000, 0x0000, 0x0000, 0x0000,
  0x0000, 0x0000, 0x0000, 0x0000, 0x0000, 0x0000, 0x0000, 0x0000, 0x0000, 0x0000,
  0x0000, 0x0000, 0x0000, 0x0000, 0x0000, 0x0000, 0x0000, 0x0000, 0x0000, 0x0000,
  0x0000, 0x0000, 0x0000, 0x0000, 0x0000, 0x0000, 0x0000, 0x0000, 0x0000, 0x0000,
  0x0000, 0x0000, 0x0000, 0x0000, 0x0000, 0x0000, 0x0000, 0x0000, 0x0000, 0x0000,
  0x0000, 0x0000, 0x0000, 0x0000, 0x0000, 0x0000, 0x0000, 0x0000, 0x0000, 0x0000,
  0x0000, 0x0000, 0x0000, 0x0000, 0x0000, 0x0000, 0x0000, 0x0000, 0x0000, 0x0000,
  0x0000, 0x0000, 0x0000, 0x0000, 0x0000, 0x0000, 0x0000, 0x0000, 0x0000, 0x0000,
  0x0000, 0x0000, 0x0000, 0x0000, 0x0000, 0x0000, 0x0000, 0x0000, 0x0000, 0x0000,
  0x0000, 0x0000, 0x0000, 0x0000, 0x0000, 0x0000, 0x0000, 0x0000, 0x0000, 0x0000,
  0x0000, 0x0000, 0x0000, 0x0000, 0x0000, 0x0000, 0x0000, 0x0000, 0x0000, 0x0000,
  0x0000, 0x0000, 0x0000, 0x0000, 0x0000, 0x0000, 0x0000, 0x0000, 0x0000, 0x0000,
  0x0000, 0x0000, 0x0000, 0x0000, 0x0000, 0x0000, 0x0000, 0x0000, 0x0000, 0x0000,
  0x0000, 0x0000, 0x0000, 0x0000, 0x0000, 0x0000, 0x0000, 0x0000, 0x0000, 0x0000,
  0x0000, 0x0000, 0x0000, 0x0000, 0x0000, 0x0000, 0x0000, 0x0000, 0x0000, 0x0000,
  0x0000, 0x0000, 0x0000, 0x0000, 0x0000, 0x0000, 0x0000, 0x0000, 0x0000, 0x0000,
  0x0000, 0x0000, 0x0000, 0x0000, 0x0000, 0x0000, 0x0000, 0x0000, 0x0000, 0x0000,
  0x0000, 0x0000, 0x0000, 0x0000, 0x0000, 0x0000, 0x0000, 0x0000, 0x0000, 0x0000,
  0x0000, 0x0000, 0x0000, 0x0000, 0x0000, 0x0000, 0x0000, 0x0000, 0x0000, 0x0000,
  0x0000, 0x0000, 0x0000, 0x0000, 0x0000, 0x0000, 0x0000, 0x0000, 0x0000, 0x0000,
  0x0000, 0x0000, 0x0000, 0x0000, 0x0000, 0x0000, 0x0000, 0x0000, 0x0000, 0x0000,
  0x0000, 0x0000, 0x0000, 0x0000, 0x0000, 0x0000, 0x0000, 0x0000, 0x0000, 0x0000,
  0x0000, 0x0000, 0x0000, 0x0000, 0x0000, 0x0000, 0x0000, 0x0000, 0x0000, 0x0000,
  0x0000, 0x0000, 0x0000, 0x0000, 0x0000, 0x0000, 0x0000, 0x0000, 0x0000, 0x0000,
  0x0000, 0x0000, 0x0000, 0x0000, 0x0000, 0x0000, 0x0000, 0x0000, 0x0000, 0x0000,
  0x0000, 0x0000, 0x0000, 0x0000, 0x0BEB, 0x0000, 0x0000, 0x0000, 0x0000, 0x0000,
  0x0000, 0x0000, 0x0000, 0x0000, 0x0000, 0x0000, 0x0C0B, 0x0000, 0x0000, 0x0000,
  0x0000, 0x0000, 0x0C3B, 0x0000,
};

const uint16_t ccc_trie_index1[512] = {
  0x0000, 0x0018, 0x0037, 0x0057, 0x0075, 0x0075, 0x0075, 0x0075, 0x0075, 0x0075,
  0x0075, 0x0075, 0x0091, 0x00A6, 0x0075, 0x0075, 0x0075, 0x0075, 0x0075, 0x0075,
  0x0075, 0x0075, 0x0075, 0x00C6, 0x0075, 0x0075, 0x00E1, 0x0075, 0x0101, 0x011E,
  0x0075, 0x0075, 0x0075, 0x0075, 0x0075, 0x0075, 0x0075, 0x0075, 0x0075, 0x0075,
  0x0075, 0x0075, 0x0075, 0x0075, 0x0075, 0x0075, 0x0075, 0x0075, 0x0075, 0x0075,
  0x0075, 0x0075, 0x0075, 0x0075, 0x0075, 0x0075, 0x0075, 0x0075, 0x0075, 0x0075,
  0x0075, 0x0075, 0x0075, 0x0075, 0x0075, 0x0075, 0x0075, 0x0075, 0x0075, 0x0075,
  0x0075, 0x0075, 0x0075, 0x0075, 0x0075, 0x0075, 0x0075, 0x0075, 0x0075, 0x0075,
  0x0075, 0x0075, 0x0075, 0x0075, 0x0075, 0x0075, 0x0075, 0x0075, 0x0075, 0x0075,
  0x0075, 0x0075, 0x0075, 0x0075, 0x0075, 0x0075, 0x0075, 0x0075, 0x0075, 0x0075,
  0x0075, 0x0075, 0x0075, 0x0075, 0x0075, 0x0075, 0x0075, 0x0075, 0x0075, 0x0075,
  0x0075, 0x0075, 0x0075, 0x0075, 0x0075, 0x0075, 0x0075, 0x0075, 0x0075, 0x0075,
  0x0075, 0x0075, 0x0075, 0x0075, 0x0075, 0x0075, 0x0075, 0x0075, 0x0075, 0x0075,
  0x0075, 0x0075, 0x0075, 0x0075, 0x0075, 0x0075, 0x0075, 0x0075, 0x0075, 0x0075,
  0x0075, 0x0075, 0x0075, 0x0075, 0x0075, 0x0075, 0x0075, 0x0075, 0x0075, 0x0075,
  0x0075, 0x0075, 0x0075, 0x0075, 0x0075, 0x0075, 0x0075, 0x0075, 0x0075, 0x0075,
  0x0075, 0x0075, 0x0075, 0x0075, 0x0075, 0x0075, 0x0075, 0x0075, 0x0075, 0x0075,
  0x0075, 0x0075, 0x0075, 0x0075, 0x0075, 0x0075, 0x0075, 0x0075, 0x0075, 0x0075,
  0x0075, 0x0075, 0x0075, 0x0075, 0x0075, 0x0075, 0x0075, 0x0075, 0x0075, 0x0075,
  0x0075, 0x0075, 0x0075, 0x0075, 0x0075, 0x0075, 0x0075, 0x0075, 0x0075, 0x0075,
  0x0075, 0x0075, 0x0075, 0x0075, 0x0075, 0x0075, 0x0075, 0x0075, 0x0075, 0x0075,
  0x0075, 0x0075, 0x0075, 0x0075, 0x0075, 0x0075, 0x0075, 0x0075, 0x0075, 0x0075,
  0x0075, 0x0075, 0x0075, 0x0075, 0x0075, 0x0075, 0x0075, 0x0075, 0x0075, 0x0075,
  0x0075, 0x0075, 0x0075, 0x0075, 0x0075, 0x0075, 0x0075, 0x0075, 0x0075, 0x0075,
  0x0075, 0x0075, 0x0075, 0x0075, 0x0075, 0x0075, 0x0075, 0x0075, 0x0075, 0x0075,
  0x0075, 0x0075, 0x0075, 0x0075, 0x0075, 0x0075, 0x0075, 0x0075, 0x0075, 0x0075,
  0x0075, 0x0075, 0x0075, 0x0075, 0x0075, 0x0075, 0x0075, 0x0075, 0x0075, 0x0075,
  0x0075, 0x0075, 0x0075, 0x0075, 0x0075, 0x0075, 0x0075, 0x0075, 0x0075, 0x0075,
  0x0075, 0x0075, 0x0075, 0x0075, 0x0075, 0x0075, 0x0075, 0x0075, 0x0075, 0x0075,
  0x0075, 0x0075, 0x0075, 0x0075, 0x0075, 0x0075, 0x0075, 0x0075, 0x0075, 0x0075,
  0x0075, 0x0075, 0x0075, 0x0075, 0x0075, 0x0075, 0x0075, 0x0075, 0x0075, 0x0075,
  0x0075, 0x0075, 0x0075, 0x0075, 0x0075, 0x0075, 0x0075, 0x0075, 0x0075, 0x0075,
  0x0075, 0x0075, 0x0075, 0x0075, 0x0075, 0x0075, 0x0075, 0x0075, 0x0075, 0x0075,
  0x0075, 0x0075, 0x0075, 0x0075, 0x0075, 0x0075, 0x0075, 0x0075, 0x0075, 0x0075,
  0x0075, 0x0075, 0x0075, 0x0075, 0x0075, 0x0075, 0x0075, 0x0075, 0x0075, 0x0075,
  0x0075, 0x0075, 0x0075, 0x0075, 0x0075, 0x0075, 0x0075, 0x0075, 0x0075, 0x0075,
  0x0075, 0x0075, 0x0075, 0x0075, 0x0075, 0x0075, 0x0075, 0x0075, 0x0075, 0x0075,
  0x0075, 0x0075, 0x0075, 0x0075, 0x0075, 0x0075, 0x0075, 0x0075, 0x0075, 0x0075,
  0x0075, 0x0075, 0x0075, 0x0075, 0x0075, 0x0075, 0x0075, 0x0075, 0x0075, 0x0075,
  0x0075, 0x0075, 0x0075, 0x0075, 0x0075, 0x0075, 0x0075, 0x0075, 0x0075, 0x0075,
  0x0075, 0x0075, 0x0075, 0x0075, 0x0075, 0x0075, 0x0075, 0x0075, 0x0075, 0x0075,
  0x0075, 0x0075, 0x0075, 0x0075, 0x0075, 0x0075, 0x0075, 0x0075, 0x0075, 0x0075,
  0x0075, 0x0075, 0x0075, 0x0075, 0x0075, 0x0075, 0x0075, 0x0075, 0x0075, 0x0075,
  0x0075, 0x0075, 0x0075, 0x0075, 0x0075, 0x0075, 0x0075, 0x0075, 0x0075, 0x0075,
  0x0075, 0x0075, 0x0075, 0x0075, 0x0075, 0x0075, 0x0075, 0x0075, 0x0075, 0x0075,
  0x0075, 0x0075, 0x0075, 0x0075, 0x0075, 0x0075, 0x0075, 0x0075, 0x0075, 0x0075,
  0x0075, 0x0075, 0x0075, 0x0075, 0x0075, 0x0075, 0x0075, 0x0075, 0x0075, 0x0075,
  0x0075, 0x0075, 0x0075, 0x0075, 0x0075, 0x0075, 0x0075, 0x0075, 0x0075, 0x0075,
  0x0075, 0x0075, 0x0075, 0x0075, 0x0075, 0x0075, 0x0075, 0x0075, 0x0075, 0x0075,
  0x0075, 0x0075, 0x0075, 0x0075, 0x0075, 0x0075, 0x0075, 0x0075, 0x0075, 0x0075,
  0x0075, 0x0075, 0x0075, 0x0075, 0x0075, 0x0075, 0x0075, 0x0075, 0x0075, 0x0075,
  0x0075, 0x0075,
};

const uint16_t ccc_trie_index2[318] = {
  0x0000, 0x0000, 0x0000, 0x0000, 0x0000, 0x0000, 0x0000, 0x0C5B, 0x0000, 0x0000,
  0x0000, 0x05D2, 0x0000, 0x0C99, 0x0000, 0x0000, 0x0000, 0x0000, 0x0000, 0x0000,
  0x0000, 0x0000, 0x0000, 0x0000, 0x0000, 0x0000, 0x0000, 0x0000, 0x0000, 0x0000,
  0x0000, 0x0000, 0x0CD4, 0x0000, 0x0000, 0x0D14, 0x0000, 0x0000, 0x0000, 0x0000,
  0x0000, 0x0000, 0x0000, 0x0000, 0x0D3B, 0x0D63, 0x0000, 0x0000, 0x0000, 0x0000,
  0x0D91, 0x0DBE, 0x0000, 0x0DFE, 0x0E3C, 0x0000, 0x0E76, 0x0EB6, 0x0000, 0x0EF6,
  0x0356, 0x0000, 0x0F36, 0x0F41, 0x0000, 0x0000, 0x0F78, 0x0FA3, 0x0FE0, 0x0000,
  0x1015, 0x0000, 0x1053, 0x0000, 0x1091, 0x0000, 0x0000, 0x0967, 0x1094, 0x0967,
  0x0000, 0x109E, 0x0000, 0x039F, 0x0000, 0x0000, 0x0000, 0x0EB6, 0x0000, 0x0000,
  0x0000, 0x10D6, 0x1115, 0x0000, 0x03AA, 0x0972, 0x0486, 0x03B1, 0x0000, 0x0000,
  0x0000, 0x0000, 0x0000, 0x0967, 0x0000, 0x0000, 0x0000, 0x0000, 0x1153, 0x03B3,
  0x0000, 0x0000, 0x0000, 0x0000, 0x0000, 0x0000, 0x1156, 0x0000, 0x0000, 0x0000,
  0x0000, 0x0000, 0x0000, 0x0000, 0x0000, 0x0000, 0x0000, 0x0000, 0x0000, 0x0000,
  0x0000, 0x0000, 0x0000, 0x0000, 0x0000, 0x0000, 0x0000, 0x0000, 0x0000, 0x0000,
  0x0000, 0x0000, 0x0000, 0x0000, 0x0000, 0x0000, 0x0000, 0x0000, 0x0000, 0x0977,
  0x0000, 0x0000, 0x0000, 0x0000, 0x0000, 0x0000, 0x0000, 0x0000, 0x0000, 0x0000,
  0x0000, 0x0000, 0x0000, 0x0000, 0x0000, 0x0000, 0x0000, 0x0000, 0x0000, 0x0000,
  0x0000, 0x0000, 0x0000, 0x0000, 0x0000, 0x0000, 0x0000, 0x1166, 0x119B, 0x0000,
  0x0000, 0x0000, 0x0000, 0x0000, 0x0000, 0x0000, 0x0000, 0x0000, 0x0000, 0x0000,
  0x0000, 0x0000, 0x0000, 0x0000, 0x0000, 0x0000, 0x0000, 0x11D2, 0x0000, 0x0000,
  0x0000, 0x0000, 0x0000, 0x0000, 0x0000, 0x0000, 0x0000, 0x0000, 0x0000, 0x0000,
  0x0000, 0x0000, 0x0000, 0x0000, 0x0000, 0x0000, 0x1204, 0x0000, 0x0000, 0x0000,
  0x0000, 0x0000, 0x0000, 0x0000, 0x0000, 0x0000, 0x0000, 0x0000, 0x0000, 0x0000,
  0x1223, 0x1260, 0x0000, 0x0000, 0x0962, 0x0000, 0x0000, 0x0000, 0x0000, 0x0000,
  0x0000, 0x0000, 0x0000, 0x0000, 0x0000, 0x0000, 0x0000, 0x0000, 0x0000, 0x0000,
  0x0000, 0x0000, 0x0000, 0x0000, 0x0000, 0x0000, 0x0000, 0x12A0, 0x0000, 0x12D1,
  0x0000, 0x119B, 0x0000, 0x0000, 0x0000, 0x0000, 0x0000, 0x12E3, 0x1312, 0x0000,
  0x0000, 0x0000, 0x0000, 0x0000, 0x0000, 0x0000, 0x1342, 0x0000, 0x0000, 0x0000,
  0x1372, 0x0000, 0x0000, 0x0000, 0x13A2, 0x0000, 0x0000, 0x0000, 0x0000, 0x13D8,
  0x0000, 0x1414, 0x0000, 0x0000, 0x0000, 0x0000, 0x0000, 0x0000, 0x0000, 0x0000,
  0x0000, 0x0000, 0x0000, 0x0000, 0x0000, 0x0000, 0x0000, 0x0000, 0x0000, 0x0000,
  0x0000, 0x0000, 0x0000, 0x0000, 0x0000, 0x0000, 0x0000, 0x0000,
};

const uint8_t ccc_trie_data[5204] = {
  0x00, 0x00, 0x00, 0x00, 0x00, 0x00, 0x00, 0x00, 0x00, 0x00,
  0x00, 0x00, 0x00, 0x00, 0x00, 0x00, 0x00, 0x00, 0x00, 0x00,
  0x00, 0x00, 0x00, 0x00, 0x00, 0x00, 0x00, 0x00, 0x00, 0x00,
  0x00, 0x00, 0x00, 0x00, 0x00, 0x00, 0x00, 0x00, 0x00, 0x00,
  0x00, 0x00, 0x00, 0x00, 0x00, 0x00, 0x00, 0x00, 0x00, 0x00,
  0x00, 0x00, 0x00, 0x00, 0x00, 0x00, 0x00, 0x00, 0x00, 0x00,
  0x00, 0x00, 0x00, 0x00, 0xE6, 0xE6, 0xE6, 0xE6, 0xE6, 0xE6,
  0xE6, 0xE6, 0xE6, 0xE6, 0xE6, 0xE6, 0xE6, 0xE6, 0xE6, 0xE6,
  0xE6, 0xE6, 0xE6, 0xE6, 0xE6, 0xE8, 0xDC, 0xDC, 0xDC, 0xDC,
  0xE8, 0xD8, 0xDC, 0xDC, 0xDC, 0xDC, 0xDC, 0xCA, 0xCA, 0xDC,
  0xDC, 0xDC, 0xDC, 0xCA, 0xCA, 0xDC, 0xDC, 0xDC, 0xDC, 0xDC,
  0xDC, 0xDC, 0xDC, 0xDC, 0xDC, 0xDC, 0x01, 0x01, 0x01, 0x01,
  0x01, 0xDC, 0xDC, 0xDC, 0xDC, 0xE6, 0xE6, 0xE6, 0xE6, 0xE6,
  0xF0, 0xE6, 0xDC, 0xDC, 0xDC, 0xE6, 0xE6, 0xE6, 0xDC, 0xDC,
  0x00, 0xE6, 0xE6, 0xE6, 0xDC, 0xDC, 0xDC, 0xDC, 0xE6, 0xE8,
  0xDC, 0xDC, 0xE6, 0xE9, 0xEA, 0xEA, 0xE9, 0xEA, 0xEA, 0xE9,
  0xE6, 0xE6, 0xE6, 0xE6, 0xE6, 0xE6, 0xE6, 0xE6, 0xE6, 0xE6,
  0xE6, 0xE6, 0xE6, 0x00, 0x00, 0x00, 0x00, 0x00, 0x00, 0x00,
  0x00, 0x00, 0x00, 0x00, 0x00, 0x00, 0x00, 0x00, 0x00, 0xE6,
  0xE6, 0xE6, 0xE6, 0xE6, 0x00, 0x00, 0x00, 0x00, 0x00, 0x00,
  0x00, 0x00, 0x00, 0x00, 0x00, 0x00, 0x00, 0x00, 0x00, 0x00,
  0x00, 0x00, 0x00, 0x00, 0x00, 0x00, 0x00, 0x00, 0x00, 0x00,
  0x00, 0x00, 0x00, 0x00, 0x00, 0x00, 0x00, 0x00, 0x00, 0x00,
  0x00, 0x00, 0x00, 0x00, 0x00, 0x00, 0x00, 0x00, 0x00, 0x00,
  0x00, 0x00, 0x00, 0x00, 0x00, 0x00, 0x00, 0x00, 0x00, 0x00,
  0xDC, 0xE6, 0xE6, 0xE6, 0xE6, 0xDC, 0xE6, 0xE6, 0xE6, 0xDE,
  0xDC, 0xE6, 0xE6, 0xE6, 0xE6, 0xE6, 0xE6, 0xDC, 0xDC, 0xDC,
  0xDC, 0xDC, 0xDC, 0xE6, 0xE6, 0xDC, 0xE6, 0xE6, 0xDE, 0xE4,
  0xE6, 0x0A, 0x0B, 0x0C, 0x0D, 0x0E, 0x0F, 0x10, 0x11, 0x12,
  0x13, 0x13, 0x14, 0x15, 0x16, 0x00, 0x17, 0x00, 0x18, 0x19,
  0x00, 0xE6, 0xDC, 0x00, 0x12, 0x00, 0x00, 0x00, 0x00, 0x00,
  0x00, 0x00, 0x00, 0x00, 0x00, 0x00, 0x00, 0x00, 0x00, 0x00,
  0x00, 0x00, 0x00, 0x00, 0x00, 0x00, 0x00, 0x00, 0x00, 0x00,
  0x00, 0x00, 0x00, 0x00, 0x00, 0x00, 0x00, 0x00, 0x00, 0x00,
  0x00, 0x00, 0x00, 0x00, 0x00, 0x00, 0x00, 0x00, 0x00, 0x00,
  0x00, 0x00, 0x00, 0x00, 0x00, 0x00, 0x00, 0x00, 0x00, 0x00,
  0x00, 0xE6, 0xE6, 0xE6, 0xE6, 0xE6, 0xE6, 0xE6, 0xE6, 0x1E,
  0x1F, 0x20, 0x00, 0x00, 0x00, 0x00, 0x00, 0x00, 0x00, 0x00,
  0x00, 0x00, 0x00, 0x00, 0x00, 0x00, 0x00, 0x00, 0x00, 0x00,
  0x00, 0x00, 0x00, 0x00, 0x00, 0x00, 0x00, 0x00, 0x00, 0x00,
  0x00, 0x00, 0x00, 0x00, 0x00, 0x00, 0x00, 0x00, 0x00, 0x1B,
  0x1C, 0x1D, 0x1E, 0x1F, 0x20, 0x21, 0x22, 0xE6, 0xE6, 0xDC,
  0xDC, 0xE6, 0xE6, 0xE6, 0xE6, 0xE6, 0xDC, 0xE6, 0xE6, 0xDC,
  0x00, 0x00, 0x00, 0x00, 0x00, 0x00, 0x00, 0x00, 0x00, 0x00,
  0x00, 0x00, 0x00, 0x00, 0x00, 0x00, 0x23, 0x00, 0x00, 0x00,
  0x00, 0x00, 0x00, 0x00, 0x00, 0x00, 0x00, 0x00, 0x00, 0x00,
  0x00, 0x00, 0x00, 0x00, 0x00, 0x00, 0x00, 0x00, 0x00, 0xE6,
  0xE6, 0xE6, 0xE6, 0xE6, 0xE6, 0xE6, 0x00, 0x00, 0xE6, 0xE6,
  0xE6, 0xE6, 0xDC, 0xE6, 0x00, 0x00, 0xE6, 0xE6, 0x00, 0xDC,
  0xE6, 0xE6, 0xDC, 0x00, 0x00, 0x00, 0x00, 0x00, 0x00, 0x00,
  0x00, 0x00, 0x00, 0x00, 0x00, 0x00, 0x00, 0x00, 0x00, 0x00,
  0x00, 0x24, 0x00, 0x00, 0x00, 0x00, 0x00, 0x00, 0x00, 0x00,
  0x00, 0x00, 0x00, 0x00, 0x00, 0x00, 0x00, 0x00, 0x00, 0x00,
  0x00, 0x00, 0x00, 0x00, 0x00, 0x00, 0x00, 0x00, 0x00, 0x00,
  0x00, 0x00, 0xE6, 0xDC, 0xE6, 0xE6, 0xDC, 0xE6, 0xE6, 0xDC,
  0xDC, 0xDC, 0xE6, 0xDC, 0xDC, 0xE6, 0xDC, 0xE6, 0xE6, 0xDC,
  0xE6, 0xDC, 0xE6, 0xDC, 0xE6, 0xDC, 0xE6, 0xE6, 0x00, 0x00,
  0x00, 0x00, 0x00, 0x00, 0x00, 0x00, 0x00, 0x00, 0x00, 0x00,
  0x00, 0x00, 0x00, 0x00, 0x00, 0x00, 0x00, 0x00, 0x00, 0x00,
  0x00, 0x00, 0x00, 0x00, 0x00, 0x00, 0x00, 0x00, 0x00, 0x00,
  0x00, 0x00, 0x00, 0x00, 0x00, 0x00, 0x00, 0x00, 0x00, 0x00,
  0x00, 0x00, 0x00, 0x00, 0x00, 0x00, 0x00, 0x00, 0x00, 0x00,
  0x00, 0xE6, 0xE6, 0xE6, 0xE6, 0xE6, 0xE6, 0xE6, 0xDC, 0xE6,
  0x00, 0x00, 0x00, 0x00, 0x00, 0x00, 0x00, 0x00, 0x00, 0xDC,
  0x00, 0x00, 0x00, 0x00, 0x00, 0x00, 0x00, 0x00, 0x00, 0x00,
  0x00, 0x00, 0x00, 0x00, 0x00, 0x00, 0x00, 0x00, 0x00, 0x00,
  0x00, 0x00, 0xE6, 0xE6, 0xE6, 0xE6, 0x00, 0xE6, 0xE6, 0xE6,
  0xE6, 0xE6, 0xE6, 0xE6, 0xE6, 0xE6, 0x00, 0xE6, 0xE6, 0xE6,
  0x00, 0xE6, 0xE6, 0xE6, 0xE6, 0xE6, 0x00, 0x00, 0x00, 0x00,
  0x00, 0x00, 0x00, 0x00, 0x00, 0x00, 0x00, 0x00, 0x00, 0x00,
  0x00, 0x00, 0x00, 0x00, 0x00, 0x00, 0x00, 0x00, 0x00, 0x00,
  0x00, 0xDC, 0xDC, 0xDC, 0x00, 0x00, 0x00, 0x00, 0x00, 0x00,
  0x00, 0x00, 0x00, 0x00, 0x00, 0x00, 0x00, 0x00, 0x00, 0x00,
  0x00, 0x00, 0x00, 0x00, 0x00, 0x00, 0x00, 0x00, 0x00, 0x00,
  0x00, 0x00, 0x00, 0x00, 0x00, 0x00, 0x00, 0x00, 0x00, 0x00,
  0xE6, 0xE6, 0xDC, 0xDC, 0xDC, 0xE6, 0xE6, 0xE6, 0xE6, 0x00,
  0x00, 0x00, 0x00, 0x00, 0x00, 0x00, 0x00, 0x00, 0x00, 0x00,
  0x00, 0x00, 0x00, 0x00, 0x00, 0x00, 0x00, 0x00, 0x00, 0x00,
  0x00, 0x00, 0x00, 0x00, 0x00, 0x00, 0x00, 0x00, 0x00, 0x00,
  0x00, 0xE6, 0xE6, 0xE6, 0xE6, 0xE6, 0xDC, 0xDC, 0xDC, 0xDC,
  0xDC, 0xE6, 0xE6, 0xE6, 0xE6, 0xE6, 0xE6, 0xE6, 0xE6, 0xE6,
  0xE6, 0xE6, 0xE6, 0xE6, 0xE6, 0x00, 0xDC, 0xE6, 0xE6, 0xDC,
  0xE6, 0xE6, 0xDC, 0xE6, 0xE6, 0xE6, 0xDC, 0xDC, 0xDC, 0x1B,
  0x1C, 0x1D, 0xE6, 0xE6, 0xE6, 0xDC, 0xE6, 0xE6, 0xDC, 0xDC,
  0xE6, 0xE6, 0xE6, 0xE6, 0xE6, 0x00, 0x00, 0x00, 0x00, 0x00,
  0x00, 0x00, 0x00, 0x00, 0x00, 0x00, 0x00, 0x00, 0x00, 0x00,
  0x00, 0x00, 0x00, 0x00, 0x00, 0x00, 0x00, 0x00, 0x00, 0x00,
  0x00, 0x00, 0x00, 0x00, 0x00, 0x00, 0x00, 0x00, 0x00, 0x00,
  0x00, 0x00, 0x00, 0x00, 0x00, 0x00, 0x00, 0x00, 0x00, 0x00,
  0x00, 0x00, 0x00, 0x00, 0x00, 0x00, 0x00, 0x00, 0x00, 0x00,
  0x00, 0x00, 0x00, 0x00, 0x00, 0x07, 0x00, 0x00, 0x00, 0x00,
  0x00, 0x00, 0x00, 0x00, 0x00, 0x00, 0x00, 0x00, 0x00, 0x09,
  0x00, 0x00, 0x00, 0xE6, 0xDC, 0xE6, 0xE6, 0x00, 0x00, 0x00,
  0x00, 0x00, 0x00, 0x00, 0x00, 0x00, 0x00, 0x00, 0x00, 0x00,
  0x00, 0x00, 0x00, 0x00, 0x00, 0x00, 0x00, 0x00, 0x00, 0x00,
  0x00, 0x00, 0x00, 0x00, 0x00, 0x00, 0x00, 0x00, 0x00, 0x00,
  0x00, 0x00, 0x00, 0x00, 0x00, 0x00, 0x00, 0x00, 0x00, 0x00,
  0x09, 0x00, 0x00, 0x00, 0x00, 0x00, 0x00, 0x00, 0x00, 0x00,
  0x00, 0x00, 0x00, 0x00, 0x00, 0x00, 0x00, 0x00, 0x00, 0x00,
  0x00, 0x00, 0x00, 0x00, 0x00, 0x00, 0x00, 0x00, 0x00, 0x00,
  0x00, 0x00, 0x00, 0x00, 0x00, 0x00, 0x00, 0x00, 0x00, 0x00,
  0x00, 0x00, 0x00, 0x00, 0x00, 0x00, 0x00, 0x00, 0x00, 0xE6,
  0x00, 0x00, 0x00, 0x00, 0x00, 0x00, 0x00, 0x00, 0x00, 0x00,
  0x00, 0x00, 0x00, 0x09, 0x00, 0x00, 0x00, 0x00, 0x00, 0x00,
  0x00, 0x00, 0x00, 0x00, 0x00, 0x00, 0x00, 0x00, 0x00, 0x00,
  0x00, 0x00, 0x00, 0x00, 0x00, 0x00, 0x00, 0x00, 0x00, 0x00,
  0x00, 0x00, 0x00, 0x00, 0x00, 0x00, 0x00, 0x00, 0x00, 0x00,
  0x00, 0x00, 0x00, 0x00, 0x00, 0x00, 0x00, 0x00, 0x00, 0x00,
  0x00, 0x00, 0x00, 0x00, 0x09, 0x00, 0x00, 0x00, 0x00, 0x00,
  0x00, 0x00, 0x54, 0x5B, 0x00, 0x00, 0x00, 0x00, 0x00, 0x00,
  0x00, 0x00, 0x00, 0x00, 0x00, 0x00, 0x00, 0x00, 0x00, 0x00,
  0x00, 0x00, 0x00, 0x00, 0x00, 0x00, 0x00, 0x00, 0x00, 0x00,
  0x00, 0x00, 0x00, 0x00, 0x00, 0x00, 0x00, 0x00, 0x00, 0x00,
  0x00, 0x00, 0x00, 0x00, 0x00, 0x00, 0x00, 0x00, 0x00, 0x00,
  0x00, 0x00, 0x00, 0x00, 0x00, 0x00, 0x00, 0x00, 0x00, 0x00,
  0x00, 0x00, 0x00, 0x09, 0x09, 0x00, 0x00, 0x00, 0x00, 0x00,
  0x00, 0x00, 0x00, 0x00, 0x00, 0x09, 0x00, 0x00, 0x00, 0x00,
  0x00, 0x00, 0x00, 0x00, 0x00, 0x00, 0x00, 0x00, 0x00, 0x00,
  0x00, 0x00, 0x00, 0x00, 0x00, 0x00, 0x00, 0x00, 0x00, 0x00,
  0x00, 0x00, 0x00, 0x00, 0x00, 0x00, 0x00, 0x00, 0x00, 0x00,
  0x00, 0x00, 0x00, 0x00, 0x00, 0x00, 0x00, 0x00, 0x00, 0x00,
  0x00, 0x00, 0x00, 0x00, 0x00, 0x00, 0x00, 0x00, 0x00, 0x00,
  0x00, 0x00, 0x67, 0x67, 0x09, 0x00, 0x00, 0x00, 0x00, 0x00,
  0x00, 0x00, 0x00, 0x6B, 0x6B, 0x6B, 0x6B, 0x00, 0x00, 0x00,
  0x00, 0x00, 0x00, 0x00, 0x00, 0x00, 0x00, 0x00, 0x00, 0x00,
  0x00, 0x00, 0x00, 0x00, 0x00, 0x00, 0x00, 0x00, 0x00, 0x00,
  0x00, 0x00, 0x00, 0x00, 0x00, 0x00, 0x00, 0x00, 0x00, 0x00,
  0x00, 0x00, 0x00, 0x00, 0x00, 0x00, 0x00, 0x00, 0x00, 0x00,
  0x00, 0x00, 0x00, 0x00, 0x00, 0x00, 0x00, 0x00, 0x00, 0x00,
  0x00, 0x00, 0x00, 0x76, 0x76, 0x09, 0x00, 0x00, 0x00, 0x00,
  0x00, 0x00, 0x00, 0x00, 0x7A, 0x7A, 0x7A, 0x7A, 0x00, 0x00,
  0x00, 0x00, 0x00, 0x00, 0x00, 0x00, 0x00, 0x00, 0x00, 0x00,
  0x00, 0x00, 0x00, 0x00, 0x00, 0x00, 0x00, 0x00, 0x00, 0x00,
  0x00, 0x00, 0x00, 0x00, 0x00, 0x00, 0x00, 0x00, 0x00, 0x00,
  0x00, 0x00, 0x00, 0x00, 0x00, 0x00, 0x00, 0x00, 0x00, 0x00,
  0x00, 0x00, 0x00, 0x00, 0x00, 0x00, 0x00, 0x00, 0x00, 0x00,
  0xDC, 0xDC, 0x00, 0x00, 0x00, 0x00, 0x00, 0x00, 0x00, 0x00,
  0x00, 0x00, 0x00, 0x00, 0x00, 0x00, 0x00, 0x00, 0x00, 0x00,
  0x00, 0x00, 0x00, 0x00, 0x00, 0x00, 0x00, 0x00, 0x00, 0xDC,
  0x00, 0xDC, 0x00, 0xD8, 0x00, 0x00, 0x00, 0x00, 0x00, 0x00,
  0x00, 0x00, 0x00, 0x00, 0x00, 0x00, 0x00, 0x00, 0x00, 0x00,
  0x00, 0x00, 0x00, 0x00, 0x00, 0x00, 0x00, 0x00, 0x00, 0x00,
  0x00, 0x00, 0x00, 0x00, 0x00, 0x00, 0x00, 0x00, 0x00, 0x00,
  0x00, 0x00, 0x00, 0x00, 0x00, 0x00, 0x00, 0x00, 0x00, 0x00,
  0x00, 0x00, 0x00, 0x81, 0x82, 0x01, 0x84, 0x01, 0x00, 0x00,
  0x00, 0x00, 0x82, 0x82, 0x82, 0x82, 0x00, 0x00, 0x82, 0x01,
  0xE6, 0xE6, 0x09, 0x00, 0xE6, 0xE6, 0x00, 0x00, 0x00, 0x00,
  0x00, 0x00, 0x00, 0x00, 0x00, 0x00, 0x00, 0x00, 0x00, 0x00,
  0x00, 0x00, 0x00, 0x00, 0x00, 0x00, 0x00, 0x00, 0x00, 0x00,
  0x00, 0x00, 0x00, 0x00, 0x00, 0x00, 0x00, 0x00, 0x00, 0x00,
  0x00, 0x00, 0x00, 0x00, 0x00, 0x00, 0x00, 0x00, 0x00, 0x00,
  0x00, 0x00, 0x00, 0x00, 0x00, 0x00, 0x00, 0x00, 0x00, 0x00,
  0x00, 0x00, 0xDC, 0x00, 0x00, 0x00, 0x00, 0x00, 0x00, 0x00,
  0x00, 0x00, 0x00, 0x00, 0x00, 0x00, 0x00, 0x00, 0x00, 0x00,
  0x00, 0x00, 0x00, 0x00, 0x00, 0x00, 0x00, 0x00, 0x00, 0x00,
  0x00, 0x00, 0x00, 0x00, 0x00, 0x00, 0x00, 0x00, 0x00, 0x00,
  0x00, 0x00, 0x00, 0x00, 0x00, 0x00, 0x00, 0x00, 0x00, 0x00,
  0x00, 0x00, 0x00, 0x00, 0x00, 0x00, 0x00, 0x00, 0x00, 0x00,
  0x07, 0x00, 0x09, 0x09, 0x00, 0x00, 0x00, 0x00, 0x00, 0x00,
  0x00, 0x00, 0x00, 0x00, 0x00, 0x00, 0x00, 0x00, 0x00, 0x00,
  0x00, 0x00, 0x00, 0x00, 0x00, 0x00, 0x00, 0x00, 0x00, 0x00,
  0x00, 0x00, 0x00, 0xE6, 0xE6, 0xE6, 0x00, 0x00, 0x00, 0x00,
  0x00, 0x00, 0x00, 0x00, 0x00, 0x00, 0x00, 0x00, 0x00, 0x00,
  0x00, 0x00, 0x00, 0x00, 0x00, 0x00, 0x00, 0x00, 0x00, 0x00,
  0x00, 0x00, 0x00, 0x00, 0x00, 0x00, 0x00, 0x00, 0x09, 0x09,
  0x00, 0x00, 0x00, 0x00, 0x00, 0x00, 0x00, 0x00, 0x00, 0x00,
  0x00, 0x00, 0x00, 0x00, 0x00, 0x00, 0x00, 0x00, 0x00, 0x00,
  0x00, 0x00, 0x00, 0x00, 0x00, 0x00, 0x00, 0x00, 0x00, 0x00,
  0x09, 0x00, 0x00, 0x00, 0x00, 0x00, 0x00, 0x00, 0x00, 0x00,
  0x00, 0x00, 0x00, 0x00, 0x00, 0x00, 0x00, 0x00, 0x00, 0x09,
  0x00, 0x00, 0x00, 0x00, 0x00, 0x00, 0x00, 0x00, 0x00, 0x00,
  0xE6, 0x00, 0x00, 0x00, 0x00, 0x00, 0x00, 0x00, 0x00, 0x00,
  0x00, 0x00, 0x00, 0x00, 0x00, 0x00, 0x00, 0x00, 0x00, 0x00,
  0x00, 0x00, 0x00, 0x00, 0x00, 0x00, 0x00, 0x00, 0x00, 0x00,
  0x00, 0x00, 0x00, 0x00, 0x00, 0x00, 0x00, 0x00, 0x00, 0x00,
  0x00, 0x00, 0xE4, 0x00, 0x00, 0x00, 0x00, 0x00, 0x00, 0x00,
  0x00, 0x00, 0x00, 0x00, 0x00, 0x00, 0x00, 0x00, 0x00, 0x00,
  0x00, 0x00, 0x00, 0x00, 0x00, 0x00, 0x00, 0x00, 0x00, 0x00,
  0x00, 0x00, 0x00, 0x00, 0x00, 0x00, 0x00, 0x00, 0x00, 0x00,
  0x00, 0x00, 0x00, 0x00, 0x00, 0x00, 0x00, 0x00, 0x00, 0x00,
  0x00, 0x00, 0x00, 0x00, 0x00, 0x00, 0x00, 0x00, 0x00, 0x00,
  0xDE, 0xE6, 0xDC, 0x00, 0x00, 0x00, 0x00, 0x00, 0x00, 0x00,
  0x00, 0x00, 0x00, 0x00, 0x00, 0x00, 0x00, 0x00, 0x00, 0x00,
  0x00, 0x00, 0x00, 0x00, 0x00, 0x00, 0xE6, 0xDC, 0x00, 0x00,
  0x00, 0x00, 0x00, 0x00, 0x00, 0x00, 0x00, 0x00, 0x00, 0x00,
  0x00, 0x00, 0x00, 0x00, 0x00, 0x00, 0x00, 0x00, 0x00, 0x00,
  0x00, 0x00, 0x00, 0x00, 0x00, 0x00, 0x00, 0x00, 0x00, 0x00,
  0x00, 0x00, 0x00, 0x00, 0x00, 0x00, 0x00, 0x09, 0x00, 0x00,
  0x00, 0x00, 0x00, 0x00, 0x00, 0x00, 0x00, 0x00, 0x00, 0x00,
  0x00, 0x00, 0x00, 0x00, 0x00, 0x00, 0x00, 0x00, 0xE6, 0xE6,
  0xE6, 0xE6, 0xE6, 0xE6, 0xE6, 0xE6, 0x00, 0x00, 0xDC, 0x00,
  0x00, 0x00, 0x00, 0x00, 0x00, 0x00, 0x00, 0x00, 0x00, 0x00,
  0x00, 0x00, 0x00, 0x00, 0x00, 0x00, 0x00, 0x00, 0x00, 0x00,
  0x00, 0x00, 0x00, 0x00, 0x00, 0x00, 0x00, 0x00, 0x00, 0x00,
  0x00, 0x00, 0x00, 0x00, 0x00, 0x00, 0x00, 0x00, 0x00, 0x00,
  0x00, 0x00, 0x00, 0x00, 0x00, 0x00, 0x00, 0xE6, 0xE6, 0xE6,
  0xE6, 0xE6, 0xDC, 0xDC, 0xDC, 0xDC, 0xDC, 0xDC, 0xE6, 0xE6,
  0xDC, 0x00, 0xDC, 0xE6, 0xE6, 0xDC, 0xDC, 0xE6, 0xE6, 0xE6,
  0xE6, 0xE6, 0xDC, 0xE6, 0xE6, 0xE6, 0xE6, 0xE6, 0xE6, 0xE6,
  0xE6, 0xE6, 0xE6, 0xE6, 0xE6, 0xE6, 0xE6, 0xE6, 0xE6, 0xE6,
  0xE6, 0xDC, 0x00, 0x00, 0xE6, 0xE6, 0xE6, 0xE6, 0xE6, 0xE6,
  0xDC, 0xE6, 0xE6, 0xE6, 0xE6, 0xEA, 0x00, 0x00, 0x00, 0x00,
  0x00, 0x00, 0x00, 0x00, 0x00, 0x00, 0x00, 0x00, 0x00, 0x00,
  0x00, 0x00, 0x00, 0x00, 0x00, 0x00, 0x09, 0x00, 0x00, 0x00,
  0x00, 0x00, 0x00, 0x00, 0x00, 0x00, 0x00, 0x00, 0x00, 0x00,
  0x00, 0x00, 0x00, 0x00, 0x00, 0x00, 0x00, 0x00, 0x00, 0x00,
  0x00, 0x00, 0x00, 0x00, 0x00, 0x00, 0x00, 0x00, 0x00, 0x00,
  0x00, 0x00, 0x00, 0x00, 0x00, 0xE6, 0xDC, 0xE6, 0xE6, 0xE6,
  0xE6, 0xE6, 0xE6, 0xE6, 0x00, 0x00, 0x00, 0x00, 0x00, 0x00,
  0x00, 0x00, 0x00, 0x00, 0x00, 0x00, 0x00, 0x00, 0x00, 0x00,
  0x00, 0x00, 0x00, 0x00, 0x00, 0x00, 0x00, 0x00, 0x00, 0x00,
  0x00, 0x00, 0x00, 0x00, 0x00, 0x00, 0x00, 0x00, 0x00, 0x00,
  0x00, 0x00, 0x00, 0x00, 0x00, 0x00, 0x09, 0x09, 0x00, 0x00,
  0x00, 0x00, 0x00, 0x00, 0x00, 0x00, 0x00, 0x00, 0x00, 0x00,
  0x00, 0x00, 0x00, 0x00, 0x00, 0x00, 0x00, 0x00, 0x00, 0x00,
  0x00, 0x00, 0x00, 0x00, 0x00, 0x00, 0x00, 0x00, 0x00, 0x00,
  0x00, 0x00, 0x00, 0x00, 0x00, 0x00, 0x07, 0x00, 0x00, 0x00,
  0x00, 0x00, 0x00, 0x00, 0x00, 0x00, 0x00, 0x00, 0x09, 0x09,
  0x00, 0x00, 0x00, 0x00, 0x00, 0x00, 0x00, 0x00, 0x00, 0x00,
  0x00, 0x00, 0x00, 0x00, 0x00, 0x00, 0xE6, 0xE6, 0xE6, 0x00,
  0x01, 0xDC, 0xDC, 0xDC, 0xDC, 0xDC, 0xE6, 0xE6, 0xDC, 0xDC,
  0xDC, 0xDC, 0xE6, 0x00, 0x01, 0x01, 0x01, 0x01, 0x01, 0x01,
  0x01, 0x00, 0x00, 0x00, 0x00, 0xDC, 0x00, 0x00, 0x00, 0x00,
  0x00, 0x00, 0xE6, 0x00, 0x00, 0x00, 0xE6, 0xE6, 0x00, 0x00,
  0x00, 0x00, 0x00, 0x00, 0xE6, 0xE6, 0xDC, 0xE6, 0xE6, 0xE6,
  0xE6, 0xE6, 0xE6, 0xE6, 0xDC, 0xE6, 0xE6, 0xEA, 0xD6, 0xDC,
  0xCA, 0xE6, 0xE6, 0xE6, 0xE6, 0xE6, 0xE6, 0xE6, 0xE6, 0xE6,
  0xE6, 0xE6, 0xE6, 0xE6, 0xE6, 0xE6, 0xE6, 0xE6, 0xE6, 0xE6,
  0xE6, 0xE6, 0xE6, 0xE6, 0xE6, 0xE6, 0xE6, 0xE6, 0xE6, 0xE6,
  0xE6, 0xE6, 0xE6, 0xE6, 0xE6, 0xE6, 0xE6, 0xE6, 0xE8, 0xE4,
  0xE4, 0xDC, 0xDA, 0xE6, 0xE9, 0xDC, 0xE6, 0xDC, 0x00, 0x00,
  0x00, 0x00, 0x00, 0x00, 0x00, 0x00, 0x00, 0x00, 0x00, 0x00,
  0x00, 0x00, 0x00, 0x00, 0xE6, 0xE6, 0x01, 0x01, 0xE6, 0xE6,
  0xE6, 0xE6, 0x01, 0x01, 0x01, 0xE6, 0xE6, 0x00, 0x00, 0x00,
  0x00, 0xE6, 0x00, 0x00, 0x00, 0x01, 0x01, 0xE6, 0xDC, 0xE6,
  0x01, 0x01, 0xDC, 0xDC, 0xDC, 0xDC, 0xE6, 0x00, 0x00, 0x00,
  0x00, 0x00, 0x00, 0x00, 0x00, 0x00, 0x00, 0x00, 0x00, 0x00,
  0x00, 0x00, 0x00, 0x00, 0x00, 0x00, 0x00, 0x00, 0x00, 0x00,
  0x00, 0x00, 0x00, 0x00, 0x00, 0x00, 0x00, 0x00, 0x00, 0x00,
  0x00, 0x00, 0x00, 0x00, 0x00, 0x00, 0x00, 0x00, 0x00, 0x00,
  0x00, 0x00, 0x00, 0x00, 0xE6, 0xE6, 0xE6, 0x00, 0x00, 0x00,
  0x00, 0x00, 0x00, 0x00, 0x00, 0x00, 0x00, 0x00, 0x00, 0x00,
  0x00, 0x00, 0x00, 0x00, 0x00, 0x00, 0x00, 0x00, 0x00, 0x00,
  0x00, 0x00, 0x00, 0x00, 0x00, 0x00, 0x00, 0x00, 0x00, 0x00,
  0x00, 0x00, 0x00, 0x00, 0x00, 0x00, 0x00, 0x00, 0x00, 0x00,
  0x00, 0x00, 0x00, 0x00, 0x00, 0x00, 0x00, 0x00, 0x00, 0x00,
  0x00, 0x00, 0x00, 0x00, 0x00, 0x00, 0x00, 0x00, 0x00, 0x00,
  0x09, 0x00, 0x00, 0x00, 0x00, 0x00, 0x00, 0x00, 0x00, 0x00,
  0x00, 0x00, 0x00, 0x00, 0x00, 0x00, 0x00, 0x00, 0x00, 0x00,
  0x00, 0x00, 0x00, 0x00, 0x00, 0x00, 0x00, 0x00, 0x00, 0x00,
  0x00, 0x00, 0x00, 0xE6, 0xE6, 0xE6, 0xE6, 0xE6, 0xE6, 0xE6,
  0xE6, 0xE6, 0xE6, 0xE6, 0xE6, 0xE6, 0xE6, 0xE6, 0xE6, 0xE6,
  0xE6, 0xE6, 0xE6, 0xE6, 0xE6, 0xE6, 0xE6, 0xE6, 0xE6, 0xE6,
  0xE6, 0xE6, 0xE6, 0xE6, 0xE6, 0x00, 0x00, 0x00, 0x00, 0x00,
  0x00, 0x00, 0x00, 0x00, 0x00, 0x00, 0x00, 0x00, 0x00, 0x00,
  0x00, 0x00, 0x00, 0x00, 0x00, 0x00, 0x00, 0x00, 0x00, 0x00,
  0x00, 0x00, 0x00, 0x00, 0x00, 0x00, 0x00, 0x00, 0x00, 0x00,
  0x00, 0x00, 0x00, 0x00, 0x00, 0x00, 0x00, 0xDA, 0xE4, 0xE8,
  0xDE, 0xE0, 0xE0, 0x00, 0x00, 0x00, 0x00, 0x00, 0x00, 0x00,
  0x00, 0x00, 0x00, 0x00, 0x00, 0x00, 0x00, 0x00, 0x00, 0x00,
  0x00, 0x00, 0x00, 0x00, 0x00, 0x00, 0x00, 0x00, 0x08, 0x08,
  0x00, 0x00, 0x00, 0x00, 0x00, 0x00, 0x00, 0x00, 0x00, 0x00,
  0x00, 0x00, 0x00, 0x00, 0x00, 0x00, 0x00, 0x00, 0x00, 0x00,
  0x00, 0x00, 0x00, 0x00, 0x00, 0x00, 0x00, 0x00, 0x00, 0x00,
  0x00, 0x00, 0x00, 0x00, 0x00, 0x00, 0x00, 0x00, 0x00, 0x00,
  0x00, 0x00, 0x00, 0x00, 0x00, 0x00, 0x00, 0xE6, 0x00, 0x00,
  0x00, 0x00, 0xE6, 0xE6, 0xE6, 0xE6, 0xE6, 0xE6, 0xE6, 0xE6,
  0xE6, 0xE6, 0x00, 0x00, 0x00, 0x00, 0x00, 0x00, 0x00, 0x00,
  0x00, 0x00, 0x00, 0x00, 0x00, 0x00, 0x00, 0x00, 0x00, 0x00,
  0x00, 0x00, 0x00, 0x00, 0x00, 0x00, 0x00, 0x00, 0x00, 0x00,
  0x00, 0x00, 0xE6, 0xE6, 0x00, 0x00, 0x00, 0x00, 0x00, 0x00,
  0x00, 0x00, 0x00, 0x00, 0x00, 0x00, 0x00, 0x00, 0x00, 0x00,
  0x00, 0x00, 0x00, 0x00, 0x00, 0x00, 0x00, 0x00, 0x00, 0x00,
  0x00, 0x00, 0x00, 0x00, 0x00, 0x00, 0x00, 0x00, 0x00, 0x00,
  0x00, 0x00, 0x00, 0x00, 0x00, 0x00, 0x00, 0x00, 0x00, 0x00,
  0x00, 0x00, 0xE6, 0xE6, 0x00, 0x00, 0x00, 0x00, 0x00, 0x00,
  0x00, 0x00, 0x00, 0x00, 0x00, 0x00, 0x00, 0x00, 0x09, 0x00,
  0x00, 0x00, 0x00, 0x00, 0x00, 0x00, 0x00, 0x00, 0x00, 0x00,
  0x00, 0x00, 0x00, 0x00, 0x00, 0x00, 0x00, 0x00, 0x00, 0x00,
  0x00, 0x00, 0x00, 0x00, 0x00, 0x00, 0x00, 0x00, 0x00, 0x00,
  0x00, 0x00, 0x00, 0x00, 0x00, 0x00, 0x09, 0x00, 0x00, 0x00,
  0x00, 0x00, 0x00, 0x00, 0x00, 0x00, 0x00, 0x00, 0x00, 0x00,
  0x00, 0x00, 0x00, 0x00, 0x00, 0x00, 0x00, 0x00, 0x00, 0x00,
  0x00, 0x00, 0x00, 0x00, 0xE6, 0xE6, 0xE6, 0xE6, 0xE6, 0xE6,
  0xE6, 0xE6, 0xE6, 0xE6, 0xE6, 0xE6, 0xE6, 0xE6, 0xE6, 0xE6,
  0xE6, 0xE6, 0x00, 0x00, 0x00, 0x00, 0x00, 0x00, 0x00, 0x00,
  0x00, 0x00, 0x00, 0x00, 0x00, 0x00, 0x00, 0x00, 0x00, 0x00,
  0x00, 0x00, 0x00, 0x00, 0x00, 0x00, 0x00, 0x00, 0x00, 0x00,
  0x00, 0x00, 0x00, 0x00, 0x00, 0x00, 0x00, 0x00, 0x00, 0x00,
  0x00, 0x00, 0x00, 0x00, 0x00, 0xDC, 0xDC, 0xDC, 0x00, 0x00,
  0x00, 0x00, 0x00, 0x00, 0x00, 0x00, 0x00, 0x00, 0x00, 0x00,
  0x00, 0x00, 0x00, 0x00, 0x00, 0x00, 0x09, 0x00, 0x00, 0x00,
  0x00, 0x00, 0x00, 0x00, 0x00, 0x00, 0x00, 0x00, 0x00, 0x00,
  0x00, 0x00, 0x00, 0x00, 0x00, 0x00, 0x00, 0x00, 0x00, 0x00,
  0x00, 0x00, 0x00, 0x00, 0x00, 0x00, 0x00, 0x00, 0x00, 0x00,
  0x00, 0x00, 0x00, 0x00, 0x00, 0x00, 0x00, 0x00, 0x00, 0x00,
  0x00, 0x00, 0x00, 0x00, 0x00, 0x00, 0x00, 0x00, 0x00, 0x00,
  0x00, 0x00, 0x00, 0x00, 0x00, 0x00, 0x00, 0x00, 0x00, 0x00,
  0xE6, 0x00, 0xE6, 0xE6, 0xDC, 0x00, 0x00, 0xE6, 0xE6, 0x00,
  0x00, 0x00, 0x00, 0x00, 0xE6, 0xE6, 0x00, 0xE6, 0x00, 0x00,
  0x00, 0x00, 0x00, 0x00, 0x00, 0x00, 0x00, 0x00, 0x00, 0x00,
  0x00, 0x00, 0x00, 0x00, 0x00, 0x00, 0x00, 0x00, 0x00, 0x00,
  0x00, 0x00, 0x00, 0x00, 0x00, 0x00, 0x00, 0x00, 0x00, 0x00,
  0x00, 0x00, 0x00, 0x00, 0x00, 0x00, 0x00, 0x00, 0x00, 0x00,
  0x00, 0x00, 0x00, 0x00, 0x00, 0x00, 0x00, 0x00, 0x00, 0x00,
  0x09, 0x00, 0x00, 0x00, 0x00, 0x00, 0x00, 0x00, 0x00, 0x00,
  0x00, 0x00, 0x00, 0x00, 0x00, 0x00, 0x00, 0x00, 0x00, 0x00,
  0x00, 0x00, 0x00, 0x00, 0x00, 0x00, 0x00, 0x00, 0x00, 0x00,
  0x00, 0x1A, 0x00, 0x00, 0x00, 0x00, 0x00, 0x00, 0x00, 0x00,
  0x00, 0x00, 0x00, 0x00, 0x00, 0x00, 0x00, 0x00, 0x00, 0x00,
  0x00, 0x00, 0x00, 0x00, 0x00, 0x00, 0x00, 0x00, 0x00, 0x00,
  0x00, 0x00, 0x00, 0x00, 0x00, 0xE6, 0xE6, 0xE6, 0xE6, 0xE6,
  0xE6, 0xE6, 0xDC, 0xDC, 0xDC, 0xDC, 0xDC, 0xDC, 0xDC, 0xE6,
  0xE6, 0x00, 0x00, 0x00, 0x00, 0x00, 0x00, 0x00, 0x00, 0x00,
  0x00, 0x00, 0x00, 0x00, 0x00, 0x00, 0x00, 0x00, 0x00, 0x00,
  0x00, 0x00, 0x00, 0x00, 0x00, 0x00, 0x00, 0x00, 0x00, 0x00,
  0x00, 0x01, 0x01, 0x00, 0x00, 0x00, 0x00, 0x00, 0x00, 0x00,
  0x00, 0x00, 0x00, 0x00, 0x00, 0x00, 0x00, 0x00, 0x00, 0x00,
  0x00, 0x00, 0x00, 0x00, 0x00, 0x00, 0x00, 0x00, 0x00, 0x00,
  0x00, 0x00, 0x00, 0x00, 0x00, 0x00, 0x00, 0x00, 0x00, 0x00,
  0x00, 0x00, 0x00, 0x00, 0x00, 0x00, 0x00, 0x00, 0x00, 0x00,
  0x00, 0x00, 0x00, 0x00, 0x00, 0x00, 0x00, 0x00, 0x00, 0x00,
  0x00, 0x00, 0x00, 0x00, 0xDC, 0x00, 0x00, 0x00, 0x00, 0x00,
  0x00, 0x00, 0x00, 0x00, 0x00, 0x00, 0x00, 0x00, 0x00, 0x00,
  0x00, 0x00, 0x00, 0x00, 0x00, 0x00, 0x00, 0x00, 0x00, 0x00,
  0x00, 0x00, 0x00, 0x00, 0x00, 0x00, 0x00, 0x00, 0x00, 0x00,
  0x00, 0x00, 0x00, 0x00, 0x00, 0x00, 0x00, 0x00, 0x00, 0x00,
  0x00, 0x00, 0x00, 0x00, 0x00, 0x00, 0x00, 0x00, 0x00, 0xE6,
  0xE6, 0xE6, 0xE6, 0xE6, 0x00, 0x00, 0x00, 0x00, 0x00, 0x00,
  0x00, 0x00, 0x00, 0x00, 0x00, 0x00, 0x00, 0xDC, 0x00, 0xE6,
  0x00, 0x00, 0x00, 0x00, 0x00, 0x00, 0x00, 0x00, 0x00, 0x00,
  0x00, 0x00, 0x00, 0x00, 0x00, 0x00, 0x00, 0x00, 0x00, 0x00,
  0x00, 0x00, 0x00, 0x00, 0x00, 0x00, 0x00, 0x00, 0x00, 0x00,
  0x00, 0x00, 0x00, 0x00, 0x00, 0x00, 0x00, 0x00, 0x00, 0x00,
  0xE6, 0x01, 0xDC, 0x00, 0x00, 0x00, 0x00, 0x09, 0x00, 0x00,
  0x00, 0x00, 0x00, 0x00, 0x00, 0x00, 0x00, 0x00, 0x00, 0x00,
  0x00, 0x00, 0x00, 0x00, 0x00, 0x00, 0x00, 0x00, 0x00, 0x00,
  0x00, 0x00, 0x00, 0x00, 0x00, 0x00, 0x00, 0x00, 0x00, 0x00,
  0x00, 0x00, 0x00, 0x00, 0x00, 0xE6, 0xDC, 0x00, 0x00, 0x00,
  0x00, 0x00, 0x00, 0x00, 0x00, 0x00, 0x00, 0x00, 0x00, 0x00,
  0x00, 0x00, 0x00, 0x00, 0x00, 0x00, 0x00, 0x00, 0x00, 0x00,
  0x00, 0x00, 0x00, 0x00, 0x00, 0x00, 0x00, 0x00, 0x00, 0x00,
  0x00, 0x00, 0x00, 0xE6, 0xE6, 0xE6, 0xE6, 0x00, 0x00, 0x00,
  0x00, 0x00, 0x00, 0x00, 0x00, 0x00, 0x00, 0x00, 0x00, 0x00,
  0x00, 0x00, 0x00, 0x00, 0x00, 0x00, 0x00, 0x00, 0x00, 0x00,
  0x00, 0x00, 0x00, 0x00, 0x00, 0x00, 0x00, 0x00, 0x00, 0x00,
  0x00, 0x00, 0x00, 0x00, 0x00, 0x00, 0x00, 0x00, 0xE6, 0xE6,
  0xE6, 0xE6, 0xE6, 0x00, 0x00, 0x00, 0x00, 0x00, 0x00, 0x00,
  0x00, 0x00, 0x00, 0x00, 0x00, 0x00, 0x00, 0x00, 0x00, 0x00,
  0x00, 0x00, 0x00, 0x00, 0x00, 0x00, 0x00, 0x00, 0x00, 0x00,
  0x00, 0x00, 0x00, 0x00, 0x00, 0x00, 0x00, 0x00, 0x00, 0x00,
  0x00, 0x00, 0x00, 0x00, 0x00, 0x00, 0xE6, 0xE6, 0x00, 0x00,
  0x00, 0x00, 0x00, 0x00, 0x00, 0x00, 0x00, 0x00, 0x00, 0x00,
  0x00, 0x00, 0x00, 0x00, 0x00, 0x00, 0x00, 0x00, 0x00, 0x00,
  0x00, 0x00, 0x00, 0x00, 0x00, 0x00, 0x00, 0x00, 0x00, 0x00,
  0x00, 0x00, 0x00, 0x00, 0x00, 0x00, 0x00, 0x00, 0x00, 0x00,
  0x00, 0x00, 0x00, 0x00, 0x00, 0x00, 0x00, 0x00, 0x00, 0x00,
  0x00, 0x00, 0x00, 0x00, 0x00, 0x00, 0xDC, 0xDC, 0x00, 0xDC,
  0xDC, 0xDC, 0x00, 0x00, 0x00, 0x00, 0x00, 0x00, 0xDC, 0xDC,
  0xE6, 0xE6, 0xE6, 0xDC, 0xE6, 0xDC, 0xDC, 0xDC, 0xDC, 0x00,
  0x00, 0x00, 0x00, 0x00, 0x00, 0x00, 0x00, 0x00, 0x00, 0x00,
  0x00, 0x00, 0x00, 0x00, 0x00, 0x00, 0x00, 0x00, 0x00, 0x00,
  0x00, 0x00, 0x00, 0x00, 0x00, 0x00, 0x00, 0x00, 0x00, 0x00,
  0x00, 0x00, 0x00, 0x00, 0x00, 0x00, 0x00, 0x00, 0x00, 0x00,
  0x00, 0x00, 0x00, 0x00, 0x00, 0x00, 0xE6, 0xDC, 0xE6, 0xDC,
  0x00, 0x00, 0x00, 0x00, 0x00, 0x00, 0x00, 0x00, 0x00, 0x00,
  0x00, 0x00, 0x00, 0x00, 0x00, 0x00, 0x00, 0x00, 0x00, 0x00,
  0x00, 0x00, 0x00, 0x00, 0x00, 0x00, 0x00, 0x00, 0x00, 0x00,
  0x00, 0x00, 0x00, 0x00, 0x00, 0x00, 0x00, 0x00, 0x00, 0x00,
  0x00, 0x00, 0x00, 0x00, 0x00, 0x00, 0x00, 0x00, 0x00, 0x00,
  0x00, 0x00, 0x00, 0x00, 0x00, 0x00, 0x00, 0x00, 0x09, 0x00,
  0x00, 0x00, 0x00, 0x00, 0x00, 0x00, 0x00, 0x00, 0x00, 0x00,
  0x00, 0x00, 0x00, 0x00, 0x00, 0x00, 0x00, 0x00, 0x00, 0x00,
  0x00, 0x00, 0x00, 0x00, 0x00, 0x00, 0x00, 0x00, 0x00, 0x00,
  0x00, 0x00, 0x00, 0x00, 0x00, 0x00, 0x00, 0x00, 0x00, 0x00,
  0x09, 0x00, 0x00, 0x00, 0x00, 0x00, 0x00, 0x00, 0x00, 0x00,
  0x00, 0x00, 0x00, 0x00, 0x00, 0x09, 0x00, 0x00, 0x00, 0x00,
  0x00, 0x00, 0x00, 0x00, 0x00, 0x00, 0x00, 0x00, 0x00, 0x00,
  0x00, 0x00, 0x00, 0x00, 0x00, 0x00, 0x00, 0x00, 0x00, 0x00,
  0x00, 0x00, 0x00, 0x00, 0x00, 0x00, 0x00, 0x00, 0x00, 0x00,
  0x00, 0x00, 0x00, 0x00, 0x00, 0x00, 0x00, 0x00, 0x00, 0x00,
  0x00, 0x00, 0x00, 0x00, 0x00, 0x00, 0x00, 0x00, 0x00, 0x00,
  0x00, 0x00, 0x00, 0x09, 0x07, 0x00, 0x00, 0x00, 0x00, 0x00,
  0xE6, 0xE6, 0xE6, 0x00, 0x00, 0x00, 0x00, 0x00, 0x00, 0x00,
  0x00, 0x00, 0x00, 0x00, 0x00, 0x00, 0x00, 0x00, 0x00, 0x00,
  0x00, 0x00, 0x00, 0x00, 0x00, 0x00, 0x00, 0x00, 0x00, 0x00,
  0x00, 0x00, 0x00, 0x00, 0x00, 0x00, 0x00, 0x00, 0x00, 0x00,
  0x00, 0x00, 0x00, 0x00, 0x00, 0x00, 0x00, 0x00, 0x00, 0x00,
  0x00, 0x09, 0x09, 0x00, 0x00, 0x00, 0x00, 0x00, 0x00, 0x00,
  0x00, 0x00, 0x00, 0x00, 0x09, 0x00, 0x00, 0x00, 0x00, 0x00,
  0x00, 0x00, 0x00, 0x00, 0x07, 0x00, 0x00, 0x00, 0x00, 0x00,
  0x00, 0x00, 0x00, 0x00, 0x00, 0x00, 0x00, 0x00, 0x00, 0x00,
  0x00, 0x00, 0x00, 0x00, 0x00, 0x00, 0x00, 0x00, 0x00, 0x00,
  0x00, 0x00, 0x00, 0x00, 0x00, 0x00, 0x00, 0x00, 0x00, 0x00,
  0x00, 0x00, 0x00, 0x00, 0x00, 0x00, 0x00, 0x00, 0x00, 0x00,
  0x00, 0x00, 0x00, 0x00, 0x00, 0x00, 0x00, 0x00, 0x09, 0x07,
  0x00, 0x00, 0x00, 0x00, 0x00, 0x00, 0x00, 0x00, 0x00, 0x00,
  0x00, 0x00, 0x00, 0x00, 0x00, 0x00, 0x00, 0x00, 0x00, 0x00,
  0x00, 0x00, 0x00, 0x00, 0x00, 0x00, 0x00, 0x00, 0x00, 0x00,
  0x00, 0x00, 0x00, 0x00, 0x00, 0x00, 0x00, 0x00, 0x00, 0x00,
  0x00, 0x07, 0x09, 0x00, 0x00, 0x00, 0x00, 0x00, 0x00, 0x00,
  0x00, 0x00, 0x00, 0x00, 0x00, 0x00, 0x00, 0x00, 0x00, 0x00,
  0x00, 0x00, 0x00, 0x00, 0x00, 0x00, 0x00, 0x00, 0x00, 0x00,
  0x00, 0x00, 0x00, 0x00, 0x00, 0x00, 0x00, 0x00, 0x00, 0x00,
  0x00, 0x00, 0x00, 0x00, 0x00, 0x00, 0x00, 0x00, 0x00, 0x00,
  0x00, 0x00, 0x00, 0x00, 0x00, 0x00, 0x00, 0x00, 0x00, 0x00,
  0x00, 0x00, 0x07, 0x07, 0x00, 0x00, 0x00, 0x00, 0x00, 0x00,
  0x00, 0x00, 0x00, 0x00, 0x00, 0x00, 0x00, 0x09, 0x00, 0x00,
  0x00, 0x00, 0x00, 0x00, 0x00, 0x00, 0x00, 0x00, 0x00, 0x00,
  0x00, 0x00, 0x00, 0x00, 0x00, 0x00, 0x00, 0x00, 0x00, 0x00,
  0x00, 0x00, 0xE6, 0xE6, 0xE6, 0xE6, 0xE6, 0xE6, 0xE6, 0x00,
  0x00, 0x00, 0xE6, 0xE6, 0xE6, 0xE6, 0xE6, 0x00, 0x00, 0x00,
  0x00, 0x00, 0x00, 0x00, 0x00, 0x00, 0x00, 0x00, 0x00, 0x00,
  0x00, 0x09, 0x09, 0x09, 0x00, 0x00, 0x00, 0x00, 0x00, 0x00,
  0x00, 0x00, 0x00, 0x00, 0x00, 0x00, 0x00, 0x00, 0x00, 0x00,
  0x00, 0x00, 0x00, 0x00, 0x00, 0x00, 0x00, 0x00, 0x00, 0x00,
  0x00, 0x00, 0x00, 0x00, 0x00, 0x00, 0x00, 0x00, 0x00, 0x00,
  0x00, 0x00, 0x00, 0x00, 0x00, 0x00, 0x00, 0x00, 0x00, 0x00,
  0x00, 0x09, 0x00, 0x00, 0x00, 0x07, 0x00, 0x00, 0x00, 0x00,
  0x00, 0x00, 0x00, 0x00, 0x00, 0x00, 0x00, 0x00, 0x00, 0x00,
  0x00, 0x00, 0x00, 0x00, 0x00, 0x00, 0x00, 0x00, 0x00, 0xE6,
  0x00, 0x00, 0x00, 0x00, 0x00, 0x00, 0x00, 0x00, 0x00, 0x00,
  0x00, 0x00, 0x00, 0x00, 0x00, 0x00, 0x00, 0x00, 0x00, 0x00,
  0x00, 0x00, 0x00, 0x00, 0x00, 0x00, 0x00, 0x00, 0x00, 0x00,
  0x00, 0x00, 0x00, 0x09, 0x07, 0x00, 0x00, 0x00, 0x00, 0x00,
  0x00, 0x00, 0x00, 0x00, 0x00, 0x00, 0x00, 0x00, 0x00, 0x00,
  0x00, 0x00, 0x00, 0x00, 0x00, 0x00, 0x00, 0x00, 0x00, 0x00,
  0x00, 0x00, 0x00, 0x00, 0x00, 0x00, 0x00, 0x00, 0x00, 0x00,
  0x00, 0x00, 0x00, 0x00, 0x00, 0x00, 0x00, 0x00, 0x00, 0x00,
  0x00, 0x00, 0x00, 0x00, 0x00, 0x00, 0x00, 0x00, 0x00, 0x00,
  0x00, 0x00, 0x00, 0x00, 0x00, 0x00, 0x00, 0x00, 0x09, 0x07,
  0x00, 0x00, 0x00, 0x00, 0x00, 0x00, 0x00, 0x00, 0x00, 0x00,
  0x00, 0x00, 0x00, 0x00, 0x00, 0x00, 0x00, 0x00, 0x00, 0x00,
  0x00, 0x00, 0x00, 0x00, 0x00, 0x00, 0x00, 0x00, 0x00, 0x00,
  0x00, 0x00, 0x00, 0x00, 0x00, 0x00, 0x00, 0x00, 0x00, 0x00,
  0x00, 0x00, 0x00, 0x00, 0x00, 0x00, 0x00, 0x00, 0x00, 0x00,
  0x00, 0x00, 0x00, 0x00, 0x00, 0x00, 0x00, 0x00, 0x00, 0x00,
  0x00, 0x09, 0x09, 0x00, 0x00, 0x00, 0x07, 0x00, 0x00, 0x00,
  0x00, 0x00, 0x00, 0x00, 0x00, 0x00, 0x00, 0x00, 0x00, 0x00,
  0x00, 0x00, 0x00, 0x00, 0x00, 0x00, 0x00, 0x00, 0x00, 0x00,
  0x00, 0x00, 0x00, 0x00, 0x00, 0x00, 0x00, 0x00, 0x00, 0x00,
  0x00, 0x00, 0x00, 0x00, 0x00, 0x00, 0x00, 0x00, 0x00, 0x00,
  0x00, 0x00, 0x00, 0x00, 0x00, 0x00, 0x00, 0x00, 0x00, 0x00,
  0x00, 0x00, 0x00, 0x00, 0x00, 0x00, 0x00, 0x07, 0x00, 0x09,
  0x09, 0x00, 0x00, 0x00, 0x00, 0x00, 0x00, 0x00, 0x00, 0x00,
  0x00, 0x00, 0x00, 0x00, 0x00, 0x00, 0x00, 0x00, 0x00, 0x00,
  0x00, 0x00, 0x00, 0x00, 0x00, 0x00, 0x00, 0x00, 0x00, 0x00,
  0x00, 0x00, 0x00, 0x00, 0x00, 0x00, 0x00, 0x00, 0x00, 0x00,
  0x00, 0x00, 0x00, 0x00, 0x00, 0x00, 0x00, 0x00, 0x00, 0x00,
  0x00, 0x00, 0x00, 0x00, 0x00, 0x00, 0x00, 0x00, 0x00, 0x00,
  0x00, 0x00, 0x01, 0x01, 0x01, 0x01, 0x01, 0x00, 0x00, 0x00,
  0x00, 0x00, 0x00, 0x00, 0x00, 0x00, 0x00, 0x00, 0x00, 0x00,
  0x00, 0x00, 0x00, 0x00, 0x00, 0x00, 0x00, 0x00, 0x00, 0x00,
  0x00, 0x00, 0x00, 0x00, 0x00, 0x00, 0x00, 0x00, 0x00, 0x00,
  0x00, 0x00, 0x00, 0x00, 0x00, 0x00, 0x00, 0x00, 0x00, 0x00,
  0x00, 0x00, 0x00, 0x00, 0x00, 0xE6, 0xE6, 0xE6, 0xE6, 0xE6,
  0xE6, 0xE6, 0x00, 0x00, 0x00, 0x00, 0x00, 0x00, 0x00, 0x00,
  0x00, 0x00, 0x00, 0x00, 0x00, 0x00, 0x00, 0x00, 0x00, 0x00,
  0x00, 0x00, 0x00, 0x00, 0x00, 0x00, 0x00, 0x00, 0x00, 0x00,
  0x00, 0x00, 0x00, 0x00, 0x00, 0x00, 0x00, 0x00, 0x00, 0x00,
  0x00, 0x00, 0x00, 0x00, 0x00, 0x00, 0x00, 0x00, 0x00, 0x00,
  0x06, 0x06, 0x00, 0x00, 0x00, 0x00, 0x00, 0x00, 0x00, 0x00,
  0x00, 0x00, 0x00, 0x00, 0x00, 0x00, 0x00, 0x00, 0x00, 0x00,
  0x00, 0x00, 0x00, 0x00, 0x00, 0x00, 0x00, 0x00, 0x00, 0x00,
  0x00, 0x00, 0x01, 0x00, 0x00, 0x00, 0x00, 0x00, 0x00, 0x00,
  0x00, 0x00, 0x00, 0x00, 0x00, 0x00, 0x00, 0x00, 0x00, 0x00,
  0x00, 0x00, 0x00, 0x00, 0x00, 0x00, 0x00, 0x00, 0x00, 0x00,
  0x00, 0x00, 0x00, 0x00, 0x00, 0x00, 0x00, 0x00, 0x00, 0x00,
  0xD8, 0xD8, 0x01, 0x01, 0x01, 0x00, 0x00, 0x00, 0xE2, 0xD8,
  0xD8, 0xD8, 0xD8, 0xD8, 0x00, 0x00, 0x00, 0x00, 0x00, 0x00,
  0x00, 0x00, 0xDC, 0xDC, 0xDC, 0xDC, 0xDC, 0x00, 0x00, 0xE6,
  0xE6, 0xE6, 0xE6, 0xE6, 0xDC, 0xDC, 0x00, 0x00, 0x00, 0x00,
  0x00, 0x00, 0x00, 0x00, 0x00, 0x00, 0x00, 0x00, 0x00, 0x00,
  0x00, 0x00, 0x00, 0x00, 0x00, 0x00, 0x00, 0x00, 0x00, 0x00,
  0x00, 0x00, 0x00, 0x00, 0x00, 0x00, 0xE6, 0xE6, 0xE6, 0xE6,
  0x00, 0x00, 0x00, 0x00, 0x00, 0x00, 0x00, 0x00, 0x00, 0x00,
  0x00, 0x00, 0x00, 0x00, 0x00, 0x00, 0x00, 0x00, 0xE6, 0xE6,
  0xE6, 0xE6, 0xE6, 0xE6, 0xE6, 0x00, 0xE6, 0xE6, 0xE6, 0xE6,
  0xE6, 0xE6, 0xE6, 0xE6, 0xE6, 0xE6, 0xE6, 0xE6, 0xE6, 0xE6,
  0xE6, 0xE6, 0xE6, 0x00, 0x00, 0xE6, 0xE6, 0xE6, 0xE6, 0xE6,
  0xE6, 0xE6, 0x00, 0xE6, 0xE6, 0x00, 0xE6, 0xE6, 0xE6, 0xE6,
  0xE6, 0x00, 0x00, 0x00, 0x00, 0x00, 0x00, 0x00, 0x00, 0x00,
  0x00, 0x00, 0x00, 0x00, 0x00, 0x00, 0x00, 0x00, 0x00, 0x00,
  0x00, 0x00, 0xE6, 0x00, 0x00, 0x00, 0x00, 0x00, 0x00, 0x00,
  0x00, 0x00, 0x00, 0x00, 0x00, 0x00, 0x00, 0x00, 0x00, 0x00,
  0x00, 0x00, 0x00, 0x00, 0x00, 0x00, 0x00, 0x00, 0x00, 0x00,
  0x00, 0x00, 0x00, 0x00, 0x00, 0x00, 0x00, 0x00, 0x00, 0x00,
  0x00, 0x00, 0x00, 0x00, 0x00, 0x00, 0x00, 0x00, 0x00, 0x00,
  0x00, 0xE6, 0x00, 0x00, 0x00, 0x00, 0x00, 0x00, 0x00, 0x00,
  0x00, 0x00, 0x00, 0x00, 0x00, 0x00, 0x00, 0x00, 0x00, 0x00,
  0x00, 0x00, 0x00, 0x00, 0x00, 0x00, 0x00, 0x00, 0x00, 0x00,
  0x00, 0x00, 0x00, 0x00, 0x00, 0x00, 0x00, 0x00, 0x00, 0x00,
  0x00, 0x00, 0x00, 0x00, 0x00, 0x00, 0xE6, 0xE6, 0xE6, 0xE6,
  0x00, 0x00, 0x00, 0x00, 0x00, 0x00, 0x00, 0x00, 0x00, 0x00,
  0x00, 0x00, 0x00, 0x00, 0x00, 0x00, 0x00, 0x00, 0x00, 0x00,
  0x00, 0x00, 0x00, 0x00, 0x00, 0x00, 0x00, 0x00, 0x00, 0x00,
  0x00, 0x00, 0x00, 0x00, 0x00, 0x00, 0x00, 0x00, 0x00, 0x00,
  0x00, 0x00, 0x00, 0x00, 0xE8, 0xE8, 0xDC, 0xE6, 0x00, 0x00,
  0x00, 0x00, 0x00, 0x00, 0x00, 0x00, 0x00, 0x00, 0x00, 0x00,
  0x00, 0x00, 0x00, 0x00, 0x00, 0x00, 0x00, 0x00, 0x00, 0x00,
  0x00, 0x00, 0x00, 0x00, 0x00, 0x00, 0x00, 0x00, 0x00, 0x00,
  0x00, 0x00, 0x00, 0x00, 0x00, 0x00, 0x00, 0x00, 0x00, 0x00,
  0x00, 0x00, 0x00, 0x00, 0xE6, 0xDC, 0x00, 0x00, 0x00, 0x00,
  0x00, 0x00, 0x00, 0x00, 0x00, 0x00, 0x00, 0x00, 0x00, 0x00,
  0x00, 0x00, 0x00, 0x00, 0x00, 0x00, 0x00, 0x00, 0x00, 0x00,
  0x00, 0x00, 0x00, 0x00, 0x00, 0x00, 0x00, 0x00, 0x00, 0x00,
  0x00, 0xE6, 0x00, 0x00, 0xE6, 0x00, 0x00, 0x00, 0x00, 0x00,
  0x00, 0x00, 0xE6, 0xE6, 0x00, 0x00, 0x00, 0x00, 0x00, 0xE6,
  0x00, 0x00, 0x00, 0x00, 0x00, 0x00, 0x00, 0x00, 0x00, 0x00,
  0x00, 0x00, 0x00, 0x00, 0x00, 0x00, 0xDC, 0xDC, 0xDC, 0xDC,
  0xDC, 0xDC, 0xDC, 0x00, 0x00, 0x00, 0x00, 0x00, 0x00, 0x00,
  0x00, 0x00, 0x00, 0x00, 0x00, 0x00, 0x00, 0x00, 0x00, 0x00,
  0x00, 0x00, 0x00, 0x00, 0x00, 0x00, 0x00, 0x00, 0x00, 0x00,
  0x00, 0x00, 0x00, 0x00, 0x00, 0x00, 0x00, 0x00, 0x00, 0x00,
  0x00, 0x00, 0x00, 0x00, 0xE6, 0xE6, 0xE6, 0xE6, 0xE6, 0xE6,
  0x07, 0x00, 0x00, 0x00, 0x00, 0x00, 0x00, 0x00, 0x00, 0x00,
  0x00, 0x00, 0x00, 0x00, 0x00, 0x00, 0x00, 0x00, 0x00, 0x00,
  0x00, 0x00, 0x00, 0x00, 0x00, 0x00, 0x00, 0x00, 0x00, 0x00,
  0x00, 0x00, 0x00, 0x00, 0x00, 0x00, 0x00, 0x00, 0x00, 0x00,
  0x00, 0x00, 0x00, 0x00, 0x00, 0x00, 0x00, 0x00, 0x00, 0x00,
  0x00, 0x00, 0x00, 0x00,
};
namespace nfc {

const uint16_t trie_index[1024] = {
  0x0000, 0x003F, 0x007A, 0x00BA, 0x00F9, 0x0138, 0x0178, 0x01B0, 0x01E8, 0x021C,
  0x024A, 0x021C, 0x028A, 0x02CA, 0x0309, 0x0349, 0x0389, 0x03C8, 0x0405, 0x0444,
  0x021C, 0x021C, 0x047E, 0x04BE, 0x04EE, 0x0526, 0x021C, 0x0566, 0x0595, 0x05D4,
  0x021C, 0x05E9, 0x0627, 0x0655, 0x067E, 0x06B4, 0x06F4, 0x0731, 0x0751, 0x0790,
  0x07CF, 0x080C, 0x082B, 0x0868, 0x0751, 0x08A1, 0x08CF, 0x090E, 0x082B, 0x0948,
  0x095F, 0x099F, 0x09B6, 0x09F5, 0x021C, 0x0A2B, 0x0A4B, 0x0A86, 0x0A92, 0x0ACD,
  0x0AF5, 0x0B32, 0x0B72, 0x0BAC, 0x0BC7, 0x021C, 0x0C02, 0x021C, 0x021C, 0x0C21,
  0x0C57, 0x0C94, 0x021C, 0x021C, 0x021C, 0x021C, 0x021C, 0x0CB7, 0x021C, 0x021C,
  0x021C, 0x021C, 0x021C, 0x021C, 0x021C, 0x021C, 0x021C, 0x021C, 0x021C, 0x021C,
  0x021C, 0x021C, 0x0CE3, 0x021C, 0x021C, 0x0D18, 0x021C, 0x021C, 0x0D36, 0x021C,
  0x0D60, 0x021C, 0x021C, 0x021C, 0x0D9C, 0x0DBC, 0x0DFC, 0x0E3B, 0x0E76, 0x0EB6,
  0x0EEA, 0x0F16, 0x0830, 0x021C, 0x021C, 0x0F4A, 0x021C, 0x021C, 0x021C, 0x0F8A,
  0x0FCA, 0x1002, 0x1028, 0x1062, 0x10A2, 0x10E2, 0x1122, 0x1162, 0x11A2, 0x021C,
  0x021C, 0x11D2, 0x1203, 0x021C, 0x1233, 0x1266, 0x12A3, 0x12E2, 0x1322, 0x1358,
  0x1386, 0x021C, 0x021C, 0x021C, 0x021C, 0x021C, 0x021C, 0x021C, 0x021C, 0x021C,
  0x021C, 0x021C, 0x021C, 0x021C, 0x021C, 0x021C, 0x021C, 0x021C, 0x021C, 0x021C,
  0x021C, 0x021C, 0x021C, 0x021C, 0x021C, 0x021C, 0x021C, 0x021C, 0x021C, 0x021C,
  0x021C, 0x13B1, 0x021C, 0x021C, 0x021C, 0x021C, 0x021C, 0x021C, 0x021C, 0x0CA5,
  0x021C, 0x13CE, 0x021C, 0x140E, 0x021C, 0x021C, 0x021C, 0x021C, 0x021C, 0x021C,
  0x021C, 0x021C, 0x144E, 0x1488, 0x14C6, 0x1506, 0x021C, 0x021C, 0x021C, 0x021C,
  0x021C, 0x021C, 0x021C, 0x021C, 0x021C, 0x021C, 0x021C, 0x021C, 0x021C, 0x021C,
  0x021C, 0x021C, 0x021C, 0x021C, 0x021C, 0x021C, 0x021C, 0x021C, 0x021C, 0x021C,
  0x021C, 0x021C, 0x021C, 0x021C, 0x021C, 0x021C, 0x021C, 0x021C, 0x021C, 0x021C,
  0x021C, 0x021C, 0x021C, 0x021C, 0x021C, 0x021C, 0x021C, 0x021C, 0x021C, 0x021C,
  0x021C, 0x021C, 0x021C, 0x021C, 0x021C, 0x021C, 0x021C, 0x021C, 0x021C, 0x021C,
  0x021C, 0x021C, 0x021C, 0x021C, 0x021C, 0x021C, 0x021C, 0x021C, 0x021C, 0x021C,
  0x021C, 0x021C, 0x021C, 0x021C, 0x021C, 0x021C, 0x021C, 0x021C, 0x021C, 0x021C,
  0x021C, 0x021C, 0x021C, 0x021C, 0x021C, 0x021C, 0x021C, 0x021C, 0x021C, 0x021C,
  0x021C, 0x021C, 0x021C, 0x021C, 0x021C, 0x021C, 0x021C, 0x021C, 0x021C, 0x021C,
  0x021C, 0x021C, 0x021C, 0x021C, 0x021C, 0x021C, 0x021C, 0x021C, 0x021C, 0x021C,
  0x021C, 0x021C, 0x021C, 0x021C, 0x021C, 0x021C, 0x021C, 0x021C, 0x021C, 0x021C,
  0x021C, 0x021C, 0x021C, 0x021C, 0x021C, 0x021C, 0x021C, 0x021C, 0x021C, 0x021C,
  0x021C, 0x021C, 0x021C, 0x021C, 0x021C, 0x021C, 0x021C, 0x021C, 0x021C, 0x021C,
  0x021C, 0x021C, 0x021C, 0x021C, 0x021C, 0x021C, 0x021C, 0x021C, 0x021C, 0x021C,
  0x021C, 0x021C, 0x021C, 0x021C, 0x021C, 0x021C, 0x021C, 0x021C, 0x021C, 0x021C,
  0x021C, 0x021C, 0x021C, 0x021C, 0x021C, 0x021C, 0x021C, 0x021C, 0x021C, 0x021C,
  0x021C, 0x021C, 0x021C, 0x021C, 0x021C, 0x021C, 0x021C, 0x021C, 0x021C, 0x021C,
  0x021C, 0x021C, 0x021C, 0x021C, 0x021C, 0x021C, 0x021C, 0x021C, 0x021C, 0x021C,
  0x021C, 0x021C, 0x021C, 0x021C, 0x021C, 0x021C, 0x021C, 0x021C, 0x021C, 0x021C,
  0x021C, 0x021C, 0x021C, 0x021C, 0x021C, 0x021C, 0x021C, 0x021C, 0x021C, 0x021C,
  0x021C, 0x021C, 0x021C, 0x021C, 0x021C, 0x021C, 0x021C, 0x021C, 0x021C, 0x021C,
  0x021C, 0x021C, 0x021C, 0x021C, 0x021C, 0x021C, 0x021C, 0x021C, 0x021C, 0x021C,
  0x021C, 0x021C, 0x021C, 0x021C, 0x021C, 0x021C, 0x021C, 0x021C, 0x021C, 0x021C,
  0x021C, 0x021C, 0x021C, 0x021C, 0x021C, 0x021C, 0x021C, 0x021C, 0x021C, 0x021C,
  0x021C, 0x021C, 0x021C, 0x021C, 0x021C, 0x021C, 0x021C, 0x021C, 0x021C, 0x021C,
  0x021C, 0x021C, 0x021C, 0x021C, 0x021C, 0x021C, 0x021C, 0x021C, 0x021C, 0x021C,
  0x021C, 0x021C, 0x021C, 0x021C, 0x021C, 0x021C, 0x021C, 0x021C, 0x021C, 0x021C,
  0x021C, 0x021C, 0x021C, 0x021C, 0x021C, 0x021C, 0x021C, 0x021C, 0x021C, 0x021C,
  0x021C, 0x021C, 0x021C, 0x021C, 0x021C, 0x021C, 0x021C, 0x021C, 0x021C, 0x021C,
  0x021C, 0x021C, 0x021C, 0x021C, 0x021C, 0x021C, 0x021C, 0x021C, 0x021C, 0x021C,
  0x021C, 0x021C, 0x021C, 0x021C, 0x021C, 0x021C, 0x021C, 0x021C, 0x021C, 0x021C,
  0x021C, 0x021C, 0x021C, 0x021C, 0x021C, 0x021C, 0x021C, 0x021C, 0x021C, 0x021C,
  0x021C, 0x021C, 0x021C, 0x021C, 0x021C, 0x021C, 0x021C, 0x021C, 0x021C, 0x021C,
  0x021C, 0x021C, 0x021C, 0x021C, 0x021C, 0x021C, 0x021C, 0x021C, 0x021C, 0x021C,
  0x021C, 0x021C, 0x021C, 0x021C, 0x021C, 0x021C, 0x021C, 0x021C, 0x021C, 0x021C,
  0x021C, 0x021C, 0x021C, 0x021C, 0x021C, 0x021C, 0x021C, 0x021C, 0x021C, 0x021C,
  0x021C, 0x021C, 0x021C, 0x021C, 0x021C, 0x021C, 0x021C, 0x021C, 0x021C, 0x021C,
  0x021C, 0x021C, 0x021C, 0x021C, 0x021C, 0x021C, 0x021C, 0x021C, 0x021C, 0x021C,
  0x021C, 0x021C, 0x021C, 0x021C, 0x021C, 0x021C, 0x021C, 0x021C, 0x021C, 0x021C,
  0x021C, 0x021C, 0x021C, 0x021C, 0x021C, 0x021C, 0x021C, 0x021C, 0x021C, 0x021C,
  0x021C, 0x021C, 0x021C, 0x021C, 0x021C, 0x021C, 0x021C, 0x021C, 0x021C, 0x021C,
  0x021C, 0x021C, 0x021C, 0x021C, 0x021C, 0x021C, 0x021C, 0x021C, 0x021C, 0x021C,
  0x021C, 0x021C, 0x021C, 0x021C, 0x021C, 0x021C, 0x021C, 0x021C, 0x021C, 0x021C,
  0x021C, 0x021C, 0x021C, 0x021C, 0x021C, 0x021C, 0x021C, 0x021C, 0x021C, 0x021C,
  0x021C, 0x021C, 0x021C, 0x021C, 0x021C, 0x021C, 0x021C, 0x021C, 0x021C, 0x021C,
  0x021C, 0x021C, 0x021C, 0x021C, 0x021C, 0x021C, 0x021C, 0x021C, 0x021C, 0x021C,
  0x021C, 0x021C, 0x021C, 0x021C, 0x021C, 0x1545, 0x1583, 0x15A3, 0x021C, 0x021C,
  0x021C, 0x021C, 0x15DD, 0x021C, 0x021C, 0x1605, 0x1637, 0x1665, 0x0834, 0x1678,
  0x021C, 0x021C, 0x1688, 0x16C8, 0x021C, 0x021C, 0x021C, 0x13E0, 0x1708, 0x1708,
  0x1708, 0x1708, 0x1708, 0x1708, 0x1708, 0x1708, 0x1708, 0x1708, 0x1708, 0x1708,
  0x1708, 0x1708, 0x1708, 0x1708, 0x1708, 0x1708, 0x1708, 0x1708, 0x1708, 0x1708,
  0x1708, 0x1708, 0x1708, 0x1708, 0x1708, 0x1708, 0x1708, 0x1708, 0x1708, 0x1708,
  0x1708, 0x1708, 0x1708, 0x1708, 0x1708, 0x1708, 0x1708, 0x1708, 0x1708, 0x1708,
  0x1708, 0x1708, 0x1708, 0x1708, 0x1708, 0x1708, 0x1708, 0x1708, 0x1708, 0x1708,
  0x1708, 0x1708, 0x1708, 0x1708, 0x1708, 0x1708, 0x1708, 0x1708, 0x1708, 0x1708,
  0x1708, 0x1708, 0x1708, 0x1708, 0x1708, 0x1708, 0x1708, 0x1708, 0x1708, 0x1708,
  0x1708, 0x1708, 0x1708, 0x1708, 0x1708, 0x1708, 0x1708, 0x1708, 0x1708, 0x1708,
  0x1708, 0x1708, 0x1708, 0x1708, 0x1708, 0x1708, 0x1708, 0x1708, 0x1708, 0x1708,
  0x1708, 0x1708, 0x1708, 0x1708, 0x1708, 0x1708, 0x1708, 0x1708, 0x1708, 0x1708,
  0x1708, 0x1708, 0x1708, 0x1708, 0x1708, 0x1708, 0x1708, 0x1708, 0x1708, 0x1708,
  0x1708, 0x1708, 0x1708, 0x1708, 0x1708, 0x1708, 0x1708, 0x1708, 0x1708, 0x1708,
  0x1708, 0x1708, 0x1708, 0x1708, 0x1708, 0x1708, 0x1708, 0x1708, 0x1708, 0x1708,
  0x1708, 0x1708, 0x1708, 0x1708, 0x1708, 0x1708, 0x1708, 0x1708, 0x1708, 0x1708,
  0x1708, 0x1708, 0x1708, 0x1708, 0x1708, 0x1708, 0x1708, 0x1708, 0x1708, 0x1708,
  0x1708, 0x1708, 0x1708, 0x1708, 0x1708, 0x1708, 0x1708, 0x1708, 0x1708, 0x1708,
  0x1708, 0x1708, 0x1708, 0x1708, 0x1708, 0x1708, 0x1708, 0x1708, 0x1708, 0x1708,
  0x1708, 0x1708, 0x1724, 0x021C, 0x021C, 0x021C, 0x021C, 0x021C, 0x021C, 0x021C,
  0x021C, 0x021C, 0x021C, 0x021C, 0x021C, 0x021C, 0x021C, 0x021C, 0x021C, 0x021C,
  0x021C, 0x021C, 0x021C, 0x021C, 0x021C, 0x021C, 0x021C, 0x021C, 0x021C, 0x021C,
  0x021C, 0x021C, 0x021C, 0x021C, 0x021C, 0x021C, 0x021C, 0x021C, 0x021C, 0x021C,
  0x021C, 0x021C, 0x021C, 0x021C, 0x021C, 0x021C, 0x021C, 0x021C, 0x021C, 0x021C,
  0x021C, 0x021C, 0x021C, 0x021C, 0x021C, 0x021C, 0x021C, 0x021C, 0x021C, 0x021C,
  0x021C, 0x021C, 0x021C, 0x021C, 0x021C, 0x021C, 0x021C, 0x021C, 0x021C, 0x021C,
  0x021C, 0x021C, 0x021C, 0x021C, 0x021C, 0x021C, 0x021C, 0x021C, 0x021C, 0x021C,
  0x021C, 0x021C, 0x021C, 0x021C, 0x021C, 0x021C, 0x021C, 0x021C, 0x021C, 0x021C,
  0x021C, 0x021C, 0x021C, 0x021C, 0x021C, 0x021C, 0x021C, 0x021C, 0x021C, 0x021C,
  0x021C, 0x021C, 0x021C, 0x021C, 0x021C, 0x021C, 0x021C, 0x021C, 0x021C, 0x021C,
  0x021C, 0x021C, 0x021C, 0x021C, 0x021C, 0x021C, 0x021C, 0x021C, 0x021C, 0x021C,
  0x021C, 0x021C, 0x021C, 0x021C, 0x021C, 0x021C, 0x021C, 0x021C, 0x021C, 0x021C,
  0x021C, 0x021C, 0x021C, 0x021C, 0x021C, 0x021C, 0x1764, 0x1764, 0x1764, 0x1764,
  0x1796, 0x17C0, 0x1764, 0x17F0, 0x1813, 0x1853, 0x021C, 0x021C, 0x021C, 0x021C,
  0x021C, 0x021C, 0x021C, 0x021C, 0x021C, 0x021C, 0x1873, 0x021C, 0x021C, 0x021C,
  0x021C, 0x021C, 0x021C, 0x021C,
};

const uint16_t trie_index1[512] = {
  0x0000, 0x0018, 0x0037, 0x0057, 0x0075, 0x0075, 0x0075, 0x0075, 0x0075, 0x0075,
  0x0075, 0x0075, 0x0091, 0x00A6, 0x0075, 0x0075, 0x0075, 0x0075, 0x0075, 0x0075,
  0x0075, 0x0075, 0x0075, 0x00C6, 0x0075, 0x0075, 0x00E1, 0x0075, 0x0101, 0x011E,
  0x0075, 0x0075, 0x0075, 0x0075, 0x0075, 0x0075, 0x0075, 0x0075, 0x0075, 0x0075,
  0x0075, 0x0075, 0x0075, 0x0075, 0x0075, 0x0075, 0x0075, 0x0075, 0x0075, 0x0075,
  0x0075, 0x0075, 0x0075, 0x0075, 0x0075, 0x0075, 0x0075, 0x0075, 0x0075, 0x0075,
  0x0075, 0x0075, 0x0075, 0x013E, 0x0075, 0x0075, 0x0075, 0x0075, 0x0075, 0x0075,
  0x0075, 0x0075, 0x0075, 0x0075, 0x0075, 0x0075, 0x0075, 0x0075, 0x0075, 0x0075,
  0x0075, 0x0075, 0x0075, 0x0075, 0x0075, 0x0075, 0x0075, 0x0075, 0x0075, 0x0075,
  0x0075, 0x0075, 0x0075, 0x0075, 0x0075, 0x0075, 0x0075, 0x0075, 0x0075, 0x0075,
  0x0075, 0x0075, 0x0075, 0x0075, 0x0075, 0x0075, 0x0075, 0x0075, 0x0075, 0x0075,
  0x0075, 0x0075, 0x0075, 0x0075, 0x0075, 0x0075, 0x0075, 0x0075, 0x0075, 0x0075,
  0x0075, 0x0075, 0x0075, 0x0075, 0x0075, 0x0075, 0x0075, 0x0075, 0x0075, 0x0075,
  0x0075, 0x0075, 0x0075, 0x0075, 0x0075, 0x0075, 0x0075, 0x0075, 0x0075, 0x0075,
  0x0075, 0x0075, 0x0075, 0x0075, 0x0075, 0x0075, 0x0075, 0x0075, 0x0075, 0x0075,
  0x0075, 0x0075, 0x0075, 0x0075, 0x0075, 0x0075, 0x0075, 0x0075, 0x0075, 0x0075,
  0x0075, 0x0075, 0x0075, 0x0075, 0x0075, 0x0075, 0x0075, 0x0075, 0x0075, 0x0075,
  0x0075, 0x0075, 0x0075, 0x0075, 0x0075, 0x0075, 0x0075, 0x0075, 0x0075, 0x0075,
  0x0075, 0x0075, 0x0075, 0x0075, 0x0075, 0x0075, 0x0075, 0x0075, 0x0075, 0x0075,
  0x0075, 0x0075, 0x0075, 0x0075, 0x0075, 0x0075, 0x0075, 0x0075, 0x0075, 0x0075,
  0x0075, 0x0075, 0x0075, 0x0075, 0x0075, 0x0075, 0x0075, 0x0075, 0x0075, 0x0075,
  0x0075, 0x0075, 0x0075, 0x0075, 0x0075, 0x0075, 0x0075, 0x0075, 0x0075, 0x0075,
  0x0075, 0x0075, 0x0075, 0x0075, 0x0075, 0x0075, 0x0075, 0x0075, 0x0075, 0x0075,
  0x0075, 0x0075, 0x0075, 0x0075, 0x0075, 0x0075, 0x0075, 0x0075, 0x0075, 0x0075,
  0x0075, 0x0075, 0x0075, 0x0075, 0x0075, 0x0075, 0x0075, 0x0075, 0x0075, 0x0075,
  0x0075, 0x0075, 0x0075, 0x0075, 0x0075, 0x0075, 0x0075, 0x0075, 0x0075, 0x0075,
  0x0075, 0x0075, 0x0075, 0x0075, 0x0075, 0x0075, 0x0075, 0x0075, 0x0075, 0x0075,
  0x0075, 0x0075, 0x0075, 0x0075, 0x0075, 0x0075, 0x0075, 0x0075, 0x0075, 0x0075,
  0x0075, 0x0075, 0x0075, 0x0075, 0x0075, 0x0075, 0x0075, 0x0075, 0x0075, 0x0075,
  0x0075, 0x0075, 0x0075, 0x0075, 0x0075, 0x0075, 0x0075, 0x0075, 0x0075, 0x0075,
  0x0075, 0x0075, 0x0075, 0x0075, 0x0075, 0x0075, 0x0075, 0x0075, 0x0075, 0x0075,
  0x0075, 0x0075, 0x0075, 0x0075, 0x0075, 0x0075, 0x0075, 0x0075, 0x0075, 0x0075,
  0x0075, 0x0075, 0x0075, 0x0075, 0x0075, 0x0075, 0x0075, 0x0075, 0x0075, 0x0075,
  0x0075, 0x0075, 0x0075, 0x0075, 0x0075, 0x0075, 0x0075, 0x0075, 0x0075, 0x0075,
  0x0075, 0x0075, 0x0075, 0x0075, 0x0075, 0x0075, 0x0075, 0x0075, 0x0075, 0x0075,
  0x0075, 0x0075, 0x0075, 0x0075, 0x0075, 0x0075, 0x0075, 0x0075, 0x0075, 0x0075,
  0x0075, 0x0075, 0x0075, 0x0075, 0x0075, 0x0075, 0x0075, 0x0075, 0x0075, 0x0075,
  0x0075, 0x0075, 0x0075, 0x0075, 0x0075, 0x0075, 0x0075, 0x0075, 0x0075, 0x0075,
  0x0075, 0x0075, 0x0075, 0x0075, 0x0075, 0x0075, 0x0075, 0x0075, 0x0075, 0x0075,
  0x0075, 0x0075, 0x0075, 0x0075, 0x0075, 0x0075, 0x0075, 0x0075, 0x0075, 0x0075,
  0x0075, 0x0075, 0x0075, 0x0075, 0x0075, 0x0075, 0x0075, 0x0075, 0x0075, 0x0075,
  0x0075, 0x0075, 0x0075, 0x0075, 0x0075, 0x0075, 0x0075, 0x0075, 0x0075, 0x0075,
  0x0075, 0x0075, 0x0075, 0x0075, 0x0075, 0x0075, 0x0075, 0x0075, 0x0075, 0x0075,
  0x0075, 0x0075, 0x0075, 0x0075, 0x0075, 0x0075, 0x0075, 0x0075, 0x0075, 0x0075,
  0x0075, 0x0075, 0x0075, 0x0075, 0x0075, 0x0075, 0x0075, 0x0075, 0x0075, 0x0075,
  0x0075, 0x0075, 0x0075, 0x0075, 0x0075, 0x0075, 0x0075, 0x0075, 0x0075, 0x0075,
  0x0075, 0x0075, 0x0075, 0x0075, 0x0075, 0x0075, 0x0075, 0x0075, 0x0075, 0x0075,
  0x0075, 0x0075, 0x0075, 0x0075, 0x0075, 0x0075, 0x0075, 0x0075, 0x0075, 0x0075,
  0x0075, 0x0075, 0x0075, 0x0075, 0x0075, 0x0075, 0x0075, 0x0075, 0x0075, 0x0075,
  0x0075, 0x0075, 0x0075, 0x0075, 0x0075, 0x0075, 0x0075, 0x0075, 0x0075, 0x0075,
  0x0075, 0x0075, 0x0075, 0x0075, 0x0075, 0x0075, 0x0075, 0x0075, 0x0075, 0x0075,
  0x0075, 0x0075,
};

const uint16_t trie_index2[350] = {
  0x021C, 0x021C, 0x021C, 0x021C, 0x021C, 0x021C, 0x021C, 0x18A3, 0x021C, 0x021C,
  0x021C, 0x18C0, 0x021C, 0x18E1, 0x021C, 0x021C, 0x021C, 0x021C, 0x021C, 0x021C,
  0x021C, 0x021C, 0x021C, 0x191C, 0x021C, 0x021C, 0x021C, 0x021C, 0x021C, 0x021C,
  0x021C, 0x021C, 0x194F, 0x021C, 0x021C, 0x198F, 0x021C, 0x021C, 0x021C, 0x021C,
  0x021C, 0x021C, 0x021C, 0x021C, 0x19B6, 0x19DE, 0x021C, 0x021C, 0x021C, 0x021C,
  0x1A0C, 0x1A39, 0x021C, 0x1A79, 0x1AB7, 0x021C, 0x1AF1, 0x1B31, 0x021C, 0x1B71,
  0x0834, 0x021C, 0x1BB1, 0x1BBC, 0x021C, 0x021C, 0x1BF3, 0x1C1E, 0x1C5D, 0x1C9B,
  0x1CD9, 0x021C, 0x1D17, 0x1D36, 0x1D75, 0x021C, 0x021C, 0x1D86, 0x1DC6, 0x13CE,
  0x021C, 0x1DD0, 0x021C, 0x13E2, 0x021C, 0x021C, 0x021C, 0x1DCD, 0x021C, 0x021C,
  0x021C, 0x1E08, 0x1E47, 0x021C, 0x13ED, 0x13D9, 0x1671, 0x1ADE, 0x021C, 0x021C,
  0x021C, 0x021C, 0x021C, 0x13CE, 0x021C, 0x021C, 0x021C, 0x021C, 0x1E85, 0x1AE0,
  0x021C, 0x021C, 0x021C, 0x021C, 0x021C, 0x021C, 0x1E88, 0x021C, 0x021C, 0x021C,
  0x021C, 0x021C, 0x021C, 0x021C, 0x021C, 0x021C, 0x021C, 0x021C, 0x021C, 0x021C,
  0x021C, 0x021C, 0x021C, 0x021C, 0x021C, 0x021C, 0x021C, 0x021C, 0x021C, 0x021C,
  0x021C, 0x021C, 0x021C, 0x021C, 0x021C, 0x021C, 0x021C, 0x021C, 0x021C, 0x1EAA,
  0x021C, 0x021C, 0x021C, 0x021C, 0x021C, 0x021C, 0x021C, 0x021C, 0x021C, 0x021C,
  0x021C, 0x021C, 0x021C, 0x021C, 0x021C, 0x021C, 0x021C, 0x021C, 0x021C, 0x021C,
  0x021C, 0x021C, 0x021C, 0x021C, 0x021C, 0x021C, 0x021C, 0x1EDA, 0x1F0F, 0x021C,
  0x021C, 0x021C, 0x021C, 0x021C, 0x021C, 0x021C, 0x021C, 0x1F46, 0x021C, 0x021C,
  0x021C, 0x021C, 0x021C, 0x021C, 0x021C, 0x021C, 0x021C, 0x1F71, 0x021C, 0x021C,
  0x021C, 0x021C, 0x021C, 0x021C, 0x021C, 0x021C, 0x021C, 0x021C, 0x021C, 0x021C,
  0x021C, 0x021C, 0x021C, 0x021C, 0x021C, 0x021C, 0x1FA3, 0x021C, 0x021C, 0x021C,
  0x021C, 0x021C, 0x021C, 0x021C, 0x021C, 0x021C, 0x021C, 0x021C, 0x021C, 0x021C,
  0x1FC5, 0x2002, 0x13CD, 0x021C, 0x2042, 0x021C, 0x021C, 0x021C, 0x021C, 0x021C,
  0x021C, 0x021C, 0x021C, 0x021C, 0x021C, 0x021C, 0x021C, 0x021C, 0x021C, 0x021C,
  0x021C, 0x021C, 0x021C, 0x021C, 0x021C, 0x021C, 0x021C, 0x2082, 0x021C, 0x07BF,
  0x021C, 0x1F0F, 0x021C, 0x021C, 0x021C, 0x021C, 0x021C, 0x20AD, 0x20DC, 0x021C,
  0x021C, 0x021C, 0x021C, 0x021C, 0x021C, 0x021C, 0x210C, 0x021C, 0x021C, 0x021C,
  0x213C, 0x021C, 0x021C, 0x021C, 0x216C, 0x021C, 0x021C, 0x021C, 0x021C, 0x21A2,
  0x021C, 0x21DE, 0x021C, 0x021C, 0x021C, 0x021C, 0x021C, 0x021C, 0x021C, 0x021C,
  0x021C, 0x021C, 0x021C, 0x021C, 0x021C, 0x021C, 0x021C, 0x021C, 0x021C, 0x021C,
  0x021C, 0x021C, 0x021C, 0x021C, 0x021C, 0x021C, 0x021C, 0x021C, 0x1764, 0x1764,
  0x1764, 0x1764, 0x1764, 0x1764, 0x1764, 0x1764, 0x221E, 0x021C, 0x021C, 0x021C,
  0x021C, 0x021C, 0x021C, 0x021C, 0x021C, 0x021C, 0x021C, 0x021C, 0x021C, 0x021C,
  0x021C, 0x021C, 0x021C, 0x021C, 0x021C, 0x021C, 0x021C, 0x021C, 0x021C, 0x021C,
};

const uint16_t trie_data[8798] = {
  0x0000, 0x0000, 0x0000, 0x0000, 0x0000, 0x0000, 0x0000, 0x0000, 0x0000, 0x0000,
  0x0000, 0x0000, 0x0000, 0x0000, 0x0000, 0x0000, 0x0000, 0x0000, 0x0000, 0x0000,
  0x0000, 0x0000, 0x0000, 0x0000, 0x0000, 0x0000, 0x0000, 0x0000, 0x0000, 0x0000,
  0x0000, 0x0000, 0x0000, 0x0000, 0x0000, 0x0000, 0x0000, 0x0000, 0x0000, 0x0000,
  0x0000, 0x0000, 0x0000, 0x0000, 0x0000, 0x0000, 0x0000, 0x0000, 0x0000, 0x0000,
  0x0000, 0x0000, 0x0000, 0x0000, 0x0000, 0x0000, 0x0000, 0x0000, 0x0000, 0x0000,
  0x8004, 0x8008, 0x800C, 0x0000, 0x8010, 0x8050, 0x805C, 0x8070, 0x8088, 0x80CC,
  0x80D0, 0x80EC, 0x8108, 0x8144, 0x8148, 0x815C, 0x8174, 0x8180, 0x81A4, 0x81E4,
  0x0000, 0x81EC, 0x820C, 0x8228, 0x8244, 0x8290, 0x8298, 0x82B0, 0x82B8, 0x82DC,
  0x0000, 0x0000, 0x0000, 0x0000, 0x0000, 0x0000, 0x82F4, 0x8334, 0x8340, 0x8354,
  0x836C, 0x83B0, 0x83B4, 0x83D0, 0x83F0, 0x8428, 0x8430, 0x8444, 0x845C, 0x8468,
  0x848C, 0x84CC, 0x0000, 0x84D4, 0x84F4, 0x8510, 0x8530, 0x857C, 0x8584, 0x85A0,
  0x85A8, 0x85D0, 0x0000, 0x0000, 0x0000, 0x0000, 0x0000, 0x0000, 0x0000, 0x0000,
  0x0000, 0x0000, 0x0000, 0x0000, 0x0000, 0x0000, 0x0000, 0x0000, 0x0000, 0x0000,
  0x0000, 0x0000, 0x0000, 0x0000, 0x0000, 0x0000, 0x0000, 0x0000, 0x0000, 0x0000,
  0x0000, 0x0000, 0x0000, 0x0000, 0x0000, 0x0000, 0x0000, 0x0000, 0x0000, 0x0000,
  0x0000, 0x0000, 0x85E8, 0x0000, 0x0000, 0x0000, 0x0000, 0x0000, 0x0000, 0x0000,
  0x0000, 0x0000, 0x0000, 0x0000, 0x0000, 0x0000, 0x0000, 0x0000, 0x0000, 0x0000,
  0x0000, 0x0000, 0x0000, 0x0000, 0x0000, 0x0000, 0x1000, 0x1000, 0x95F4, 0x1000,
  0x9604, 0x9608, 0x860C, 0x9614, 0x1000, 0x1000, 0x9618, 0x1000, 0x1000, 0x1000,
  0x1000, 0x9628, 0x0000, 0x1000, 0x1000, 0x1000, 0x962C, 0x963C, 0x9648, 0x0000,
  0x864C, 0x1000, 0x1000, 0x1000, 0x9650, 0x1000, 0x0000, 0x0000, 0x1000, 0x1000,
  0x9660, 0x1000, 0x9670, 0x9674, 0x8678, 0x9680, 0x1000, 0x1000, 0x9684, 0x1000,
  0x1000, 0x1000, 0x1000, 0x9694, 0x0000, 0x1000, 0x1000, 0x1000, 0x9698, 0x96A8,
  0x96B4, 0x0000, 0x86B8, 0x1000, 0x1000, 0x1000, 0x96BC, 0x1000, 0x0000, 0x1000,
  0x1000, 0x96CC, 0x96DC, 0x1000, 0x1000, 0x1000, 0x1000, 0x1000, 0x1000, 0x1000,
  0x1000, 0x1000, 0x1000, 0x1000, 0x1000, 0x0000, 0x0000, 0x96EC, 0x96F4, 0x1000,
  0x1000, 0x1000, 0x1000, 0x1000, 0x1000, 0x1000, 0x1000, 0x1000, 0x1000, 0x1000,
  0x1000, 0x1000, 0x1000, 0x1000, 0x1000, 0x1000, 0x1000, 0x0000, 0x0000, 0x1000,
  0x1000, 0x1000, 0x1000, 0x1000, 0x1000, 0x1000, 0x1000, 0x1000, 0x0000, 0x0000,
  0x0000, 0x1000, 0x1000, 0x1000, 0x1000, 0x0000, 0x1000, 0x1000, 0x1000, 0x1000,
  0x1000, 0x1000, 0x0000, 0x0000, 0x0000, 0x1000, 0x1000, 0x1000, 0x1000, 0x1000,
  0x1000, 0x0000, 0x0000, 0x0000, 0x96FC, 0x9704, 0x1000, 0x1000, 0x1000, 0x1000,
  0x0000, 0x0000, 0x1000, 0x1000, 0x1000, 0x1000, 0x1000, 0x1000, 0x970C, 0x9710,
  0x1000, 0x1000, 0x1000, 0x1000, 0x9714, 0x9718, 0x1000, 0x1000, 0x1000, 0x1000,
  0x0000, 0x0000, 0x971C, 0x9720, 0x9724, 0x9728, 0x1000, 0x1000, 0x1000, 0x1000,
  0x1000, 0x1000, 0x1000, 0x1000, 0x1000, 0x1000, 0x1000, 0x1000, 0x1000, 0x1000,
  0x1000, 0x1000, 0x1000, 0x1000, 0x1000, 0x872C, 0x0000, 0x0000, 0x0000, 0x0000,
  0x0000, 0x0000, 0x0000, 0x0000, 0x0000, 0x0000, 0x0000, 0x0000, 0x0000, 0x0000,
  0x0000, 0x0000, 0x0000, 0x0000, 0x0000, 0x0000, 0x0000, 0x0000, 0x0000, 0x0000,
  0x0000, 0x0000, 0x0000, 0x0000, 0x0000, 0x0000, 0x0000, 0x0000, 0x9730, 0x9744,
  0x0000, 0x0000, 0x0000, 0x0000, 0x0000, 0x0000, 0x0000, 0x0000, 0x0000, 0x0000,
  0x0000, 0x0000, 0x0000, 0x9758, 0x976C, 0x0000, 0x0000, 0x0000, 0x0000, 0x0000,
  0x0000, 0x8780, 0x0000, 0x0000, 0x0000, 0x0000, 0x0000, 0x0000, 0x0000, 0x0000,
  0x0000, 0x0000, 0x0000, 0x0000, 0x0000, 0x1000, 0x1000, 0x1000, 0x1000, 0x1000,
  0x1000, 0x1000, 0x1000, 0x1000, 0x1000, 0x1000, 0x1000, 0x1000, 0x1000, 0x1000,
  0x1000, 0x0000, 0x1000, 0x1000, 0x1000, 0x1000, 0x1000, 0x1000, 0x0000, 0x0000,
  0x1000, 0x1000, 0x1000, 0x1000, 0x9784, 0x9788, 0x1000, 0x1000, 0x1000, 0x1000,
  0x1000, 0x0000, 0x0000, 0x0000, 0x1000, 0x1000, 0x0000, 0x0000, 0x1000, 0x1000,
  0x1000, 0x1000, 0x1000, 0x1000, 0x1000, 0x1000, 0x1000, 0x1000, 0x1000, 0x1000,
  0x1000, 0x1000, 0x1000, 0x1000, 0x1000, 0x1000, 0x1000, 0x1000, 0x1000, 0x1000,
  0x1000, 0x1000, 0x1000, 0x1000, 0x1000, 0x1000, 0x0000, 0x0000, 0x1000, 0x1000,
  0x0000, 0x0000, 0x0000, 0x0000, 0x0000, 0x0000, 0x978C, 0x9790, 0x9794, 0x9798,
  0x1000, 0x1000, 0x1000, 0x1000, 0x979C, 0x97A0, 0x1000, 0x1000, 0x1000, 0x1000,
  0x0000, 0x0000, 0x0000, 0x0000, 0x0000, 0x0000, 0x0000, 0x0000, 0x0000, 0x0000,
  0x0000, 0x0000, 0x0000, 0x0000, 0x0000, 0x0000, 0x0000, 0x0000, 0x0000, 0x0000,
  0x0000, 0x0000, 0x0000, 0x0000, 0x0000, 0x0000, 0x0000, 0x0000, 0x0000, 0x0000,
  0x0000, 0x0000, 0x0000, 0x0000, 0x0000, 0x0000, 0x0000, 0x0000, 0x0000, 0x0000,
  0x0000, 0x0000, 0x0000, 0x0000, 0x0000, 0x0000, 0x0000, 0x0000, 0x0000, 0x0000,
  0x0000, 0x0000, 0x0000, 0x0000, 0x0000, 0x0000, 0x0000, 0x0000, 0x0000, 0x0000,
  0x0000, 0x0000, 0x0000, 0x0000, 0x87A4, 0x0000, 0x0000, 0x0000, 0x0000, 0x0000,
  0x0000, 0x0000, 0x0000, 0x0000, 0x0000, 0x0000, 0x0000, 0x0000, 0x0000, 0x0000,
  0x0000, 0x0000, 0x0000, 0x0000, 0x0000, 0x0000, 0x0000, 0x0000, 0x0000, 0x0000,
  0x0000, 0x0000, 0x0000, 0x0000, 0x0000, 0x0000, 0x0000, 0x0000, 0x0000, 0x0000,
  0x0000, 0x0000, 0x0000, 0x0000, 0x0000, 0x0000, 0x0000, 0x0000, 0x0000, 0x0000,
  0x039A, 0x039A, 0x039A, 0x039A, 0x039A, 0x0399, 0x039A, 0x039A, 0x039A, 0x039A,
  0x039A, 0x039A, 0x039A, 0x0399, 0x0399, 0x039A, 0x0399, 0x039A, 0x0399, 0x039A,
  0x039A, 0x03A1, 0x0371, 0x0371, 0x0371, 0x0371, 0x03A1, 0x0362, 0x0371, 0x0371,
  0x0371, 0x0371, 0x0371, 0x0329, 0x0329, 0x0372, 0x0372, 0x0372, 0x0372, 0x032A,
  0x032A, 0x0371, 0x0371, 0x0371, 0x0371, 0x0372, 0x0372, 0x0371, 0x0372, 0x0372,
  0x0371, 0x0371, 0x0005, 0x0005, 0x0005, 0x0005, 0x0006, 0x0371, 0x0371, 0x0371,
  0x0371, 0x0399, 0x0399, 0x0399, 0x139A, 0x139A, 0x039A, 0x139A, 0x139A, 0x03C2,
  0x0399, 0x0371, 0x0371, 0x0371, 0x0399, 0x0399, 0x0399, 0x0371, 0x0371, 0x0000,
  0x0399, 0x0399, 0x0399, 0x0371, 0x0371, 0x0371, 0x0371, 0x0399, 0x03A1, 0x0371,
  0x0371, 0x0399, 0x03A5, 0x03A9, 0x03A9, 0x03A5, 0x03A9, 0x03A9, 0x03A5, 0x0399,
  0x0399, 0x0399, 0x0399, 0x0399, 0x0399, 0x0399, 0x0399, 0x0399, 0x0399, 0x0399,
  0x0399, 0x0399, 0x0000, 0x0000, 0x0000, 0x0000, 0x1001, 0x0000, 0x0000, 0x0000,
  0x0000, 0x0000, 0x0000, 0x0000, 0x0000, 0x0000, 0x1001, 0x0000, 0x0000, 0x0000,
  0x0000, 0x0000, 0x1000, 0x1000, 0x1001, 0x1000, 0x1000, 0x1000, 0x0000, 0x1000,
  0x0000, 0x1000, 0x1000, 0x1000, 0x87A8, 0x0000, 0x0000, 0x0000, 0x87C4, 0x0000,
  0x87D4, 0x0000, 0x87E8, 0x0000, 0x0000, 0x0000, 0x0000, 0x0000, 0x8804, 0x0000,
  0x8814, 0x0000, 0x0000, 0x0000, 0x8818, 0x0000, 0x0000, 0x0000, 0x8830, 0x1000,
  0x1000, 0x9844, 0x1000, 0x9848, 0x1000, 0x1000, 0x884C, 0x0000, 0x0000, 0x0000,
  0x886C, 0x0000, 0x887C, 0x0000, 0x8894, 0x0000, 0x0000, 0x0000, 0x0000, 0x0000,
  0x88B4, 0x0000, 0x88C4, 0x0000, 0x0000, 0x0000, 0x88CC, 0x0000, 0x0000, 0x0000,
  0x88EC, 0x9904, 0x9910, 0x1000, 0x1000, 0x991C, 0x0000, 0x0000, 0x0000, 0x8920,
  0x1000, 0x1000, 0x0000, 0x0000, 0x0000, 0x0000, 0x0000, 0x0000, 0x0000, 0x0000,
  0x0000, 0x0000, 0x0000, 0x0000, 0x0000, 0x0000, 0x0000, 0x0000, 0x0000, 0x0000,
  0x0000, 0x0000, 0x0000, 0x0000, 0x0000, 0x0000, 0x0000, 0x0000, 0x0000, 0x0000,
  0x0000, 0x0000, 0x0000, 0x0000, 0x0000, 0x0000, 0x0000, 0x0000, 0x0000, 0x0000,
  0x0000, 0x0000, 0x0000, 0x0000, 0x0000, 0x1000, 0x1000, 0x0000, 0x1000, 0x0000,
  0x0000, 0x8928, 0x1000, 0x0000, 0x0000, 0x0000, 0x0000, 0x1000, 0x1000, 0x1000,
  0x0000, 0x892C, 0x0000, 0x0000, 0x8934, 0x0000, 0x8938, 0x8944, 0x894C, 0x8950,
  0x1000, 0x8960, 0x0000, 0x0000, 0x0000, 0x8964, 0x0000, 0x0000, 0x0000, 0x0000,
  0x8968, 0x0000, 0x0000, 0x0000, 0x8978, 0x0000, 0x0000, 0x0000, 0x897C, 0x0000,
  0x8980, 0x0000, 0x0000, 0x8984, 0x0000, 0x0000, 0x898C, 0x0000, 0x8990, 0x899C,
  0x89A4, 0x89A8, 0x1000, 0x89B8, 0x0000, 0x0000, 0x0000, 0x89BC, 0x0000, 0x0000,
  0x0000, 0x89C0, 0x0000, 0x0000, 0x0000, 0x89D0, 0x0000, 0x0000, 0x0000, 0x89D4,
  0x0000, 0x89D8, 0x0000, 0x0000, 0x1000, 0x1000, 0x0000, 0x1000, 0x0000, 0x0000,
  0x89DC, 0x1000, 0x0000, 0x0000, 0x0000, 0x0000, 0x1000, 0x1000, 0x1000, 0x0000,
  0x0000, 0x0000, 0x0000, 0x0000, 0x0000, 0x0000, 0x0000, 0x0000, 0x0000, 0x0000,
  0x0000, 0x0000, 0x0000, 0x0000, 0x0000, 0x0000, 0x0000, 0x0000, 0x0000, 0x0000,
  0x89E0, 0x89E4, 0x1000, 0x1000, 0x0000, 0x0000, 0x0000, 0x0000, 0x0000, 0x0000,
  0x0000, 0x0000, 0x0399, 0x0399, 0x0399, 0x0399, 0x0399, 0x0000, 0x0000, 0x0000,
  0x0000, 0x0000, 0x0000, 0x0000, 0x0000, 0x0000, 0x0000, 0x0000, 0x0000, 0x0000,
  0x0000, 0x0000, 0x0000, 0x0000, 0x0000, 0x0000, 0x0000, 0x0000, 0x0000, 0x0000,
  0x0000, 0x0000, 0x0000, 0x0000, 0x0000, 0x0000, 0x0000, 0x0000, 0x0000, 0x0000,
  0x0000, 0x0000, 0x0000, 0x0000, 0x0000, 0x0000, 0x0000, 0x0000, 0x0000, 0x0000,
  0x0000, 0x0000, 0x0000, 0x0000, 0x0000, 0x0000, 0x0000, 0x0000, 0x0000, 0x0000,
  0x0000, 0x0000, 0x0000, 0x1000, 0x1000, 0x0000, 0x0000, 0x0000, 0x0000, 0x0000,
  0x0000, 0x0000, 0x0000, 0x0000, 0x0000, 0x0000, 0x0000, 0x0000, 0x1000, 0x1000,
  0x1000, 0x1000, 0x0000, 0x0000, 0x1000, 0x1000, 0x89E8, 0x89EC, 0x1000, 0x1000,
  0x1000, 0x1000, 0x1000, 0x1000, 0x0000, 0x0000, 0x1000, 0x1000, 0x1000, 0x1000,
  0x1000, 0x1000, 0x89F0, 0x89F4, 0x1000, 0x1000, 0x1000, 0x1000, 0x1000, 0x1000,
  0x1000, 0x1000, 0x1000, 0x1000, 0x1000, 0x1000, 0x0000, 0x0000, 0x1000, 0x1000,
  0x0000, 0x0000, 0x0000, 0x0000, 0x0000, 0x0000, 0x0000, 0x0000, 0x0000, 0x0000,
  0x0000, 0x0000, 0x0000, 0x0000, 0x0000, 0x0000, 0x0000, 0x0371, 0x0399, 0x0399,
  0x0399, 0x0399, 0x0371, 0x0399, 0x0399, 0x0399, 0x0379, 0x0371, 0x0399, 0x0399,
  0x0399, 0x0399, 0x0399, 0x0399, 0x0371, 0x0371, 0x0371, 0x0371, 0x0371, 0x0371,
  0x0399, 0x0399, 0x0371, 0x0399, 0x0399, 0x0379, 0x0391, 0x0399, 0x0029, 0x002D,
  0x0031, 0x0035, 0x0039, 0x003D, 0x0041, 0x0045, 0x0049, 0x004D, 0x004D, 0x0051,
  0x0055, 0x0059, 0x0000, 0x005D, 0x0000, 0x0061, 0x0065, 0x0000, 0x0399, 0x0371,
  0x0000, 0x0049, 0x0000, 0x0000, 0x0000, 0x0000, 0x0000, 0x0000, 0x0000, 0x0000,
  0x0000, 0x0000, 0x0000, 0x0000, 0x0000, 0x0000, 0x0000, 0x0000, 0x0000, 0x0000,
  0x0000, 0x0000, 0x0000, 0x0000, 0x0000, 0x0000, 0x0000, 0x0000, 0x0000, 0x0000,
  0x0000, 0x0000, 0x0000, 0x0000, 0x0000, 0x0000, 0x0000, 0x0000, 0x0000, 0x0000,
  0x0000, 0x0000, 0x0000, 0x0000, 0x0000, 0x0000, 0x0000, 0x0000, 0x0000, 0x0000,
  0x0000, 0x0000, 0x0000, 0x0000, 0x0000, 0x0000, 0x0000, 0x0000, 0x0399, 0x0399,
  0x0399, 0x0399, 0x0399, 0x0399, 0x0399, 0x0399, 0x0079, 0x007D, 0x0081, 0x0000,
  0x0000, 0x0000, 0x0000, 0x0000, 0x0000, 0x0000, 0x1000, 0x1000, 0x1000, 0x1000,
  0x1000, 0x89F8, 0x0000, 0x0000, 0x0000, 0x0000, 0x0000, 0x0000, 0x0000, 0x0000,
  0x0000, 0x0000, 0x0000, 0x0000, 0x0000, 0x0000, 0x0000, 0x0000, 0x0000, 0x0000,
  0x0000, 0x0000, 0x0000, 0x0000, 0x0000, 0x0000, 0x8A04, 0x0000, 0x8A08, 0x006D,
  0x0071, 0x0075, 0x0079, 0x007D, 0x0081, 0x0085, 0x0089, 0x039A, 0x039A, 0x0372,
  0x0371, 0x0399, 0x0399, 0x0399, 0x0399, 0x0399, 0x0371, 0x0399, 0x0399, 0x0371,
  0x0000, 0x0000, 0x0000, 0x0000, 0x0000, 0x0000, 0x0000, 0x0000, 0x0000, 0x0000,
  0x0000, 0x0000, 0x0000, 0x0000, 0x0000, 0x0000, 0x008D, 0x0000, 0x0000, 0x0000,
  0x0000, 0x0000, 0x0000, 0x0000, 0x0000, 0x0000, 0x0000, 0x0000, 0x0000, 0x0000,
  0x0000, 0x0000, 0x1000, 0x8A0C, 0x1000, 0x0000, 0x0000, 0x0000, 0x0000, 0x0000,
  0x0000, 0x0000, 0x0000, 0x0000, 0x0000, 0x0000, 0x0000, 0x0000, 0x0000, 0x0000,
  0x8A10, 0x1000, 0x0000, 0x8A14, 0x0399, 0x0399, 0x0399, 0x0399, 0x0399, 0x0399,
  0x0399, 0x0000, 0x0000, 0x0399, 0x0399, 0x0399, 0x0399, 0x0371, 0x0399, 0x0000,
  0x0000, 0x0399, 0x0399, 0x0000, 0x0371, 0x0399, 0x0399, 0x0371, 0x0000, 0x0000,
  0x0000, 0x0000, 0x0000, 0x0000, 0x0000, 0x0000, 0x0000, 0x0000, 0x0000, 0x0000,
  0x0000, 0x0000, 0x0000, 0x0000, 0x0000, 0x0000, 0x0091, 0x0000, 0x0000, 0x0000,
  0x0000, 0x0000, 0x0000, 0x0000, 0x0000, 0x0000, 0x0000, 0x0000, 0x0000, 0x0000,
  0x0000, 0x0000, 0x0000, 0x0000, 0x0000, 0x0000, 0x0000, 0x0000, 0x0000, 0x0000,
  0x0000, 0x0000, 0x0000, 0x0000, 0x0000, 0x0000, 0x0000, 0x0399, 0x0371, 0x0399,
  0x0399, 0x0371, 0x0399, 0x0399, 0x0371, 0x0371, 0x0371, 0x0399, 0x0371, 0x0371,
  0x0399, 0x0371, 0x0399, 0x0399, 0x0371, 0x0399, 0x0371, 0x0399, 0x0371, 0x0399,
  0x0371, 0x0399, 0x0399, 0x0000, 0x0000, 0x0000, 0x0000, 0x0000, 0x0000, 0x0000,
  0x0000, 0x0000, 0x0000, 0x0000, 0x0000, 0x0000, 0x0000, 0x0000, 0x0000, 0x0000,
  0x0000, 0x0000, 0x0000, 0x0000, 0x0000, 0x0000, 0x0000, 0x0000, 0x0000, 0x0000,
  0x0000, 0x0000, 0x0000, 0x0000, 0x0000, 0x0000, 0x0000, 0x0000, 0x0000, 0x0000,
  0x0000, 0x0000, 0x0000, 0x0000, 0x0000, 0x0000, 0x0000, 0x0000, 0x0000, 0x0000,
  0x0000, 0x0000, 0x0000, 0x0000, 0x0000, 0x0000, 0x0399, 0x0399, 0x0399, 0x0399,
  0x0399, 0x0399, 0x0399, 0x0371, 0x0399, 0x0000, 0x0000, 0x0000, 0x0000, 0x0000,
  0x0000, 0x0000, 0x0000, 0x0000, 0x0371, 0x0000, 0x0000, 0x0000, 0x0000, 0x0000,
  0x0000, 0x0000, 0x0000, 0x0000, 0x0000, 0x0000, 0x0000, 0x0000, 0x0000, 0x0000,
  0x0000, 0x0000, 0x0000, 0x0000, 0x0000, 0x0000, 0x0000, 0x0399, 0x0399, 0x0399,
  0x0399, 0x0000, 0x0399, 0x0399, 0x0399, 0x0399, 0x0399, 0x0399, 0x0399, 0x0399,
  0x0399, 0x0000, 0x0399, 0x0399, 0x0399, 0x0000, 0x0399, 0x0399, 0x0399, 0x0399,
  0x0399, 0x0000, 0x0000, 0x0000, 0x0000, 0x0000, 0x0000, 0x0000, 0x0000, 0x0000,
  0x0000, 0x0000, 0x0000, 0x0000, 0x0000, 0x0000, 0x0000, 0x0000, 0x0000, 0x0000,
  0x0000, 0x0000, 0x0000, 0x0000, 0x0000, 0x0000, 0x0371, 0x0371, 0x0371, 0x0000,
  0x0000, 0x0000, 0x0000, 0x0000, 0x0000, 0x0000, 0x0000, 0x0000, 0x0000, 0x0000,
  0x0000, 0x0000, 0x0000, 0x0000, 0x0000, 0x0000, 0x0000, 0x0000, 0x0000, 0x0000,
  0x0000, 0x0000, 0x0000, 0x0000, 0x0000, 0x0000, 0x0000, 0x0000, 0x0000, 0x0000,
  0x0000, 0x0000, 0x0000, 0x0000, 0x0000, 0x0399, 0x0399, 0x0371, 0x0371, 0x0371,
  0x0399, 0x0399, 0x0399, 0x0399, 0x0000, 0x0000, 0x0000, 0x0000, 0x0000, 0x0000,
  0x0000, 0x0000, 0x0000, 0x0000, 0x0000, 0x0000, 0x0000, 0x0000, 0x0000, 0x0000,
  0x0000, 0x0000, 0x0000, 0x0000, 0x0000, 0x0000, 0x0000, 0x0000, 0x0000, 0x0000,
  0x0000, 0x0000, 0x0000, 0x0000, 0x0000, 0x0000, 0x0399, 0x0399, 0x0399, 0x0399,
  0x0399, 0x0371, 0x0371, 0x0371, 0x0371, 0x0371, 0x0399, 0x0399, 0x0399, 0x0399,
  0x0399, 0x0399, 0x0399, 0x0399, 0x0399, 0x0399, 0x0399, 0x0399, 0x0399, 0x0399,
  0x0000, 0x0371, 0x0399, 0x0399, 0x0371, 0x0399, 0x0399, 0x0371, 0x0399, 0x0399,
  0x0399, 0x0371, 0x0371, 0x0371, 0x006D, 0x0071, 0x0075, 0x0399, 0x0399, 0x0399,
  0x0371, 0x0399, 0x0399, 0x0371, 0x0371, 0x0399, 0x0399, 0x0399, 0x0399, 0x0399,
  0x0000, 0x0000, 0x0000, 0x0000, 0x0000, 0x0000, 0x0000, 0x0000, 0x0000, 0x0000,
  0x0000, 0x0000, 0x0000, 0x0000, 0x0000, 0x0000, 0x0000, 0x0000, 0x0000, 0x0000,
  0x0000, 0x0000, 0x0000, 0x0000, 0x0000, 0x0000, 0x0000, 0x0000, 0x0000, 0x0000,
  0x0000, 0x0000, 0x0000, 0x0000, 0x0000, 0x0000, 0x0000, 0x0000, 0x0000, 0x0000,
  0x8A18, 0x1000, 0x0000, 0x0000, 0x0000, 0x0000, 0x0000, 0x0000, 0x8A1C, 0x1000,
  0x0000, 0x8A20, 0x1000, 0x0000, 0x0000, 0x0000, 0x0000, 0x0000, 0x0000, 0x0000,
  0x001E, 0x0000, 0x0000, 0x0000, 0x0000, 0x0000, 0x0000, 0x0000, 0x0000, 0x0000,
  0x0000, 0x0000, 0x0000, 0x0000, 0x0025, 0x0000, 0x0000, 0x0000, 0x0399, 0x0371,
  0x0399, 0x0399, 0x0000, 0x0000, 0x0000, 0x1002, 0x1002, 0x1002, 0x1002, 0x1002,
  0x1002, 0x1002, 0x1002, 0x0000, 0x0000, 0x0000, 0x0000, 0x0000, 0x0000, 0x0000,
  0x0000, 0x0000, 0x0000, 0x0000, 0x0000, 0x0000, 0x0000, 0x0000, 0x0000, 0x0000,
  0x0000, 0x0000, 0x0000, 0x0000, 0x0000, 0x0000, 0x0000, 0x0000, 0x0000, 0x0000,
  0x0000, 0x0000, 0x0000, 0x0000, 0x0000, 0x0000, 0x0000, 0x0000, 0x0000, 0x0000,
  0x0000, 0x0000, 0x0000, 0x0000, 0x0000, 0x0000, 0x0000, 0x0000, 0x0000, 0x0000,
  0x0000, 0x0000, 0x0000, 0x0000, 0x0000, 0x0000, 0x0000, 0x0000, 0x0000, 0x0000,
  0x0000, 0x0000, 0x0000, 0x001D, 0x0000, 0x0002, 0x0000, 0x0000, 0x0000, 0x0000,
  0x0000, 0x0000, 0x0000, 0x8A24, 0x0000, 0x0000, 0x0000, 0x1000, 0x1000, 0x0025,
  0x0000, 0x0000, 0x0000, 0x0000, 0x0000, 0x0000, 0x0000, 0x0000, 0x0000, 0x0002,
  0x0000, 0x0000, 0x0000, 0x0000, 0x1002, 0x1002, 0x0000, 0x1002, 0x0000, 0x0000,
  0x0000, 0x0000, 0x0000, 0x0000, 0x0000, 0x0000, 0x0000, 0x0000, 0x0000, 0x0000,
  0x0000, 0x0000, 0x0000, 0x0000, 0x0000, 0x0000, 0x0000, 0x0000, 0x0000, 0x0000,
  0x0000, 0x0000, 0x0000, 0x0000, 0x0000, 0x0000, 0x0000, 0x0000, 0x0399, 0x0000,
  0x0000, 0x0000, 0x0000, 0x0000, 0x0000, 0x0000, 0x0000, 0x0000, 0x0000, 0x0000,
  0x0000, 0x0000, 0x0000, 0x0000, 0x0000, 0x0000, 0x0000, 0x0000, 0x0000, 0x0000,
  0x0000, 0x0000, 0x0000, 0x0000, 0x0000, 0x0000, 0x0000, 0x0000, 0x0000, 0x0000,
  0x0000, 0x0000, 0x0000, 0x0000, 0x0000, 0x0000, 0x0000, 0x0000, 0x0000, 0x0000,
  0x0000, 0x0000, 0x0000, 0x0000, 0x0000, 0x0000, 0x0000, 0x0000, 0x0000, 0x0000,
  0x1002, 0x0000, 0x0000, 0x1002, 0x0000, 0x0000, 0x0000, 0x0000, 0x0000, 0x001D,
  0x0000, 0x0000, 0x0000, 0x0000, 0x0000, 0x0000, 0x0000, 0x0000, 0x0000, 0x0000,
  0x0000, 0x0000, 0x0000, 0x0025, 0x0000, 0x0000, 0x0000, 0x0000, 0x0000, 0x0000,
  0x0000, 0x0000, 0x0000, 0x0000, 0x0000, 0x1002, 0x1002, 0x1002, 0x0000, 0x0000,
  0x1002, 0x0000, 0x0000, 0x0000, 0x0000, 0x0000, 0x0000, 0x0000, 0x0000, 0x0000,
  0x0000, 0x0000, 0x0000, 0x0000, 0x0000, 0x0000, 0x0000, 0x0000, 0x0000, 0x0000,
  0x0000, 0x0000, 0x0000, 0x0000, 0x0000, 0x0000, 0x0000, 0x0000, 0x0000, 0x0000,
  0x0000, 0x0000, 0x0000, 0x0000, 0x0000, 0x0000, 0x0000, 0x0000, 0x0000, 0x0000,
  0x0000, 0x0000, 0x0000, 0x0000, 0x0000, 0x0000, 0x0000, 0x0000, 0x0000, 0x0000,
  0x0000, 0x0000, 0x0000, 0x0000, 0x0000, 0x0000, 0x0000, 0x0000, 0x0000, 0x0000,
  0x0000, 0x001D, 0x0000, 0x0000, 0x0000, 0x0000, 0x0000, 0x0000, 0x0000, 0x0000,
  0x0000, 0x0000, 0x0000, 0x0000, 0x0000, 0x0025, 0x0000, 0x0000, 0x0000, 0x0000,
  0x0000, 0x0000, 0x0000, 0x0000, 0x0000, 0x0000, 0x0000, 0x0000, 0x0000, 0x0000,
  0x0000, 0x0000, 0x0000, 0x0000, 0x0000, 0x0000, 0x0000, 0x0000, 0x0000, 0x0000,
  0x0000, 0x0000, 0x0000, 0x0000, 0x0000, 0x0000, 0x0000, 0x0000, 0x0000, 0x0000,
  0x0000, 0x0000, 0x0000, 0x0000, 0x0000, 0x0000, 0x0000, 0x0000, 0x0000, 0x0000,
  0x0000, 0x0000, 0x0000, 0x0000, 0x0000, 0x0000, 0x8A2C, 0x1000, 0x0000, 0x0000,
  0x1000, 0x1000, 0x0025, 0x0000, 0x0000, 0x0000, 0x0000, 0x0000, 0x0000, 0x0000,
  0x0000, 0x0002, 0x0002, 0x0000, 0x0000, 0x0000, 0x0000, 0x1002, 0x1002, 0x0000,
  0x0000, 0x0000, 0x0000, 0x0000, 0x0000, 0x0000, 0x0000, 0x0000, 0x0000, 0x0000,
  0x0000, 0x0000, 0x0000, 0x0000, 0x0000, 0x0000, 0x0000, 0x0000, 0x0000, 0x0000,
  0x0000, 0x0000, 0x0000, 0x0000, 0x0000, 0x0000, 0x0000, 0x0000, 0x0000, 0x0000,
  0x0000, 0x0000, 0x0000, 0x8A38, 0x0000, 0x1000, 0x0000, 0x0000, 0x0000, 0x0000,
  0x0000, 0x0000, 0x0000, 0x0000, 0x0000, 0x0000, 0x0000, 0x0000, 0x0000, 0x0000,
  0x0000, 0x0000, 0x0000, 0x0000, 0x0000, 0x0000, 0x0000, 0x0000, 0x0000, 0x0000,
  0x0000, 0x0000, 0x0000, 0x0000, 0x0000, 0x0000, 0x0000, 0x0000, 0x0000, 0x0000,
  0x0000, 0x0000, 0x0000, 0x0000, 0x0000, 0x0000, 0x0000, 0x0002, 0x0000, 0x0000,
  0x0000, 0x0000, 0x0000, 0x0000, 0x8A3C, 0x8A44, 0x0000, 0x0000, 0x1000, 0x1000,
  0x1000, 0x0025, 0x0000, 0x0000, 0x0000, 0x0000, 0x0000, 0x0000, 0x0000, 0x0000,
  0x0000, 0x0002, 0x0000, 0x0000, 0x0000, 0x0000, 0x0000, 0x0000, 0x0000, 0x0000,
  0x0000, 0x0000, 0x0000, 0x0000, 0x0000, 0x0000, 0x0000, 0x0000, 0x0000, 0x0000,
  0x0000, 0x0000, 0x0000, 0x0000, 0x0000, 0x0000, 0x0000, 0x0000, 0x0000, 0x0000,
  0x0000, 0x0000, 0x0000, 0x0000, 0x0000, 0x0000, 0x0000, 0x0000, 0x0000, 0x0000,
  0x0000, 0x0000, 0x8A48, 0x0000, 0x1000, 0x0000, 0x0000, 0x0000, 0x0000, 0x0025,
  0x0000, 0x0000, 0x0000, 0x0000, 0x0000, 0x0000, 0x0000, 0x0151, 0x016E, 0x0000,
  0x0000, 0x0000, 0x0000, 0x0000, 0x0000, 0x0000, 0x0000, 0x0000, 0x0000, 0x0000,
  0x0000, 0x0000, 0x0000, 0x0000, 0x0000, 0x0000, 0x0000, 0x0000, 0x0000, 0x0000,
  0x0000, 0x0000, 0x0000, 0x0000, 0x0000, 0x0000, 0x0000, 0x0000, 0x0000, 0x0000,
  0x0000, 0x0000, 0x0000, 0x0000, 0x0000, 0x0000, 0x0000, 0x0000, 0x0000, 0x0000,
  0x0000, 0x0000, 0x0000, 0x0000, 0x0000, 0x0000, 0x0000, 0x0000, 0x0000, 0x0000,
  0x0000, 0x0000, 0x0000, 0x0000, 0x0000, 0x0000, 0x0000, 0x0000, 0x0000, 0x001D,
  0x0000, 0x0000, 0x8A4C, 0x1000, 0x0000, 0x0002, 0x0000, 0x0000, 0x0000, 0x8A50,
  0x1000, 0x1000, 0x0000, 0x9A5C, 0x1000, 0x0000, 0x0025, 0x0000, 0x0000, 0x0000,
  0x0000, 0x0000, 0x0000, 0x0000, 0x0002, 0x0002, 0x0000, 0x0000, 0x0000, 0x0000,
  0x0000, 0x0000, 0x0000, 0x0000, 0x0000, 0x0000, 0x0000, 0x0000, 0x0000, 0x0000,
  0x0000, 0x0000, 0x0000, 0x0000, 0x0000, 0x0000, 0x0000, 0x0000, 0x0000, 0x0000,
  0x0000, 0x0000, 0x0000, 0x0000, 0x0000, 0x0000, 0x0000, 0x0000, 0x0000, 0x0000,
  0x0000, 0x0000, 0x0000, 0x0000, 0x0000, 0x0000, 0x0000, 0x0000, 0x0000, 0x0000,
  0x0000, 0x0000, 0x0000, 0x0000, 0x0000, 0x0000, 0x0000, 0x0000, 0x0000, 0x0000,
  0x0000, 0x0000, 0x0000, 0x0000, 0x0000, 0x0025, 0x0025, 0x0000, 0x0002, 0x0000,
  0x0000, 0x0000, 0x0000, 0x0000, 0x0000, 0x8A60, 0x8A68, 0x0000, 0x0000, 0x1000,
  0x1000, 0x1000, 0x0025, 0x0000, 0x0000, 0x0000, 0x0000, 0x0000, 0x0000, 0x0000,
  0x0000, 0x0000, 0x0002, 0x0000, 0x0000, 0x0000, 0x0000, 0x0000, 0x0000, 0x0000,
  0x0000, 0x0000, 0x0000, 0x0000, 0x0000, 0x0000, 0x0000, 0x0000, 0x0000, 0x0000,
  0x0000, 0x0000, 0x0000, 0x0000, 0x0000, 0x0000, 0x0000, 0x0000, 0x0000, 0x0000,
  0x0000, 0x0000, 0x0000, 0x0000, 0x0000, 0x0000, 0x0000, 0x0000, 0x0000, 0x0000,
  0x0000, 0x0000, 0x0000, 0x0026, 0x0000, 0x0000, 0x0000, 0x0000, 0x0002, 0x0000,
  0x0000, 0x0000, 0x0000, 0x0000, 0x0000, 0x0000, 0x0000, 0x0000, 0x8A6C, 0x1000,
  0x0000, 0x9A78, 0x1000, 0x1000, 0x0002, 0x0000, 0x0000, 0x0000, 0x0000, 0x0000,
  0x0000, 0x0000, 0x0000, 0x0000, 0x0000, 0x0000, 0x0000, 0x0000, 0x0000, 0x0000,
  0x0000, 0x0000, 0x0000, 0x0000, 0x0000, 0x0000, 0x0000, 0x0000, 0x0000, 0x0000,
  0x0000, 0x0000, 0x0000, 0x0000, 0x0000, 0x0000, 0x0000, 0x0000, 0x0000, 0x0000,
  0x0000, 0x0000, 0x0000, 0x0000, 0x0000, 0x0000, 0x0000, 0x0000, 0x0000, 0x0000,
  0x0000, 0x0000, 0x0000, 0x0000, 0x0000, 0x0000, 0x0000, 0x0000, 0x0000, 0x0000,
  0x0000, 0x019D, 0x019D, 0x0025, 0x0000, 0x0000, 0x0000, 0x0000, 0x0000, 0x0000,
  0x0000, 0x0000, 0x01AD, 0x01AD, 0x01AD, 0x01AD, 0x0000, 0x0000, 0x0000, 0x0000,
  0x0000, 0x0000, 0x0000, 0x0000, 0x0000, 0x0000, 0x0000, 0x0000, 0x0000, 0x0000,
  0x0000, 0x0000, 0x0000, 0x0000, 0x0000, 0x0000, 0x0000, 0x0000, 0x0000, 0x0000,
  0x0000, 0x0000, 0x0000, 0x0000, 0x0000, 0x0000, 0x0000, 0x0000, 0x0000, 0x0000,
  0x0000, 0x0000, 0x0000, 0x0000, 0x0000, 0x0000, 0x0000, 0x0000, 0x0000, 0x0000,
  0x0000, 0x0000, 0x0000, 0x0000, 0x0000, 0x0000, 0x0000, 0x0000, 0x0000, 0x0000,
  0x0000, 0x0000, 0x01D9, 0x01D9, 0x0025, 0x0000, 0x0000, 0x0000, 0x0000, 0x0000,
  0x0000, 0x0000, 0x0000, 0x01E9, 0x01E9, 0x01E9, 0x01E9, 0x0000, 0x0000, 0x0000,
  0x0000, 0x0000, 0x0000, 0x0000, 0x0000, 0x0000, 0x0000, 0x0000, 0x0000, 0x0000,
  0x0000, 0x0000, 0x0000, 0x0000, 0x0000, 0x0000, 0x0000, 0x0000, 0x0000, 0x0000,
  0x0000, 0x0000, 0x0000, 0x0000, 0x0000, 0x0000, 0x0000, 0x0000, 0x0000, 0x0000,
  0x0000, 0x0000, 0x0000, 0x0000, 0x0000, 0x0000, 0x0000, 0x0000, 0x0000, 0x0000,
  0x0000, 0x0000, 0x0000, 0x0000, 0x0000, 0x0000, 0x0000, 0x0000, 0x0000, 0x0371,
  0x0371, 0x0000, 0x0000, 0x0000, 0x0000, 0x0000, 0x0000, 0x0000, 0x0000, 0x0000,
  0x0000, 0x0000, 0x0000, 0x0000, 0x0000, 0x0000, 0x0000, 0x0000, 0x0000, 0x0000,
  0x0000, 0x0000, 0x0000, 0x0000, 0x0000, 0x0000, 0x0000, 0x0000, 0x0371, 0x0000,
  0x0371, 0x0000, 0x0361, 0x0000, 0x0000, 0x0000, 0x0000, 0x0000, 0x0000, 0x1002,
  0x0000, 0x0000, 0x0000, 0x0000, 0x0000, 0x0000, 0x0000, 0x0000, 0x0000, 0x1002,
  0x0000, 0x0000, 0x0000, 0x0000, 0x1002, 0x0000, 0x0000, 0x0000, 0x0000, 0x1002,
  0x0000, 0x0000, 0x0000, 0x0000, 0x1002, 0x0000, 0x0000, 0x0000, 0x0000, 0x0000,
  0x0000, 0x0000, 0x0000, 0x0000, 0x0000, 0x0000, 0x0000, 0x1002, 0x0000, 0x0000,
  0x0000, 0x0000, 0x0000, 0x0000, 0x0000, 0x0205, 0x0209, 0x1006, 0x0211, 0x1006,
  0x1002, 0x0000, 0x1002, 0x0000, 0x0209, 0x0209, 0x0209, 0x0209, 0x0000, 0x0000,
  0x0209, 0x1006, 0x0399, 0x0399, 0x0025, 0x0000, 0x0399, 0x0399, 0x0000, 0x0000,
  0x0000, 0x0000, 0x0000, 0x0000, 0x0000, 0x0000, 0x0000, 0x0000, 0x0000, 0x1002,
  0x0000, 0x0000, 0x0000, 0x0000, 0x0000, 0x0000, 0x0000, 0x0000, 0x0000, 0x1002,
  0x0000, 0x0000, 0x0000, 0x0000, 0x1002, 0x0000, 0x0000, 0x0000, 0x0000, 0x1002,
  0x0000, 0x0000, 0x0000, 0x0000, 0x1002, 0x0000, 0x0000, 0x0000, 0x0000, 0x0000,
  0x0000, 0x0000, 0x0000, 0x0000, 0x0000, 0x0000, 0x0000, 0x1002, 0x0000, 0x0000,
  0x0000, 0x0000, 0x0000, 0x0000, 0x0371, 0x0000, 0x0000, 0x0000, 0x0000, 0x0000,
  0x0000, 0x0000, 0x0000, 0x0000, 0x0000, 0x0000, 0x0000, 0x0000, 0x0000, 0x0000,
  0x0000, 0x0000, 0x0000, 0x0000, 0x0000, 0x0000, 0x0000, 0x0000, 0x0000, 0x0000,
  0x0000, 0x0000, 0x0000, 0x0000, 0x0000, 0x0000, 0x0000, 0x0000, 0x0000, 0x0000,
  0x0000, 0x0000, 0x0000, 0x0000, 0x0000, 0x0000, 0x0000, 0x0000, 0x0000, 0x0000,
  0x0000, 0x0000, 0x0000, 0x0000, 0x0000, 0x0000, 0x0000, 0x0000, 0x0000, 0x0000,
  0x0000, 0x0000, 0x8A7C, 0x1000, 0x0000, 0x0000, 0x0000, 0x0000, 0x0000, 0x0000,
  0x0000, 0x0002, 0x0000, 0x0000, 0x0000, 0x0000, 0x0000, 0x0000, 0x0000, 0x0000,
  0x001D, 0x0000, 0x0025, 0x0025, 0x0000, 0x0000, 0x0000, 0x0000, 0x0000, 0x0000,
  0x0000, 0x0000, 0x0000, 0x0000, 0x0000, 0x0000, 0x0000, 0x0371, 0x0000, 0x0000,
  0x0000, 0x0000, 0x0000, 0x0000, 0x0000, 0x0000, 0x0000, 0x0000, 0x0000, 0x0000,
  0x0000, 0x0000, 0x0000, 0x0000, 0x0000, 0x0000, 0x0000, 0x0000, 0x0000, 0x0000,
  0x0000, 0x0000, 0x0000, 0x0000, 0x0000, 0x0000, 0x0000, 0x0000, 0x0000, 0x0000,
  0x0000, 0x0000, 0x0000, 0x0000, 0x0000, 0x0000, 0x0000, 0x0000, 0x0000, 0x0000,
  0x0000, 0x0000, 0x0000, 0x0000, 0x0000, 0x0000, 0x0000, 0x0000, 0x0002, 0x0002,
  0x0002, 0x0002, 0x0002, 0x0002, 0x0002, 0x0002, 0x0002, 0x0002, 0x0002, 0x0002,
  0x0002, 0x0002, 0x0002, 0x0002, 0x0002, 0x0002, 0x0002, 0x0002, 0x0002, 0x0000,
  0x0000, 0x0000, 0x0000, 0x0000, 0x0000, 0x0000, 0x0000, 0x0000, 0x0000, 0x0000,
  0x0000, 0x0000, 0x0000, 0x0000, 0x0000, 0x0000, 0x0000, 0x0000, 0x0000, 0x0000,
  0x0000, 0x0000, 0x0000, 0x0000, 0x0000, 0x0000, 0x0000, 0x0000, 0x0000, 0x0000,
  0x0000, 0x0000, 0x0000, 0x0000, 0x0000, 0x0000, 0x0000, 0x0000, 0x0000, 0x0002,
  0x0002, 0x0002, 0x0002, 0x0002, 0x0002, 0x0002, 0x0002, 0x0002, 0x0002, 0x0002,
  0x0002, 0x0002, 0x0002, 0x0002, 0x0002, 0x0002, 0x0002, 0x0002, 0x0002, 0x0002,
  0x0002, 0x0002, 0x0002, 0x0000, 0x0000, 0x0000, 0x0000, 0x0000, 0x0000, 0x0000,
  0x0000, 0x0000, 0x0000, 0x0000, 0x0000, 0x0000, 0x0000, 0x0000, 0x0000, 0x0000,
  0x0000, 0x0000, 0x0000, 0x0000, 0x0000, 0x0000, 0x0000, 0x0000, 0x0000, 0x0000,
  0x0000, 0x0000, 0x0000, 0x0000, 0x0000, 0x0000, 0x0000, 0x0000, 0x0000, 0x0000,
  0x0000, 0x0000, 0x0000, 0x0000, 0x0000, 0x0000, 0x0000, 0x0000, 0x0000, 0x0000,
  0x0000, 0x0000, 0x0000, 0x0000, 0x0000, 0x0000, 0x0000, 0x0000, 0x0000, 0x0000,
  0x0000, 0x0000, 0x0000, 0x0000, 0x0399, 0x0399, 0x0399, 0x0000, 0x0000, 0x0000,
  0x0000, 0x0000, 0x0000, 0x0000, 0x0000, 0x0000, 0x0000, 0x0000, 0x0000, 0x0000,
  0x0000, 0x0000, 0x0000, 0x0000, 0x0000, 0x0000, 0x0000, 0x0000, 0x0000, 0x0000,
  0x0000, 0x0000, 0x0000, 0x0000, 0x0000, 0x0000, 0x0000, 0x0000, 0x0000, 0x0025,
  0x0025, 0x0000, 0x0000, 0x0000, 0x0000, 0x0000, 0x0000, 0x0000, 0x0000, 0x0000,
  0x0000, 0x0000, 0x0000, 0x0000, 0x0000, 0x0000, 0x0000, 0x0000, 0x0000, 0x0000,
  0x0000, 0x0000, 0x0000, 0x0000, 0x0000, 0x0000, 0x0000, 0x0000, 0x0000, 0x0000,
  0x0000, 0x0025, 0x0000, 0x0000, 0x0000, 0x0000, 0x0000, 0x0000, 0x0000, 0x0000,
  0x0000, 0x0000, 0x0000, 0x0000, 0x0000, 0x0000, 0x0000, 0x0000, 0x0000, 0x0000,
  0x0025, 0x0000, 0x0000, 0x0000, 0x0000, 0x0000, 0x0000, 0x0000, 0x0000, 0x0000,
  0x0000, 0x0399, 0x0000, 0x0000, 0x0000, 0x0000, 0x0000, 0x0000, 0x0000, 0x0000,
  0x0000, 0x0000, 0x0000, 0x0000, 0x0000, 0x0000, 0x0000, 0x0000, 0x0000, 0x0000,
  0x0000, 0x0000, 0x0000, 0x0000, 0x0000, 0x0000, 0x0000, 0x0000, 0x0000, 0x0000,
  0x0000, 0x0000, 0x0000, 0x0000, 0x0000, 0x0000, 0x0000, 0x0000, 0x0000, 0x0000,
  0x0000, 0x0000, 0x0000, 0x0391, 0x0000, 0x0000, 0x0000, 0x0000, 0x0000, 0x0000,
  0x0000, 0x0000, 0x0000, 0x0000, 0x0000, 0x0000, 0x0000, 0x0000, 0x0000, 0x0000,
  0x0000, 0x0000, 0x0000, 0x0000, 0x0000, 0x0000, 0x0000, 0x0000, 0x0000, 0x0000,
  0x0000, 0x0000, 0x0000, 0x0000, 0x0000, 0x0000, 0x0000, 0x0000, 0x0000, 0x0000,
  0x0000, 0x0000, 0x0000, 0x0000, 0x0000, 0x0000, 0x0000, 0x0000, 0x0000, 0x0000,
  0x0000, 0x0000, 0x0000, 0x0000, 0x0000, 0x0000, 0x0000, 0x0000, 0x0000, 0x0000,
  0x0000, 0x0379, 0x0399, 0x0371, 0x0000, 0x0000, 0x0000, 0x0000, 0x0000, 0x0000,
  0x0000, 0x0000, 0x0000, 0x0000, 0x0000, 0x0000, 0x0000, 0x0000, 0x0000, 0x0000,
  0x0000, 0x0000, 0x0000, 0x0000, 0x0000, 0x0000, 0x0000, 0x0399, 0x0371, 0x0000,
  0x0000, 0x0000, 0x0000, 0x0000, 0x0000, 0x0000, 0x0000, 0x0000, 0x0000, 0x0000,
  0x0000, 0x0000, 0x0000, 0x0000, 0x0000, 0x0000, 0x0000, 0x0000, 0x0000, 0x0000,
  0x0000, 0x0000, 0x0000, 0x0000, 0x0000, 0x0000, 0x0000, 0x0000, 0x0000, 0x0000,
  0x0000, 0x0000, 0x0000, 0x0000, 0x0000, 0x0000, 0x0000, 0x0000, 0x0025, 0x0000,
  0x0000, 0x0000, 0x0000, 0x0000, 0x0000, 0x0000, 0x0000, 0x0000, 0x0000, 0x0000,
  0x0000, 0x0000, 0x0000, 0x0000, 0x0000, 0x0000, 0x0000, 0x0000, 0x0000, 0x0399,
  0x0399, 0x0399, 0x0399, 0x0399, 0x0399, 0x0399, 0x0399, 0x0000, 0x0000, 0x0371,
  0x0000, 0x0000, 0x0000, 0x0000, 0x0000, 0x0000, 0x0000, 0x0000, 0x0000, 0x0000,
  0x0000, 0x0000, 0x0000, 0x0000, 0x0000, 0x0000, 0x0000, 0x0000, 0x0000, 0x0000,
  0x0000, 0x0000, 0x0000, 0x0000, 0x0000, 0x0000, 0x0000, 0x0000, 0x0000, 0x0000,
  0x0000, 0x0000, 0x0000, 0x0000, 0x0000, 0x0000, 0x0000, 0x0000, 0x0000, 0x0000,
  0x0000, 0x0000, 0x0000, 0x0000, 0x0000, 0x0000, 0x0000, 0x0000, 0x0399, 0x0399,
  0x0399, 0x0399, 0x0399, 0x0371, 0x0371, 0x0371, 0x0371, 0x0371, 0x0371, 0x0399,
  0x0399, 0x0371, 0x0000, 0x0371, 0x0399, 0x0399, 0x0371, 0x0371, 0x0399, 0x0399,
  0x0399, 0x0399, 0x0399, 0x0371, 0x0399, 0x0399, 0x0399, 0x0399, 0x0399, 0x0399,
  0x0399, 0x0399, 0x0399, 0x0399, 0x0399, 0x0399, 0x0399, 0x0399, 0x0399, 0x0399,
  0x0399, 0x0399, 0x0371, 0x0000, 0x0000, 0x0399, 0x0399, 0x0399, 0x0399, 0x0399,
  0x0399, 0x0371, 0x0399, 0x0399, 0x0399, 0x0399, 0x03A9, 0x0000, 0x0000, 0x0000,
  0x0000, 0x0000, 0x0000, 0x0000, 0x0000, 0x0000, 0x0000, 0x0000, 0x0000, 0x0000,
  0x0000, 0x0000, 0x0000, 0x0000, 0x0000, 0x0000, 0x0000, 0x8A80, 0x1000, 0x8A84,
  0x1000, 0x8A88, 0x1000, 0x8A8C, 0x1000, 0x8A90, 0x1000, 0x0000, 0x0000, 0x8A94,
  0x1000, 0x0000, 0x0000, 0x0000, 0x0000, 0x0000, 0x0000, 0x0000, 0x0000, 0x0000,
  0x0000, 0x0000, 0x0000, 0x0000, 0x0000, 0x0000, 0x0000, 0x0000, 0x0000, 0x0000,
  0x0000, 0x0000, 0x0000, 0x0000, 0x0000, 0x0000, 0x0000, 0x0000, 0x0000, 0x0000,
  0x0000, 0x0000, 0x0000, 0x0000, 0x001D, 0x0002, 0x0000, 0x0000, 0x0000, 0x0000,
  0x8A98, 0x1000, 0x8A9C, 0x1000, 0x8AA0, 0x8AA4, 0x1000, 0x1000, 0x8AA8, 0x1000,
  0x0025, 0x0000, 0x0000, 0x0000, 0x0000, 0x0000, 0x0000, 0x0000, 0x0000, 0x0000,
  0x0000, 0x0000, 0x0000, 0x0000, 0x0000, 0x0000, 0x0000, 0x0000, 0x0000, 0x0000,
  0x0000, 0x0000, 0x0000, 0x0000, 0x0000, 0x0000, 0x0000, 0x0000, 0x0000, 0x0000,
  0x0000, 0x0000, 0x0000, 0x0000, 0x0000, 0x0000, 0x0000, 0x0000, 0x0000, 0x0399,
  0x0371, 0x0399, 0x0399, 0x0399, 0x0399, 0x0399, 0x0399, 0x0399, 0x0000, 0x0000,
  0x0000, 0x0000, 0x0000, 0x0000, 0x0000, 0x0000, 0x0000, 0x0000, 0x0000, 0x0000,
  0x0000, 0x0000, 0x0000, 0x0000, 0x0000, 0x0000, 0x0000, 0x0000, 0x0000, 0x0000,
  0x0000, 0x0000, 0x0000, 0x0000, 0x0000, 0x0000, 0x0000, 0x0000, 0x0000, 0x0000,
  0x0000, 0x0000, 0x0000, 0x0000, 0x0000, 0x0000, 0x0000, 0x0000, 0x0000, 0x0000,
  0x0025, 0x0025, 0x0000, 0x0000, 0x0000, 0x0000, 0x0000, 0x0000, 0x0000, 0x0000,
  0x0000, 0x0000, 0x0000, 0x0000, 0x0000, 0x0000, 0x0000, 0x0000, 0x0000, 0x0000,
  0x0000, 0x0000, 0x0000, 0x0000, 0x0000, 0x0000, 0x0000, 0x0000, 0x0000, 0x0000,
  0x0000, 0x0000, 0x0000, 0x0000, 0x0000, 0x0000, 0x0000, 0x0000, 0x0000, 0x0000,
  0x001D, 0x0000, 0x0000, 0x0000, 0x0000, 0x0000, 0x0000, 0x0000, 0x0000, 0x0000,
  0x0000, 0x0000, 0x0025, 0x0025, 0x0000, 0x0000, 0x0000, 0x0000, 0x0000, 0x0000,
  0x0000, 0x0000, 0x0000, 0x0000, 0x0000, 0x0000, 0x0000, 0x0000, 0x0000, 0x0000,
  0x0399, 0x0399, 0x0399, 0x0000, 0x0005, 0x0371, 0x0371, 0x0371, 0x0371, 0x0371,
  0x0399, 0x0399, 0x0371, 0x0371, 0x0371, 0x0371, 0x0399, 0x0000, 0x0005, 0x0005,
  0x0005, 0x0005, 0x0005, 0x0005, 0x0005, 0x0000, 0x0000, 0x0000, 0x0000, 0x0371,
  0x0000, 0x0000, 0x0000, 0x0000, 0x0000, 0x0000, 0x0399, 0x0000, 0x0000, 0x0000,
  0x0399, 0x0399, 0x0000, 0x0000, 0x0000, 0x0000, 0x0000, 0x0000, 0x0399, 0x0399,
  0x0371, 0x0399, 0x0399, 0x0399, 0x0399, 0x0399, 0x0399, 0x0399, 0x0371, 0x0399,
  0x0399, 0x03A9, 0x0359, 0x0371, 0x0329, 0x0399, 0x0399, 0x0399, 0x0399, 0x0399,
  0x0399, 0x0399, 0x0399, 0x0399, 0x0399, 0x0399, 0x0399, 0x0399, 0x0399, 0x0399,
  0x0399, 0x0399, 0x0399, 0x0399, 0x0399, 0x0399, 0x0399, 0x0399, 0x0399, 0x0399,
  0x0399, 0x0399, 0x0399, 0x0399, 0x0399, 0x0399, 0x0399, 0x0399, 0x0399, 0x0399,
  0x0399, 0x0399, 0x03A1, 0x0391, 0x0391, 0x0371, 0x0369, 0x0399, 0x03A5, 0x0371,
  0x0399, 0x0371, 0x1000, 0x1000, 0x1000, 0x1000, 0x1000, 0x1000, 0x1000, 0x1000,
  0x1000, 0x1000, 0x1000, 0x1000, 0x1000, 0x1000, 0x1000, 0x1000, 0x1000, 0x1000,
  0x1000, 0x1000, 0x1000, 0x1000, 0x1000, 0x1000, 0x1000, 0x1000, 0x1000, 0x1000,
  0x1000, 0x1000, 0x1000, 0x1000, 0x1000, 0x1000, 0x1000, 0x1000, 0x1000, 0x1000,
  0x1000, 0x1000, 0x1000, 0x1000, 0x1000, 0x1000, 0x1000, 0x1000, 0x1000, 0x1000,
  0x1000, 0x1000, 0x1000, 0x1000, 0x1000, 0x1000, 0x9AAC, 0x9AB0, 0x1000, 0x1000,
  0x1000, 0x1000, 0x1000, 0x1000, 0x1000, 0x1000, 0x1000, 0x1000, 0x1000, 0x1000,
  0x1000, 0x1000, 0x1000, 0x1000, 0x1000, 0x1000, 0x1000, 0x1000, 0x1000, 0x1000,
  0x1000, 0x1000, 0x1000, 0x1000, 0x9AB4, 0x9AB8, 0x1000, 0x1000, 0x1000, 0x1000,
  0x1000, 0x1000, 0x9ABC, 0x9AC0, 0x1000, 0x1000, 0x1000, 0x1000, 0x1000, 0x1000,
  0x1000, 0x1000, 0x1000, 0x1000, 0x1000, 0x1000, 0x1000, 0x1000, 0x1000, 0x1000,
  0x1000, 0x1000, 0x1000, 0x1000, 0x1000, 0x1000, 0x1000, 0x1000, 0x1000, 0x1000,
  0x1000, 0x1000, 0x0000, 0x1000, 0x0000, 0x0000, 0x0000, 0x0000, 0x9AC4, 0x9ACC,
  0x1000, 0x1000, 0x1000, 0x1000, 0x1000, 0x1000, 0x1000, 0x1000, 0x1000, 0x1000,
  0x1000, 0x1000, 0x1000, 0x1000, 0x1000, 0x1000, 0x1000, 0x1000, 0x1000, 0x1000,
  0x1000, 0x1000, 0x9AD4, 0x9AD8, 0x1000, 0x1000, 0x1000, 0x1000, 0x1000, 0x1000,
  0x1000, 0x1000, 0x1000, 0x1000, 0x1000, 0x1000, 0x9ADC, 0x9AE0, 0x1000, 0x1000,
  0x1000, 0x1000, 0x1000, 0x1000, 0x1000, 0x1000, 0x1000, 0x1000, 0x1000, 0x1000,
  0x1000, 0x1000, 0x1000, 0x1000, 0x1000, 0x1000, 0x1000, 0x1000, 0x1000, 0x1000,
  0x1000, 0x1000, 0x1000, 0x1000, 0x1000, 0x1000, 0x1000, 0x1000, 0x1000, 0x1000,
  0x1000, 0x1000, 0x1000, 0x1000, 0x1000, 0x1000, 0x1000, 0x1000, 0x1000, 0x1000,
  0x1000, 0x1000, 0x0000, 0x0000, 0x0000, 0x0000, 0x0000, 0x0000, 0x9AE4, 0x9AF4,
  0x9B04, 0x9B08, 0x9B0C, 0x9B10, 0x9B14, 0x9B18, 0x9B1C, 0x9B2C, 0x9B3C, 0x9B40,
  0x9B44, 0x9B48, 0x9B4C, 0x9B50, 0x9B54, 0x9B5C, 0x1000, 0x1000, 0x1000, 0x1000,
  0x0000, 0x0000, 0x9B64, 0x9B6C, 0x1000, 0x1000, 0x1000, 0x1000, 0x0000, 0x0000,
  0x9B74, 0x9B84, 0x9B94, 0x9B98, 0x9B9C, 0x9BA0, 0x9BA4, 0x9BA8, 0x9BAC, 0x9BBC,
  0x9BCC, 0x9BD0, 0x9BD4, 0x9BD8, 0x9BDC, 0x9BE0, 0x9BE4, 0x9BF0, 0x1000, 0x1000,
  0x1000, 0x1000, 0x1000, 0x1000, 0x9BFC, 0x9C08, 0x1000, 0x1000, 0x1000, 0x1000,
  0x1000, 0x1000, 0x9C14, 0x9C1C, 0x1000, 0x1000, 0x1000, 0x1000, 0x0000, 0x0000,
  0x9C24, 0x9C2C, 0x1000, 0x1000, 0x1000, 0x1000, 0x0000, 0x0000, 0x9C34, 0x9C40,
  0x1000, 0x1000, 0x1000, 0x1000, 0x1000, 0x1000, 0x0000, 0x9C4C, 0x0000, 0x1000,
  0x0000, 0x1000, 0x0000, 0x1000, 0x9C58, 0x9C68, 0x9C78, 0x9C7C, 0x9C80, 0x9C84,
  0x9C88, 0x9C8C, 0x9C90, 0x9CA0, 0x9CB0, 0x9CB4, 0x9CB8, 0x9CBC, 0x9CC0, 0x9CC4,
  0x9CC8, 0x1002, 0x1000, 0x1002, 0x9CCC, 0x1002, 0x1000, 0x1002, 0x1000, 0x1002,
  0x1000, 0x1002, 0x9CD0, 0x1002, 0x0000, 0x0000, 0x1000, 0x1000, 0x1000, 0x1000,
  0x1000, 0x1000, 0x1000, 0x1000, 0x1000, 0x1000, 0x1000, 0x1000, 0x1000, 0x1000,
  0x1000, 0x1000, 0x1000, 0x1000, 0x1000, 0x1000, 0x1000, 0x1000, 0x1000, 0x1000,
  0x1000, 0x1000, 0x1000, 0x1000, 0x1000, 0x1000, 0x1000, 0x1000, 0x1000, 0x1000,
  0x1000, 0x1000, 0x1000, 0x1000, 0x1000, 0x1000, 0x1000, 0x1000, 0x1000, 0x1000,
  0x1000, 0x1000, 0x1000, 0x1000, 0x1000, 0x1000, 0x1000, 0x1000, 0x1000, 0x0000,
  0x9CD4, 0x1000, 0x1000, 0x1000, 0x1000, 0x1002, 0x1000, 0x0000, 0x1002, 0x8CD8,
  0x0000, 0x1000, 0x1000, 0x1000, 0x1000, 0x0000, 0x9CE4, 0x1000, 0x1000, 0x1002,
  0x1000, 0x1002, 0x1000, 0x1000, 0x1000, 0x1000, 0x1000, 0x1000, 0x1000, 0x1002,
  0x0000, 0x0000, 0x1000, 0x1000, 0x1000, 0x1000, 0x1000, 0x1002, 0x0000, 0x1000,
  0x1000, 0x1000, 0x1000, 0x1000, 0x1000, 0x1002, 0x1000, 0x1000, 0x1000, 0x1000,
  0x1000, 0x1000, 0x1000, 0x1002, 0x1000, 0x1000, 0x1002, 0x1001, 0x0000, 0x0000,
  0x1000, 0x1000, 0x1000, 0x0000, 0x9CE8, 0x1000, 0x1000, 0x1002, 0x1000, 0x1002,
  0x1000, 0x1001, 0x8CEC, 0x0000, 0x1001, 0x1001, 0x0000, 0x0000, 0x0000, 0x0000,
  0x0000, 0x0000, 0x0000, 0x0000, 0x0000, 0x0000, 0x0000, 0x0000, 0x0000, 0x0000,
  0x0000, 0x0000, 0x0000, 0x0000, 0x0000, 0x0000, 0x0000, 0x0000, 0x0000, 0x0000,
  0x0000, 0x0000, 0x0000, 0x0000, 0x0000, 0x0000, 0x0000, 0x0000, 0x0000, 0x0000,
  0x0000, 0x0000, 0x0000, 0x0000, 0x0000, 0x0000, 0x0000, 0x0000, 0x0000, 0x0000,
  0x0000, 0x0000, 0x0000, 0x0000, 0x0000, 0x0000, 0x0000, 0x0000, 0x0000, 0x0000,
  0x0000, 0x0000, 0x0000, 0x0000, 0x0000, 0x0000, 0x0000, 0x0000, 0x0399, 0x0399,
  0x0005, 0x0005, 0x0399, 0x0399, 0x0399, 0x0399, 0x0005, 0x0005, 0x0005, 0x0399,
  0x0399, 0x0000, 0x0000, 0x0000, 0x0000, 0x0399, 0x0000, 0x0000, 0x0000, 0x0005,
  0x0005, 0x0399, 0x0371, 0x0399, 0x0005, 0x0005, 0x0371, 0x0371, 0x0371, 0x0371,
  0x0399, 0x0000, 0x0000, 0x0000, 0x0000, 0x0000, 0x0000, 0x0000, 0x0000, 0x0000,
  0x0000, 0x0000, 0x0000, 0x0000, 0x0000, 0x0000, 0x0000, 0x0000, 0x0000, 0x0000,
  0x0000, 0x0000, 0x0000, 0x0000, 0x0000, 0x0000, 0x0000, 0x0000, 0x0000, 0x0000,
  0x0000, 0x0000, 0x0000, 0x0000, 0x0000, 0x0000, 0x0000, 0x0000, 0x0000, 0x1002,
  0x0000, 0x0000, 0x0000, 0x1002, 0x1002, 0x0000, 0x0000, 0x0000, 0x0000, 0x0000,
  0x0000, 0x0000, 0x0000, 0x0000, 0x0000, 0x0000, 0x0000, 0x0000, 0x0000, 0x0000,
  0x0000, 0x0000, 0x0000, 0x0000, 0x0000, 0x8CF8, 0x0000, 0x8CFC, 0x0000, 0x8D00,
  0x0000, 0x0000, 0x0000, 0x0000, 0x0000, 0x1000, 0x1000, 0x0000, 0x0000, 0x0000,
  0x0000, 0x0000, 0x0000, 0x0000, 0x0000, 0x0000, 0x0000, 0x0000, 0x0000, 0x0000,
  0x0000, 0x0000, 0x0000, 0x0000, 0x0000, 0x1000, 0x0000, 0x0000, 0x0000, 0x0000,
  0x0000, 0x0000, 0x0000, 0x0000, 0x0000, 0x0000, 0x0000, 0x0000, 0x0000, 0x0000,
  0x0000, 0x0000, 0x0000, 0x1000, 0x1000, 0x1000, 0x8D04, 0x0000, 0x8D08, 0x0000,
  0x8D0C, 0x0000, 0x0000, 0x0000, 0x0000, 0x0000, 0x0000, 0x0000, 0x0000, 0x0000,
  0x0000, 0x0000, 0x0000, 0x0000, 0x0000, 0x0000, 0x0000, 0x0000, 0x0000, 0x0000,
  0x0000, 0x0000, 0x0000, 0x0000, 0x0000, 0x0000, 0x0000, 0x0000, 0x0000, 0x0000,
  0x0000, 0x0000, 0x0000, 0x0000, 0x0000, 0x0000, 0x0000, 0x0000, 0x0000, 0x0000,
  0x0000, 0x0000, 0x0000, 0x0000, 0x8D10, 0x1000, 0x0000, 0x0000, 0x0000, 0x8D14,
  0x1000, 0x0000, 0x8D18, 0x1000, 0x0000, 0x0000, 0x0000, 0x0000, 0x0000, 0x0000,
  0x0000, 0x0000, 0x0000, 0x0000, 0x0000, 0x0000, 0x0000, 0x0000, 0x0000, 0x0000,
  0x0000, 0x0000, 0x0000, 0x0000, 0x0000, 0x0000, 0x8D1C, 0x1000, 0x8D20, 0x1000,
  0x0000, 0x0000, 0x0000, 0x0000, 0x0000, 0x0000, 0x0000, 0x0000, 0x0000, 0x0000,
  0x0000, 0x0000, 0x0000, 0x0000, 0x0000, 0x0000, 0x0000, 0x0000, 0x0000, 0x0000,
  0x0000, 0x8D24, 0x0000, 0x0000, 0x0000, 0x1000, 0x0000, 0x8D28, 0x1000, 0x8D2C,
  0x0000, 0x1000, 0x8D30, 0x1000, 0x0000, 0x0000, 0x0000, 0x8D34, 0x0000, 0x0000,
  0x0000, 0x0000, 0x0000, 0x0000, 0x0000, 0x0000, 0x0000, 0x0000, 0x0000, 0x0000,
  0x0000, 0x0000, 0x0000, 0x0000, 0x0000, 0x0000, 0x1000, 0x8D38, 0x1000, 0x0000,
  0x8D3C, 0x8D40, 0x0000, 0x0000, 0x0000, 0x0000, 0x0000, 0x0000, 0x0000, 0x1000,
  0x1000, 0x1000, 0x1000, 0x1000, 0x8D44, 0x8D48, 0x1000, 0x1000, 0x8D4C, 0x8D50,
  0x1000, 0x1000, 0x8D54, 0x8D58, 0x8D5C, 0x8D60, 0x0000, 0x0000, 0x1000, 0x1000,
  0x8D64, 0x8D68, 0x1000, 0x1000, 0x8D6C, 0x8D70, 0x1000, 0x1000, 0x0000, 0x0000,
  0x0000, 0x0000, 0x0000, 0x0000, 0x0000, 0x8D74, 0x8D78, 0x0000, 0x0000, 0x0000,
  0x0000, 0x0000, 0x0000, 0x0000, 0x0000, 0x0000, 0x0000, 0x0000, 0x0000, 0x0000,
  0x0000, 0x0000, 0x8D7C, 0x0000, 0x0000, 0x0000, 0x0000, 0x0000, 0x8D80, 0x8D84,
  0x0000, 0x8D88, 0x1000, 0x1000, 0x1000, 0x1000, 0x0000, 0x0000, 0x8D8C, 0x8D90,
  0x8D94, 0x8D98, 0x0000, 0x0000, 0x0000, 0x0000, 0x0000, 0x0000, 0x0000, 0x0000,
  0x0000, 0x0000, 0x0000, 0x0000, 0x0000, 0x0000, 0x0000, 0x0000, 0x0000, 0x0000,
  0x0000, 0x0000, 0x0000, 0x0000, 0x0000, 0x0000, 0x0000, 0x0000, 0x0000, 0x0000,
  0x0000, 0x0000, 0x0000, 0x0000, 0x1000, 0x1000, 0x1000, 0x1000, 0x0000, 0x0000,
  0x0000, 0x0000, 0x0000, 0x0000, 0x1000, 0x1000, 0x1000, 0x1000, 0x0000, 0x0000,
  0x0000, 0x0000, 0x0000, 0x0000, 0x0000, 0x0000, 0x0000, 0x0000, 0x0000, 0x0000,
  0x0000, 0x0000, 0x0000, 0x0000, 0x0000, 0x0000, 0x0000, 0x0000, 0x0000, 0x0000,
  0x0000, 0x0000, 0x0000, 0x0000, 0x0000, 0x0000, 0x0000, 0x0000, 0x0000, 0x0000,
  0x0000, 0x0000, 0x0000, 0x0000, 0x0000, 0x0000, 0x0000, 0x0000, 0x0000, 0x1001,
  0x1001, 0x0000, 0x0000, 0x0000, 0x0000, 0x0000, 0x0000, 0x0000, 0x0000, 0x0000,
  0x0000, 0x0000, 0x0000, 0x0000, 0x0000, 0x0000, 0x0000, 0x0000, 0x0000, 0x0000,
  0x0000, 0x0000, 0x0000, 0x0000, 0x0000, 0x0000, 0x0000, 0x0000, 0x0000, 0x1002,
  0x0000, 0x0000, 0x0000, 0x0000, 0x0000, 0x0000, 0x0000, 0x0000, 0x0000, 0x0000,
  0x0000, 0x0000, 0x0000, 0x0000, 0x0000, 0x0000, 0x0000, 0x0000, 0x0000, 0x0000,
  0x0000, 0x0000, 0x0000, 0x0000, 0x0000, 0x0000, 0x0000, 0x0000, 0x0000, 0x0000,
  0x0000, 0x0000, 0x0000, 0x0000, 0x0000, 0x0000, 0x0000, 0x0000, 0x0000, 0x0000,
  0x0000, 0x0000, 0x0000, 0x0000, 0x0000, 0x0000, 0x0000, 0x0000, 0x0000, 0x0000,
  0x0000, 0x0000, 0x0000, 0x0000, 0x0000, 0x0000, 0x0000, 0x0000, 0x0000, 0x0000,
  0x0000, 0x0000, 0x0000, 0x0025, 0x0000, 0x0000, 0x0000, 0x0000, 0x0000, 0x0000,
  0x0000, 0x0000, 0x0000, 0x0000, 0x0000, 0x0000, 0x0000, 0x0000, 0x0000, 0x0000,
  0x0000, 0x0000, 0x0000, 0x0000, 0x0000, 0x0000, 0x0000, 0x0000, 0x0000, 0x0000,
  0x0000, 0x0000, 0x0000, 0x0000, 0x0000, 0x0000, 0x0399, 0x0399, 0x0399, 0x0399,
  0x0399, 0x0399, 0x0399, 0x0399, 0x0399, 0x0399, 0x0399, 0x0399, 0x0399, 0x0399,
  0x0399, 0x0399, 0x0399, 0x0399, 0x0399, 0x0399, 0x0399, 0x0399, 0x0399, 0x0399,
  0x0399, 0x0399, 0x0399, 0x0399, 0x0399, 0x0399, 0x0399, 0x0399, 0x0000, 0x0000,
  0x0000, 0x0000, 0x0000, 0x0000, 0x0000, 0x0000, 0x0000, 0x0000, 0x0000, 0x0000,
  0x0000, 0x0000, 0x0000, 0x0000, 0x0000, 0x0000, 0x0000, 0x0000, 0x0000, 0x0000,
  0x0000, 0x0000, 0x0000, 0x0000, 0x0000, 0x0000, 0x0000, 0x0000, 0x0000, 0x0000,
  0x0000, 0x0000, 0x0000, 0x0000, 0x0000, 0x0000, 0x0000, 0x0000, 0x0000, 0x0000,
  0x0369, 0x0391, 0x03A1, 0x0379, 0x0381, 0x0381, 0x0000, 0x0000, 0x0000, 0x0000,
  0x0000, 0x0000, 0x0000, 0x0000, 0x0000, 0x0000, 0x0000, 0x0000, 0x0000, 0x0000,
  0x0000, 0x0000, 0x8D9C, 0x0000, 0x0000, 0x0000, 0x0000, 0x8DA0, 0x1000, 0x8DA4,
  0x1000, 0x8DA8, 0x1000, 0x8DAC, 0x1000, 0x8DB0, 0x1000, 0x8DB4, 0x1000, 0x8DB8,
  0x1000, 0x8DBC, 0x1000, 0x8DC0, 0x1000, 0x8DC4, 0x1000, 0x8DC8, 0x1000, 0x8DCC,
  0x1000, 0x0000, 0x8DD0, 0x1000, 0x8DD4, 0x1000, 0x8DD8, 0x1000, 0x0000, 0x0000,
  0x0000, 0x0000, 0x0000, 0x8DDC, 0x1000, 0x1000, 0x8DE4, 0x1000, 0x1000, 0x8DEC,
  0x1000, 0x1000, 0x8DF4, 0x1000, 0x1000, 0x8DFC, 0x1000, 0x1000, 0x0000, 0x0000,
  0x0000, 0x0000, 0x0000, 0x0000, 0x0000, 0x0000, 0x0000, 0x0000, 0x0000, 0x0000,
  0x0000, 0x0000, 0x0000, 0x0000, 0x0000, 0x0000, 0x0000, 0x0000, 0x1000, 0x0000,
  0x0000, 0x0000, 0x0000, 0x0022, 0x0022, 0x0000, 0x0000, 0x8E04, 0x1000, 0x0000,
  0x0000, 0x0000, 0x0000, 0x0000, 0x0000, 0x0000, 0x8E08, 0x0000, 0x0000, 0x0000,
  0x0000, 0x8E0C, 0x1000, 0x8E10, 0x1000, 0x8E14, 0x1000, 0x8E18, 0x1000, 0x8E1C,
  0x1000, 0x8E20, 0x1000, 0x8E24, 0x1000, 0x8E28, 0x1000, 0x8E2C, 0x1000, 0x8E30,
  0x1000, 0x8E34, 0x1000, 0x8E38, 0x1000, 0x0000, 0x8E3C, 0x1000, 0x8E40, 0x1000,
  0x8E44, 0x1000, 0x0000, 0x0000, 0x0000, 0x0000, 0x0000, 0x8E48, 0x1000, 0x1000,
  0x8E50, 0x1000, 0x1000, 0x8E58, 0x1000, 0x1000, 0x8E60, 0x1000, 0x1000, 0x8E68,
  0x1000, 0x1000, 0x0000, 0x0000, 0x0000, 0x0000, 0x0000, 0x0000, 0x0000, 0x0000,
  0x0000, 0x0000, 0x0000, 0x0000, 0x0000, 0x0000, 0x0000, 0x0000, 0x0000, 0x8E70,
  0x8E74, 0x8E78, 0x8E7C, 0x0000, 0x1000, 0x0000, 0x0000, 0x1000, 0x1000, 0x1000,
  0x1000, 0x0000, 0x0000, 0x8E80, 0x1000, 0x0000, 0x0000, 0x0000, 0x0000, 0x0000,
  0x0000, 0x0000, 0x0000, 0x0000, 0x0000, 0x0000, 0x0000, 0x0000, 0x0000, 0x0000,
  0x0000, 0x0000, 0x0000, 0x0000, 0x0000, 0x0000, 0x0000, 0x0000, 0x0000, 0x0000,
  0x0000, 0x0000, 0x0000, 0x0000, 0x0000, 0x0000, 0x0000, 0x0000, 0x0000, 0x0000,
  0x0000, 0x0000, 0x0000, 0x0000, 0x0000, 0x0000, 0x0000, 0x0000, 0x0000, 0x0000,
  0x0000, 0x0000, 0x0399, 0x0000, 0x0000, 0x0000, 0x0000, 0x0399, 0x0399, 0x0399,
  0x0399, 0x0399, 0x0399, 0x0399, 0x0399, 0x0399, 0x0399, 0x0000, 0x0000, 0x0000,
  0x0000, 0x0000, 0x0000, 0x0000, 0x0000, 0x0000, 0x0000, 0x0000, 0x0000, 0x0000,
  0x0000, 0x0000, 0x0000, 0x0000, 0x0000, 0x0000, 0x0000, 0x0000, 0x0000, 0x0000,
  0x0000, 0x0000, 0x0000, 0x0000, 0x0000, 0x0000, 0x0000, 0x0399, 0x0399, 0x0000,
  0x0000, 0x0000, 0x0000, 0x0000, 0x0000, 0x0000, 0x0000, 0x0000, 0x0000, 0x0000,
  0x0000, 0x0000, 0x0000, 0x0000, 0x0000, 0x0000, 0x0000, 0x0000, 0x0000, 0x0000,
  0x0000, 0x0000, 0x0000, 0x0000, 0x0000, 0x0000, 0x0000, 0x0000, 0x0000, 0x0000,
  0x0000, 0x0000, 0x0000, 0x0000, 0x0000, 0x0000, 0x0000, 0x0000, 0x0000, 0x0000,
  0x0000, 0x0000, 0x0000, 0x0000, 0x0000, 0x0000, 0x0000, 0x0399, 0x0399, 0x0000,
  0x0000, 0x0000, 0x0000, 0x0000, 0x0000, 0x0000, 0x0000, 0x0000, 0x0000, 0x0000,
  0x0000, 0x0000, 0x0000, 0x0025, 0x0000, 0x0000, 0x0000, 0x0000, 0x0000, 0x0000,
  0x0000, 0x0000, 0x0000, 0x0000, 0x0000, 0x0000, 0x0000, 0x0000, 0x0000, 0x0000,
  0x0000, 0x0000, 0x0000, 0x0000, 0x0000, 0x0000, 0x0000, 0x0000, 0x0000, 0x0000,
  0x0000, 0x0000, 0x0000, 0x0000, 0x0000, 0x0000, 0x0000, 0x0000, 0x0000, 0x0000,
  0x0000, 0x0025, 0x0000, 0x0000, 0x0000, 0x0000, 0x0000, 0x0000, 0x0000, 0x0000,
  0x0000, 0x0000, 0x0000, 0x0000, 0x0000, 0x0000, 0x0000, 0x0000, 0x0000, 0x0000,
  0x0000, 0x0000, 0x0000, 0x0000, 0x0000, 0x0000, 0x0000, 0x0000, 0x0000, 0x0399,
  0x0399, 0x0399, 0x0399, 0x0399, 0x0399, 0x0399, 0x0399, 0x0399, 0x0399, 0x0399,
  0x0399, 0x0399, 0x0399, 0x0399, 0x0399, 0x0399, 0x0399, 0x0000, 0x0000, 0x0000,
  0x0000, 0x0000, 0x0000, 0x0000, 0x0000, 0x0000, 0x0000, 0x0000, 0x0000, 0x0000,
  0x0000, 0x0000, 0x0000, 0x0000, 0x0000, 0x0000, 0x0000, 0x0000, 0x0000, 0x0000,
  0x0000, 0x0000, 0x0000, 0x0000, 0x0000, 0x0000, 0x0000, 0x0000, 0x0000, 0x0000,
  0x0000, 0x0000, 0x0000, 0x0000, 0x0000, 0x0000, 0x0000, 0x0000, 0x0000, 0x0000,
  0x0371, 0x0371, 0x0371, 0x0000, 0x0000, 0x0000, 0x0000, 0x0000, 0x0000, 0x0000,
  0x0000, 0x0000, 0x0000, 0x0000, 0x0000, 0x0000, 0x0000, 0x0000, 0x0000, 0x0000,
  0x0000, 0x0000, 0x0025, 0x0000, 0x0000, 0x0000, 0x0000, 0x0000, 0x0000, 0x0000,
  0x0000, 0x0000, 0x0000, 0x0000, 0x0000, 0x0000, 0x0000, 0x0000, 0x0000, 0x0000,
  0x0000, 0x0000, 0x0000, 0x0000, 0x0000, 0x0000, 0x0000, 0x0000, 0x0000, 0x0000,
  0x0000, 0x0000, 0x0000, 0x0000, 0x0000, 0x0000, 0x0000, 0x0000, 0x0000, 0x0000,
  0x0000, 0x0000, 0x0000, 0x0000, 0x0000, 0x0000, 0x0000, 0x0000, 0x0000, 0x0000,
  0x0000, 0x0000, 0x0000, 0x0000, 0x0000, 0x0000, 0x0000, 0x0000, 0x0000, 0x0000,
  0x0000, 0x0000, 0x0000, 0x0000, 0x0000, 0x0000, 0x0399, 0x0000, 0x0399, 0x0399,
  0x0371, 0x0000, 0x0000, 0x0399, 0x0399, 0x0000, 0x0000, 0x0000, 0x0000, 0x0000,
  0x0399, 0x0399, 0x0000, 0x0399, 0x0000, 0x0000, 0x0000, 0x0000, 0x0000, 0x0000,
  0x0000, 0x0000, 0x0000, 0x0000, 0x0000, 0x0000, 0x0000, 0x0000, 0x0000, 0x0000,
  0x0000, 0x0000, 0x0000, 0x0000, 0x0000, 0x0000, 0x0000, 0x0000, 0x0000, 0x0000,
  0x0000, 0x0000, 0x0000, 0x0000, 0x0000, 0x0000, 0x0000, 0x0000, 0x0000, 0x0000,
  0x0000, 0x0000, 0x0000, 0x0000, 0x0000, 0x0000, 0x0000, 0x0000, 0x0000, 0x0000,
  0x0000, 0x0000, 0x0000, 0x0000, 0x0000, 0x0000, 0x0025, 0x0000, 0x0000, 0x0000,
  0x0000, 0x0000, 0x0000, 0x0000, 0x0000, 0x0000, 0x1000, 0x1000, 0x1000, 0x1000,
  0x1000, 0x1000, 0x1000, 0x1000, 0x1000, 0x1000, 0x1000, 0x1000, 0x1000, 0x1000,
  0x1000, 0x1000, 0x1000, 0x1000, 0x1000, 0x1000, 0x1000, 0x1000, 0x1000, 0x1000,
  0x1000, 0x1000, 0x1000, 0x1000, 0x1000, 0x1000, 0x1000, 0x1000, 0x1000, 0x1000,
  0x1000, 0x1000, 0x1000, 0x1000, 0x1000, 0x1000, 0x1000, 0x1000, 0x1000, 0x1000,
  0x1000, 0x1000, 0x1000, 0x1000, 0x1000, 0x1000, 0x1000, 0x1000, 0x1000, 0x1000,
  0x1000, 0x1000, 0x1000, 0x1000, 0x1000, 0x1000, 0x1000, 0x1000, 0x1000, 0x1000,
  0x0000, 0x0000, 0x0000, 0x0000, 0x0000, 0x0000, 0x0000, 0x0000, 0x0000, 0x0000,
  0x0000, 0x0000, 0x0000, 0x0000, 0x0000, 0x0000, 0x0000, 0x0000, 0x0000, 0x0000,
  0x0000, 0x0000, 0x0000, 0x0000, 0x0000, 0x0000, 0x0000, 0x0000, 0x1001, 0x1001,
  0x1001, 0x1001, 0x1001, 0x1001, 0x1001, 0x1001, 0x1001, 0x1001, 0x1001, 0x1001,
  0x1001, 0x1001, 0x1001, 0x1001, 0x1001, 0x1001, 0x1001, 0x1001, 0x1001, 0x1001,
  0x1001, 0x1001, 0x1001, 0x1001, 0x1001, 0x1001, 0x1001, 0x1001, 0x1001, 0x1001,
  0x1001, 0x1001, 0x1001, 0x1001, 0x1001, 0x1001, 0x1001, 0x1001, 0x1001, 0x1001,
  0x1001, 0x1001, 0x1001, 0x1001, 0x1001, 0x1001, 0x1001, 0x1001, 0x1001, 0x1001,
  0x1001, 0x1001, 0x1001, 0x1001, 0x1001, 0x1001, 0x1001, 0x1001, 0x1001, 0x1001,
  0x1001, 0x1001, 0x0000, 0x0000, 0x1001, 0x0000, 0x1001, 0x0000, 0x0000, 0x1001,
  0x1001, 0x1001, 0x1001, 0x1001, 0x1001, 0x1001, 0x1001, 0x1001, 0x1001, 0x0000,
  0x1001, 0x0000, 0x1001, 0x0000, 0x0000, 0x1001, 0x1001, 0x0000, 0x0000, 0x0000,
  0x1001, 0x1001, 0x1001, 0x1001, 0x1001, 0x1001, 0x1001, 0x1001, 0x1001, 0x1001,
  0x1001, 0x1001, 0x1001, 0x1001, 0x1001, 0x1001, 0x1001, 0x1001, 0x1001, 0x1001,
  0x1001, 0x1001, 0x1001, 0x1001, 0x1001, 0x1001, 0x1001, 0x1001, 0x1001, 0x1001,
  0x1001, 0x1001, 0x1001, 0x1001, 0x1001, 0x1001, 0x1001, 0x1001, 0x1001, 0x1001,
  0x1001, 0x1001, 0x1001, 0x1001, 0x1001, 0x1001, 0x0000, 0x0000, 0x1001, 0x1001,
  0x1001, 0x1001, 0x1001, 0x1001, 0x1001, 0x1001, 0x1001, 0x1001, 0x1001, 0x1001,
  0x1001, 0x1001, 0x1001, 0x1001, 0x1001, 0x1001, 0x1001, 0x1001, 0x1001, 0x1001,
  0x1001, 0x1001, 0x1001, 0x1001, 0x0000, 0x0000, 0x0000, 0x0000, 0x0000, 0x0000,
  0x0000, 0x0000, 0x0000, 0x0000, 0x0000, 0x0000, 0x0000, 0x0000, 0x0000, 0x0000,
  0x0000, 0x0000, 0x0000, 0x0000, 0x0000, 0x0000, 0x0000, 0x0000, 0x0000, 0x0000,
  0x0000, 0x0000, 0x0000, 0x0000, 0x0000, 0x0000, 0x0000, 0x0000, 0x0000, 0x0000,
  0x0000, 0x0000, 0x1002, 0x0069, 0x1002, 0x0000, 0x0000, 0x0000, 0x0000, 0x0000,
  0x0000, 0x0000, 0x0000, 0x0000, 0x0000, 0x1002, 0x1002, 0x1002, 0x1002, 0x1002,
  0x1002, 0x1002, 0x1002, 0x1002, 0x1002, 0x1002, 0x1002, 0x1002, 0x0000, 0x1002,
  0x1002, 0x1002, 0x1002, 0x1002, 0x0000, 0x1002, 0x0000, 0x1002, 0x1002, 0x0000,
  0x1002, 0x1002, 0x0000, 0x1002, 0x1002, 0x1002, 0x1002, 0x1002, 0x1002, 0x1002,
  0x1002, 0x1002, 0x0000, 0x0000, 0x0000, 0x0000, 0x0000, 0x0000, 0x0000, 0x0000,
  0x0000, 0x0000, 0x0000, 0x0000, 0x0000, 0x0000, 0x0000, 0x0000, 0x0000, 0x0000,
  0x0000, 0x0000, 0x0000, 0x0000, 0x0000, 0x0000, 0x0000, 0x0000, 0x0000, 0x0000,
  0x0000, 0x0000, 0x0000, 0x0000, 0x0000, 0x0000, 0x0000, 0x0000, 0x0000, 0x0000,
  0x0000, 0x0000, 0x0000, 0x0000, 0x0000, 0x0000, 0x0000, 0x0000, 0x0000, 0x0000,
  0x0000, 0x0399, 0x0399, 0x0399, 0x0399, 0x0399, 0x0399, 0x0399, 0x0371, 0x0371,
  0x0371, 0x0371, 0x0371, 0x0371, 0x0371, 0x0399, 0x0399, 0x0000, 0x0000, 0x0000,
  0x0000, 0x0000, 0x0000, 0x0000, 0x0000, 0x0000, 0x0000, 0x0000, 0x0000, 0x0000,
  0x0000, 0x0000, 0x0000, 0x0000, 0x0000, 0x0000, 0x0000, 0x0000, 0x0000, 0x0000,
  0x0000, 0x0000, 0x0000, 0x0000, 0x0000, 0x0000, 0x0000, 0x0000, 0x0000, 0x0000,
  0x0000, 0x0000, 0x0000, 0x0000, 0x0000, 0x0000, 0x0000, 0x0000, 0x0000, 0x0000,
  0x0000, 0x0000, 0x0000, 0x0000, 0x0000, 0x0000, 0x0000, 0x0000, 0x0000, 0x0000,
  0x0000, 0x0000, 0x0000, 0x0000, 0x0000, 0x0000, 0x0000, 0x0000, 0x0371, 0x0000,
  0x0000, 0x0000, 0x0000, 0x0000, 0x0000, 0x0000, 0x0000, 0x0000, 0x0000, 0x0000,
  0x0000, 0x0000, 0x0000, 0x0000, 0x0000, 0x0000, 0x0000, 0x0000, 0x0000, 0x0000,
  0x0000, 0x0000, 0x0000, 0x0000, 0x0000, 0x0000, 0x0000, 0x0000, 0x0000, 0x0000,
  0x0000, 0x0000, 0x0000, 0x0000, 0x0000, 0x0000, 0x0000, 0x0000, 0x0000, 0x0000,
  0x0000, 0x0000, 0x0000, 0x0000, 0x0000, 0x0000, 0x0000, 0x0000, 0x0000, 0x0000,
  0x0000, 0x0000, 0x0000, 0x0399, 0x0399, 0x0399, 0x0399, 0x0399, 0x0000, 0x0000,
  0x0000, 0x0000, 0x0000, 0x0000, 0x0000, 0x0000, 0x0000, 0x1000, 0x0000, 0x0000,
  0x0000, 0x0000, 0x0000, 0x0000, 0x0000, 0x0000, 0x8E84, 0x0000, 0x0000, 0x0000,
  0x0000, 0x0000, 0x0000, 0x0000, 0x8E88, 0x0000, 0x0000, 0x0000, 0x0000, 0x0000,
  0x0000, 0x0000, 0x0000, 0x0000, 0x1000, 0x0000, 0x0000, 0x0000, 0x0000, 0x0000,
  0x0000, 0x0000, 0x0000, 0x0000, 0x0000, 0x0000, 0x0000, 0x0000, 0x0000, 0x0000,
  0x0000, 0x0000, 0x0000, 0x0000, 0x0000, 0x0000, 0x0000, 0x0000, 0x0000, 0x0000,
  0x0000, 0x0000, 0x0371, 0x0000, 0x0399, 0x0000, 0x0000, 0x0000, 0x0000, 0x0000,
  0x0000, 0x0000, 0x0000, 0x0000, 0x0000, 0x0000, 0x0000, 0x0000, 0x0000, 0x0000,
  0x0000, 0x0000, 0x0000, 0x0000, 0x0000, 0x0000, 0x0000, 0x0000, 0x0000, 0x0000,
  0x0000, 0x0000, 0x0000, 0x0000, 0x0000, 0x0000, 0x0000, 0x0000, 0x0000, 0x0000,
  0x0000, 0x0000, 0x0000, 0x0000, 0x0000, 0x0399, 0x0005, 0x0371, 0x0000, 0x0000,
  0x0000, 0x0000, 0x0025, 0x0000, 0x0000, 0x0000, 0x0000, 0x0000, 0x0000, 0x0000,
  0x0000, 0x0000, 0x0000, 0x0000, 0x0000, 0x0000, 0x0000, 0x0000, 0x0000, 0x0000,
  0x0000, 0x0000, 0x0000, 0x0000, 0x0000, 0x0000, 0x0000, 0x0000, 0x0000, 0x0000,
  0x0000, 0x0000, 0x0000, 0x0000, 0x0000, 0x0000, 0x0000, 0x0000, 0x0000, 0x0000,
  0x0399, 0x0371, 0x0000, 0x0000, 0x0000, 0x0000, 0x0000, 0x0000, 0x0000, 0x0000,
  0x0000, 0x0000, 0x0000, 0x0000, 0x0000, 0x0000, 0x0000, 0x0000, 0x0000, 0x0000,
  0x0000, 0x0000, 0x0000, 0x0000, 0x0000, 0x0000, 0x0000, 0x0000, 0x0000, 0x0000,
  0x0000, 0x0000, 0x0000, 0x0000, 0x0000, 0x0000, 0x0000, 0x0000, 0x0399, 0x0399,
  0x0399, 0x0399, 0x0000, 0x0000, 0x0000, 0x0000, 0x0000, 0x0000, 0x0000, 0x0000,
  0x0000, 0x0000, 0x0000, 0x0000, 0x0000, 0x0000, 0x0000, 0x0000, 0x0000, 0x0000,
  0x0000, 0x0000, 0x0000, 0x0000, 0x0000, 0x0000, 0x0000, 0x0000, 0x0000, 0x0000,
  0x0000, 0x0000, 0x0000, 0x0000, 0x0000, 0x0000, 0x0000, 0x0000, 0x0000, 0x0000,
  0x0000, 0x0000, 0x0000, 0x0399, 0x0399, 0x0399, 0x0399, 0x0399, 0x0000, 0x0000,
  0x0000, 0x0000, 0x0000, 0x0000, 0x0000, 0x0000, 0x0000, 0x0000, 0x0000, 0x0000,
  0x0000, 0x0000, 0x0000, 0x0000, 0x0000, 0x0000, 0x0000, 0x0000, 0x0000, 0x0000,
  0x0000, 0x0000, 0x0000, 0x0000, 0x0000, 0x0000, 0x0000, 0x0000, 0x0000, 0x0000,
  0x0000, 0x0000, 0x0000, 0x0000, 0x0000, 0x0000, 0x0000, 0x0000, 0x0000, 0x0000,
  0x0000, 0x0399, 0x0399, 0x0000, 0x0000, 0x0000, 0x0000, 0x0000, 0x0000, 0x0000,
  0x0000, 0x0000, 0x0000, 0x0000, 0x0000, 0x0000, 0x0000, 0x0000, 0x0000, 0x0000,
  0x0000, 0x0000, 0x0000, 0x0000, 0x0000, 0x0000, 0x0000, 0x0000, 0x0000, 0x0000,
  0x0000, 0x0000, 0x0000, 0x0000, 0x0000, 0x0000, 0x0000, 0x0000, 0x0000, 0x0000,
  0x0000, 0x0000, 0x0000, 0x0000, 0x0000, 0x0000, 0x0000, 0x0000, 0x0000, 0x0000,
  0x0000, 0x0000, 0x0000, 0x0000, 0x0000, 0x0000, 0x0000, 0x0000, 0x0000, 0x0000,
  0x0000, 0x0371, 0x0371, 0x0000, 0x0371, 0x0371, 0x0371, 0x0000, 0x0000, 0x0000,
  0x0000, 0x0000, 0x0000, 0x0371, 0x0371, 0x0399, 0x0399, 0x0399, 0x0371, 0x0399,
  0x0371, 0x0371, 0x0371, 0x0371, 0x0000, 0x0000, 0x0000, 0x0000, 0x0000, 0x0000,
  0x0000, 0x0000, 0x0000, 0x0000, 0x0000, 0x0000, 0x0000, 0x0000, 0x0000, 0x0000,
  0x0000, 0x0000, 0x0000, 0x0000, 0x0000, 0x0000, 0x0000, 0x0000, 0x0000, 0x0000,
  0x0000, 0x0000, 0x0000, 0x0000, 0x0000, 0x0000, 0x0000, 0x0000, 0x0000, 0x0000,
  0x0000, 0x0000, 0x0000, 0x0000, 0x0000, 0x0000, 0x0000, 0x0000, 0x0000, 0x0000,
  0x0000, 0x0399, 0x0371, 0x0399, 0x0371, 0x0000, 0x0000, 0x0000, 0x0000, 0x0000,
  0x0000, 0x0000, 0x0000, 0x0000, 0x0000, 0x0000, 0x0000, 0x0000, 0x0000, 0x0000,
  0x0000, 0x0000, 0x0000, 0x0000, 0x0000, 0x0000, 0x0000, 0x0000, 0x0000, 0x0000,
  0x0000, 0x0000, 0x0000, 0x0000, 0x0000, 0x0000, 0x0000, 0x0000, 0x0000, 0x0000,
  0x0000, 0x0000, 0x0000, 0x0000, 0x0000, 0x0000, 0x0000, 0x0000, 0x0000, 0x0000,
  0x0000, 0x0000, 0x0000, 0x0000, 0x0000, 0x0000, 0x0000, 0x0000, 0x0000, 0x0000,
  0x0000, 0x0000, 0x0000, 0x0025, 0x0000, 0x0000, 0x0000, 0x0000, 0x0000, 0x0000,
  0x0000, 0x0000, 0x0000, 0x0000, 0x0000, 0x0000, 0x0000, 0x0000, 0x0000, 0x0000,
  0x0000, 0x0000, 0x0000, 0x0000, 0x0000, 0x0000, 0x0000, 0x0000, 0x0000, 0x0000,
  0x0000, 0x0000, 0x0000, 0x0000, 0x0000, 0x0000, 0x0000, 0x0000, 0x0000, 0x0000,
  0x0000, 0x0000, 0x0000, 0x0000, 0x0000, 0x0025, 0x0000, 0x0000, 0x0000, 0x0000,
  0x0000, 0x0000, 0x0000, 0x0000, 0x0000, 0x0000, 0x0000, 0x0000, 0x0000, 0x0000,
  0x0025, 0x0000, 0x0000, 0x0000, 0x0000, 0x0000, 0x0000, 0x0000, 0x0000, 0x0000,
  0x0000, 0x0000, 0x0000, 0x0000, 0x0000, 0x0000, 0x0000, 0x0000, 0x0000, 0x0000,
  0x0000, 0x0000, 0x0000, 0x0000, 0x0000, 0x0000, 0x8E8C, 0x1000, 0x8E90, 0x1000,
  0x0000, 0x0000, 0x0000, 0x0000, 0x0000, 0x0000, 0x0000, 0x0000, 0x8E94, 0x0000,
  0x0000, 0x0000, 0x0000, 0x0000, 0x1000, 0x0000, 0x0000, 0x0000, 0x0000, 0x0000,
  0x0000, 0x0000, 0x0000, 0x0000, 0x0000, 0x0000, 0x0000, 0x0000, 0x0025, 0x001E,
  0x0000, 0x0000, 0x0000, 0x0000, 0x0000, 0x0399, 0x0399, 0x0399, 0x0000, 0x0000,
  0x0000, 0x0000, 0x0000, 0x0000, 0x0000, 0x0000, 0x0000, 0x0000, 0x0000, 0x0000,
  0x0000, 0x0000, 0x0000, 0x0000, 0x0000, 0x0000, 0x0000, 0x0000, 0x0000, 0x0000,
  0x0000, 0x0000, 0x0000, 0x0000, 0x0000, 0x0000, 0x0000, 0x0000, 0x0000, 0x0000,
  0x0000, 0x0000, 0x0000, 0x0000, 0x0002, 0x0000, 0x0000, 0x0000, 0x0000, 0x0000,
  0x0000, 0x1000, 0x1000, 0x0000, 0x8E98, 0x8E9C, 0x0025, 0x0025, 0x0000, 0x0000,
  0x0000, 0x0000, 0x0000, 0x0000, 0x0000, 0x0000, 0x0000, 0x0000, 0x0000, 0x0025,
  0x0000, 0x0000, 0x0000, 0x0000, 0x0000, 0x0000, 0x0000, 0x0000, 0x0000, 0x001D,
  0x0000, 0x0000, 0x0000, 0x0000, 0x0000, 0x0000, 0x0000, 0x0000, 0x0000, 0x0000,
  0x0000, 0x0000, 0x0000, 0x0000, 0x0000, 0x0000, 0x0000, 0x0000, 0x0000, 0x0000,
  0x0000, 0x0000, 0x0000, 0x0000, 0x0000, 0x0000, 0x0000, 0x0000, 0x0000, 0x0000,
  0x0000, 0x0000, 0x0000, 0x0000, 0x0000, 0x0000, 0x0000, 0x0000, 0x0000, 0x0000,
  0x0000, 0x0000, 0x0000, 0x0000, 0x0000, 0x0000, 0x0000, 0x0000, 0x0000, 0x0000,
  0x0000, 0x0000, 0x0000, 0x0025, 0x001D, 0x0000, 0x0000, 0x0000, 0x0000, 0x0000,
  0x0000, 0x0000, 0x0000, 0x0000, 0x0000, 0x0000, 0x0000, 0x0000, 0x0000, 0x0000,
  0x0000, 0x0000, 0x0000, 0x0000, 0x0000, 0x0000, 0x0000, 0x0000, 0x0000, 0x0000,
  0x0000, 0x0000, 0x0000, 0x0000, 0x0000, 0x0000, 0x0000, 0x0000, 0x0000, 0x0000,
  0x0000, 0x0000, 0x0000, 0x0000, 0x0000, 0x0000, 0x001D, 0x0025, 0x0000, 0x0000,
  0x0000, 0x0000, 0x0000, 0x0000, 0x0000, 0x0000, 0x0000, 0x0000, 0x0000, 0x0000,
  0x0000, 0x0000, 0x0000, 0x0000, 0x0000, 0x0000, 0x0000, 0x0000, 0x0000, 0x0000,
  0x0000, 0x0000, 0x0000, 0x0000, 0x0000, 0x0000, 0x0000, 0x0000, 0x0000, 0x0000,
  0x0000, 0x0000, 0x0000, 0x0000, 0x0000, 0x0000, 0x0000, 0x0000, 0x0000, 0x0000,
  0x0000, 0x0000, 0x0000, 0x0000, 0x0000, 0x0000, 0x0000, 0x0000, 0x0000, 0x0000,
  0x0000, 0x0000, 0x0000, 0x0000, 0x0000, 0x0000, 0x0000, 0x001D, 0x001D, 0x0000,
  0x0002, 0x0000, 0x0000, 0x0000, 0x0000, 0x0000, 0x0000, 0x0000, 0x8EA0, 0x0000,
  0x0000, 0x0000, 0x1000, 0x1000, 0x0025, 0x0000, 0x0000, 0x0000, 0x0000, 0x0000,
  0x0000, 0x0000, 0x0000, 0x0000, 0x0002, 0x0000, 0x0000, 0x0000, 0x0000, 0x0000,
  0x0000, 0x0000, 0x0000, 0x0000, 0x0000, 0x0000, 0x0000, 0x0000, 0x0000, 0x0399,
  0x0399, 0x0399, 0x0399, 0x0399, 0x0399, 0x0399, 0x0000, 0x0000, 0x0000, 0x0399,
  0x0399, 0x0399, 0x0399, 0x0399, 0x0000, 0x0000, 0x0000, 0x0000, 0x0000, 0x0000,
  0x0000, 0x0000, 0x0000, 0x0000, 0x0000, 0x8EA8, 0x1000, 0x8EAC, 0x1000, 0x0000,
  0x0000, 0x0000, 0x0000, 0x0000, 0x8EB0, 0x0000, 0x0000, 0x1000, 0x0000, 0x8EB4,
  0x1000, 0x0000, 0x0000, 0x0000, 0x0000, 0x0000, 0x0000, 0x0000, 0x0000, 0x0000,
  0x0000, 0x0000, 0x0000, 0x0000, 0x0000, 0x0000, 0x0000, 0x0000, 0x0000, 0x0000,
  0x0000, 0x0000, 0x0000, 0x0000, 0x0000, 0x0000, 0x0000, 0x0000, 0x0000, 0x0000,
  0x0000, 0x0000, 0x0000, 0x0000, 0x0000, 0x0000, 0x0000, 0x0000, 0x0000, 0x0002,
  0x0000, 0x0000, 0x0002, 0x0000, 0x0000, 0x0000, 0x0000, 0x8EBA, 0x0000, 0x0000,
  0x1002, 0x0000, 0x1002, 0x1002, 0x0002, 0x0000, 0x0000, 0x0000, 0x0000, 0x0025,
  0x0025, 0x0025, 0x0000, 0x0000, 0x0000, 0x0000, 0x0000, 0x0000, 0x0000, 0x0000,
  0x0000, 0x0000, 0x0000, 0x0000, 0x0000, 0x0000, 0x0000, 0x0000, 0x0000, 0x0000,
  0x0000, 0x0000, 0x0000, 0x0000, 0x0000, 0x0000, 0x0000, 0x0000, 0x0000, 0x0000,
  0x0000, 0x0000, 0x0000, 0x0000, 0x0000, 0x0000, 0x0000, 0x0000, 0x0000, 0x0000,
  0x0000, 0x0000, 0x0000, 0x0000, 0x0000, 0x0000, 0x0000, 0x0000, 0x0000, 0x0025,
  0x0000, 0x0000, 0x0000, 0x001D, 0x0000, 0x0000, 0x0000, 0x0000, 0x0000, 0x0000,
  0x0000, 0x0000, 0x0000, 0x0000, 0x0000, 0x0000, 0x0000, 0x0000, 0x0000, 0x0000,
  0x0000, 0x0000, 0x0000, 0x0000, 0x0000, 0x0000, 0x0000, 0x0399, 0x0000, 0x0000,
  0x0000, 0x0000, 0x0000, 0x0000, 0x0000, 0x0000, 0x0000, 0x0000, 0x0000, 0x0000,
  0x0000, 0x0000, 0x0000, 0x0000, 0x0000, 0x0000, 0x0000, 0x0000, 0x0000, 0x0000,
  0x0000, 0x0000, 0x0000, 0x0000, 0x0000, 0x0000, 0x0000, 0x0000, 0x0000, 0x0000,
  0x0000, 0x0000, 0x0000, 0x0000, 0x0000, 0x0000, 0x0000, 0x0000, 0x0000, 0x0000,
  0x0000, 0x0000, 0x0000, 0x0000, 0x0000, 0x0000, 0x0002, 0x0000, 0x0000, 0x0000,
  0x0000, 0x0000, 0x0000, 0x0000, 0x0000, 0x8EC4, 0x0002, 0x1000, 0x1000, 0x0002,
  0x1000, 0x0000, 0x0000, 0x0025, 0x001D, 0x0000, 0x0000, 0x0000, 0x0000, 0x0000,
  0x0000, 0x0000, 0x0000, 0x0000, 0x0000, 0x0000, 0x0000, 0x0000, 0x0000, 0x0000,
  0x0000, 0x0000, 0x0000, 0x0000, 0x0000, 0x0000, 0x0000, 0x0000, 0x0000, 0x0000,
  0x0000, 0x0000, 0x0000, 0x0000, 0x0000, 0x0000, 0x0000, 0x0000, 0x0000, 0x0000,
  0x0000, 0x0000, 0x0000, 0x0000, 0x0000, 0x0000, 0x0000, 0x0000, 0x0000, 0x0000,
  0x0000, 0x0000, 0x0000, 0x0000, 0x0000, 0x0000, 0x0000, 0x0000, 0x0000, 0x0000,
  0x0000, 0x0000, 0x0000, 0x0000, 0x0000, 0x0002, 0x0000, 0x0000, 0x0000, 0x0000,
  0x0000, 0x0000, 0x0000, 0x0000, 0x8ED0, 0x8ED4, 0x1000, 0x1000, 0x0000, 0x0000,
  0x0000, 0x0025, 0x001D, 0x0000, 0x0000, 0x0000, 0x0000, 0x0000, 0x0000, 0x0000,
  0x0000, 0x0000, 0x0000, 0x0000, 0x0000, 0x0000, 0x0000, 0x0000, 0x0000, 0x0000,
  0x0000, 0x0000, 0x0000, 0x0000, 0x0000, 0x0000, 0x0000, 0x0000, 0x0000, 0x0000,
  0x0000, 0x0000, 0x0000, 0x0000, 0x0000, 0x0000, 0x0000, 0x0000, 0x0000, 0x0000,
  0x0000, 0x0000, 0x0000, 0x0000, 0x0000, 0x0000, 0x0000, 0x0000, 0x0000, 0x0000,
  0x0000, 0x0000, 0x0000, 0x0000, 0x0000, 0x0000, 0x0000, 0x0000, 0x0000, 0x0000,
  0x0000, 0x0000, 0x0000, 0x0000, 0x0000, 0x0000, 0x0025, 0x001D, 0x0000, 0x0000,
  0x0000, 0x0000, 0x0000, 0x0000, 0x0000, 0x0000, 0x0000, 0x0000, 0x0000, 0x0000,
  0x0000, 0x0000, 0x0000, 0x0000, 0x0000, 0x0000, 0x0000, 0x0000, 0x0000, 0x0000,
  0x0000, 0x0000, 0x0000, 0x0000, 0x0000, 0x0000, 0x0000, 0x0000, 0x0000, 0x0000,
  0x0000, 0x0000, 0x0000, 0x0000, 0x0000, 0x0000, 0x0000, 0x0000, 0x0000, 0x0000,
  0x0000, 0x0000, 0x0000, 0x0000, 0x0000, 0x0000, 0x0002, 0x0000, 0x0000, 0x0000,
  0x0000, 0x8ED8, 0x0000, 0x0000, 0x1000, 0x0000, 0x0000, 0x0000, 0x0000, 0x0025,
  0x0025, 0x0000, 0x0000, 0x0000, 0x001D, 0x0000, 0x0000, 0x0000, 0x0000, 0x0000,
  0x0000, 0x0000, 0x0000, 0x0000, 0x0000, 0x0000, 0x0000, 0x0000, 0x0000, 0x0000,
  0x0000, 0x0000, 0x0000, 0x0000, 0x0000, 0x0000, 0x0000, 0x0000, 0x0000, 0x0000,
  0x0000, 0x0000, 0x0000, 0x0000, 0x0000, 0x0000, 0x0000, 0x0000, 0x0000, 0x0000,
  0x0000, 0x0000, 0x0000, 0x0000, 0x0000, 0x0000, 0x0000, 0x0000, 0x0000, 0x0000,
  0x0000, 0x0000, 0x0000, 0x0000, 0x0000, 0x0000, 0x0000, 0x0000, 0x0000, 0x0000,
  0x0000, 0x0000, 0x0000, 0x0000, 0x0000, 0x001D, 0x0000, 0x0025, 0x0025, 0x0000,
  0x0000, 0x0000, 0x0000, 0x0000, 0x0000, 0x0000, 0x0000, 0x0000, 0x0000, 0x0000,
  0x0000, 0x0000, 0x0000, 0x0000, 0x0000, 0x0000, 0x0000, 0x0000, 0x0000, 0x0000,
  0x0000, 0x0000, 0x0000, 0x0000, 0x0000, 0x0000, 0x0000, 0x0000, 0x0000, 0x0000,
  0x0000, 0x0000, 0x0000, 0x0000, 0x0000, 0x0000, 0x0000, 0x0000, 0x0000, 0x0000,
  0x0000, 0x0000, 0x0000, 0x0000, 0x0000, 0x0000, 0x0000, 0x0000, 0x0000, 0x0000,
  0x0000, 0x0000, 0x0000, 0x0000, 0x0000, 0x0000, 0x0000, 0x0000, 0x0000, 0x0000,
  0x8EDE, 0x0002, 0x0002, 0x9EEE, 0x9EF6, 0x1002, 0x1002, 0x1002, 0x1002, 0x1002,
  0x1002, 0x8EFA, 0x0000, 0x0000, 0x0000, 0x0000, 0x0000, 0x0025, 0x0000, 0x0000,
  0x0000, 0x0000, 0x0000, 0x0000, 0x0000, 0x0000, 0x0000, 0x0000, 0x0000, 0x0000,
  0x0000, 0x0000, 0x0000, 0x0000, 0x0000, 0x0000, 0x0000, 0x0000, 0x0000, 0x0000,
  0x0000, 0x0000, 0x0000, 0x0000, 0x0000, 0x0000, 0x0000, 0x0000, 0x0000, 0x0000,
  0x0000, 0x0000, 0x0000, 0x0000, 0x0000, 0x0000, 0x0000, 0x0000, 0x0000, 0x0000,
  0x0000, 0x0000, 0x0000, 0x0000, 0x0000, 0x0000, 0x0005, 0x0005, 0x0005, 0x0005,
  0x0005, 0x0000, 0x0000, 0x0000, 0x0000, 0x0000, 0x0000, 0x0000, 0x0000, 0x0000,
  0x0000, 0x0000, 0x0000, 0x0000, 0x0000, 0x0000, 0x0000, 0x0000, 0x0000, 0x0000,
  0x0000, 0x0000, 0x0000, 0x0000, 0x0000, 0x0000, 0x0000, 0x0000, 0x0000, 0x0000,
  0x0000, 0x0000, 0x0000, 0x0000, 0x0000, 0x0000, 0x0000, 0x0000, 0x0000, 0x0000,
  0x0000, 0x0000, 0x0000, 0x0000, 0x0000, 0x0000, 0x0000, 0x0000, 0x0000, 0x0399,
  0x0399, 0x0399, 0x0399, 0x0399, 0x0399, 0x0399, 0x0000, 0x0000, 0x0000, 0x0000,
  0x0000, 0x0000, 0x0000, 0x0000, 0x0000, 0x0000, 0x0000, 0x0000, 0x0000, 0x0000,
  0x0000, 0x0000, 0x0000, 0x0000, 0x0000, 0x0000, 0x0000, 0x0000, 0x0000, 0x0000,
  0x0000, 0x0000, 0x0000, 0x0000, 0x0000, 0x0000, 0x0000, 0x0000, 0x0000, 0x0000,
  0x0000, 0x8EFC, 0x0000, 0x0000, 0x0000, 0x8F02, 0x1002, 0x9F04, 0x1000, 0x0000,
  0x0000, 0x0000, 0x0000, 0x0000, 0x0000, 0x0000, 0x0000, 0x0000, 0x0000, 0x0000,
  0x0000, 0x0000, 0x0000, 0x0000, 0x0000, 0x0000, 0x0000, 0x0000, 0x0000, 0x0000,
  0x0000, 0x0000, 0x0000, 0x0000, 0x0000, 0x0000, 0x0000, 0x0000, 0x0000, 0x0000,
  0x0000, 0x0000, 0x0000, 0x0000, 0x0000, 0x0000, 0x0000, 0x0000, 0x0000, 0x0000,
  0x0000, 0x0000, 0x0000, 0x0000, 0x0000, 0x0000, 0x0000, 0x0019, 0x0019, 0x0000,
  0x0000, 0x0000, 0x0000, 0x0000, 0x0000, 0x0000, 0x0000, 0x0000, 0x0000, 0x0000,
  0x0000, 0x0000, 0x0000, 0x0000, 0x0000, 0x0000, 0x0000, 0x0000, 0x0000, 0x0000,
  0x0000, 0x0000, 0x0000, 0x0000, 0x0000, 0x0000, 0x0000, 0x0000, 0x0000, 0x0005,
  0x0000, 0x0000, 0x0000, 0x0000, 0x0000, 0x0000, 0x0000, 0x0000, 0x0000, 0x0000,
  0x0000, 0x0000, 0x0000, 0x0000, 0x0000, 0x0000, 0x0000, 0x0000, 0x0000, 0x0000,
  0x0000, 0x0000, 0x0000, 0x0000, 0x0000, 0x0000, 0x0000, 0x0000, 0x0000, 0x0000,
  0x0000, 0x0000, 0x0000, 0x1002, 0x1002, 0x1002, 0x1002, 0x1002, 0x1002, 0x1002,
  0x0361, 0x0361, 0x0005, 0x0005, 0x0005, 0x0000, 0x0000, 0x0000, 0x0389, 0x0361,
  0x0361, 0x0361, 0x0361, 0x0361, 0x0000, 0x0000, 0x0000, 0x0000, 0x0000, 0x0000,
  0x0000, 0x0000, 0x0371, 0x0371, 0x0371, 0x0371, 0x0371, 0x0000, 0x0000, 0x0399,
  0x0399, 0x0399, 0x0399, 0x0399, 0x0371, 0x0371, 0x0000, 0x0000, 0x0000, 0x0000,
  0x0000, 0x0000, 0x0000, 0x0000, 0x0000, 0x0000, 0x0000, 0x0000, 0x0000, 0x0000,
  0x0000, 0x0000, 0x0000, 0x0000, 0x0000, 0x0000, 0x0000, 0x0000, 0x0000, 0x0000,
  0x0000, 0x0000, 0x0000, 0x0000, 0x0000, 0x0000, 0x0399, 0x0399, 0x0399, 0x0399,
  0x0000, 0x0000, 0x0000, 0x0000, 0x0000, 0x0000, 0x0000, 0x0000, 0x0000, 0x0000,
  0x0000, 0x0000, 0x0000, 0x1002, 0x1002, 0x1002, 0x1002, 0x1002, 0x0000, 0x0000,
  0x0399, 0x0399, 0x0399, 0x0000, 0x0000, 0x0000, 0x0000, 0x0000, 0x0000, 0x0000,
  0x0000, 0x0000, 0x0000, 0x0000, 0x0000, 0x0000, 0x0000, 0x0000, 0x0000, 0x0000,
  0x0000, 0x0000, 0x0000, 0x0000, 0x0000, 0x0000, 0x0000, 0x0000, 0x0000, 0x0000,
  0x0000, 0x0000, 0x0000, 0x0000, 0x0000, 0x0000, 0x0000, 0x0000, 0x0000, 0x0000,
  0x0000, 0x0000, 0x0000, 0x0000, 0x0000, 0x0000, 0x0000, 0x0000, 0x0000, 0x0000,
  0x0000, 0x0000, 0x0000, 0x0000, 0x0000, 0x0000, 0x0000, 0x0000, 0x0000, 0x0000,
  0x0000, 0x0000, 0x0399, 0x0399, 0x0399, 0x0399, 0x0399, 0x0399, 0x0399, 0x0000,
  0x0399, 0x0399, 0x0399, 0x0399, 0x0399, 0x0399, 0x0399, 0x0399, 0x0399, 0x0399,
  0x0399, 0x0399, 0x0399, 0x0399, 0x0399, 0x0399, 0x0399, 0x0000, 0x0000, 0x0399,
  0x0399, 0x0399, 0x0399, 0x0399, 0x0399, 0x0399, 0x0000, 0x0399, 0x0399, 0x0000,
  0x0399, 0x0399, 0x0399, 0x0399, 0x0399, 0x0000, 0x0000, 0x0000, 0x0000, 0x0000,
  0x0000, 0x0000, 0x0000, 0x0000, 0x0000, 0x0000, 0x0000, 0x0000, 0x0000, 0x0000,
  0x0000, 0x0000, 0x0000, 0x0000, 0x0000, 0x0000, 0x0000, 0x0000, 0x0000, 0x0000,
  0x0000, 0x0000, 0x0000, 0x0000, 0x0000, 0x0000, 0x0000, 0x0000, 0x0000, 0x0000,
  0x0000, 0x0000, 0x0000, 0x0000, 0x0000, 0x0000, 0x0000, 0x0000, 0x0000, 0x0000,
  0x0000, 0x0399, 0x0000, 0x0000, 0x0000, 0x0000, 0x0000, 0x0000, 0x0000, 0x0000,
  0x0000, 0x0000, 0x0000, 0x0000, 0x0000, 0x0000, 0x0000, 0x0000, 0x0000, 0x0000,
  0x0000, 0x0000, 0x0000, 0x0000, 0x0000, 0x0000, 0x0000, 0x0000, 0x0000, 0x0000,
  0x0000, 0x0000, 0x0000, 0x0000, 0x0000, 0x0000, 0x0000, 0x0000, 0x0000, 0x0000,
  0x0000, 0x0000, 0x0000, 0x0000, 0x0000, 0x0000, 0x0399, 0x0399, 0x0399, 0x0399,
  0x0000, 0x0000, 0x0000, 0x0000, 0x0000, 0x0000, 0x0000, 0x0000, 0x0000, 0x0000,
  0x0000, 0x0000, 0x0000, 0x0000, 0x0000, 0x0000, 0x0000, 0x0000, 0x0000, 0x0000,
  0x0000, 0x0000, 0x0000, 0x0000, 0x0000, 0x0000, 0x0000, 0x0000, 0x0000, 0x0000,
  0x0000, 0x0000, 0x0000, 0x0000, 0x0000, 0x0000, 0x0000, 0x0000, 0x0000, 0x0000,
  0x0000, 0x0000, 0x0000, 0x0000, 0x03A1, 0x03A1, 0x0371, 0x0399, 0x0000, 0x0000,
  0x0000, 0x0000, 0x0000, 0x0000, 0x0000, 0x0000, 0x0000, 0x0000, 0x0000, 0x0000,
  0x0000, 0x0000, 0x0000, 0x0000, 0x0000, 0x0000, 0x0000, 0x0000, 0x0000, 0x0000,
  0x0000, 0x0000, 0x0000, 0x0000, 0x0000, 0x0000, 0x0000, 0x0000, 0x0000, 0x0000,
  0x0000, 0x0000, 0x0000, 0x0000, 0x0000, 0x0000, 0x0000, 0x0000, 0x0000, 0x0000,
  0x0000, 0x0000, 0x0000, 0x0000, 0x0399, 0x0371, 0x0000, 0x0000, 0x0000, 0x0000,
  0x0000, 0x0000, 0x0000, 0x0000, 0x0000, 0x0000, 0x0000, 0x0000, 0x0000, 0x0000,
  0x0000, 0x0000, 0x0000, 0x0000, 0x0000, 0x0000, 0x0000, 0x0000, 0x0000, 0x0000,
  0x0000, 0x0000, 0x0000, 0x0000, 0x0000, 0x0000, 0x0000, 0x0000, 0x0000, 0x0000,
  0x0000, 0x0399, 0x0000, 0x0000, 0x0399, 0x0000, 0x0000, 0x0000, 0x0000, 0x0000,
  0x0000, 0x0000, 0x0399, 0x0399, 0x0000, 0x0000, 0x0000, 0x0000, 0x0000, 0x0399,
  0x0000, 0x0000, 0x0000, 0x0000, 0x0000, 0x0000, 0x0000, 0x0000, 0x0000, 0x0000,
  0x0000, 0x0000, 0x0000, 0x0000, 0x0000, 0x0000, 0x0371, 0x0371, 0x0371, 0x0371,
  0x0371, 0x0371, 0x0371, 0x0000, 0x0000, 0x0000, 0x0000, 0x0000, 0x0000, 0x0000,
  0x0000, 0x0000, 0x0000, 0x0000, 0x0000, 0x0000, 0x0000, 0x0000, 0x0000, 0x0000,
  0x0000, 0x0000, 0x0000, 0x0000, 0x0000, 0x0000, 0x0000, 0x0000, 0x0000, 0x0000,
  0x0000, 0x0000, 0x0000, 0x0000, 0x0000, 0x0000, 0x0000, 0x0000, 0x0000, 0x0000,
  0x0000, 0x0000, 0x0000, 0x0000, 0x0399, 0x0399, 0x0399, 0x0399, 0x0399, 0x0399,
  0x001D, 0x0000, 0x0000, 0x0000, 0x0000, 0x0000, 0x0000, 0x0000, 0x0000, 0x0000,
  0x0000, 0x0000, 0x0000, 0x0000, 0x0000, 0x0000, 0x0000, 0x0000, 0x0000, 0x0000,
  0x0000, 0x0000, 0x0000, 0x0000, 0x0000, 0x0000, 0x0000, 0x0000, 0x0000, 0x0000,
  0x0000, 0x0000, 0x0000, 0x0000, 0x0000, 0x0000, 0x0000, 0x0000, 0x0000, 0x0000,
  0x0000, 0x0000, 0x0000, 0x0000, 0x0000, 0x0000, 0x0000, 0x0000, 0x0000, 0x0000,
  0x0000, 0x0000, 0x0000, 0x0000, 0x1001, 0x1001, 0x1001, 0x1001, 0x1001, 0x1001,
  0x1001, 0x1001, 0x1001, 0x1001, 0x1001, 0x1001, 0x1001, 0x1001, 0x1001, 0x1001,
  0x1001, 0x1001, 0x1001, 0x1001, 0x1001, 0x1001, 0x1001, 0x1001, 0x1001, 0x1001,
  0x1001, 0x1001, 0x1001, 0x1001, 0x0000, 0x0000, 0x0000, 0x0000, 0x0000, 0x0000,
  0x0000, 0x0000, 0x0000, 0x0000, 0x0000, 0x0000, 0x0000, 0x0000, 0x0000, 0x0000,
  0x0000, 0x0000, 0x0000, 0x0000, 0x0000, 0x0000, 0x0000, 0x0000, 0x0000, 0x0000,
  0x0000, 0x0000, 0x0000, 0x0000, 0x0000, 0x0000, 0x0000, 0x0000,
};

const uint64_t compositions[962] = {
  0x0000000000000000, 0x000008044DC00338, 0x000008044C000338, 0x000008044DE00338, 0x0000000018000300, 0x0000000018200301, 0x0000040018400302, 0x0000000018600303, 0x0000000020000304, 0x0000040020400306,
  0x0000040044C00307, 0x0000040018800308, 0x00000003D4400309, 0x0000040018A0030A, 0x0000000039A0030C, 0x000000004000030F, 0x0000000040400311, 0x00000403D4000323, 0x00000003C0000325, 0x0000080020800328,
  0x00000003C0400307, 0x00000003C0800323, 0x00000803C0C00331, 0x0000000020C00301, 0x0000000021000302, 0x0000000021400307, 0x000000002180030C, 0x00000C0018E00327, 0x00000003C1400307, 0x0000000021C0030C,
  0x00000003C1800323, 0x00000003C2000327, 0x00000003C240032D, 0x00000803C1C00331, 0x0000000019000300, 0x0000000019200301, 0x0000040019400302, 0x00000003D7800303, 0x0000040022400304, 0x0000000022800306,
  0x0000000022C00307, 0x0000000019600308, 0x00000003D7400309, 0x000000002340030C, 0x000000004080030F, 0x0000000040C00311, 0x00000403D7000323, 0x0000040045000327, 0x0000000023000328, 0x00000003C300032D,
  0x00000803C3400330, 0x00000803C3C00307, 0x000000003E800301, 0x0000000023800302, 0x00000003C4000304, 0x0000000023C00306, 0x0000000024000307, 0x000000003CC0030C, 0x0000080024400327, 0x0000000024800302,
  0x00000003C4400307, 0x00000003C4C00308, 0x0000000043C0030C, 0x00000003C4800323, 0x00000003C5000327, 0x00000803C540032E, 0x0000000019800300, 0x0000000019A00301, 0x0000000019C00302, 0x0000000025000303,
  0x0000000025400304, 0x0000000025800306, 0x0000000026000307, 0x0000040019E00308, 0x00000003D9000309, 0x0000000039E0030C, 0x000000004100030F, 0x0000000041400311, 0x00000003D9400323, 0x0000000025C00328,
  0x00000803C5800330, 0x0000080026800302, 0x00000003C6000301, 0x000000003D00030C, 0x00000003C6400323, 0x0000000026C00327, 0x00000803C6800331, 0x0000000027200301, 0x0000000027A0030C, 0x00000403C6C00323,
  0x0000000027600327, 0x00000003C780032D, 0x00000803C7400331, 0x00000003C7C00301, 0x00000003C8000307, 0x00000803C8400323, 0x000000003F000300, 0x0000000028600301, 0x000000001A200303, 0x00000003C8800307,
  0x0000000028E0030C, 0x00000003C8C00323, 0x0000000028A00327, 0x00000003C940032D, 0x00000803C9000331, 0x000000001A400300, 0x000000001A600301, 0x000004001A800302, 0x000004001AA00303, 0x0000040029800304,
  0x0000000029C00306, 0x0000040045C00307, 0x000004001AC00308, 0x00000003D9C00309, 0x000000002A00030B, 0x000000003A20030C, 0x000000004180030F, 0x0000000041C00311, 0x000004003400031B, 0x00000403D9800323,
  0x00000C003D400328, 0x00000003CA800301, 0x00000803CAC00307, 0x000000002A800301, 0x00000003CB000307, 0x000000002B00030C, 0x000000004200030F, 0x0000000042400311, 0x00000403CB400323, 0x000000002AC00327,
  0x00000803CBC00331, 0x000004002B400301, 0x000000002B800302, 0x00000003CC000307, 0x000004002C00030C, 0x00000403CC400323, 0x0000000043000326, 0x000008002BC00327, 0x00000003CD400307, 0x000000002C80030C,
  0x00000003CD800323, 0x0000000043400326, 0x000000002C400327, 0x00000003CE00032D, 0x00000803CDC00331, 0x000000001B200300, 0x000000001B400301, 0x000000001B600302, 0x000004002D000303, 0x000004002D400304,
  0x000000002D800306, 0x000004001B800308, 0x00000003DCC00309, 0x000000002DC0030A, 0x000000002E00030B, 0x000000003A60030C, 0x000000004280030F, 0x0000000042C00311, 0x0000040035E0031B, 0x00000003DC800323,
  0x00000003CE400324, 0x000000002E400328, 0x00000003CEC0032D, 0x00000803CE800330, 0x00000003CF800303, 0x00000803CFC00323, 0x00000003D0000300, 0x00000003D0400301, 0x000000002E800302, 0x00000003D0C00307,
  0x00000003D0800308, 0x00000803D1000323, 0x00000003D1400307, 0x00000803D1800308, 0x00000003DE400300, 0x000000001BA00301, 0x000000002EC00302, 0x00000003DF000303, 0x0000000046400304, 0x00000003D1C00307,
  0x000000002F000308, 0x00000003DEC00309, 0x00000803DE800323, 0x000000002F200301, 0x00000003D2000302, 0x000000002F600307, 0x000000002FA0030C, 0x00000003D2400323, 0x00000803D2800331, 0x000000001C000300,
  0x000000001C200301, 0x000004001C400302, 0x000000001C600303, 0x0000000020200304, 0x0000040020600306, 0x0000040044E00307, 0x000004001C800308, 0x00000003D4600309, 0x000004001CA0030A, 0x0000000039C0030C,
  0x000000004020030F, 0x0000000040600311, 0x00000403D4200323, 0x00000003C0200325, 0x0000080020A00328, 0x00000003C0600307, 0x00000003C0A00323, 0x00000803C0E00331, 0x0000000020E00301, 0x0000000021200302,
  0x0000000021600307, 0x0000000021A0030C, 0x00000C001CE00327, 0x00000003C1600307, 0x0000000021E0030C, 0x00000003C1A00323, 0x00000003C2200327, 0x00000003C260032D, 0x00000803C1E00331, 0x000000001D000300,
  0x000000001D200301, 0x000004001D400302, 0x00000003D7A00303, 0x0000040022600304, 0x0000000022A00306, 0x0000000022E00307, 0x000000001D600308, 0x00000003D7600309, 0x000000002360030C, 0x0000000040A0030F,
  0x0000000040E00311, 0x00000403D7200323, 0x0000040045200327, 0x0000000023200328, 0x00000003C320032D, 0x00000803C3600330, 0x00000803C3E00307, 0x000000003EA00301, 0x0000000023A00302, 0x00000003C4200304,
  0x0000000023E00306, 0x0000000024200307, 0x000000003CE0030C, 0x0000080024600327, 0x0000000024A00302, 0x00000003C4600307, 0x00000003C4E00308, 0x0000000043E0030C, 0x00000003C4A00323, 0x00000003C5200327,
  0x00000003C560032E, 0x00000803D2C00331, 0x000000001D800300, 0x000000001DA00301, 0x000000001DC00302, 0x0000000025200303, 0x0000000025600304, 0x0000000025A00306, 0x000004001DE00308, 0x00000003D9200309,
  0x000000003A00030C, 0x000000004120030F, 0x0000000041600311, 0x00000003D9600323, 0x0000000025E00328, 0x00000803C5A00330, 0x0000000026A00302, 0x000008003E00030C, 0x00000003C6200301, 0x000000003D20030C,
  0x00000003C6600323, 0x0000000026E00327, 0x00000803C6A00331, 0x0000000027400301, 0x0000000027C0030C, 0x00000403C6E00323, 0x0000000027800327, 0x00000003C7A0032D, 0x00000803C7600331, 0x00000003C7E00301,
  0x00000003C8200307, 0x00000803C8600323, 0x000000003F200300, 0x0000000028800301, 0x000000001E200303, 0x00000003C8A00307, 0x000000002900030C, 0x00000003C8E00323, 0x0000000028C00327, 0x00000003C960032D,
  0x00000803C9200331, 0x000000001E400300, 0x000000001E600301, 0x000004001E800302, 0x000004001EA00303, 0x0000040029A00304, 0x0000000029E00306, 0x0000040045E00307, 0x000004001EC00308, 0x00000003D9E00309,
  0x000000002A20030B, 0x000000003A40030C, 0x0000000041A0030F, 0x0000000041E00311, 0x000004003420031B, 0x00000403D9A00323, 0x00000C003D600328, 0x00000003CAA00301, 0x00000803CAE00307, 0x000000002AA00301,
  0x00000003CB200307, 0x000000002B20030C, 0x000000004220030F, 0x0000000042600311, 0x00000403CB600323, 0x000000002AE00327, 0x00000803CBE00331, 0x000004002B600301, 0x000000002BA00302, 0x00000003CC200307,
  0x000004002C20030C, 0x00000403CC600323, 0x0000000043200326, 0x000008002BE00327, 0x00000003CD600307, 0x00000003D2E00308, 0x000000002CA0030C, 0x00000003CDA00323, 0x0000000043600326, 0x000000002C600327,
  0x00000003CE20032D, 0x00000803CDE00331, 0x000000001F200300, 0x000000001F400301, 0x000000001F600302, 0x000004002D200303, 0x000004002D600304, 0x000000002DA00306, 0x000004001F800308, 0x00000003DCE00309,
  0x000000002DE0030A, 0x000000002E20030B, 0x000000003A80030C, 0x0000000042A0030F, 0x0000000042E00311, 0x000004003600031B, 0x00000003DCA00323, 0x00000003CE600324, 0x000000002E600328, 0x00000003CEE0032D,
  0x00000803CEA00330, 0x00000003CFA00303, 0x00000803CFE00323, 0x00000003D0200300, 0x00000003D0600301, 0x000000002EA00302, 0x00000003D0E00307, 0x00000003D0A00308, 0x00000003D300030A, 0x00000803D1200323,
  0x00000003D1600307, 0x00000803D1A00308, 0x00000003DE600300, 0x000000001FA00301, 0x000000002EE00302, 0x00000003DF200303, 0x0000000046600304, 0x00000003D1E00307, 0x000000001FE00308, 0x00000003DEE00309,
  0x00000003D320030A, 0x00000803DEA00323, 0x000000002F400301, 0x00000003D2200302, 0x000000002F800307, 0x000000002FC0030C, 0x00000003D2600323, 0x00000803D2A00331, 0x00000003FDA00300, 0x0000000070A00301,
  0x00000803F8200342, 0x00000003D4C00300, 0x00000003D4800301, 0x00000003D5400303, 0x00000803D5000309, 0x000008003BC00304, 0x000008003F400301, 0x000000003F800301, 0x000008003C400304, 0x00000803C1000301,
  0x00000003D8000300, 0x00000003D7C00301, 0x00000003D8800303, 0x00000803D8400309, 0x00000803C5C00301, 0x00000003DA400300, 0x00000003DA000301, 0x00000003DAC00303, 0x00000803DA800309, 0x00000003C9800301,
  0x0000000045800304, 0x00000803C9C00308, 0x0000080045400304, 0x000008003FC00301, 0x000000003B600300, 0x000000003AE00301, 0x000000003AA00304, 0x000008003B20030C, 0x00000003D4E00300, 0x00000003D4A00301,
  0x00000003D5600303, 0x00000803D5200309, 0x000008003BE00304, 0x000008003F600301, 0x000000003FA00301, 0x000008003C600304, 0x00000803C1200301, 0x00000003D8200300, 0x00000003D7E00301, 0x00000003D8A00303,
  0x00000803D8600309, 0x00000803C5E00301, 0x00000003DA600300, 0x00000003DA200301, 0x00000003DAE00303, 0x00000803DAA00309, 0x00000003C9A00301, 0x0000000045A00304, 0x00000803C9E00308, 0x0000080045600304,
  0x000008003FE00301, 0x000000003B800300, 0x000000003B000301, 0x000000003AC00304, 0x000008003B40030C, 0x00000003D6000300, 0x00000003D5C00301, 0x00000003D6800303, 0x00000803D6400309, 0x00000003D6200300,
  0x00000003D5E00301, 0x00000003D6A00303, 0x00000803D6600309, 0x00000003C2800300, 0x00000803C2C00301, 0x00000003C2A00300, 0x00000803C2E00301, 0x00000003CA000300, 0x00000803CA400301, 0x00000003CA200300,
  0x00000803CA600301, 0x00000803CC800307, 0x00000803CCA00307, 0x00000803CCC00307, 0x00000803CCE00307, 0x00000803CF000301, 0x00000803CF200301, 0x00000803CF400308, 0x00000803CF600308, 0x00000803D3600307,
  0x00000003DB800300, 0x00000003DB400301, 0x00000003DC000303, 0x00000003DBC00309, 0x00000803DC400323, 0x00000003DBA00300, 0x00000003DB600301, 0x00000003DC200303, 0x00000003DBE00309, 0x00000803DC600323,
  0x00000003DD400300, 0x00000003DD000301, 0x00000003DDC00303, 0x00000003DD800309, 0x00000803DE000323, 0x00000003DD600300, 0x00000003DD200301, 0x00000003DDE00303, 0x00000003DDA00309, 0x00000803DE200323,
  0x000008003DC0030C, 0x000008003D800304, 0x000008003DA00304, 0x00000C003C000304, 0x00000C003C200304, 0x00000803C3800306, 0x00000803C3A00306, 0x0000080046000304, 0x0000080046200304, 0x00000C003DE0030C,
  0x00000003F7400300, 0x0000040070C00301, 0x00000003F7200304, 0x00000003F7000306, 0x00000403E1000313, 0x00000403E1200314, 0x00000803F7800345, 0x00000003F9000300, 0x0000040071000301, 0x00000403E3000313,
  0x00000C03E3200314, 0x00000003F9400300, 0x0000040071200301, 0x00000403E5000313, 0x00000403E5200314, 0x00000803F9800345, 0x00000003FB400300, 0x0000040071400301, 0x00000003FB200304, 0x00000003FB000306,
  0x0000000075400308, 0x00000403E7000313, 0x00000C03E7200314, 0x00000003FF000300, 0x0000040071800301, 0x00000403E9000313, 0x00000C03E9200314, 0x00000803FD800314, 0x00000003FD400300, 0x0000040071C00301,
  0x00000003FD200304, 0x00000003FD000306, 0x0000000075600308, 0x00000C03EB200314, 0x00000003FF400300, 0x0000040071E00301, 0x00000403ED000313, 0x00000403ED200314, 0x00000803FF800345, 0x00000803F6800345,
  0x00000803F8800345, 0x00000403EE000300, 0x0000040075800301, 0x00000003F6200304, 0x00000003F6000306, 0x00000403E0000313, 0x00000403E0200314, 0x00000403F6C00342, 0x00000803F6600345, 0x00000003EE400300,
  0x0000040075A00301, 0x00000403E2000313, 0x00000C03E2200314, 0x00000403EE800300, 0x0000040075C00301, 0x00000403E4000313, 0x00000403E4200314, 0x00000403F8C00342, 0x00000803F8600345, 0x00000003EEC00300,
  0x0000040075E00301, 0x00000003FA200304, 0x00000003FA000306, 0x0000040079400308, 0x00000403E6000313, 0x00000403E6200314, 0x00000803FAC00342, 0x00000003EF000300, 0x0000000079800301, 0x00000403E8000313,
  0x00000C03E8200314, 0x00000003FC800313, 0x00000803FCA00314, 0x00000003EF400300, 0x0000000079A00301, 0x00000003FC200304, 0x00000003FC000306, 0x0000040079600308, 0x00000403EA000313, 0x00000403EA200314,
  0x00000803FCC00342, 0x00000403EF800300, 0x0000040079C00301, 0x00000403EC000313, 0x00000403EC200314, 0x00000403FEC00342, 0x00000803FE600345, 0x00000003FA400300, 0x0000040072000301, 0x00000803FAE00342,
  0x00000003FC400300, 0x0000040076000301, 0x00000803FCE00342, 0x00000803FE800345, 0x000000007A600301, 0x000008007A800308, 0x0000080080E00308, 0x000000009A000306, 0x000008009A400308, 0x00000C0080600301,
  0x0000040080000300, 0x000000009AC00306, 0x00000C0080200308, 0x0000000098200306, 0x000008009B800308, 0x000008009BC00308, 0x0000040081A00300, 0x000000009C400304, 0x0000000083200306, 0x000008009C800308,
  0x00000C0081800301, 0x000008009CC00308, 0x000000009DC00304, 0x0000040081C00306, 0x000000009E000308, 0x000008009E40030B, 0x000008009E800308, 0x000008009F000308, 0x000008009D800308, 0x000000009A200306,
  0x000008009A600308, 0x000008008A600301, 0x000000008A000300, 0x000000009AE00306, 0x000008008A200308, 0x0000000098400306, 0x000008009BA00308, 0x000008009BE00308, 0x000000008BA00300, 0x000000009C600304,
  0x0000000087200306, 0x000008009CA00308, 0x000008008B800301, 0x000008009CE00308, 0x000000009DE00304, 0x000000008BC00306, 0x000000009E200308, 0x000008009E60030B, 0x000008009EA00308, 0x000008009F200308,
  0x000008009DA00308, 0x000008008AE00308, 0x000008008EC0030F, 0x000008008EE0030F, 0x000008009B400308, 0x000008009B600308, 0x000008009D400308, 0x000008009D600308, 0x00000400C4400653, 0x00000400C4600654,
  0x00000C00C4A00655, 0x00000C00C4800654, 0x00000C00C4C00654, 0x00000800D8400654, 0x00000800DA600654, 0x00000C00D8000654, 0x000008012520093C, 0x000008012620093C, 0x000008012680093C, 0x00000001396009BE,
  0x00000801398009D7, 0x0000000169600B3E, 0x0000000169000B56, 0x0000080169800B57, 0x0000080172800BD7, 0x0000000179400BBE, 0x0000080179800BD7, 0x0000080179600BBE, 0x0000080189000C56, 0x0000080198000CD5,
  0x0000040199400CC2, 0x0000000198E00CD5, 0x0000080199000CD6, 0x0000080199600CD5, 0x00000001A9400D3E, 0x00000801A9800D57, 0x00000801A9600D3E, 0x00000001BB400DCA, 0x00000401BB800DCF, 0x00000801BBC00DDF,
  0x00000801BBA00DCA, 0x0000080204C0102E, 0x0000080360C01B35, 0x0000080361001B35, 0x0000080361401B35, 0x0000080361801B35, 0x0000080361C01B35, 0x0000080362401B35, 0x0000080367601B35, 0x0000080367A01B35,
  0x0000080368001B35, 0x0000080368201B35, 0x0000080368601B35, 0x00000803C7000304, 0x00000803C7200304, 0x00000803CB800304, 0x00000803CBA00304, 0x00000803CD000307, 0x00000803CD200307, 0x00000003D5800302,
  0x00000803D6C00306, 0x00000003D5A00302, 0x00000803D6E00306, 0x00000803D8C00302, 0x00000803D8E00302, 0x00000803DB000302, 0x00000803DB200302, 0x00000403E0400300, 0x00000403E0800301, 0x00000403E0C00342,
  0x00000803F0000345, 0x00000403E0600300, 0x00000403E0A00301, 0x00000403E0E00342, 0x00000803F0200345, 0x00000803F0400345, 0x00000803F0600345, 0x00000803F0800345, 0x00000803F0A00345, 0x00000803F0C00345,
  0x00000803F0E00345, 0x00000403E1400300, 0x00000403E1800301, 0x00000403E1C00342, 0x00000803F1000345, 0x00000403E1600300, 0x00000403E1A00301, 0x00000403E1E00342, 0x00000803F1200345, 0x00000803F1400345,
  0x00000803F1600345, 0x00000803F1800345, 0x00000803F1A00345, 0x00000803F1C00345, 0x00000803F1E00345, 0x00000003E2400300, 0x00000803E2800301, 0x00000003E2600300, 0x00000803E2A00301, 0x00000003E3400300,
  0x00000803E3800301, 0x00000003E3600300, 0x00000803E3A00301, 0x00000403E4400300, 0x00000403E4800301, 0x00000403E4C00342, 0x00000803F2000345, 0x00000403E4600300, 0x00000403E4A00301, 0x00000403E4E00342,
  0x00000803F2200345, 0x00000803F2400345, 0x00000803F2600345, 0x00000803F2800345, 0x00000803F2A00345, 0x00000803F2C00345, 0x00000803F2E00345, 0x00000403E5400300, 0x00000403E5800301, 0x00000403E5C00342,
  0x00000803F3000345, 0x00000403E5600300, 0x00000403E5A00301, 0x00000403E5E00342, 0x00000803F3200345, 0x00000803F3400345, 0x00000803F3600345, 0x00000803F3800345, 0x00000803F3A00345, 0x00000803F3C00345,
  0x00000803F3E00345, 0x00000003E6400300, 0x00000003E6800301, 0x00000803E6C00342, 0x00000003E6600300, 0x00000003E6A00301, 0x00000803E6E00342, 0x00000003E7400300, 0x00000003E7800301, 0x00000803E7C00342,
  0x00000003E7600300, 0x00000003E7A00301, 0x00000803E7E00342, 0x00000003E8400300, 0x00000803E8800301, 0x00000003E8600300, 0x00000803E8A00301, 0x00000003E9400300, 0x00000803E9800301, 0x00000003E9600300,
  0x00000803E9A00301, 0x00000003EA400300, 0x00000003EA800301, 0x00000803EAC00342, 0x00000003EA600300, 0x00000003EAA00301, 0x00000803EAE00342, 0x00000003EB600300, 0x00000003EBA00301, 0x00000803EBE00342,
  0x00000403EC400300, 0x00000403EC800301, 0x00000403ECC00342, 0x00000803F4000345, 0x00000403EC600300, 0x00000403ECA00301, 0x00000403ECE00342, 0x00000803F4200345, 0x00000803F4400345, 0x00000803F4600345,
  0x00000803F4800345, 0x00000803F4A00345, 0x00000803F4C00345, 0x00000803F4E00345, 0x00000403ED400300, 0x00000403ED800301, 0x00000403EDC00342, 0x00000803F5000345, 0x00000403ED600300, 0x00000403EDA00301,
  0x00000403EDE00342, 0x00000803F5200345, 0x00000803F5400345, 0x00000803F5600345, 0x00000803F5800345, 0x00000803F5A00345, 0x00000803F5C00345, 0x00000803F5E00345, 0x00000803F6400345, 0x00000803F8400345,
  0x00000803FE400345, 0x00000803F6E00345, 0x00000003F9A00300, 0x00000003F9C00301, 0x00000803F9E00342, 0x00000803F8E00345, 0x00000803FEE00345, 0x00000403FBA00300, 0x00000403FBC00301, 0x00000C03FBE00342,
  0x0000080433400338, 0x0000080433600338, 0x0000080435C00338, 0x00000C0439A00338, 0x00000C0439E00338, 0x00000C0439C00338, 0x0000080440800338, 0x0000080441200338, 0x0000080441800338, 0x0000080444800338,
  0x0000080444C00338, 0x0000080448200338, 0x0000080448800338, 0x0000080448E00338, 0x0000080449200338, 0x000008044DA00338, 0x000008044C400338, 0x000008044E000338, 0x000008044E200338, 0x000008044E800338,
  0x000008044EA00338, 0x000008044F000338, 0x000008044F200338, 0x0000080450000338, 0x0000080450200338, 0x000008045C000338, 0x000008045C200338, 0x0000080450800338, 0x0000080450A00338, 0x0000080451000338,
  0x0000080451200338, 0x000008045C400338, 0x000008045C600338, 0x0000080455800338, 0x0000080455A00338, 0x0000080455C00338, 0x0000080455E00338, 0x000008045D400338, 0x000008045D600338, 0x000008045D800338,
  0x000008045DA00338, 0x0000080612803099, 0x0000080609803099, 0x0000080609C03099, 0x000008060A003099, 0x000008060A403099, 0x000008060A803099, 0x000008060AC03099, 0x000008060B003099, 0x000008060B403099,
  0x000008060B803099, 0x000008060BC03099, 0x000008060C003099, 0x000008060C403099, 0x000008060CA03099, 0x000008060CE03099, 0x000008060D203099, 0x000000060E003099, 0x000008060E20309A, 0x000000060E603099,
  0x000008060E80309A, 0x000000060EC03099, 0x000008060EE0309A, 0x000000060F203099, 0x000008060F40309A, 0x000000060F803099, 0x000008060FA0309A, 0x0000080613C03099, 0x000008061E803099, 0x0000080615803099,
  0x0000080615C03099, 0x0000080616003099, 0x0000080616403099, 0x0000080616803099, 0x0000080616C03099, 0x0000080617003099, 0x0000080617403099, 0x0000080617803099, 0x0000080617C03099, 0x0000080618003099,
  0x0000080618403099, 0x0000080618A03099, 0x0000080618E03099, 0x0000080619203099, 0x000000061A003099, 0x000008061A20309A, 0x000000061A603099, 0x000008061A80309A, 0x000000061AC03099, 0x000008061AE0309A,
  0x000000061B203099, 0x000008061B40309A, 0x000000061B803099, 0x000008061BA0309A, 0x000008061EE03099, 0x000008061F003099, 0x000008061F203099, 0x000008061F403099, 0x000008061FC03099, 0x00000C20B9200307,
  0x00000820BC800307, 0x00000822134110BA, 0x00000822138110BA, 0x00000822156110BA, 0x00000C2225C11127, 0x00000C2225E11127, 0x000000226961133E, 0x0000082269811357, 0x00000822706113C9, 0x0000082270A113BB,
  0x0000082271C113C2, 0x00000822722113C9, 0x0000002278E113B8, 0x0000002278A113C2, 0x00000822790113C9, 0x00000022978114B0, 0x00000022976114BA, 0x0000082297C114BD, 0x00000822B74115AF, 0x00000822B76115AF,
  0x0000082327011930, 0x0000042C2421611E, 0x0000002C2461611F, 0x0000002C24A16120, 0x00000C2C24416129, 0x0000002C24C1611F, 0x0000082C25016120, 0x0000082C24E1611F, 0x00000C2C2481611F, 0x00000C2DAD216D67,
  0x0000082DAD016D67, 0x0000082DAD416D67,
};
} // namespace nfc
namespace nfkc {

const uint16_t trie_index[1024] = {
  0x0000, 0x003F, 0x007A, 0x00BA, 0x00F9, 0x0138, 0x0178, 0x01B4, 0x01EC, 0x0220,
  0x024E, 0x0287, 0x02C7, 0x0307, 0x0346, 0x0386, 0x03C6, 0x0405, 0x0442, 0x0481,
  0x0220, 0x0220, 0x04BB, 0x04FB, 0x052B, 0x0563, 0x0220, 0x05A3, 0x05D2, 0x0611,
  0x0220, 0x0626, 0x0664, 0x0692, 0x06BB, 0x06F1, 0x0731, 0x076E, 0x078E, 0x07CD,
  0x080C, 0x0849, 0x0868, 0x08A5, 0x078E, 0x08DE, 0x090C, 0x094B, 0x0868, 0x0985,
  0x099C, 0x09DC, 0x09F3, 0x0A32, 0x0220, 0x0A68, 0x0A88, 0x0AC3, 0x0AD0, 0x0B0B,
  0x0B3F, 0x0B7C, 0x0BBC, 0x0BF6, 0x0C11, 0x0220, 0x0C4C, 0x0C5A, 0x0220, 0x0C97,
  0x0CCD, 0x0D0A, 0x0220, 0x0220, 0x0220, 0x0220, 0x0220, 0x0D2D, 0x0220, 0x0220,
  0x0220, 0x0220, 0x0220, 0x0220, 0x0220, 0x0220, 0x0220, 0x0220, 0x0220, 0x0220,
  0x0220, 0x0220, 0x0D59, 0x0220, 0x0220, 0x0D8E, 0x0220, 0x0220, 0x0DAC, 0x0220,
  0x0DD6, 0x0220, 0x0220, 0x0220, 0x0E12, 0x0E32, 0x0E72, 0x0EB1, 0x0EEC, 0x0F2C,
  0x0F60, 0x0F8C, 0x086D, 0x0220, 0x0220, 0x0FC0, 0x0FFA, 0x1038, 0x1071, 0x10B1,
  0x10F1, 0x1129, 0x114F, 0x1189, 0x11C9, 0x1209, 0x1249, 0x1289, 0x12C9, 0x1308,
  0x1348, 0x1378, 0x13B8, 0x13F7, 0x1437, 0x146A, 0x14A7, 0x14E6, 0x1526, 0x155C,
  0x158A, 0x0220, 0x0220, 0x0220, 0x0220, 0x15B5, 0x15DE, 0x1618, 0x0220, 0x0220,
  0x0220, 0x0220, 0x0220, 0x0220, 0x0220, 0x0220, 0x0220, 0x0220, 0x0220, 0x0220,
  0x0220, 0x0220, 0x0220, 0x0220, 0x0220, 0x0220, 0x0220, 0x0220, 0x164C, 0x1659,
  0x0220, 0x1690, 0x0220, 0x0220, 0x0220, 0x0220, 0x0220, 0x16AD, 0x0220, 0x0D1B,
  0x0220, 0x16EB, 0x0220, 0x172B, 0x0220, 0x0220, 0x0C77, 0x0C63, 0x176B, 0x176B,
  0x176B, 0x1795, 0x17D5, 0x1810, 0x184E, 0x188E, 0x18CE, 0x190E, 0x193F, 0x0220,
  0x197F, 0x19BB, 0x19FB, 0x1A2C, 0x15DE, 0x15DE, 0x15DE, 0x15DE, 0x0220, 0x0220,
  0x0220, 0x0220, 0x0220, 0x0220, 0x0220, 0x0220, 0x0220, 0x0220, 0x0220, 0x0220,
  0x0220, 0x0220, 0x0220, 0x0220, 0x0220, 0x0220, 0x0220, 0x0220, 0x0220, 0x0220,
  0x0220, 0x0220, 0x0220, 0x0220, 0x0220, 0x0220, 0x0220, 0x0220, 0x0220, 0x0220,
  0x0220, 0x0220, 0x0220, 0x0220, 0x0220, 0x0220, 0x0220, 0x0220, 0x0220, 0x0220,
  0x0220, 0x0220, 0x0220, 0x0220, 0x0220, 0x0220, 0x0220, 0x0220, 0x0220, 0x0220,
  0x0220, 0x0220, 0x0220, 0x0220, 0x0220, 0x0220, 0x0220, 0x0220, 0x0220, 0x0220,
  0x0220, 0x0220, 0x0220, 0x0220, 0x0220, 0x0220, 0x0220, 0x0220, 0x0220, 0x0220,
  0x0220, 0x0220, 0x0220, 0x0220, 0x0220, 0x0220, 0x0220, 0x0220, 0x0220, 0x0220,
  0x0220, 0x0220, 0x0220, 0x0220, 0x0220, 0x0220, 0x0220, 0x0220, 0x0220, 0x0220,
  0x0220, 0x0220, 0x0220, 0x0220, 0x0220, 0x0220, 0x0220, 0x0220, 0x0220, 0x0220,
  0x0220, 0x0220, 0x0220, 0x0220, 0x0220, 0x0220, 0x0220, 0x0220, 0x0220, 0x0220,
  0x0220, 0x0220, 0x0220, 0x0220, 0x0220, 0x0220, 0x0220, 0x0220, 0x0220, 0x0220,
  0x0220, 0x0220, 0x0220, 0x0220, 0x0220, 0x0220, 0x0220, 0x0220, 0x0220, 0x0220,
  0x0220, 0x0220, 0x0220, 0x0220, 0x0220, 0x0220, 0x0220, 0x0220, 0x0220, 0x0220,
  0x0220, 0x0220, 0x0220, 0x0220, 0x0220, 0x0220, 0x0220, 0x0220, 0x0220, 0x0220,
  0x0220, 0x0220, 0x0220, 0x0220, 0x0220, 0x0220, 0x0220, 0x0220, 0x0220, 0x0220,
  0x0220, 0x0220, 0x0220, 0x0220, 0x0220, 0x0220, 0x0220, 0x0220, 0x0220, 0x0220,
  0x0220, 0x0220, 0x0220, 0x0220, 0x0220, 0x0220, 0x0220, 0x0220, 0x0220, 0x0220,
  0x0220, 0x0220, 0x0220, 0x0220, 0x0220, 0x0220, 0x0220, 0x0220, 0x0220, 0x0220,
  0x0220, 0x0220, 0x0220, 0x0220, 0x0220, 0x0220, 0x0220, 0x0220, 0x0220, 0x0220,
  0x0220, 0x0220, 0x0220, 0x0220, 0x0220, 0x0220, 0x0220, 0x0220, 0x0220, 0x0220,
  0x0220, 0x0220, 0x0220, 0x0220, 0x0220, 0x0220, 0x0220, 0x0220, 0x0220, 0x0220,
  0x0220, 0x0220, 0x0220, 0x0220, 0x0220, 0x0220, 0x0220, 0x0220, 0x0220, 0x0220,
  0x0220, 0x0220, 0x0220, 0x0220, 0x0220, 0x0220, 0x0220, 0x0220, 0x0220, 0x0220,
  0x0220, 0x0220, 0x0220, 0x0220, 0x0220, 0x0220, 0x0220, 0x0220, 0x0220, 0x0220,
  0x0220, 0x0220, 0x0220, 0x0220, 0x0220, 0x0220, 0x0220, 0x0220, 0x0220, 0x0220,
  0x0220, 0x0220, 0x0220, 0x0220, 0x0220, 0x0220, 0x0220, 0x0220, 0x0220, 0x0220,
  0x0220, 0x0220, 0x0220, 0x0220, 0x0220, 0x0220, 0x0220, 0x0220, 0x0220, 0x0220,
  0x0220, 0x0220, 0x0220, 0x0220, 0x0220, 0x0220, 0x0220, 0x0220, 0x0220, 0x0220,
  0x0220, 0x0220, 0x0220, 0x0220, 0x0220, 0x0220, 0x0220, 0x0220, 0x0220, 0x0220,
  0x0220, 0x0220, 0x0220, 0x0220, 0x0220, 0x0220, 0x0220, 0x0220, 0x0220, 0x0220,
  0x0220, 0x0220, 0x0220, 0x0220, 0x0220, 0x0220, 0x0220, 0x0220, 0x0220, 0x0220,
  0x0220, 0x0220, 0x0220, 0x0220, 0x0220, 0x0220, 0x0220, 0x0220, 0x0220, 0x0220,
  0x0220, 0x0220, 0x0220, 0x0220, 0x0220, 0x0220, 0x0220, 0x0220, 0x0220, 0x0220,
  0x0220, 0x0220, 0x0220, 0x0220, 0x0220, 0x0220, 0x0220, 0x0220, 0x0220, 0x0220,
  0x0220, 0x0220, 0x0220, 0x0220, 0x0220, 0x0220, 0x0220, 0x0220, 0x0220, 0x0220,
  0x0220, 0x0220, 0x0220, 0x0220, 0x0220, 0x0220, 0x0220, 0x0220, 0x0220, 0x0220,
  0x0220, 0x0220, 0x0220, 0x0220, 0x0220, 0x0220, 0x0220, 0x0220, 0x0220, 0x0220,
  0x0220, 0x0220, 0x0220, 0x0220, 0x0220, 0x0220, 0x0220, 0x0220, 0x0220, 0x0220,
  0x0220, 0x0220, 0x0220, 0x0220, 0x0220, 0x0220, 0x0220, 0x0220, 0x0220, 0x0220,
  0x0220, 0x0220, 0x0220, 0x0220, 0x0220, 0x0220, 0x0220, 0x0220, 0x0220, 0x0220,
  0x0220, 0x0220, 0x0220, 0x0220, 0x0220, 0x0220, 0x0220, 0x0220, 0x0220, 0x0220,
  0x0220, 0x0220, 0x0220, 0x0220, 0x0220, 0x0220, 0x0220, 0x0220, 0x0220, 0x0220,
  0x0220, 0x0220, 0x0220, 0x0220, 0x0220, 0x0220, 0x0220, 0x0220, 0x0220, 0x0220,
  0x0220, 0x0220, 0x0220, 0x0220, 0x0220, 0x0220, 0x0220, 0x0220, 0x0220, 0x0220,
  0x0220, 0x0220, 0x0220, 0x0220, 0x0220, 0x1A6C, 0x1AAA, 0x1ACA, 0x0220, 0x0C66,
  0x0220, 0x1AFC, 0x1B36, 0x0220, 0x0220, 0x1B5E, 0x1B90, 0x1BBE, 0x0871, 0x1BD1,
  0x0220, 0x0220, 0x1BE1, 0x1C21, 0x0220, 0x1C58, 0x0220, 0x1C2A, 0x1C98, 0x1C98,
  0x1C98, 0x1C98, 0x1C98, 0x1C98, 0x1C98, 0x1C98, 0x1C98, 0x1C98, 0x1C98, 0x1C98,
  0x1C98, 0x1C98, 0x1C98, 0x1C98, 0x1C98, 0x1C98, 0x1C98, 0x1C98, 0x1C98, 0x1C98,
  0x1C98, 0x1C98, 0x1C98, 0x1C98, 0x1C98, 0x1C98, 0x1C98, 0x1C98, 0x1C98, 0x1C98,
  0x1C98, 0x1C98, 0x1C98, 0x1C98, 0x1C98, 0x1C98, 0x1C98, 0x1C98, 0x1C98, 0x1C98,
  0x1C98, 0x1C98, 0x1C98, 0x1C98, 0x1C98, 0x1C98, 0x1C98, 0x1C98, 0x1C98, 0x1C98,
  0x1C98, 0x1C98, 0x1C98, 0x1C98, 0x1C98, 0x1C98, 0x1C98, 0x1C98, 0x1C98, 0x1C98,
  0x1C98, 0x1C98, 0x1C98, 0x1C98, 0x1C98, 0x1C98, 0x1C98, 0x1C98, 0x1C98, 0x1C98,
  0x1C98, 0x1C98, 0x1C98, 0x1C98, 0x1C98, 0x1C98, 0x1C98, 0x1C98, 0x1C98, 0x1C98,
  0x1C98, 0x1C98, 0x1C98, 0x1C98, 0x1C98, 0x1C98, 0x1C98, 0x1C98, 0x1C98, 0x1C98,
  0x1C98, 0x1C98, 0x1C98, 0x1C98, 0x1C98, 0x1C98, 0x1C98, 0x1C98, 0x1C98, 0x1C98,
  0x1C98, 0x1C98, 0x1C98, 0x1C98, 0x1C98, 0x1C98, 0x1C98, 0x1C98, 0x1C98, 0x1C98,
  0x1C98, 0x1C98, 0x1C98, 0x1C98, 0x1C98, 0x1C98, 0x1C98, 0x1C98, 0x1C98, 0x1C98,
  0x1C98, 0x1C98, 0x1C98, 0x1C98, 0x1C98, 0x1C98, 0x1C98, 0x1C98, 0x1C98, 0x1C98,
  0x1C98, 0x1C98, 0x1C98, 0x1C98, 0x1C98, 0x1C98, 0x1C98, 0x1C98, 0x1C98, 0x1C98,
  0x1C98, 0x1C98, 0x1C98, 0x1C98, 0x1C98, 0x1C98, 0x1C98, 0x1C98, 0x1C98, 0x1C98,
  0x1C98, 0x1C98, 0x1C98, 0x1C98, 0x1C98, 0x1C98, 0x1C98, 0x1C98, 0x1C98, 0x1C98,
  0x1C98, 0x1C98, 0x1C98, 0x1C98, 0x1C98, 0x1C98, 0x1C98, 0x1C98, 0x1C98, 0x1C98,
  0x1C98, 0x1C98, 0x1CB4, 0x0220, 0x0220, 0x0220, 0x0220, 0x0220, 0x0220, 0x0220,
  0x0220, 0x0220, 0x0220, 0x0220, 0x0220, 0x0220, 0x0220, 0x0220, 0x0220, 0x0220,
  0x0220, 0x0220, 0x0220, 0x0220, 0x0220, 0x0220, 0x0220, 0x0220, 0x0220, 0x0220,
  0x0220, 0x0220, 0x0220, 0x0220, 0x0220, 0x0220, 0x0220, 0x0220, 0x0220, 0x0220,
  0x0220, 0x0220, 0x0220, 0x0220, 0x0220, 0x0220, 0x0220, 0x0220, 0x0220, 0x0220,
  0x0220, 0x0220, 0x0220, 0x0220, 0x0220, 0x0220, 0x0220, 0x0220, 0x0220, 0x0220,
  0x0220, 0x0220, 0x0220, 0x0220, 0x0220, 0x0220, 0x0220, 0x0220, 0x0220, 0x0220,
  0x0220, 0x0220, 0x0220, 0x0220, 0x0220, 0x0220, 0x0220, 0x0220, 0x0220, 0x0220,
  0x0220, 0x0220, 0x0220, 0x0220, 0x0220, 0x0220, 0x0220, 0x0220, 0x0220, 0x0220,
  0x0220, 0x0220, 0x0220, 0x0220, 0x0220, 0x0220, 0x0220, 0x0220, 0x0220, 0x0220,
  0x0220, 0x0220, 0x0220, 0x0220, 0x0220, 0x0220, 0x0220, 0x0220, 0x0220, 0x0220,
  0x0220, 0x0220, 0x0220, 0x0220, 0x0220, 0x0220, 0x0220, 0x0220, 0x0220, 0x0220,
  0x0220, 0x0220, 0x0220, 0x0220, 0x0220, 0x0220, 0x0220, 0x0220, 0x0220, 0x0220,
  0x0220, 0x0220, 0x0220, 0x0220, 0x0220, 0x0220, 0x176B, 0x176B, 0x176B, 0x176B,
  0x1CF4, 0x1D1E, 0x176B, 0x1791, 0x1D5E, 0x1D9E, 0x1DBA, 0x1DEC, 0x15DE, 0x15DE,
  0x15DE, 0x15DE, 0x1E2C, 0x1E6A, 0x1E9A, 0x1ED2, 0x1F0F, 0x1F4A, 0x1F8A, 0x1F9D,
  0x1FDC, 0x1FFC, 0x2037, 0x2076,
};

const uint16_t trie_index1[512] = {
  0x0000, 0x001F, 0x003E, 0x005E, 0x007C, 0x007C, 0x007C, 0x007C, 0x007C, 0x007C,
  0x007C, 0x007C, 0x0098, 0x00AD, 0x007C, 0x007C, 0x007C, 0x007C, 0x007C, 0x007C,
  0x007C, 0x007C, 0x007C, 0x00CD, 0x007C, 0x00E0, 0x00FB, 0x007C, 0x011B, 0x0138,
  0x0154, 0x0165, 0x007C, 0x007C, 0x007C, 0x007C, 0x007C, 0x007C, 0x007C, 0x007C,
  0x007C, 0x007C, 0x007C, 0x007C, 0x007C, 0x007C, 0x007C, 0x007C, 0x007C, 0x007C,
  0x007C, 0x007C, 0x007C, 0x007C, 0x007C, 0x007C, 0x007C, 0x007C, 0x007C, 0x007C,
  0x007C, 0x007C, 0x007C, 0x0185, 0x007C, 0x007C, 0x007C, 0x007C, 0x007C, 0x007C,
  0x007C, 0x007C, 0x007C, 0x007C, 0x007C, 0x007C, 0x007C, 0x007C, 0x007C, 0x007C,
  0x007C, 0x007C, 0x007C, 0x007C, 0x007C, 0x007C, 0x007C, 0x007C, 0x007C, 0x007C,
  0x007C, 0x007C, 0x007C, 0x007C, 0x007C, 0x007C, 0x007C, 0x007C, 0x007C, 0x007C,
  0x007C, 0x007C, 0x007C, 0x007C, 0x007C, 0x007C, 0x007C, 0x007C, 0x007C, 0x007C,
  0x007C, 0x007C, 0x007C, 0x007C, 0x007C, 0x007C, 0x007C, 0x007C, 0x007C, 0x007C,
  0x007C, 0x007C, 0x007C, 0x007C, 0x007C, 0x007C, 0x007C, 0x007C, 0x007C, 0x007C,
  0x007C, 0x007C, 0x007C, 0x007C, 0x007C, 0x007C, 0x007C, 0x007C, 0x007C, 0x007C,
  0x007C, 0x007C, 0x007C, 0x007C, 0x007C, 0x007C, 0x007C, 0x007C, 0x007C, 0x007C,
  0x007C, 0x007C, 0x007C, 0x007C, 0x007C, 0x007C, 0x007C, 0x007C, 0x007C, 0x007C,
  0x007C, 0x007C, 0x007C, 0x007C, 0x007C, 0x007C, 0x007C, 0x007C, 0x007C, 0x007C,
  0x007C, 0x007C, 0x007C, 0x007C, 0x007C, 0x007C, 0x007C, 0x007C, 0x007C, 0x007C,
  0x007C, 0x007C, 0x007C, 0x007C, 0x007C, 0x007C, 0x007C, 0x007C, 0x007C, 0x007C,
  0x007C, 0x007C, 0x007C, 0x007C, 0x007C, 0x007C, 0x007C, 0x007C, 0x007C, 0x007C,
  0x007C, 0x007C, 0x007C, 0x007C, 0x007C, 0x007C, 0x007C, 0x007C, 0x007C, 0x007C,
  0x007C, 0x007C, 0x007C, 0x007C, 0x007C, 0x007C, 0x007C, 0x007C, 0x007C, 0x007C,
  0x007C, 0x007C, 0x007C, 0x007C, 0x007C, 0x007C, 0x007C, 0x007C, 0x007C, 0x007C,
  0x007C, 0x007C, 0x007C, 0x007C, 0x007C, 0x007C, 0x007C, 0x007C, 0x007C, 0x007C,
  0x007C, 0x007C, 0x007C, 0x007C, 0x007C, 0x007C, 0x007C, 0x007C, 0x007C, 0x007C,
  0x007C, 0x007C, 0x007C, 0x007C, 0x007C, 0x007C, 0x007C, 0x007C, 0x007C, 0x007C,
  0x007C, 0x007C, 0x007C, 0x007C, 0x007C, 0x007C, 0x007C, 0x007C, 0x007C, 0x007C,
  0x007C, 0x007C, 0x007C, 0x007C, 0x007C, 0x007C, 0x007C, 0x007C, 0x007C, 0x007C,
  0x007C, 0x007C, 0x007C, 0x007C, 0x007C, 0x007C, 0x007C, 0x007C, 0x007C, 0x007C,
  0x007C, 0x007C, 0x007C, 0x007C, 0x007C, 0x007C, 0x007C, 0x007C, 0x007C, 0x007C,
  0x007C, 0x007C, 0x007C, 0x007C, 0x007C, 0x007C, 0x007C, 0x007C, 0x007C, 0x007C,
  0x007C, 0x007C, 0x007C, 0x007C, 0x007C, 0x007C, 0x007C, 0x007C, 0x007C, 0x007C,
  0x007C, 0x007C, 0x007C, 0x007C, 0x007C, 0x007C, 0x007C, 0x007C, 0x007C, 0x007C,
  0x007C, 0x007C, 0x007C, 0x007C, 0x007C, 0x007C, 0x007C, 0x007C, 0x007C, 0x007C,
  0x007C, 0x007C, 0x007C, 0x007C, 0x007C, 0x007C, 0x007C, 0x007C, 0x007C, 0x007C,
  0x007C, 0x007C, 0x007C, 0x007C, 0x007C, 0x007C, 0x007C, 0x007C, 0x007C, 0x007C,
  0x007C, 0x007C, 0x007C, 0x007C, 0x007C, 0x007C, 0x007C, 0x007C, 0x007C, 0x007C,
  0x007C, 0x007C, 0x007C, 0x007C, 0x007C, 0x007C, 0x007C, 0x007C, 0x007C, 0x007C,
  0x007C, 0x007C, 0x007C, 0x007C, 0x007C, 0x007C, 0x007C, 0x007C, 0x007C, 0x007C,
  0x007C, 0x007C, 0x007C, 0x007C, 0x007C, 0x007C, 0x007C, 0x007C, 0x007C, 0x007C,
  0x007C, 0x007C, 0x007C, 0x007C, 0x007C, 0x007C, 0x007C, 0x007C, 0x007C, 0x007C,
  0x007C, 0x007C, 0x007C, 0x007C, 0x007C, 0x007C, 0x007C, 0x007C, 0x007C, 0x007C,
  0x007C, 0x007C, 0x007C, 0x007C, 0x007C, 0x007C, 0x007C, 0x007C, 0x007C, 0x007C,
  0x007C, 0x007C, 0x007C, 0x007C, 0x007C, 0x007C, 0x007C, 0x007C, 0x007C, 0x007C,
  0x007C, 0x007C, 0x007C, 0x007C, 0x007C, 0x007C, 0x007C, 0x007C, 0x007C, 0x007C,
  0x007C, 0x007C, 0x007C, 0x007C, 0x007C, 0x007C, 0x007C, 0x007C, 0x007C, 0x007C,
  0x007C, 0x007C, 0x007C, 0x007C, 0x007C, 0x007C, 0x007C, 0x007C, 0x007C, 0x007C,
  0x007C, 0x007C, 0x007C, 0x007C, 0x007C, 0x007C, 0x007C, 0x007C, 0x007C, 0x007C,
  0x007C, 0x007C, 0x007C, 0x007C, 0x007C, 0x007C, 0x007C, 0x007C, 0x007C, 0x007C,
  0x007C, 0x007C, 0x007C, 0x007C, 0x007C, 0x007C, 0x007C, 0x007C, 0x007C, 0x007C,
  0x007C, 0x007C, 0x007C, 0x007C, 0x007C, 0x007C, 0x007C, 0x007C, 0x007C, 0x007C,
  0x007C, 0x007C,
};

const uint16_t trie_index2[421] = {
  0x0220, 0x0220, 0x0220, 0x0220, 0x0220, 0x0220, 0x0220, 0x20A5, 0x0220, 0x0220,
  0x0220, 0x20C2, 0x0220, 0x20E3, 0x0220, 0x0220, 0x0220, 0x0220, 0x0220, 0x0220,
  0x0220, 0x0220, 0x0220, 0x211E, 0x0220, 0x0220, 0x0220, 0x0220, 0x0220, 0x0220,
  0x215D, 0x0220, 0x0220, 0x0220, 0x0220, 0x0220, 0x0220, 0x0220, 0x0220, 0x2198,
  0x0220, 0x0220, 0x21D8, 0x0220, 0x0220, 0x0220, 0x0220, 0x0220, 0x0220, 0x0220,
  0x0220, 0x21FF, 0x2227, 0x0220, 0x0220, 0x0220, 0x0220, 0x1ACF, 0x2255, 0x0220,
  0x2295, 0x22D3, 0x0220, 0x230D, 0x234D, 0x0220, 0x238D, 0x0871, 0x0220, 0x23CD,
  0x23D8, 0x0220, 0x0220, 0x240F, 0x243A, 0x2479, 0x24B7, 0x24F5, 0x0220, 0x2533,
  0x2552, 0x2591, 0x0220, 0x0220, 0x25A2, 0x25E2, 0x25E3, 0x0220, 0x25EC, 0x0220,
  0x1C2C, 0x0220, 0x0220, 0x0220, 0x25E9, 0x0220, 0x0220, 0x0220, 0x2624, 0x2663,
  0x0220, 0x22F3, 0x1C23, 0x1BCA, 0x22FA, 0x0220, 0x0220, 0x0220, 0x0220, 0x0220,
  0x25E3, 0x0220, 0x0220, 0x0220, 0x0220, 0x26A1, 0x22FC, 0x0220, 0x0220, 0x0220,
  0x0220, 0x0220, 0x0220, 0x26A4, 0x0220, 0x0220, 0x0220, 0x0220, 0x0220, 0x0220,
  0x0220, 0x0220, 0x0220, 0x0220, 0x0220, 0x0220, 0x0220, 0x0220, 0x0220, 0x0220,
  0x0220, 0x0220, 0x0220, 0x0220, 0x0220, 0x0220, 0x0220, 0x0220, 0x0220, 0x0220,
  0x0220, 0x0220, 0x0220, 0x0220, 0x0220, 0x0220, 0x26C6, 0x0220, 0x0220, 0x0220,
  0x0220, 0x0220, 0x0220, 0x0220, 0x0220, 0x0220, 0x0220, 0x0220, 0x0220, 0x0220,
  0x0220, 0x0220, 0x0220, 0x0220, 0x0220, 0x0220, 0x0220, 0x0220, 0x0220, 0x0220,
  0x0220, 0x0220, 0x0220, 0x0220, 0x26F6, 0x272B, 0x0220, 0x0220, 0x0220, 0x0220,
  0x0220, 0x0220, 0x0220, 0x0220, 0x2762, 0x0220, 0x0220, 0x0220, 0x0220, 0x0220,
  0x0220, 0x0220, 0x0220, 0x0220, 0x278D, 0x0220, 0x0220, 0x0220, 0x0220, 0x0220,
  0x0220, 0x0220, 0x0220, 0x0220, 0x0220, 0x0220, 0x0220, 0x0220, 0x0220, 0x0220,
  0x0220, 0x0220, 0x0220, 0x27BF, 0x0220, 0x0220, 0x0220, 0x0220, 0x0220, 0x0220,
  0x0220, 0x0220, 0x0220, 0x0220, 0x0220, 0x0220, 0x0220, 0x0220, 0x0220, 0x0220,
  0x0220, 0x0220, 0x0220, 0x27E9, 0x0220, 0x0220, 0x0220, 0x0220, 0x0220, 0x0220,
  0x0220, 0x0220, 0x0220, 0x0220, 0x0220, 0x0220, 0x2823, 0x2860, 0x289F, 0x0220,
  0x28DD, 0x0220, 0x0220, 0x0220, 0x0220, 0x0220, 0x0220, 0x291D, 0x2959, 0x297F,
  0x29BC, 0x29F7, 0x2A37, 0x2A5D, 0x2A4F, 0x2A5B, 0x2A4D, 0x2A8D, 0x2ACD, 0x2AD3,
  0x2AD9, 0x2ADF, 0x2B15, 0x2B55, 0x2B90, 0x07FC, 0x0220, 0x272B, 0x0220, 0x0220,
  0x0220, 0x0220, 0x0220, 0x2BBE, 0x2BED, 0x0220, 0x0220, 0x0220, 0x0220, 0x0220,
  0x0220, 0x0220, 0x2C1D, 0x0220, 0x0220, 0x0220, 0x2C4D, 0x0220, 0x0220, 0x0220,
  0x2C7D, 0x0220, 0x0220, 0x0220, 0x0220, 0x2CB3, 0x0220, 0x2CEF, 0x0220, 0x0220,
  0x0220, 0x0220, 0x0220, 0x0220, 0x0220, 0x0220, 0x0220, 0x0220, 0x0220, 0x0220,
  0x0220, 0x0220, 0x0220, 0x0220, 0x0220, 0x0220, 0x2D2F, 0x2D6D, 0x2DAD, 0x0220,
  0x0220, 0x0220, 0x0220, 0x0220, 0x2DED, 0x2E2D, 0x1648, 0x0220, 0x2E6D, 0x2EAD,
  0x0220, 0x0220, 0x0220, 0x0220, 0x0220, 0x0220, 0x0220, 0x0220, 0x0220, 0x0220,
  0x0220, 0x0220, 0x0220, 0x0220, 0x0220, 0x0220, 0x0220, 0x0220, 0x0220, 0x0220,
  0x0220, 0x0220, 0x2EBF, 0x0220, 0x0220, 0x0220, 0x0220, 0x0220, 0x0220, 0x0220,
  0x0220, 0x0220, 0x0220, 0x0220, 0x0220, 0x0220, 0x0220, 0x0220, 0x0220, 0x176B,
  0x176B, 0x176B, 0x176B, 0x176B, 0x176B, 0x176B, 0x176B, 0x178D, 0x0220, 0x0220,
  0x0220, 0x0220, 0x0220, 0x0220, 0x0220, 0x0220, 0x0220, 0x0220, 0x0220, 0x0220,
  0x0220, 0x0220, 0x0220, 0x0220, 0x0220, 0x0220, 0x0220, 0x0220, 0x0220, 0x0220,
  0x0220,
};

const uint16_t trie_data[12031] = {
  0x0000, 0x0000, 0x0000, 0x0000, 0x0000, 0x0000, 0x0000, 0x0000, 0x0000, 0x0000,
  0x0000, 0x0000, 0x0000, 0x0000, 0x0000, 0x0000, 0x0000, 0x0000, 0x0000, 0x0000,
  0x0000, 0x0000, 0x0000, 0x0000, 0x0000, 0x0000, 0x0000, 0x0000, 0x0000, 0x0000,
  0x0000, 0x0000, 0x0000, 0x0000, 0x0000, 0x0000, 0x0000, 0x0000, 0x0000, 0x0000,
  0x0000, 0x0000, 0x0000, 0x0000, 0x0000, 0x0000, 0x0000, 0x0000, 0x0000, 0x0000,
  0x0000, 0x0000, 0x0000, 0x0000, 0x0000, 0x0000, 0x0000, 0x0000, 0x0000, 0x0000,
  0x8004, 0x8008, 0x800C, 0x0000, 0x8010, 0x8050, 0x805C, 0x8070, 0x8088, 0x80CC,
  0x80D0, 0x80EC, 0x8108, 0x8144, 0x8148, 0x815C, 0x8174, 0x8180, 0x81A4, 0x81E4,
  0x0000, 0x81EC, 0x820C, 0x8228, 0x8244, 0x8290, 0x8298, 0x82B0, 0x82B8, 0x82DC,
  0x0000, 0x0000, 0x0000, 0x0000, 0x0000, 0x0000, 0x82F4, 0x8334, 0x8340, 0x8354,
  0x836C, 0x83B0, 0x83B4, 0x83D0, 0x83F0, 0x8428, 0x8430, 0x8444, 0x845C, 0x8468,
  0x848C, 0x84CC, 0x0000, 0x84D4, 0x84F4, 0x8510, 0x8530, 0x857C, 0x8584, 0x85A0,
  0x85A8, 0x85D0, 0x0000, 0x0000, 0x0000, 0x0000, 0x0000, 0x0000, 0x0000, 0x0000,
  0x0000, 0x0000, 0x0000, 0x0000, 0x0000, 0x0000, 0x0000, 0x0000, 0x0000, 0x0000,
  0x0000, 0x0000, 0x0000, 0x0000, 0x0000, 0x0000, 0x0000, 0x0000, 0x0000, 0x0000,
  0x0000, 0x0000, 0x0000, 0x0000, 0x1001, 0x0000, 0x0000, 0x0000, 0x0000, 0x0000,
  0x0000, 0x0000, 0x95EA, 0x0000, 0x1002, 0x0000, 0x0000, 0x0000, 0x0000, 0x1002,
  0x0000, 0x0000, 0x1001, 0x1001, 0x1002, 0x1001, 0x0000, 0x0000, 0x1002, 0x1001,
  0x1002, 0x0000, 0x1002, 0x1002, 0x1002, 0x0000, 0x1000, 0x1000, 0x95F4, 0x1000,
  0x9604, 0x9608, 0x860C, 0x9614, 0x1000, 0x1000, 0x9618, 0x1000, 0x1000, 0x1000,
  0x1000, 0x9628, 0x0000, 0x1000, 0x1000, 0x1000, 0x962C, 0x963C, 0x9648, 0x0000,
  0x864C, 0x1000, 0x1000, 0x1000, 0x9650, 0x1000, 0x0000, 0x0000, 0x1000, 0x1000,
  0x9660, 0x1000, 0x9670, 0x9674, 0x8678, 0x9680, 0x1000, 0x1000, 0x9684, 0x1000,
  0x1000, 0x1000, 0x1000, 0x9694, 0x0000, 0x1000, 0x1000, 0x1000, 0x9698, 0x96A8,
  0x96B4, 0x0000, 0x86B8, 0x1000, 0x1000, 0x1000, 0x96BC, 0x1000, 0x0000, 0x1000,
  0x1000, 0x96CC, 0x96DC, 0x1000, 0x1000, 0x1000, 0x1000, 0x1000, 0x1000, 0x1000,
  0x1000, 0x1000, 0x1000, 0x1000, 0x1000, 0x0000, 0x0000, 0x96EC, 0x96F4, 0x1000,
  0x1000, 0x1000, 0x1000, 0x1000, 0x1000, 0x1000, 0x1000, 0x1000, 0x1000, 0x1000,
  0x1000, 0x1000, 0x1000, 0x1000, 0x1000, 0x1000, 0x1000, 0x0000, 0x0000, 0x1000,
  0x1000, 0x1000, 0x1000, 0x1000, 0x1000, 0x1000, 0x1000, 0x1000, 0x0000, 0x1002,
  0x1002, 0x1000, 0x1000, 0x1000, 0x1000, 0x0000, 0x1000, 0x1000, 0x1000, 0x1000,
  0x1000, 0x1000, 0x1002, 0x0000, 0x0000, 0x1000, 0x1000, 0x1000, 0x1000, 0x1000,
  0x1000, 0x1002, 0x0000, 0x0000, 0x96FC, 0x9704, 0x1000, 0x1000, 0x1000, 0x1000,
  0x0000, 0x0000, 0x1000, 0x1000, 0x1000, 0x1000, 0x1000, 0x1000, 0x970C, 0x9710,
  0x1000, 0x1000, 0x1000, 0x1000, 0x9714, 0x9718, 0x1000, 0x1000, 0x1000, 0x1000,
  0x0000, 0x0000, 0x971C, 0x9720, 0x9724, 0x9728, 0x1000, 0x1000, 0x1000, 0x1000,
  0x1000, 0x1000, 0x1000, 0x1000, 0x1000, 0x1000, 0x1000, 0x1000, 0x1000, 0x1000,
  0x1000, 0x1000, 0x1000, 0x1000, 0x1000, 0x972E, 0x0000, 0x0000, 0x0000, 0x0000,
  0x0000, 0x0000, 0x0000, 0x0000, 0x0000, 0x0000, 0x0000, 0x0000, 0x0000, 0x0000,
  0x0000, 0x0000, 0x0000, 0x0000, 0x0000, 0x0000, 0x0000, 0x0000, 0x0000, 0x0000,
  0x0000, 0x0000, 0x0000, 0x0000, 0x0000, 0x0000, 0x0000, 0x0000, 0x9730, 0x9744,
  0x0000, 0x0000, 0x0000, 0x0000, 0x0000, 0x0000, 0x0000, 0x0000, 0x0000, 0x0000,
  0x0000, 0x0000, 0x0000, 0x9758, 0x976C, 0x0000, 0x0000, 0x0000, 0x0000, 0x0000,
  0x0000, 0x8780, 0x0000, 0x0000, 0x0000, 0x0000, 0x0000, 0x0000, 0x0000, 0x0000,
  0x1002, 0x1002, 0x1002, 0x1002, 0x1002, 0x1002, 0x1002, 0x1002, 0x1002, 0x1000,
  0x1000, 0x1000, 0x1000, 0x1000, 0x1000, 0x1000, 0x1000, 0x1000, 0x1000, 0x1000,
  0x1000, 0x1000, 0x1000, 0x1000, 0x1000, 0x0000, 0x1000, 0x1000, 0x1000, 0x1000,
  0x1000, 0x1000, 0x0000, 0x0000, 0x1000, 0x1000, 0x1000, 0x1000, 0x9784, 0x9788,
  0x1000, 0x1000, 0x1000, 0x1000, 0x1000, 0x1002, 0x1002, 0x1002, 0x1000, 0x1000,
  0x0000, 0x0000, 0x1000, 0x1000, 0x1000, 0x1000, 0x1000, 0x1000, 0x1000, 0x1000,
  0x1000, 0x1000, 0x1000, 0x1000, 0x1000, 0x1000, 0x1000, 0x1000, 0x1000, 0x1000,
  0x1000, 0x1000, 0x1000, 0x1000, 0x1000, 0x1000, 0x1000, 0x1000, 0x1000, 0x1000,
  0x0000, 0x0000, 0x1000, 0x1000, 0x0000, 0x0000, 0x0000, 0x0000, 0x0000, 0x0000,
  0x978C, 0x9790, 0x9794, 0x9798, 0x1000, 0x1000, 0x1000, 0x1000, 0x979C, 0x97A0,
  0x1000, 0x1000, 0x1000, 0x1000, 0x0000, 0x0000, 0x0000, 0x0000, 0x0000, 0x0000,
  0x0000, 0x0000, 0x0000, 0x0000, 0x0000, 0x0000, 0x0000, 0x0000, 0x0000, 0x0000,
  0x0000, 0x0000, 0x0000, 0x0000, 0x0000, 0x0000, 0x0000, 0x0000, 0x0000, 0x0000,
  0x0000, 0x0000, 0x0000, 0x0000, 0x0000, 0x0000, 0x0000, 0x0000, 0x0000, 0x0000,
  0x0000, 0x0000, 0x0000, 0x0000, 0x0000, 0x0000, 0x0000, 0x0000, 0x0000, 0x0000,
  0x0000, 0x0000, 0x0000, 0x0000, 0x0000, 0x0000, 0x0000, 0x0000, 0x0000, 0x0000,
  0x0000, 0x0000, 0x0000, 0x0000, 0x0000, 0x0000, 0x0000, 0x0000, 0x87A4, 0x0000,
  0x0000, 0x0000, 0x0000, 0x0000, 0x0000, 0x0000, 0x0000, 0x0000, 0x0000, 0x0000,
  0x0000, 0x0000, 0x0000, 0x0000, 0x0000, 0x0000, 0x0000, 0x0000, 0x0000, 0x0000,
  0x0000, 0x0000, 0x0000, 0x0000, 0x0000, 0x0000, 0x0000, 0x0000, 0x1002, 0x1001,
  0x1002, 0x1002, 0x1001, 0x1001, 0x1001, 0x1002, 0x1002, 0x0000, 0x0000, 0x0000,
  0x0000, 0x0000, 0x0000, 0x0000, 0x0000, 0x0000, 0x0000, 0x0000, 0x0000, 0x0000,
  0x0000, 0x0000, 0x0000, 0x0000, 0x0000, 0x0000, 0x0000, 0x0000, 0x0000, 0x0000,
  0x0000, 0x1002, 0x1002, 0x1002, 0x1002, 0x1002, 0x1002, 0x0000, 0x0000, 0x1001,
  0x1002, 0x1002, 0x1002, 0x1001, 0x0000, 0x0000, 0x0000, 0x0000, 0x0000, 0x0000,
  0x0000, 0x0000, 0x0000, 0x0000, 0x0000, 0x0000, 0x0000, 0x0000, 0x0000, 0x0000,
  0x0000, 0x0000, 0x0000, 0x0000, 0x0000, 0x0000, 0x0000, 0x0000, 0x0000, 0x0000,
  0x0000, 0x039A, 0x039A, 0x039A, 0x039A, 0x039A, 0x0399, 0x039A, 0x039A, 0x039A,
  0x039A, 0x039A, 0x039A, 0x039A, 0x0399, 0x0399, 0x039A, 0x0399, 0x039A, 0x0399,
  0x039A, 0x039A, 0x03A1, 0x0371, 0x0371, 0x0371, 0x0371, 0x03A1, 0x0362, 0x0371,
  0x0371, 0x0371, 0x0371, 0x0371, 0x0329, 0x0329, 0x0372, 0x0372, 0x0372, 0x0372,
  0x032A, 0x032A, 0x0371, 0x0371, 0x0371, 0x0371, 0x0372, 0x0372, 0x0371, 0x0372,
  0x0372, 0x0371, 0x0371, 0x0005, 0x0005, 0x0005, 0x0005, 0x0006, 0x0371, 0x0371,
  0x0371, 0x0371, 0x0399, 0x0399, 0x0399, 0x139A, 0x139A, 0x039A, 0x139A, 0x139A,
  0x03C2, 0x0399, 0x0371, 0x0371, 0x0371, 0x0399, 0x0399, 0x0399, 0x0371, 0x0371,
  0x0000, 0x0399, 0x0399, 0x0399, 0x0371, 0x0371, 0x0371, 0x0371, 0x0399, 0x03A1,
  0x0371, 0x0371, 0x0399, 0x03A5, 0x03A9, 0x03A9, 0x03A5, 0x03A9, 0x03A9, 0x03A5,
  0x0399, 0x0399, 0x0399, 0x0399, 0x0399, 0x0399, 0x0399, 0x0399, 0x0399, 0x0399,
  0x0399, 0x0399, 0x0399, 0x0000, 0x0000, 0x0000, 0x0000, 0x1001, 0x0000, 0x0000,
  0x0000, 0x0000, 0x0000, 0x1002, 0x0000, 0x0000, 0x0000, 0x1001, 0x0000, 0x0000,
  0x0000, 0x0000, 0x1002, 0x1002, 0x1000, 0x1001, 0x1000, 0x1000, 0x1000, 0x0000,
  0x1000, 0x0000, 0x1000, 0x1000, 0x1000, 0x87A8, 0x0000, 0x0000, 0x0000, 0x87C4,
  0x0000, 0x87D4, 0x0000, 0x87E8, 0x0000, 0x0000, 0x0000, 0x0000, 0x0000, 0x8804,
  0x0000, 0x8814, 0x0000, 0x0000, 0x0000, 0x8818, 0x0000, 0x0000, 0x0000, 0x8830,
  0x1000, 0x1000, 0x9844, 0x1000, 0x9848, 0x1000, 0x1000, 0x884C, 0x0000, 0x0000,
  0x0000, 0x886C, 0x0000, 0x887C, 0x0000, 0x8894, 0x0000, 0x0000, 0x0000, 0x0000,
  0x0000, 0x88B4, 0x0000, 0x88C4, 0x0000, 0x0000, 0x0000, 0x88CC, 0x0000, 0x0000,
  0x0000, 0x88EC, 0x9904, 0x9910, 0x1000, 0x1000, 0x991C, 0x0000, 0x1001, 0x1001,
  0x9922, 0x1002, 0x1002, 0x1001, 0x1001, 0x0000, 0x0000, 0x0000, 0x0000, 0x0000,
  0x0000, 0x0000, 0x0000, 0x0000, 0x0000, 0x0000, 0x0000, 0x0000, 0x0000, 0x0000,
  0x0000, 0x0000, 0x0000, 0x0000, 0x0000, 0x0000, 0x0000, 0x0000, 0x0000, 0x0000,
  0x1001, 0x1002, 0x1001, 0x0000, 0x1001, 0x1002, 0x0000, 0x0000, 0x0000, 0x1001,
  0x0000, 0x0000, 0x0000, 0x0000, 0x0000, 0x0000, 0x1000, 0x1000, 0x0000, 0x1000,
  0x0000, 0x0000, 0x8928, 0x1000, 0x0000, 0x0000, 0x0000, 0x0000, 0x1000, 0x1000,
  0x1000, 0x0000, 0x892C, 0x0000, 0x0000, 0x8934, 0x0000, 0x8938, 0x8944, 0x894C,
  0x8950, 0x1000, 0x8960, 0x0000, 0x0000, 0x0000, 0x8964, 0x0000, 0x0000, 0x0000,
  0x0000, 0x8968, 0x0000, 0x0000, 0x0000, 0x8978, 0x0000, 0x0000, 0x0000, 0x897C,
  0x0000, 0x8980, 0x0000, 0x0000, 0x8984, 0x0000, 0x0000, 0x898C, 0x0000, 0x8990,
  0x899C, 0x89A4, 0x89A8, 0x1000, 0x89B8, 0x0000, 0x0000, 0x0000, 0x89BC, 0x0000,
  0x0000, 0x0000, 0x89C0, 0x0000, 0x0000, 0x0000, 0x89D0, 0x0000, 0x0000, 0x0000,
  0x89D4, 0x0000, 0x89D8, 0x0000, 0x0000, 0x1000, 0x1000, 0x0000, 0x1000, 0x0000,
  0x0000, 0x89DC, 0x1000, 0x0000, 0x0000, 0x0000, 0x0000, 0x1000, 0x1000, 0x1000,
  0x0000, 0x0000, 0x0000, 0x0000, 0x0000, 0x0000, 0x0000, 0x0000, 0x0000, 0x0000,
  0x0000, 0x0000, 0x0000, 0x0000, 0x0000, 0x0000, 0x0000, 0x0000, 0x0000, 0x0000,
  0x0000, 0x89E0, 0x89E4, 0x1000, 0x1000, 0x0000, 0x0000, 0x0000, 0x0000, 0x0000,
  0x0000, 0x0000, 0x0000, 0x0399, 0x0399, 0x0399, 0x0399, 0x0399, 0x0000, 0x0000,
  0x0000, 0x0000, 0x0000, 0x0000, 0x0000, 0x0000, 0x0000, 0x0000, 0x0000, 0x0000,
  0x0000, 0x0000, 0x0000, 0x0000, 0x0000, 0x0000, 0x0000, 0x0000, 0x0000, 0x0000,
  0x0000, 0x0000, 0x0000, 0x0000, 0x0000, 0x0000, 0x0000, 0x0000, 0x0000, 0x0000,
  0x0000, 0x0000, 0x0000, 0x0000, 0x0000, 0x0000, 0x0000, 0x0000, 0x0000, 0x0000,
  0x0000, 0x0000, 0x0000, 0x0000, 0x0000, 0x0000, 0x0000, 0x0000, 0x0000, 0x0000,
  0x0000, 0x0000, 0x0000, 0x0000, 0x1000, 0x1000, 0x0000, 0x0000, 0x0000, 0x0000,
  0x0000, 0x0000, 0x0000, 0x0000, 0x0000, 0x0000, 0x0000, 0x0000, 0x0000, 0x1000,
  0x1000, 0x1000, 0x1000, 0x0000, 0x0000, 0x1000, 0x1000, 0x89E8, 0x89EC, 0x1000,
  0x1000, 0x1000, 0x1000, 0x1000, 0x1000, 0x0000, 0x0000, 0x1000, 0x1000, 0x1000,
  0x1000, 0x1000, 0x1000, 0x89F0, 0x89F4, 0x1000, 0x1000, 0x1000, 0x1000, 0x1000,
  0x1000, 0x1000, 0x1000, 0x1000, 0x1000, 0x1000, 0x1000, 0x0000, 0x0000, 0x1000,
  0x1000, 0x0000, 0x0000, 0x0000, 0x0000, 0x0000, 0x0000, 0x0000, 0x1002, 0x0000,
  0x0000, 0x0000, 0x0000, 0x0000, 0x0000, 0x0000, 0x0000, 0x0000, 0x0371, 0x0399,
  0x0399, 0x0399, 0x0399, 0x0371, 0x0399, 0x0399, 0x0399, 0x0379, 0x0371, 0x0399,
  0x0399, 0x0399, 0x0399, 0x0399, 0x0399, 0x0371, 0x0371, 0x0371, 0x0371, 0x0371,
  0x0371, 0x0399, 0x0399, 0x0371, 0x0399, 0x0399, 0x0379, 0x0391, 0x0399, 0x0029,
  0x002D, 0x0031, 0x0035, 0x0039, 0x003D, 0x0041, 0x0045, 0x0049, 0x004D, 0x004D,
  0x0051, 0x0055, 0x0059, 0x0000, 0x005D, 0x0000, 0x0061, 0x0065, 0x0000, 0x0399,
  0x0371, 0x0000, 0x0049, 0x0000, 0x0000, 0x0000, 0x0000, 0x0000, 0x0000, 0x0000,
  0x0000, 0x0000, 0x0000, 0x0000, 0x0000, 0x0000, 0x0000, 0x0000, 0x0000, 0x0000,
  0x0000, 0x0000, 0x0000, 0x0000, 0x0000, 0x0000, 0x0000, 0x0000, 0x0000, 0x0000,
  0x0000, 0x0000, 0x0000, 0x0000, 0x0000, 0x0000, 0x0000, 0x0000, 0x0000, 0x0000,
  0x0000, 0x0000, 0x0000, 0x0000, 0x0000, 0x0000, 0x0000, 0x0000, 0x0000, 0x0000,
  0x0000, 0x0000, 0x0000, 0x0000, 0x0000, 0x0000, 0x0000, 0x0000, 0x0000, 0x0399,
  0x0399, 0x0399, 0x0399, 0x0399, 0x0399, 0x0399, 0x0399, 0x0079, 0x007D, 0x0081,
  0x0000, 0x0000, 0x0000, 0x0000, 0x0000, 0x0000, 0x0000, 0x1000, 0x1000, 0x1000,
  0x1000, 0x1000, 0x89F8, 0x0000, 0x0000, 0x0000, 0x0000, 0x0000, 0x0000, 0x0000,
  0x0000, 0x0000, 0x0000, 0x0000, 0x0000, 0x0000, 0x0000, 0x0000, 0x0000, 0x0000,
  0x0000, 0x0000, 0x0000, 0x0000, 0x0000, 0x0000, 0x0000, 0x8A04, 0x0000, 0x8A08,
  0x006D, 0x0071, 0x0075, 0x0079, 0x007D, 0x0081, 0x0085, 0x0089, 0x039A, 0x039A,
  0x0372, 0x0371, 0x0399, 0x0399, 0x0399, 0x0399, 0x0399, 0x0371, 0x0399, 0x0399,
  0x0371, 0x0000, 0x0000, 0x0000, 0x0000, 0x0000, 0x0000, 0x0000, 0x0000, 0x0000,
  0x0000, 0x0000, 0x0000, 0x0000, 0x0000, 0x0000, 0x0000, 0x008D, 0x0000, 0x0000,
  0x0000, 0x0000, 0x1002, 0x1002, 0x1002, 0x1002, 0x0000, 0x0000, 0x0000, 0x0000,
  0x0000, 0x0000, 0x0000, 0x1000, 0x8A0C, 0x1000, 0x0000, 0x0000, 0x0000, 0x0000,
  0x0000, 0x0000, 0x0000, 0x0000, 0x0000, 0x0000, 0x0000, 0x0000, 0x0000, 0x0000,
  0x0000, 0x8A10, 0x1000, 0x0000, 0x8A14, 0x0399, 0x0399, 0x0399, 0x0399, 0x0399,
  0x0399, 0x0399, 0x0000, 0x0000, 0x0399, 0x0399, 0x0399, 0x0399, 0x0371, 0x0399,
  0x0000, 0x0000, 0x0399, 0x0399, 0x0000, 0x0371, 0x0399, 0x0399, 0x0371, 0x0000,
  0x0000, 0x0000, 0x0000, 0x0000, 0x0000, 0x0000, 0x0000, 0x0000, 0x0000, 0x0000,
  0x0000, 0x0000, 0x0000, 0x0000, 0x0000, 0x0000, 0x0000, 0x0091, 0x0000, 0x0000,
  0x0000, 0x0000, 0x0000, 0x0000, 0x0000, 0x0000, 0x0000, 0x0000, 0x0000, 0x0000,
  0x0000, 0x0000, 0x0000, 0x0000, 0x0000, 0x0000, 0x0000, 0x0000, 0x0000, 0x0000,
  0x0000, 0x0000, 0x0000, 0x0000, 0x0000, 0x0000, 0x0000, 0x0000, 0x0399, 0x0371,
  0x0399, 0x0399, 0x0371, 0x0399, 0x0399, 0x0371, 0x0371, 0x0371, 0x0399, 0x0371,
  0x0371, 0x0399, 0x0371, 0x0399, 0x0399, 0x0371, 0x0399, 0x0371, 0x0399, 0x0371,
  0x0399, 0x0371, 0x0399, 0x0399, 0x0000, 0x0000, 0x0000, 0x0000, 0x0000, 0x0000,
  0x0000, 0x0000, 0x0000, 0x0000, 0x0000, 0x0000, 0x0000, 0x0000, 0x0000, 0x0000,
  0x0000, 0x0000, 0x0000, 0x0000, 0x0000, 0x0000, 0x0000, 0x0000, 0x0000, 0x0000,
  0x0000, 0x0000, 0x0000, 0x0000, 0x0000, 0x0000, 0x0000, 0x0000, 0x0000, 0x0000,
  0x0000, 0x0000, 0x0000, 0x0000, 0x0000, 0x0000, 0x0000, 0x0000, 0x0000, 0x0000,
  0x0000, 0x0000, 0x0000, 0x0000, 0x0000, 0x0000, 0x0000, 0x0399, 0x0399, 0x0399,
  0x0399, 0x0399, 0x0399, 0x0399, 0x0371, 0x0399, 0x0000, 0x0000, 0x0000, 0x0000,
  0x0000, 0x0000, 0x0000, 0x0000, 0x0000, 0x0371, 0x0000, 0x0000, 0x0000, 0x0000,
  0x0000, 0x0000, 0x0000, 0x0000, 0x0000, 0x0000, 0x0000, 0x0000, 0x0000, 0x0000,
  0x0000, 0x0000, 0x0000, 0x0000, 0x0000, 0x0000, 0x0000, 0x0000, 0x0399, 0x0399,
  0x0399, 0x0399, 0x0000, 0x0399, 0x0399, 0x0399, 0x0399, 0x0399, 0x0399, 0x0399,
  0x0399, 0x0399, 0x0000, 0x0399, 0x0399, 0x0399, 0x0000, 0x0399, 0x0399, 0x0399,
  0x0399, 0x0399, 0x0000, 0x0000, 0x0000, 0x0000, 0x0000, 0x0000, 0x0000, 0x0000,
  0x0000, 0x0000, 0x0000, 0x0000, 0x0000, 0x0000, 0x0000, 0x0000, 0x0000, 0x0000,
  0x0000, 0x0000, 0x0000, 0x0000, 0x0000, 0x0000, 0x0000, 0x0371, 0x0371, 0x0371,
  0x0000, 0x0000, 0x0000, 0x0000, 0x0000, 0x0000, 0x0000, 0x0000, 0x0000, 0x0000,
  0x0000, 0x0000, 0x0000, 0x0000, 0x0000, 0x0000, 0x0000, 0x0000, 0x0000, 0x0000,
  0x0000, 0x0000, 0x0000, 0x0000, 0x0000, 0x0000, 0x0000, 0x0000, 0x0000, 0x0000,
  0x0000, 0x0000, 0x0000, 0x0000, 0x0000, 0x0000, 0x0399, 0x0399, 0x0371, 0x0371,
  0x0371, 0x0399, 0x0399, 0x0399, 0x0399, 0x0000, 0x0000, 0x0000, 0x0000, 0x0000,
  0x0000, 0x0000, 0x0000, 0x0000, 0x0000, 0x0000, 0x0000, 0x0000, 0x0000, 0x0000,
  0x0000, 0x0000, 0x0000, 0x0000, 0x0000, 0x0000, 0x0000, 0x0000, 0x0000, 0x0000,
  0x0000, 0x0000, 0x0000, 0x0000, 0x0000, 0x0000, 0x0000, 0x0399, 0x0399, 0x0399,
  0x0399, 0x0399, 0x0371, 0x0371, 0x0371, 0x0371, 0x0371, 0x0399, 0x0399, 0x0399,
  0x0399, 0x0399, 0x0399, 0x0399, 0x0399, 0x0399, 0x0399, 0x0399, 0x0399, 0x0399,
  0x0399, 0x0000, 0x0371, 0x0399, 0x0399, 0x0371, 0x0399, 0x0399, 0x0371, 0x0399,
  0x0399, 0x0399, 0x0371, 0x0371, 0x0371, 0x006D, 0x0071, 0x0075, 0x0399, 0x0399,
  0x0399, 0x0371, 0x0399, 0x0399, 0x0371, 0x0371, 0x0399, 0x0399, 0x0399, 0x0399,
  0x0399, 0x0000, 0x0000, 0x0000, 0x0000, 0x0000, 0x0000, 0x0000, 0x0000, 0x0000,
  0x0000, 0x0000, 0x0000, 0x0000, 0x0000, 0x0000, 0x0000, 0x0000, 0x0000, 0x0000,
  0x0000, 0x0000, 0x0000, 0x0000, 0x0000, 0x0000, 0x0000, 0x0000, 0x0000, 0x0000,
  0x0000, 0x0000, 0x0000, 0x0000, 0x0000, 0x0000, 0x0000, 0x0000, 0x0000, 0x0000,
  0x0000, 0x8A18, 0x1000, 0x0000, 0x0000, 0x0000, 0x0000, 0x0000, 0x0000, 0x8A1C,
  0x1000, 0x0000, 0x8A20, 0x1000, 0x0000, 0x0000, 0x0000, 0x0000, 0x0000, 0x0000,
  0x0000, 0x001E, 0x0000, 0x0000, 0x0000, 0x0000, 0x0000, 0x0000, 0x0000, 0x0000,
  0x0000, 0x0000, 0x0000, 0x0000, 0x0000, 0x0025, 0x0000, 0x0000, 0x0000, 0x0399,
  0x0371, 0x0399, 0x0399, 0x0000, 0x0000, 0x0000, 0x1002, 0x1002, 0x1002, 0x1002,
  0x1002, 0x1002, 0x1002, 0x1002, 0x0000, 0x0000, 0x0000, 0x0000, 0x0000, 0x0000,
  0x0000, 0x0000, 0x0000, 0x0000, 0x0000, 0x0000, 0x0000, 0x0000, 0x0000, 0x0000,
  0x0000, 0x0000, 0x0000, 0x0000, 0x0000, 0x0000, 0x0000, 0x0000, 0x0000, 0x0000,
  0x0000, 0x0000, 0x0000, 0x0000, 0x0000, 0x0000, 0x0000, 0x0000, 0x0000, 0x0000,
  0x0000, 0x0000, 0x0000, 0x0000, 0x0000, 0x0000, 0x0000, 0x0000, 0x0000, 0x0000,
  0x0000, 0x0000, 0x0000, 0x0000, 0x0000, 0x0000, 0x0000, 0x0000, 0x0000, 0x0000,
  0x0000, 0x0000, 0x0000, 0x0000, 0x001D, 0x0000, 0x0002, 0x0000, 0x0000, 0x0000,
  0x0000, 0x0000, 0x0000, 0x0000, 0x8A24, 0x0000, 0x0000, 0x0000, 0x1000, 0x1000,
  0x0025, 0x0000, 0x0000, 0x0000, 0x0000, 0x0000, 0x0000, 0x0000, 0x0000, 0x0000,
  0x0002, 0x0000, 0x0000, 0x0000, 0x0000, 0x1002, 0x1002, 0x0000, 0x1002, 0x0000,
  0x0000, 0x0000, 0x0000, 0x0000, 0x0000, 0x0000, 0x0000, 0x0000, 0x0000, 0x0000,
  0x0000, 0x0000, 0x0000, 0x0000, 0x0000, 0x0000, 0x0000, 0x0000, 0x0000, 0x0000,
  0x0000, 0x0000, 0x0000, 0x0000, 0x0000, 0x0000, 0x0000, 0x0000, 0x0000, 0x0399,
  0x0000, 0x0000, 0x0000, 0x0000, 0x0000, 0x0000, 0x0000, 0x0000, 0x0000, 0x0000,
  0x0000, 0x0000, 0x0000, 0x0000, 0x0000, 0x0000, 0x0000, 0x0000, 0x0000, 0x0000,
  0x0000, 0x0000, 0x0000, 0x0000, 0x0000, 0x0000, 0x0000, 0x0000, 0x0000, 0x0000,
  0x0000, 0x0000, 0x0000, 0x0000, 0x0000, 0x0000, 0x0000, 0x0000, 0x0000, 0x0000,
  0x0000, 0x0000, 0x0000, 0x0000, 0x0000, 0x0000, 0x0000, 0x0000, 0x0000, 0x0000,
  0x0000, 0x1002, 0x0000, 0x0000, 0x1002, 0x0000, 0x0000, 0x0000, 0x0000, 0x0000,
  0x001D, 0x0000, 0x0000, 0x0000, 0x0000, 0x0000, 0x0000, 0x0000, 0x0000, 0x0000,
  0x0000, 0x0000, 0x0000, 0x0000, 0x0025, 0x0000, 0x0000, 0x0000, 0x0000, 0x0000,
  0x0000, 0x0000, 0x0000, 0x0000, 0x0000, 0x0000, 0x1002, 0x1002, 0x1002, 0x0000,
  0x0000, 0x1002, 0x0000, 0x0000, 0x0000, 0x0000, 0x0000, 0x0000, 0x0000, 0x0000,
  0x0000, 0x0000, 0x0000, 0x0000, 0x0000, 0x0000, 0x0000, 0x0000, 0x0000, 0x0000,
  0x0000, 0x0000, 0x0000, 0x0000, 0x0000, 0x0000, 0x0000, 0x0000, 0x0000, 0x0000,
  0x0000, 0x0000, 0x0000, 0x0000, 0x0000, 0x0000, 0x0000, 0x0000, 0x0000, 0x0000,
  0x0000, 0x0000, 0x0000, 0x0000, 0x0000, 0x0000, 0x0000, 0x0000, 0x0000, 0x0000,
  0x0000, 0x0000, 0x0000, 0x0000, 0x0000, 0x0000, 0x0000, 0x0000, 0x0000, 0x0000,
  0x0000, 0x0000, 0x001D, 0x0000, 0x0000, 0x0000, 0x0000, 0x0000, 0x0000, 0x0000,
  0x0000, 0x0000, 0x0000, 0x0000, 0x0000, 0x0000, 0x0025, 0x0000, 0x0000, 0x0000,
  0x0000, 0x0000, 0x0000, 0x0000, 0x0000, 0x0000, 0x0000, 0x0000, 0x0000, 0x0000,
  0x0000, 0x0000, 0x0000, 0x0000, 0x0000, 0x0000, 0x0000, 0x0000, 0x0000, 0x0000,
  0x0000, 0x0000, 0x0000, 0x0000, 0x0000, 0x0000, 0x0000, 0x0000, 0x0000, 0x0000,
  0x0000, 0x0000, 0x0000, 0x0000, 0x0000, 0x0000, 0x0000, 0x0000, 0x0000, 0x0000,
  0x0000, 0x0000, 0x0000, 0x0000, 0x0000, 0x0000, 0x0000, 0x8A2C, 0x1000, 0x0000,
  0x0000, 0x1000, 0x1000, 0x0025, 0x0000, 0x0000, 0x0000, 0x0000, 0x0000, 0x0000,
  0x0000, 0x0000, 0x0002, 0x0002, 0x0000, 0x0000, 0x0000, 0x0000, 0x1002, 0x1002,
  0x0000, 0x0000, 0x0000, 0x0000, 0x0000, 0x0000, 0x0000, 0x0000, 0x0000, 0x0000,
  0x0000, 0x0000, 0x0000, 0x0000, 0x0000, 0x0000, 0x0000, 0x0000, 0x0000, 0x0000,
  0x0000, 0x0000, 0x0000, 0x0000, 0x0000, 0x0000, 0x0000, 0x0000, 0x0000, 0x0000,
  0x0000, 0x0000, 0x0000, 0x0000, 0x8A38, 0x0000, 0x1000, 0x0000, 0x0000, 0x0000,
  0x0000, 0x0000, 0x0000, 0x0000, 0x0000, 0x0000, 0x0000, 0x0000, 0x0000, 0x0000,
  0x0000, 0x0000, 0x0000, 0x0000, 0x0000, 0x0000, 0x0000, 0x0000, 0x0000, 0x0000,
  0x0000, 0x0000, 0x0000, 0x0000, 0x0000, 0x0000, 0x0000, 0x0000, 0x0000, 0x0000,
  0x0000, 0x0000, 0x0000, 0x0000, 0x0000, 0x0000, 0x0000, 0x0000, 0x0002, 0x0000,
  0x0000, 0x0000, 0x0000, 0x0000, 0x0000, 0x8A3C, 0x8A44, 0x0000, 0x0000, 0x1000,
  0x1000, 0x1000, 0x0025, 0x0000, 0x0000, 0x0000, 0x0000, 0x0000, 0x0000, 0x0000,
  0x0000, 0x0000, 0x0002, 0x0000, 0x0000, 0x0000, 0x0000, 0x0000, 0x0000, 0x0000,
  0x0000, 0x0000, 0x0000, 0x0000, 0x0000, 0x0000, 0x0000, 0x0000, 0x0000, 0x0000,
  0x0000, 0x0000, 0x0000, 0x0000, 0x0000, 0x0000, 0x0000, 0x0000, 0x0000, 0x0000,
  0x0000, 0x0000, 0x0000, 0x0000, 0x0000, 0x0000, 0x0000, 0x0000, 0x0000, 0x0000,
  0x0000, 0x0000, 0x0000, 0x8A48, 0x0000, 0x1000, 0x0000, 0x0000, 0x0000, 0x0000,
  0x0025, 0x0000, 0x0000, 0x0000, 0x0000, 0x0000, 0x0000, 0x0000, 0x0151, 0x016E,
  0x0000, 0x0000, 0x0000, 0x0000, 0x0000, 0x0000, 0x0000, 0x0000, 0x0000, 0x0000,
  0x0000, 0x0000, 0x0000, 0x0000, 0x0000, 0x0000, 0x0000, 0x0000, 0x0000, 0x0000,
  0x0000, 0x0000, 0x0000, 0x0000, 0x0000, 0x0000, 0x0000, 0x0000, 0x0000, 0x0000,
  0x0000, 0x0000, 0x0000, 0x0000, 0x0000, 0x0000, 0x0000, 0x0000, 0x0000, 0x0000,
  0x0000, 0x0000, 0x0000, 0x0000, 0x0000, 0x0000, 0x0000, 0x0000, 0x0000, 0x0000,
  0x0000, 0x0000, 0x0000, 0x0000, 0x0000, 0x0000, 0x0000, 0x0000, 0x0000, 0x0000,
  0x001D, 0x0000, 0x0000, 0x8A4C, 0x1000, 0x0000, 0x0002, 0x0000, 0x0000, 0x0000,
  0x8A50, 0x1000, 0x1000, 0x0000, 0x9A5C, 0x1000, 0x0000, 0x0025, 0x0000, 0x0000,
  0x0000, 0x0000, 0x0000, 0x0000, 0x0000, 0x0002, 0x0002, 0x0000, 0x0000, 0x0000,
  0x0000, 0x0000, 0x0000, 0x0000, 0x0000, 0x0000, 0x0000, 0x0000, 0x0000, 0x0000,
  0x0000, 0x0000, 0x0000, 0x0000, 0x0000, 0x0000, 0x0000, 0x0000, 0x0000, 0x0000,
  0x0000, 0x0000, 0x0000, 0x0000, 0x0000, 0x0000, 0x0000, 0x0000, 0x0000, 0x0000,
  0x0000, 0x0000, 0x0000, 0x0000, 0x0000, 0x0000, 0x0000, 0x0000, 0x0000, 0x0000,
  0x0000, 0x0000, 0x0000, 0x0000, 0x0000, 0x0000, 0x0000, 0x0000, 0x0000, 0x0000,
  0x0000, 0x0000, 0x0000, 0x0000, 0x0000, 0x0000, 0x0025, 0x0025, 0x0000, 0x0002,
  0x0000, 0x0000, 0x0000, 0x0000, 0x0000, 0x0000, 0x8A60, 0x8A68, 0x0000, 0x0000,
  0x1000, 0x1000, 0x1000, 0x0025, 0x0000, 0x0000, 0x0000, 0x0000, 0x0000, 0x0000,
  0x0000, 0x0000, 0x0000, 0x0002, 0x0000, 0x0000, 0x0000, 0x0000, 0x0000, 0x0000,
  0x0000, 0x0000, 0x0000, 0x0000, 0x0000, 0x0000, 0x0000, 0x0000, 0x0000, 0x0000,
  0x0000, 0x0000, 0x0000, 0x0000, 0x0000, 0x0000, 0x0000, 0x0000, 0x0000, 0x0000,
  0x0000, 0x0000, 0x0000, 0x0000, 0x0000, 0x0000, 0x0000, 0x0000, 0x0000, 0x0000,
  0x0000, 0x0000, 0x0000, 0x0000, 0x0026, 0x0000, 0x0000, 0x0000, 0x0000, 0x0002,
  0x0000, 0x0000, 0x0000, 0x0000, 0x0000, 0x0000, 0x0000, 0x0000, 0x0000, 0x8A6C,
  0x1000, 0x0000, 0x9A78, 0x1000, 0x1000, 0x0002, 0x0000, 0x0000, 0x0000, 0x0000,
  0x0000, 0x0000, 0x0000, 0x0000, 0x0000, 0x0000, 0x0000, 0x0000, 0x0000, 0x0000,
  0x0000, 0x0000, 0x0000, 0x0000, 0x0000, 0x0000, 0x0000, 0x0000, 0x0000, 0x0000,
  0x0000, 0x0000, 0x0000, 0x0000, 0x0000, 0x0000, 0x0000, 0x0000, 0x0000, 0x0000,
  0x0000, 0x0000, 0x0000, 0x0000, 0x0000, 0x0000, 0x0000, 0x0000, 0x0000, 0x0000,
  0x0000, 0x0000, 0x0000, 0x0000, 0x0000, 0x0000, 0x0000, 0x1002, 0x0000, 0x0000,
  0x0000, 0x0000, 0x019D, 0x019D, 0x0025, 0x0000, 0x0000, 0x0000, 0x0000, 0x0000,
  0x0000, 0x0000, 0x0000, 0x01AD, 0x01AD, 0x01AD, 0x01AD, 0x0000, 0x0000, 0x0000,
  0x0000, 0x0000, 0x0000, 0x0000, 0x0000, 0x0000, 0x0000, 0x0000, 0x0000, 0x0000,
  0x0000, 0x0000, 0x0000, 0x0000, 0x0000, 0x0000, 0x0000, 0x0000, 0x0000, 0x0000,
  0x0000, 0x0000, 0x0000, 0x0000, 0x0000, 0x0000, 0x0000, 0x0000, 0x0000, 0x0000,
  0x0000, 0x0000, 0x0000, 0x0000, 0x0000, 0x0000, 0x0000, 0x0000, 0x0000, 0x0000,
  0x0000, 0x0000, 0x0000, 0x0000, 0x0000, 0x0000, 0x0000, 0x0000, 0x0000, 0x1002,
  0x0000, 0x0000, 0x0000, 0x0000, 0x01D9, 0x01D9, 0x0025, 0x0000, 0x0000, 0x0000,
  0x0000, 0x0000, 0x0000, 0x0000, 0x0000, 0x01E9, 0x01E9, 0x01E9, 0x01E9, 0x0000,
  0x0000, 0x0000, 0x0000, 0x0000, 0x0000, 0x0000, 0x0000, 0x0000, 0x0000, 0x0000,
  0x0000, 0x0000, 0x0000, 0x0000, 0x0000, 0x1002, 0x1002, 0x0000, 0x0000, 0x0000,
  0x0000, 0x0000, 0x0000, 0x0000, 0x0000, 0x0000, 0x0000, 0x0000, 0x0000, 0x0000,
  0x0000, 0x0000, 0x0000, 0x0000, 0x0000, 0x0000, 0x0000, 0x0000, 0x0000, 0x0000,
  0x0000, 0x0000, 0x0000, 0x0000, 0x0000, 0x0000, 0x0000, 0x0000, 0x0000, 0x0000,
  0x0000, 0x1001, 0x0000, 0x0000, 0x0000, 0x0000, 0x0000, 0x0000, 0x0000, 0x0000,
  0x0000, 0x0000, 0x0000, 0x0371, 0x0371, 0x0000, 0x0000, 0x0000, 0x0000, 0x0000,
  0x0000, 0x0000, 0x0000, 0x0000, 0x0000, 0x0000, 0x0000, 0x0000, 0x0000, 0x0000,
  0x0000, 0x0000, 0x0000, 0x0000, 0x0000, 0x0000, 0x0000, 0x0000, 0x0000, 0x0000,
  0x0000, 0x0000, 0x0371, 0x0000, 0x0371, 0x0000, 0x0361, 0x0000, 0x0000, 0x0000,
  0x0000, 0x0000, 0x0000, 0x1002, 0x0000, 0x0000, 0x0000, 0x0000, 0x0000, 0x0000,
  0x0000, 0x0000, 0x0000, 0x1002, 0x0000, 0x0000, 0x0000, 0x0000, 0x1002, 0x0000,
  0x0000, 0x0000, 0x0000, 0x1002, 0x0000, 0x0000, 0x0000, 0x0000, 0x1002, 0x0000,
  0x0000, 0x0000, 0x0000, 0x0000, 0x0000, 0x0000, 0x0000, 0x0000, 0x0000, 0x0000,
  0x0000, 0x1002, 0x0000, 0x0000, 0x0000, 0x0000, 0x0000, 0x0000, 0x0000, 0x0205,
  0x0209, 0x1006, 0x0211, 0x1006, 0x1002, 0x1002, 0x1002, 0x1002, 0x0209, 0x0209,
  0x0209, 0x0209, 0x0000, 0x0000, 0x0209, 0x1006, 0x0399, 0x0399, 0x0025, 0x0000,
  0x0399, 0x0399, 0x0000, 0x0000, 0x0000, 0x0000, 0x0000, 0x0000, 0x0000, 0x0000,
  0x0000, 0x0000, 0x0000, 0x1002, 0x0000, 0x0000, 0x0000, 0x0000, 0x0000, 0x0000,
  0x0000, 0x0000, 0x0000, 0x1002, 0x0000, 0x0000, 0x0000, 0x0000, 0x1002, 0x0000,
  0x0000, 0x0000, 0x0000, 0x1002, 0x0000, 0x0000, 0x0000, 0x0000, 0x1002, 0x0000,
  0x0000, 0x0000, 0x0000, 0x0000, 0x0000, 0x0000, 0x0000, 0x0000, 0x0000, 0x0000,
  0x0000, 0x1002, 0x0000, 0x0000, 0x0000, 0x0000, 0x0000, 0x0000, 0x0371, 0x0000,
  0x0000, 0x0000, 0x0000, 0x0000, 0x0000, 0x0000, 0x0000, 0x0000, 0x0000, 0x0000,
  0x0000, 0x0000, 0x0000, 0x0000, 0x0000, 0x0000, 0x0000, 0x0000, 0x0000, 0x0000,
  0x0000, 0x0000, 0x0000, 0x0000, 0x0000, 0x0000, 0x0000, 0x0000, 0x0000, 0x0000,
  0x0000, 0x0000, 0x0000, 0x0000, 0x0000, 0x0000, 0x0000, 0x0000, 0x0000, 0x0000,
  0x0000, 0x0000, 0x0000, 0x0000, 0x0000, 0x0000, 0x0000, 0x0000, 0x0000, 0x0000,
  0x0000, 0x0000, 0x0000, 0x0000, 0x0000, 0x0000, 0x8A7C, 0x1000, 0x0000, 0x0000,
  0x0000, 0x0000, 0x0000, 0x0000, 0x0000, 0x0002, 0x0000, 0x0000, 0x0000, 0x0000,
  0x0000, 0x0000, 0x0000, 0x0000, 0x001D, 0x0000, 0x0025, 0x0025, 0x0000, 0x0000,
  0x0000, 0x0000, 0x0000, 0x0000, 0x0000, 0x0000, 0x0000, 0x0000, 0x0000, 0x0000,
  0x0000, 0x0371, 0x0000, 0x0000, 0x0000, 0x0000, 0x0000, 0x0000, 0x0000, 0x0000,
  0x0000, 0x0000, 0x0000, 0x0000, 0x0000, 0x0000, 0x0000, 0x0000, 0x0000, 0x0000,
  0x0000, 0x0000, 0x0000, 0x0000, 0x0000, 0x0000, 0x0000, 0x0000, 0x0000, 0x0000,
  0x0000, 0x0000, 0x0000, 0x0000, 0x0000, 0x0000, 0x0000, 0x0000, 0x0000, 0x0000,
  0x0000, 0x0000, 0x0000, 0x0000, 0x0000, 0x0000, 0x0000, 0x0000, 0x0000, 0x0000,
  0x0000, 0x0000, 0x0000, 0x0000, 0x0000, 0x0000, 0x0000, 0x0000, 0x0000, 0x0000,
  0x0000, 0x0000, 0x1001, 0x0000, 0x0000, 0x0000, 0x0000, 0x0000, 0x0000, 0x0000,
  0x0000, 0x0000, 0x0000, 0x0000, 0x0000, 0x0000, 0x0000, 0x0000, 0x0000, 0x0000,
  0x0000, 0x0000, 0x0000, 0x0000, 0x0000, 0x0000, 0x0000, 0x0000, 0x0000, 0x0000,
  0x0000, 0x0000, 0x0000, 0x0000, 0x0000, 0x0000, 0x0002, 0x0002, 0x0002, 0x0002,
  0x0002, 0x0002, 0x0002, 0x0002, 0x0002, 0x0002, 0x0002, 0x0002, 0x0002, 0x0002,
  0x0002, 0x0002, 0x0002, 0x0002, 0x0002, 0x0002, 0x0002, 0x0000, 0x0000, 0x0000,
  0x0000, 0x0000, 0x0000, 0x0000, 0x0000, 0x0000, 0x0000, 0x0000, 0x0000, 0x0000,
  0x0000, 0x0000, 0x0000, 0x0000, 0x0000, 0x0000, 0x0000, 0x0000, 0x0000, 0x0000,
  0x0000, 0x0000, 0x0000, 0x0000, 0x0000, 0x0000, 0x0000, 0x0000, 0x0000, 0x0000,
  0x0000, 0x0000, 0x0000, 0x0000, 0x0000, 0x0000, 0x0000, 0x0002, 0x0002, 0x0002,
  0x0002, 0x0002, 0x0002, 0x0002, 0x0002, 0x0002, 0x0002, 0x0002, 0x0002, 0x0002,
  0x0002, 0x0002, 0x0002, 0x0002, 0x0002, 0x0002, 0x0002, 0x0002, 0x0002, 0x0002,
  0x0002, 0x0000, 0x0000, 0x0000, 0x0000, 0x0000, 0x0000, 0x0000, 0x0000, 0x0000,
  0x0000, 0x0000, 0x0000, 0x0000, 0x0000, 0x0000, 0x0000, 0x0000, 0x0000, 0x0000,
  0x0000, 0x0000, 0x0000, 0x0000, 0x0000, 0x0000, 0x0000, 0x0000, 0x0000, 0x0000,
  0x0000, 0x0000, 0x0000, 0x0000, 0x0000, 0x0000, 0x0000, 0x0000, 0x0000, 0x0000,
  0x0000, 0x0000, 0x0000, 0x0000, 0x0000, 0x0000, 0x0000, 0x0000, 0x0000, 0x0000,
  0x0000, 0x0000, 0x0000, 0x0000, 0x0000, 0x0000, 0x0000, 0x0000, 0x0000, 0x0000,
  0x0000, 0x0000, 0x0399, 0x0399, 0x0399, 0x0000, 0x0000, 0x0000, 0x0000, 0x0000,
  0x0000, 0x0000, 0x0000, 0x0000, 0x0000, 0x0000, 0x0000, 0x0000, 0x0000, 0x0000,
  0x0000, 0x0000, 0x0000, 0x0000, 0x0000, 0x0000, 0x0000, 0x0000, 0x0000, 0x0000,
  0x0000, 0x0000, 0x0000, 0x0000, 0x0000, 0x0000, 0x0000, 0x0025, 0x0025, 0x0000,
  0x0000, 0x0000, 0x0000, 0x0000, 0x0000, 0x0000, 0x0000, 0x0000, 0x0000, 0x0000,
  0x0000, 0x0000, 0x0000, 0x0000, 0x0000, 0x0000, 0x0000, 0x0000, 0x0000, 0x0000,
  0x0000, 0x0000, 0x0000, 0x0000, 0x0000, 0x0000, 0x0000, 0x0000, 0x0000, 0x0025,
  0x0000, 0x0000, 0x0000, 0x0000, 0x0000, 0x0000, 0x0000, 0x0000, 0x0000, 0x0000,
  0x0000, 0x0000, 0x0000, 0x0000, 0x0000, 0x0000, 0x0000, 0x0000, 0x0025, 0x0000,
  0x0000, 0x0000, 0x0000, 0x0000, 0x0000, 0x0000, 0x0000, 0x0000, 0x0000, 0x0399,
  0x0000, 0x0000, 0x0000, 0x0000, 0x0000, 0x0000, 0x0000, 0x0000, 0x0000, 0x0000,
  0x0000, 0x0000, 0x0000, 0x0000, 0x0000, 0x0000, 0x0000, 0x0000, 0x0000, 0x0000,
  0x0000, 0x0000, 0x0000, 0x0000, 0x0000, 0x0000, 0x0000, 0x0000, 0x0000, 0x0000,
  0x0000, 0x0000, 0x0000, 0x0000, 0x0000, 0x0000, 0x0000, 0x0000, 0x0000, 0x0000,
  0x0000, 0x0391, 0x0000, 0x0000, 0x0000, 0x0000, 0x0000, 0x0000, 0x0000, 0x0000,
  0x0000, 0x0000, 0x0000, 0x0000, 0x0000, 0x0000, 0x0000, 0x0000, 0x0000, 0x0000,
  0x0000, 0x0000, 0x0000, 0x0000, 0x0000, 0x0000, 0x0000, 0x0000, 0x0000, 0x0000,
  0x0000, 0x0000, 0x0000, 0x0000, 0x0000, 0x0000, 0x0000, 0x0000, 0x0000, 0x0000,
  0x0000, 0x0000, 0x0000, 0x0000, 0x0000, 0x0000, 0x0000, 0x0000, 0x0000, 0x0000,
  0x0000, 0x0000, 0x0000, 0x0000, 0x0000, 0x0000, 0x0000, 0x0000, 0x0000, 0x0379,
  0x0399, 0x0371, 0x0000, 0x0000, 0x0000, 0x0000, 0x0000, 0x0000, 0x0000, 0x0000,
  0x0000, 0x0000, 0x0000, 0x0000, 0x0000, 0x0000, 0x0000, 0x0000, 0x0000, 0x0000,
  0x0000, 0x0000, 0x0000, 0x0000, 0x0000, 0x0399, 0x0371, 0x0000, 0x0000, 0x0000,
  0x0000, 0x0000, 0x0000, 0x0000, 0x0000, 0x0000, 0x0000, 0x0000, 0x0000, 0x0000,
  0x0000, 0x0000, 0x0000, 0x0000, 0x0000, 0x0000, 0x0000, 0x0000, 0x0000, 0x0000,
  0x0000, 0x0000, 0x0000, 0x0000, 0x0000, 0x0000, 0x0000, 0x0000, 0x0000, 0x0000,
  0x0000, 0x0000, 0x0000, 0x0000, 0x0000, 0x0000, 0x0025, 0x0000, 0x0000, 0x0000,
  0x0000, 0x0000, 0x0000, 0x0000, 0x0000, 0x0000, 0x0000, 0x0000, 0x0000, 0x0000,
  0x0000, 0x0000, 0x0000, 0x0000, 0x0000, 0x0000, 0x0000, 0x0399, 0x0399, 0x0399,
  0x0399, 0x0399, 0x0399, 0x0399, 0x0399, 0x0000, 0x0000, 0x0371, 0x0000, 0x0000,
  0x0000, 0x0000, 0x0000, 0x0000, 0x0000, 0x0000, 0x0000, 0x0000, 0x0000, 0x0000,
  0x0000, 0x0000, 0x0000, 0x0000, 0x0000, 0x0000, 0x0000, 0x0000, 0x0000, 0x0000,
  0x0000, 0x0000, 0x0000, 0x0000, 0x0000, 0x0000, 0x0000, 0x0000, 0x0000, 0x0000,
  0x0000, 0x0000, 0x0000, 0x0000, 0x0000, 0x0000, 0x0000, 0x0000, 0x0000, 0x0000,
  0x0000, 0x0000, 0x0000, 0x0000, 0x0000, 0x0000, 0x0399, 0x0399, 0x0399, 0x0399,
  0x0399, 0x0371, 0x0371, 0x0371, 0x0371, 0x0371, 0x0371, 0x0399, 0x0399, 0x0371,
  0x0000, 0x0371, 0x0399, 0x0399, 0x0371, 0x0371, 0x0399, 0x0399, 0x0399, 0x0399,
  0x0399, 0x0371, 0x0399, 0x0399, 0x0399, 0x0399, 0x0399, 0x0399, 0x0399, 0x0399,
  0x0399, 0x0399, 0x0399, 0x0399, 0x0399, 0x0399, 0x0399, 0x0399, 0x0399, 0x0399,
  0x0371, 0x0000, 0x0000, 0x0399, 0x0399, 0x0399, 0x0399, 0x0399, 0x0399, 0x0371,
  0x0399, 0x0399, 0x0399, 0x0399, 0x03A9, 0x0000, 0x0000, 0x0000, 0x0000, 0x0000,
  0x0000, 0x0000, 0x0000, 0x0000, 0x0000, 0x0000, 0x0000, 0x0000, 0x0000, 0x0000,
  0x0000, 0x0000, 0x0000, 0x0000, 0x0000, 0x8A80, 0x1000, 0x8A84, 0x1000, 0x8A88,
  0x1000, 0x8A8C, 0x1000, 0x8A90, 0x1000, 0x0000, 0x0000, 0x8A94, 0x1000, 0x0000,
  0x0000, 0x0000, 0x0000, 0x0000, 0x0000, 0x0000, 0x0000, 0x0000, 0x0000, 0x0000,
  0x0000, 0x0000, 0x0000, 0x0000, 0x0000, 0x0000, 0x0000, 0x0000, 0x0000, 0x0000,
  0x0000, 0x0000, 0x0000, 0x0000, 0x0000, 0x0000, 0x0000, 0x0000, 0x0000, 0x0000,
  0x0000, 0x0000, 0x001D, 0x0002, 0x0000, 0x0000, 0x0000, 0x0000, 0x8A98, 0x1000,
  0x8A9C, 0x1000, 0x8AA0, 0x8AA4, 0x1000, 0x1000, 0x8AA8, 0x1000, 0x0025, 0x0000,
  0x0000, 0x0000, 0x0000, 0x0000, 0x0000, 0x0000, 0x0000, 0x0000, 0x0000, 0x0000,
  0x0000, 0x0000, 0x0000, 0x0000, 0x0000, 0x0000, 0x0000, 0x0000, 0x0000, 0x0000,
  0x0000, 0x0000, 0x0000, 0x0000, 0x0000, 0x0000, 0x0000, 0x0000, 0x0000, 0x0000,
  0x0000, 0x0000, 0x0000, 0x0000, 0x0000, 0x0000, 0x0000, 0x0399, 0x0371, 0x0399,
  0x0399, 0x0399, 0x0399, 0x0399, 0x0399, 0x0399, 0x0000, 0x0000, 0x0000, 0x0000,
  0x0000, 0x0000, 0x0000, 0x0000, 0x0000, 0x0000, 0x0000, 0x0000, 0x0000, 0x0000,
  0x0000, 0x0000, 0x0000, 0x0000, 0x0000, 0x0000, 0x0000, 0x0000, 0x0000, 0x0000,
  0x0000, 0x0000, 0x0000, 0x0000, 0x0000, 0x0000, 0x0000, 0x0000, 0x0000, 0x0000,
  0x0000, 0x0000, 0x0000, 0x0000, 0x0000, 0x0000, 0x0000, 0x0000, 0x0025, 0x0025,
  0x0000, 0x0000, 0x0000, 0x0000, 0x0000, 0x0000, 0x0000, 0x0000, 0x0000, 0x0000,
  0x0000, 0x0000, 0x0000, 0x0000, 0x0000, 0x0000, 0x0000, 0x0000, 0x0000, 0x0000,
  0x0000, 0x0000, 0x0000, 0x0000, 0x0000, 0x0000, 0x0000, 0x0000, 0x0000, 0x0000,
  0x0000, 0x0000, 0x0000, 0x0000, 0x0000, 0x0000, 0x0000, 0x0000, 0x001D, 0x0000,
  0x0000, 0x0000, 0x0000, 0x0000, 0x0000, 0x0000, 0x0000, 0x0000, 0x0000, 0x0000,
  0x0025, 0x0025, 0x0000, 0x0000, 0x0000, 0x0000, 0x0000, 0x0000, 0x0000, 0x0000,
  0x0000, 0x0000, 0x0000, 0x0000, 0x0000, 0x0000, 0x0000, 0x0000, 0x0399, 0x0399,
  0x0399, 0x0000, 0x0005, 0x0371, 0x0371, 0x0371, 0x0371, 0x0371, 0x0399, 0x0399,
  0x0371, 0x0371, 0x0371, 0x0371, 0x0399, 0x0000, 0x0005, 0x0005, 0x0005, 0x0005,
  0x0005, 0x0005, 0x0005, 0x0000, 0x0000, 0x0000, 0x0000, 0x0371, 0x0000, 0x0000,
  0x0000, 0x0000, 0x0000, 0x0000, 0x0399, 0x0000, 0x0000, 0x0000, 0x0399, 0x0399,
  0x0000, 0x0000, 0x0000, 0x0000, 0x0000, 0x0000, 0x0000, 0x0000, 0x0000, 0x0000,
  0x0000, 0x0000, 0x0000, 0x0000, 0x0000, 0x0000, 0x0000, 0x0000, 0x0000, 0x0000,
  0x0000, 0x0000, 0x0000, 0x0000, 0x0000, 0x0000, 0x0000, 0x0000, 0x0000, 0x0000,
  0x0000, 0x0000, 0x0000, 0x0000, 0x0000, 0x0000, 0x0000, 0x0000, 0x0000, 0x0000,
  0x0000, 0x0000, 0x0000, 0x0000, 0x1002, 0x1002, 0x1002, 0x0000, 0x1002, 0x1002,
  0x1001, 0x1002, 0x1002, 0x1002, 0x1002, 0x1002, 0x1002, 0x1002, 0x1002, 0x0000,
  0x1002, 0x1001, 0x1002, 0x1002, 0x1002, 0x1002, 0x1001, 0x1001, 0x1001, 0x1002,
  0x1002, 0x1002, 0x1001, 0x1001, 0x1001, 0x1002, 0x0000, 0x1002, 0x1002, 0x1001,
  0x1002, 0x1001, 0x1001, 0x1001, 0x1002, 0x1002, 0x1002, 0x1001, 0x1001, 0x1002,
  0x1001, 0x1001, 0x1001, 0x1001, 0x1001, 0x1001, 0x1002, 0x1002, 0x1002, 0x1002,
  0x1001, 0x1001, 0x1002, 0x1001, 0x1001, 0x0000, 0x0000, 0x0000, 0x0000, 0x0000,
  0x0000, 0x0000, 0x0000, 0x0000, 0x0000, 0x0000, 0x0000, 0x0000, 0x1001, 0x0000,
  0x0000, 0x0000, 0x0000, 0x0000, 0x0000, 0x0000, 0x0000, 0x0000, 0x0000, 0x0000,
  0x0000, 0x0000, 0x0000, 0x0000, 0x0000, 0x0000, 0x0000, 0x0000, 0x0000, 0x0000,
  0x0000, 0x0000, 0x0000, 0x0000, 0x0000, 0x0000, 0x1001, 0x1002, 0x1001, 0x1001,
  0x1001, 0x1002, 0x1001, 0x1001, 0x1001, 0x1001, 0x1001, 0x1001, 0x1001, 0x1001,
  0x1001, 0x1001, 0x1001, 0x1001, 0x1001, 0x1001, 0x1001, 0x1001, 0x1001, 0x1001,
  0x1001, 0x1001, 0x1001, 0x1001, 0x1001, 0x1001, 0x1001, 0x1001, 0x1002, 0x1001,
  0x1001, 0x1002, 0x1001, 0x0399, 0x0399, 0x0371, 0x0399, 0x0399, 0x0399, 0x0399,
  0x0399, 0x0399, 0x0399, 0x0371, 0x0399, 0x0399, 0x03A9, 0x0359, 0x0371, 0x0329,
  0x0399, 0x0399, 0x0399, 0x0399, 0x0399, 0x0399, 0x0399, 0x0399, 0x0399, 0x0399,
  0x0399, 0x0399, 0x0399, 0x0399, 0x0399, 0x0399, 0x0399, 0x0399, 0x0399, 0x0399,
  0x0399, 0x0399, 0x0399, 0x0399, 0x0399, 0x0399, 0x0399, 0x0399, 0x0399, 0x0399,
  0x0399, 0x0399, 0x0399, 0x0399, 0x0399, 0x0399, 0x0399, 0x03A1, 0x0391, 0x0391,
  0x0371, 0x0369, 0x0399, 0x03A5, 0x0371, 0x0399, 0x0371, 0x1000, 0x1000, 0x1000,
  0x1000, 0x1000, 0x1000, 0x1000, 0x1000, 0x1000, 0x1000, 0x1000, 0x1000, 0x1000,
  0x1000, 0x1000, 0x1000, 0x1000, 0x1000, 0x1000, 0x1000, 0x1000, 0x1000, 0x1000,
  0x1000, 0x1000, 0x1000, 0x1000, 0x1000, 0x1000, 0x1000, 0x1000, 0x1000, 0x1000,
  0x1000, 0x1000, 0x1000, 0x1000, 0x1000, 0x1000, 0x1000, 0x1000, 0x1000, 0x1000,
  0x1000, 0x1000, 0x1000, 0x1000, 0x1000, 0x1000, 0x1000, 0x1000, 0x1000, 0x1000,
  0x1000, 0x9AAC, 0x9AB0, 0x1000, 0x1000, 0x1000, 0x1000, 0x1000, 0x1000, 0x1000,
  0x1000, 0x1000, 0x1000, 0x1000, 0x1000, 0x1000, 0x1000, 0x1000, 0x1000, 0x1000,
  0x1000, 0x1000, 0x1000, 0x1000, 0x1000, 0x1000, 0x1000, 0x1000, 0x1000, 0x9AB4,
  0x9AB8, 0x1000, 0x1000, 0x1000, 0x1000, 0x1000, 0x1000, 0x9ABC, 0x9AC0, 0x1000,
  0x1000, 0x1000, 0x1000, 0x1000, 0x1000, 0x1000, 0x1000, 0x1000, 0x1000, 0x1000,
  0x1000, 0x1000, 0x1000, 0x1000, 0x1000, 0x1000, 0x1000, 0x1000, 0x1000, 0x1000,
  0x1000, 0x1000, 0x1000, 0x1000, 0x1000, 0x1000, 0x1000, 0x1002, 0x1002, 0x0000,
  0x0000, 0x0000, 0x0000, 0x9AC4, 0x9ACC, 0x1000, 0x1000, 0x1000, 0x1000, 0x1000,
  0x1000, 0x1000, 0x1000, 0x1000, 0x1000, 0x1000, 0x1000, 0x1000, 0x1000, 0x1000,
  0x1000, 0x1000, 0x1000, 0x1000, 0x1000, 0x1000, 0x1000, 0x9AD4, 0x9AD8, 0x1000,
  0x1000, 0x1000, 0x1000, 0x1000, 0x1000, 0x1000, 0x1000, 0x1000, 0x1000, 0x1000,
  0x1000, 0x9ADC, 0x9AE0, 0x1000, 0x1000, 0x1000, 0x1000, 0x1000, 0x1000, 0x1000,
  0x1000, 0x1000, 0x1000, 0x1000, 0x1000, 0x1000, 0x1000, 0x1000, 0x1000, 0x1000,
  0x1000, 0x1000, 0x1000, 0x1000, 0x1000, 0x1000, 0x1000, 0x1000, 0x1000, 0x1000,
  0x1000, 0x1000, 0x1000, 0x1000, 0x1000, 0x1000, 0x1000, 0x1000, 0x1000, 0x1000,
  0x1000, 0x1000, 0x1000, 0x1000, 0x1000, 0x1000, 0x1000, 0x0000, 0x0000, 0x0000,
  0x0000, 0x0000, 0x0000, 0x9AE4, 0x9AF4, 0x9B04, 0x9B08, 0x9B0C, 0x9B10, 0x9B14,
  0x9B18, 0x9B1C, 0x9B2C, 0x9B3C, 0x9B40, 0x9B44, 0x9B48, 0x9B4C, 0x9B50, 0x9B54,
  0x9B5C, 0x1000, 0x1000, 0x1000, 0x1000, 0x0000, 0x0000, 0x9B64, 0x9B6C, 0x1000,
  0x1000, 0x1000, 0x1000, 0x0000, 0x0000, 0x9B74, 0x9B84, 0x9B94, 0x9B98, 0x9B9C,
  0x9BA0, 0x9BA4, 0x9BA8, 0x9BAC, 0x9BBC, 0x9BCC, 0x9BD0, 0x9BD4, 0x9BD8, 0x9BDC,
  0x9BE0, 0x9BE4, 0x9BF0, 0x1000, 0x1000, 0x1000, 0x1000, 0x1000, 0x1000, 0x9BFC,
  0x9C08, 0x1000, 0x1000, 0x1000, 0x1000, 0x1000, 0x1000, 0x9C14, 0x9C1C, 0x1000,
  0x1000, 0x1000, 0x1000, 0x0000, 0x0000, 0x9C24, 0x9C2C, 0x1000, 0x1000, 0x1000,
  0x1000, 0x0000, 0x0000, 0x9C34, 0x9C40, 0x1000, 0x1000, 0x1000, 0x1000, 0x1000,
  0x1000, 0x0000, 0x9C4C, 0x0000, 0x1000, 0x0000, 0x1000, 0x0000, 0x1000, 0x9C58,
  0x9C68, 0x9C78, 0x9C7C, 0x9C80, 0x9C84, 0x9C88, 0x9C8C, 0x9C90, 0x9CA0, 0x9CB0,
  0x9CB4, 0x9CB8, 0x9CBC, 0x9CC0, 0x9CC4, 0x9CC8, 0x1002, 0x1000, 0x1002, 0x9CCC,
  0x1002, 0x1000, 0x1002, 0x1000, 0x1002, 0x1000, 0x1002, 0x9CD0, 0x1002, 0x0000,
  0x0000, 0x1000, 0x1000, 0x1000, 0x1000, 0x1000, 0x1000, 0x1000, 0x1000, 0x1000,
  0x1000, 0x1000, 0x1000, 0x1000, 0x1000, 0x1000, 0x1000, 0x1000, 0x1000, 0x1000,
  0x1000, 0x1000, 0x1000, 0x1000, 0x1000, 0x1000, 0x1000, 0x1000, 0x1000, 0x1000,
  0x1000, 0x1000, 0x1000, 0x1000, 0x1000, 0x1000, 0x1000, 0x1000, 0x1000, 0x1000,
  0x1000, 0x1000, 0x1000, 0x1000, 0x1000, 0x1000, 0x1000, 0x1000, 0x1000, 0x1000,
  0x1000, 0x1000, 0x1000, 0x1000, 0x0000, 0x9CD4, 0x1000, 0x1000, 0x1000, 0x1000,
  0x1002, 0x1000, 0x1002, 0x1002, 0x9CDA, 0x1002, 0x1002, 0x1000, 0x1000, 0x1000,
  0x0000, 0x9CE4, 0x1000, 0x1000, 0x1002, 0x1000, 0x1002, 0x1000, 0x1002, 0x1002,
  0x1002, 0x1000, 0x1000, 0x1000, 0x1002, 0x0000, 0x0000, 0x1000, 0x1000, 0x1000,
  0x1000, 0x1000, 0x1002, 0x0000, 0x1002, 0x1002, 0x1002, 0x1000, 0x1000, 0x1000,
  0x1002, 0x1000, 0x1000, 0x1000, 0x1000, 0x1000, 0x1000, 0x1000, 0x1002, 0x1000,
  0x1002, 0x1002, 0x1001, 0x0000, 0x0000, 0x1000, 0x1000, 0x1000, 0x0000, 0x9CE8,
  0x1000, 0x1000, 0x1002, 0x1000, 0x1002, 0x1000, 0x1002, 0x9CEE, 0x0000, 0x1001,
  0x1001, 0x1001, 0x1001, 0x1001, 0x1001, 0x1001, 0x1001, 0x1001, 0x1001, 0x1001,
  0x0000, 0x0000, 0x0000, 0x0000, 0x0000, 0x0000, 0x1001, 0x0000, 0x0000, 0x0000,
  0x0000, 0x0000, 0x1002, 0x0000, 0x0000, 0x0000, 0x0000, 0x0000, 0x0000, 0x0000,
  0x0000, 0x0000, 0x0000, 0x0000, 0x0000, 0x1001, 0x1002, 0x1002, 0x0000, 0x0000,
  0x0000, 0x0000, 0x0000, 0x0000, 0x0000, 0x0000, 0x1001, 0x0000, 0x0000, 0x0000,
  0x1002, 0x1002, 0x0000, 0x1002, 0x1002, 0x0000, 0x0000, 0x0000, 0x0000, 0x1002,
  0x0000, 0x1002, 0x0000, 0x0000, 0x0000, 0x0000, 0x0000, 0x0000, 0x0000, 0x1002,
  0x1002, 0x1002, 0x0000, 0x0000, 0x0000, 0x0000, 0x0000, 0x0000, 0x0000, 0x0000,
  0x0000, 0x0000, 0x0000, 0x0000, 0x0000, 0x1002, 0x0000, 0x0000, 0x0000, 0x0000,
  0x0000, 0x0000, 0x0000, 0x1001, 0x0000, 0x0000, 0x0000, 0x0000, 0x0000, 0x0000,
  0x0000, 0x0000, 0x0000, 0x0000, 0x0000, 0x0000, 0x0000, 0x0000, 0x0000, 0x0000,
  0x1001, 0x1002, 0x0000, 0x0000, 0x1001, 0x1001, 0x1001, 0x1001, 0x1001, 0x1001,
  0x1001, 0x1001, 0x1002, 0x1001, 0x1001, 0x1002, 0x1001, 0x1001, 0x1001, 0x1001,
  0x1001, 0x1001, 0x1001, 0x1001, 0x1001, 0x1001, 0x1001, 0x1001, 0x1002, 0x1001,
  0x1001, 0x0000, 0x1002, 0x1002, 0x1002, 0x1002, 0x1001, 0x1002, 0x1002, 0x1002,
  0x1002, 0x1002, 0x1002, 0x1002, 0x1002, 0x0000, 0x0000, 0x0000, 0x0000, 0x0000,
  0x0000, 0x0000, 0x0000, 0x0000, 0x0000, 0x0000, 0x1002, 0x0000, 0x0000, 0x0000,
  0x0000, 0x0000, 0x0000, 0x0000, 0x0000, 0x0000, 0x0000, 0x0000, 0x0000, 0x0000,
  0x0000, 0x0000, 0x0000, 0x0000, 0x0000, 0x0000, 0x0000, 0x0000, 0x0000, 0x0000,
  0x0399, 0x0399, 0x0005, 0x0005, 0x0399, 0x0399, 0x0399, 0x0399, 0x0005, 0x0005,
  0x0005, 0x0399, 0x0399, 0x0000, 0x0000, 0x0000, 0x0000, 0x0399, 0x0000, 0x0000,
  0x0000, 0x0005, 0x0005, 0x0399, 0x0371, 0x0399, 0x0005, 0x0005, 0x0371, 0x0371,
  0x0371, 0x0371, 0x0399, 0x0000, 0x0000, 0x0000, 0x0000, 0x0000, 0x0000, 0x0000,
  0x0000, 0x0000, 0x0000, 0x0000, 0x0000, 0x0000, 0x0000, 0x0000, 0x1002, 0x1002,
  0x1002, 0x1002, 0x0000, 0x1002, 0x1002, 0x1001, 0x0000, 0x1002, 0x1002, 0x1002,
  0x1002, 0x1002, 0x1002, 0x1001, 0x1002, 0x1002, 0x1002, 0x1002, 0x0000, 0x1002,
  0x1002, 0x0000, 0x0000, 0x1002, 0x1001, 0x1002, 0x1002, 0x1002, 0x0000, 0x0000,
  0x1002, 0x1002, 0x1002, 0x0000, 0x1002, 0x0000, 0x1002, 0x0000, 0x1002, 0x0000,
  0x1002, 0x1002, 0x1002, 0x1002, 0x0000, 0x1002, 0x1002, 0x1002, 0x0000, 0x1002,
  0x1002, 0x1001, 0x1001, 0x1001, 0x1001, 0x1002, 0x0000, 0x1002, 0x1001, 0x1001,
  0x1001, 0x1001, 0x0000, 0x0000, 0x0000, 0x0000, 0x1002, 0x1002, 0x1002, 0x1002,
  0x1002, 0x0000, 0x0000, 0x0000, 0x0000, 0x0000, 0x0000, 0x1002, 0x1002, 0x1002,
  0x1002, 0x1002, 0x1002, 0x1002, 0x1002, 0x1002, 0x1002, 0x1002, 0x1002, 0x1002,
  0x1002, 0x1002, 0x1002, 0x1002, 0x1002, 0x1002, 0x1002, 0x1002, 0x1002, 0x1002,
  0x1002, 0x1002, 0x1002, 0x1002, 0x1002, 0x1002, 0x1002, 0x1002, 0x1002, 0x1002,
  0x1002, 0x1002, 0x1002, 0x1002, 0x1002, 0x1002, 0x1002, 0x1002, 0x1002, 0x1002,
  0x1002, 0x1002, 0x1002, 0x1002, 0x1002, 0x0000, 0x0000, 0x0000, 0x0000, 0x0000,
  0x0000, 0x0000, 0x0000, 0x0000, 0x1002, 0x0000, 0x0000, 0x0000, 0x0000, 0x0000,
  0x0000, 0x8CF8, 0x0000, 0x8CFC, 0x0000, 0x8D00, 0x0000, 0x0000, 0x0000, 0x0000,
  0x0000, 0x1000, 0x1000, 0x0000, 0x0000, 0x0000, 0x0000, 0x0000, 0x0000, 0x0000,
  0x0000, 0x0000, 0x0000, 0x0000, 0x0000, 0x0000, 0x0000, 0x0000, 0x0000, 0x0000,
  0x0000, 0x1000, 0x0000, 0x0000, 0x0000, 0x0000, 0x0000, 0x0000, 0x0000, 0x0000,
  0x0000, 0x0000, 0x0000, 0x0000, 0x0000, 0x0000, 0x0000, 0x0000, 0x0000, 0x1000,
  0x1000, 0x1000, 0x8D04, 0x0000, 0x8D08, 0x0000, 0x8D0C, 0x0000, 0x0000, 0x0000,
  0x0000, 0x0000, 0x0000, 0x0000, 0x0000, 0x0000, 0x0000, 0x0000, 0x0000, 0x0000,
  0x0000, 0x0000, 0x0000, 0x0000, 0x0000, 0x0000, 0x0000, 0x0000, 0x0000, 0x0000,
  0x0000, 0x0000, 0x0000, 0x0000, 0x0000, 0x0000, 0x0000, 0x0000, 0x0000, 0x0000,
  0x0000, 0x0000, 0x0000, 0x0000, 0x0000, 0x0000, 0x0000, 0x0000, 0x0000, 0x0000,
  0x8D10, 0x1000, 0x0000, 0x0000, 0x0000, 0x8D14, 0x1000, 0x0000, 0x8D18, 0x1000,
  0x0000, 0x0000, 0x0000, 0x0000, 0x0000, 0x0000, 0x0000, 0x0000, 0x0000, 0x0000,
  0x0000, 0x0000, 0x0000, 0x0000, 0x0000, 0x0000, 0x0000, 0x0000, 0x0000, 0x0000,
  0x0000, 0x0000, 0x8D1C, 0x1000, 0x8D20, 0x1000, 0x0000, 0x0000, 0x0000, 0x0000,
  0x0000, 0x1002, 0x1002, 0x0000, 0x1002, 0x1002, 0x0000, 0x0000, 0x0000, 0x0000,
  0x0000, 0x0000, 0x0000, 0x0000, 0x0000, 0x0000, 0x0000, 0x8D24, 0x0000, 0x0000,
  0x0000, 0x1000, 0x0000, 0x8D28, 0x1000, 0x8D2C, 0x0000, 0x1000, 0x8D30, 0x1000,
  0x0000, 0x0000, 0x0000, 0x8D34, 0x0000, 0x0000, 0x0000, 0x0000, 0x0000, 0x0000,
  0x0000, 0x0000, 0x0000, 0x0000, 0x0000, 0x0000, 0x0000, 0x0000, 0x0000, 0x0000,
  0x0000, 0x0000, 0x1000, 0x8D38, 0x1000, 0x0000, 0x8D3C, 0x8D40, 0x0000, 0x0000,
  0x0000, 0x0000, 0x0000, 0x0000, 0x0000, 0x1000, 0x1000, 0x1000, 0x1000, 0x1000,
  0x8D44, 0x8D48, 0x1000, 0x1000, 0x8D4C, 0x8D50, 0x1000, 0x1000, 0x8D54, 0x8D58,
  0x8D5C, 0x8D60, 0x0000, 0x0000, 0x1000, 0x1000, 0x8D64, 0x8D68, 0x1000, 0x1000,
  0x8D6C, 0x8D70, 0x1000, 0x1000, 0x0000, 0x0000, 0x0000, 0x0000, 0x0000, 0x0000,
  0x0000, 0x8D74, 0x8D78, 0x0000, 0x0000, 0x0000, 0x0000, 0x0000, 0x0000, 0x0000,
  0x0000, 0x0000, 0x0000, 0x0000, 0x0000, 0x0000, 0x0000, 0x0000, 0x8D7C, 0x0000,
  0x0000, 0x0000, 0x0000, 0x0000, 0x8D80, 0x8D84, 0x0000, 0x8D88, 0x1000, 0x1000,
  0x1000, 0x1000, 0x0000, 0x0000, 0x8D8C, 0x8D90, 0x8D94, 0x8D98, 0x0000, 0x0000,
  0x0000, 0x0000, 0x0000, 0x0000, 0x0000, 0x0000, 0x0000, 0x0000, 0x0000, 0x0000,
  0x0000, 0x0000, 0x0000, 0x0000, 0x0000, 0x0000, 0x0000, 0x0000, 0x0000, 0x0000,
  0x0000, 0x0000, 0x0000, 0x0000, 0x0000, 0x0000, 0x0000, 0x0000, 0x0000, 0x0000,
  0x1000, 0x1000, 0x1000, 0x1000, 0x0000, 0x0000, 0x0000, 0x0000, 0x0000, 0x0000,
  0x1000, 0x1000, 0x1000, 0x1000, 0x0000, 0x0000, 0x0000, 0x0000, 0x0000, 0x0000,
  0x0000, 0x0000, 0x0000, 0x0000, 0x0000, 0x0000, 0x0000, 0x0000, 0x0000, 0x0000,
  0x0000, 0x0000, 0x0000, 0x0000, 0x0000, 0x0000, 0x0000, 0x0000, 0x0000, 0x0000,
  0x0000, 0x0000, 0x0000, 0x0000, 0x0000, 0x0000, 0x0000, 0x0000, 0x0000, 0x0000,
  0x0000, 0x0000, 0x0000, 0x0000, 0x0000, 0x1001, 0x1001, 0x0000, 0x0000, 0x0000,
  0x0000, 0x0000, 0x0000, 0x0000, 0x0000, 0x0000, 0x0000, 0x0000, 0x0000, 0x0000,
  0x0000, 0x0000, 0x0000, 0x0000, 0x0000, 0x0000, 0x0000, 0x0000, 0x0000, 0x0000,
  0x0000, 0x0000, 0x0000, 0x0000, 0x0000, 0x0000, 0x0000, 0x0000, 0x0000, 0x1001,
  0x1001, 0x1001, 0x1001, 0x1001, 0x1001, 0x1001, 0x1001, 0x1001, 0x1002, 0x1002,
  0x1002, 0x1002, 0x1002, 0x1002, 0x1002, 0x1002, 0x1002, 0x1002, 0x1002, 0x1002,
  0x1002, 0x1002, 0x1002, 0x1002, 0x1002, 0x1002, 0x1002, 0x1002, 0x1002, 0x1002,
  0x1002, 0x1002, 0x1002, 0x1002, 0x1002, 0x1002, 0x1002, 0x1002, 0x1002, 0x1002,
  0x1002, 0x1002, 0x1002, 0x1002, 0x1002, 0x1002, 0x1002, 0x1002, 0x1002, 0x1002,
  0x1002, 0x1002, 0x1002, 0x1002, 0x1002, 0x1002, 0x1002, 0x1002, 0x1002, 0x1002,
  0x1002, 0x1002, 0x1002, 0x1002, 0x1002, 0x1002, 0x1002, 0x1002, 0x1002, 0x1002,
  0x1002, 0x1002, 0x1001, 0x1002, 0x1002, 0x1002, 0x1002, 0x1002, 0x1002, 0x1002,
  0x1002, 0x1002, 0x1002, 0x1002, 0x1002, 0x1002, 0x1002, 0x1002, 0x1002, 0x1002,
  0x1002, 0x1002, 0x1002, 0x1002, 0x1002, 0x1002, 0x1002, 0x1002, 0x1001, 0x1002,
  0x1002, 0x1002, 0x1002, 0x1002, 0x1002, 0x1002, 0x1002, 0x1002, 0x1001, 0x0000,
  0x0000, 0x0000, 0x0000, 0x0000, 0x0000, 0x0000, 0x0000, 0x0000, 0x0000, 0x0000,
  0x0000, 0x0000, 0x0000, 0x0000, 0x0000, 0x0000, 0x0000, 0x0000, 0x0000, 0x0000,
  0x1002, 0x0000, 0x0000, 0x0000, 0x0000, 0x0000, 0x0000, 0x0000, 0x0000, 0x0000,
  0x0000, 0x0000, 0x0000, 0x0000, 0x0000, 0x0000, 0x0000, 0x0000, 0x0000, 0x0000,
  0x0000, 0x0000, 0x0000, 0x0000, 0x0000, 0x0000, 0x0000, 0x0000, 0x0000, 0x0000,
  0x0000, 0x0000, 0x0000, 0x0000, 0x0000, 0x0000, 0x0000, 0x0000, 0x0000, 0x0000,
  0x0000, 0x0000, 0x0000, 0x0000, 0x0000, 0x0000, 0x0000, 0x0000, 0x0000, 0x0000,
  0x0000, 0x0000, 0x0000, 0x1002, 0x1002, 0x1002, 0x0000, 0x0000, 0x0000, 0x0000,
  0x0000, 0x0000, 0x0000, 0x0000, 0x0000, 0x0000, 0x0000, 0x0000, 0x0000, 0x0000,
  0x0000, 0x0000, 0x0000, 0x0000, 0x0000, 0x0000, 0x0000, 0x0000, 0x0000, 0x0000,
  0x0000, 0x0000, 0x0000, 0x0000, 0x1002, 0x0000, 0x0000, 0x0000, 0x0000, 0x0000,
  0x0000, 0x0000, 0x0000, 0x0000, 0x0000, 0x0000, 0x0000, 0x0000, 0x0000, 0x0000,
  0x0000, 0x0000, 0x0000, 0x0000, 0x0000, 0x0000, 0x0000, 0x0000, 0x0000, 0x0000,
  0x0000, 0x0000, 0x0000, 0x0000, 0x0000, 0x0000, 0x0000, 0x0000, 0x0000, 0x0000,
  0x0000, 0x0000, 0x0000, 0x0000, 0x0000, 0x0000, 0x0000, 0x0000, 0x0000, 0x0000,
  0x0000, 0x0000, 0x0000, 0x0000, 0x0000, 0x0000, 0x0000, 0x0000, 0x0000, 0x0000,
  0x0000, 0x0000, 0x0000, 0x0000, 0x0000, 0x1002, 0x1002, 0x0000, 0x0000, 0x0000,
  0x0000, 0x0000, 0x0000, 0x0000, 0x0000, 0x0000, 0x0000, 0x0000, 0x0000, 0x0000,
  0x0000, 0x0000, 0x0000, 0x0000, 0x0000, 0x0000, 0x0000, 0x0000, 0x0000, 0x0000,
  0x0000, 0x0000, 0x0000, 0x0000, 0x0000, 0x0000, 0x0000, 0x0000, 0x0000, 0x0000,
  0x0000, 0x0000, 0x0000, 0x0000, 0x0000, 0x0000, 0x0000, 0x0000, 0x0000, 0x0000,
  0x0000, 0x0000, 0x0000, 0x0000, 0x1001, 0x0000, 0x0000, 0x0000, 0x0000, 0x0000,
  0x0000, 0x0000, 0x0000, 0x0000, 0x0000, 0x0000, 0x0000, 0x0000, 0x0000, 0x0000,
  0x0025, 0x0000, 0x0000, 0x0000, 0x0000, 0x0000, 0x0000, 0x0000, 0x0000, 0x0000,
  0x0000, 0x0000, 0x0000, 0x0000, 0x0000, 0x0000, 0x0000, 0x0000, 0x0000, 0x0000,
  0x0000, 0x0000, 0x0000, 0x0000, 0x0000, 0x0000, 0x0000, 0x0000, 0x0000, 0x0000,
  0x0000, 0x0000, 0x0000, 0x0399, 0x0399, 0x0399, 0x0399, 0x0399, 0x0399, 0x0399,
  0x0399, 0x0399, 0x0399, 0x0399, 0x0399, 0x0399, 0x0399, 0x0399, 0x0399, 0x0399,
  0x0399, 0x0399, 0x0399, 0x0399, 0x0399, 0x0399, 0x0399, 0x0399, 0x0399, 0x0399,
  0x0399, 0x0399, 0x0399, 0x0399, 0x0399, 0x1001, 0x1001, 0x1001, 0x1001, 0x1001,
  0x1001, 0x1001, 0x1001, 0x1001, 0x1001, 0x1001, 0x1001, 0x1001, 0x1001, 0x1001,
  0x1001, 0x1001, 0x1001, 0x1001, 0x1001, 0x1001, 0x1001, 0x1001, 0x1001, 0x1001,
  0x1001, 0x1001, 0x1001, 0x1001, 0x1001, 0x1001, 0x1001, 0x1001, 0x1001, 0x1001,
  0x1001, 0x1001, 0x1001, 0x1001, 0x1001, 0x1001, 0x1001, 0x1001, 0x1001, 0x1001,
  0x1001, 0x1001, 0x1001, 0x1001, 0x1001, 0x1001, 0x1001, 0x1001, 0x1001, 0x1001,
  0x1001, 0x1001, 0x1001, 0x1001, 0x1001, 0x1001, 0x1001, 0x1001, 0x1001, 0x0000,
  0x0000, 0x0000, 0x0000, 0x0000, 0x0000, 0x0000, 0x0000, 0x0000, 0x0000, 0x0000,
  0x0000, 0x0000, 0x0000, 0x0000, 0x0000, 0x0000, 0x0000, 0x0000, 0x0000, 0x0000,
  0x0000, 0x0000, 0x0000, 0x0000, 0x0000, 0x0000, 0x0000, 0x0000, 0x0000, 0x0000,
  0x0000, 0x0000, 0x0000, 0x0000, 0x0000, 0x0000, 0x0000, 0x0000, 0x0000, 0x0000,
  0x0000, 0x1001, 0x0000, 0x0000, 0x0000, 0x0000, 0x0000, 0x0000, 0x0000, 0x0000,
  0x0000, 0x0000, 0x0000, 0x0000, 0x0000, 0x0000, 0x0000, 0x0000, 0x0000, 0x0000,
  0x0000, 0x0000, 0x0000, 0x0000, 0x0000, 0x0000, 0x0000, 0x0000, 0x0000, 0x0000,
  0x0000, 0x0000, 0x0000, 0x0000, 0x0000, 0x0000, 0x0000, 0x0000, 0x0000, 0x0000,
  0x0000, 0x0000, 0x0000, 0x0369, 0x0391, 0x03A1, 0x0379, 0x0381, 0x0381, 0x0000,
  0x0000, 0x0000, 0x0000, 0x0000, 0x0000, 0x1001, 0x0000, 0x1001, 0x1001, 0x1001,
  0x0000, 0x0000, 0x0000, 0x0000, 0x0000, 0x0000, 0x8D9C, 0x0000, 0x0000, 0x0000,
  0x0000, 0x8DA0, 0x1000, 0x8DA4, 0x1000, 0x8DA8, 0x1000, 0x8DAC, 0x1000, 0x8DB0,
  0x1000, 0x8DB4, 0x1000, 0x8DB8, 0x1000, 0x8DBC, 0x1000, 0x8DC0, 0x1000, 0x8DC4,
  0x1000, 0x8DC8, 0x1000, 0x8DCC, 0x1000, 0x0000, 0x8DD0, 0x1000, 0x8DD4, 0x1000,
  0x8DD8, 0x1000, 0x0000, 0x0000, 0x0000, 0x0000, 0x0000, 0x8DDC, 0x1000, 0x1000,
  0x8DE4, 0x1000, 0x1000, 0x8DEC, 0x1000, 0x1000, 0x8DF4, 0x1000, 0x1000, 0x8DFC,
  0x1000, 0x1000, 0x0000, 0x0000, 0x0000, 0x0000, 0x0000, 0x0000, 0x0000, 0x0000,
  0x0000, 0x0000, 0x0000, 0x0000, 0x0000, 0x0000, 0x0000, 0x0000, 0x0000, 0x0000,
  0x0000, 0x0000, 0x1000, 0x0000, 0x0000, 0x0000, 0x0000, 0x0022, 0x0022, 0x1002,
  0x1002, 0x8E04, 0x1000, 0x1002, 0x0000, 0x0000, 0x0000, 0x0000, 0x0000, 0x0000,
  0x8E08, 0x0000, 0x0000, 0x0000, 0x0000, 0x8E0C, 0x1000, 0x8E10, 0x1000, 0x8E14,
  0x1000, 0x8E18, 0x1000, 0x8E1C, 0x1000, 0x8E20, 0x1000, 0x8E24, 0x1000, 0x8E28,
  0x1000, 0x8E2C, 0x1000, 0x8E30, 0x1000, 0x8E34, 0x1000, 0x8E38, 0x1000, 0x0000,
  0x8E3C, 0x1000, 0x8E40, 0x1000, 0x8E44, 0x1000, 0x0000, 0x0000, 0x0000, 0x0000,
  0x0000, 0x8E48, 0x1000, 0x1000, 0x8E50, 0x1000, 0x1000, 0x8E58, 0x1000, 0x1000,
  0x8E60, 0x1000, 0x1000, 0x8E68, 0x1000, 0x1000, 0x0000, 0x0000, 0x0000, 0x0000,
  0x0000, 0x0000, 0x0000, 0x0000, 0x0000, 0x0000, 0x0000, 0x0000, 0x0000, 0x0000,
  0x0000, 0x0000, 0x0000, 0x8E70, 0x8E74, 0x8E78, 0x8E7C, 0x0000, 0x1000, 0x0000,
  0x0000, 0x1000, 0x1000, 0x1000, 0x1000, 0x0000, 0x0000, 0x8E80, 0x1000, 0x1002,
  0x0000, 0x0000, 0x0000, 0x0000, 0x0000, 0x0000, 0x0000, 0x0000, 0x0000, 0x0000,
  0x0000, 0x0000, 0x0000, 0x0000, 0x0000, 0x0000, 0x0000, 0x0000, 0x0000, 0x0000,
  0x0000, 0x0000, 0x0000, 0x0000, 0x0000, 0x0000, 0x0000, 0x0000, 0x0000, 0x0000,
  0x0000, 0x0000, 0x0000, 0x0000, 0x0000, 0x0000, 0x0000, 0x0000, 0x0000, 0x0000,
  0x0000, 0x0000, 0x0000, 0x0000, 0x0000, 0x0000, 0x0000, 0x0000, 0x0000, 0x1001,
  0x1001, 0x1002, 0x1001, 0x1002, 0x1002, 0x1001, 0x1001, 0x1001, 0x1002, 0x1002,
  0x1002, 0x1002, 0x1002, 0x1002, 0x1001, 0x1001, 0x1001, 0x1001, 0x1001, 0x1001,
  0x1001, 0x1001, 0x1001, 0x1001, 0x1001, 0x1001, 0x1001, 0x1001, 0x1001, 0x1002,
  0x1002, 0x1002, 0x1002, 0x1002, 0x1002, 0x1002, 0x1002, 0x1002, 0x1002, 0x1002,
  0x1002, 0x1002, 0x1002, 0x1002, 0x1002, 0x1002, 0x1002, 0x1002, 0x1002, 0x1002,
  0x1001, 0x1001, 0x1001, 0x1001, 0x1001, 0x1001, 0x1001, 0x1001, 0x1001, 0x1001,
  0x1001, 0x1001, 0x1001, 0x1001, 0x1001, 0x1001, 0x1001, 0x1001, 0x1001, 0x1001,
  0x1001, 0x1001, 0x1001, 0x1001, 0x1001, 0x1001, 0x1001, 0x1001, 0x0000, 0x0000,
  0x0000, 0x1001, 0x1001, 0x1001, 0x1001, 0x1001, 0x1001, 0x1001, 0x1001, 0x1001,
  0x1001, 0x1001, 0x1001, 0x1001, 0x1001, 0x0000, 0x0000, 0x0000, 0x0000, 0x0000,
  0x0000, 0x0000, 0x0000, 0x0000, 0x0000, 0x0000, 0x0000, 0x0000, 0x0000, 0x0000,
  0x0000, 0x0000, 0x0000, 0x0000, 0x0000, 0x0000, 0x0000, 0x0000, 0x0000, 0x0000,
  0x0000, 0x0000, 0x0000, 0x0000, 0x0000, 0x0000, 0x0000, 0x1002, 0x1002, 0x1002,
  0x1002, 0x1002, 0x1002, 0x1002, 0x1002, 0x1002, 0x1002, 0x1002, 0x1002, 0x1002,
  0x1002, 0x1002, 0x1002, 0x1002, 0x1002, 0x1002, 0x1002, 0x1002, 0x1002, 0x1002,
  0x1002, 0x1002, 0x1002, 0x1002, 0x1002, 0x1002, 0x1002, 0x1002, 0x0000, 0x1002,
  0x1002, 0x1002, 0x1002, 0x1002, 0x1002, 0x1002, 0x1002, 0x1002, 0x1002, 0x1002,
  0x1002, 0x1002, 0x1002, 0x1002, 0x1002, 0x1002, 0x1002, 0x1002, 0x1002, 0x1002,
  0x1002, 0x1002, 0x1002, 0x1002, 0x1002, 0x1002, 0x1002, 0x1002, 0x1002, 0x1002,
  0x1002, 0x1001, 0x1001, 0x1001, 0x1001, 0x0000, 0x0000, 0x0000, 0x0000, 0x0000,
  0x0000, 0x0000, 0x0000, 0x1002, 0x1002, 0x1002, 0x1002, 0x1002, 0x1002, 0x1002,
  0x1002, 0x1002, 0x1002, 0x1002, 0x1002, 0x1002, 0x1002, 0x1002, 0x1002, 0x1001,
  0x1001, 0x1001, 0x1001, 0x1001, 0x1001, 0x1001, 0x1001, 0x1001, 0x1001, 0x1001,
  0x1001, 0x1001, 0x1001, 0x1002, 0x1002, 0x1002, 0x1002, 0x1002, 0x1002, 0x1002,
  0x1002, 0x1002, 0x1002, 0x1002, 0x1002, 0x1002, 0x1002, 0x1002, 0x1002, 0x1002,
  0x0000, 0x1001, 0x1001, 0x1001, 0x1001, 0x1001, 0x1001, 0x1001, 0x1001, 0x1001,
  0x1001, 0x1001, 0x1001, 0x1001, 0x1001, 0x1001, 0x1001, 0x1001, 0x1001, 0x1001,
  0x1001, 0x1001, 0x1001, 0x1001, 0x1001, 0x1001, 0x1001, 0x1001, 0x1001, 0x1001,
  0x1001, 0x1001, 0x1001, 0x1001, 0x1001, 0x1001, 0x1001, 0x1001, 0x1001, 0x1001,
  0x1001, 0x1001, 0x1001, 0x1001, 0x1001, 0x1001, 0x1001, 0x1001, 0x1001, 0x1001,
  0x1002, 0x1002, 0x1002, 0x1002, 0x1002, 0x1002, 0x1002, 0x1002, 0x1002, 0x1002,
  0x1002, 0x1002, 0x1002, 0x1002, 0x1002, 0x1002, 0x1001, 0x1001, 0x1002, 0x1001,
  0x1001, 0x1002, 0x1002, 0x1002, 0x1002, 0x1002, 0x1002, 0x1002, 0x1002, 0x1002,
  0x1002, 0x1002, 0x1002, 0x1002, 0x1002, 0x1002, 0x1001, 0x1001, 0x1001, 0x1001,
  0x1001, 0x1002, 0x1002, 0x1002, 0x1002, 0x1002, 0x1001, 0x1001, 0x1001, 0x1001,
  0x1001, 0x1001, 0x1001, 0x1001, 0x1001, 0x1001, 0x1001, 0x1001, 0x1001, 0x1002,
  0x1002, 0x1002, 0x1002, 0x1002, 0x0000, 0x0000, 0x0000, 0x0000, 0x0000, 0x0000,
  0x0000, 0x0000, 0x0000, 0x0000, 0x0000, 0x0000, 0x0000, 0x0000, 0x0000, 0x0000,
  0x0000, 0x0000, 0x0000, 0x0000, 0x0000, 0x0000, 0x0000, 0x0000, 0x0000, 0x0000,
  0x0000, 0x0000, 0x0000, 0x0000, 0x0000, 0x0000, 0x0000, 0x0000, 0x0000, 0x0000,
  0x0000, 0x0000, 0x0000, 0x0000, 0x0000, 0x0000, 0x0000, 0x0000, 0x0000, 0x0000,
  0x0000, 0x0399, 0x0000, 0x0000, 0x0000, 0x0000, 0x0399, 0x0399, 0x0399, 0x0399,
  0x0399, 0x0399, 0x0399, 0x0399, 0x0399, 0x0399, 0x0000, 0x0000, 0x0000, 0x0000,
  0x0000, 0x0000, 0x0000, 0x0000, 0x0000, 0x0000, 0x0000, 0x0000, 0x0000, 0x0000,
  0x0000, 0x0000, 0x0000, 0x0000, 0x0000, 0x0000, 0x0000, 0x0000, 0x0000, 0x0000,
  0x0000, 0x0000, 0x0000, 0x0000, 0x1001, 0x1001, 0x0399, 0x0399, 0x0000, 0x0000,
  0x0000, 0x0000, 0x0000, 0x0000, 0x0000, 0x0000, 0x0000, 0x0000, 0x0000, 0x0000,
  0x0000, 0x0000, 0x0000, 0x0000, 0x0000, 0x0000, 0x0000, 0x0000, 0x0000, 0x0000,
  0x0000, 0x0000, 0x0000, 0x0000, 0x0000, 0x0000, 0x0000, 0x0000, 0x0000, 0x0000,
  0x0000, 0x0000, 0x0000, 0x0000, 0x0000, 0x0000, 0x0000, 0x0000, 0x0000, 0x0000,
  0x0000, 0x0000, 0x0000, 0x0000, 0x0000, 0x0000, 0x0399, 0x0399, 0x0000, 0x0000,
  0x0000, 0x0000, 0x0000, 0x0000, 0x0000, 0x0000, 0x0000, 0x0000, 0x0000, 0x0000,
  0x0000, 0x0000, 0x0000, 0x0000, 0x0000, 0x0000, 0x0000, 0x0000, 0x0000, 0x0000,
  0x0000, 0x0000, 0x0000, 0x0000, 0x0000, 0x0000, 0x0000, 0x0000, 0x0000, 0x0000,
  0x0000, 0x0000, 0x0000, 0x0000, 0x0000, 0x0000, 0x0000, 0x0000, 0x0000, 0x0000,
  0x0000, 0x0000, 0x0000, 0x0000, 0x0000, 0x0000, 0x0000, 0x1002, 0x1002, 0x1002,
  0x1001, 0x0000, 0x0000, 0x0000, 0x1001, 0x1001, 0x0000, 0x0000, 0x0000, 0x0000,
  0x0000, 0x0000, 0x0025, 0x0000, 0x0000, 0x0000, 0x0000, 0x0000, 0x0000, 0x0000,
  0x0000, 0x0000, 0x0000, 0x0000, 0x0000, 0x0000, 0x0000, 0x0000, 0x0000, 0x0000,
  0x0000, 0x0000, 0x0000, 0x0000, 0x0000, 0x0000, 0x0000, 0x0000, 0x0000, 0x0000,
  0x0000, 0x0000, 0x0000, 0x0000, 0x0000, 0x0000, 0x0000, 0x0000, 0x0000, 0x0000,
  0x0025, 0x0000, 0x0000, 0x0000, 0x0000, 0x0000, 0x0000, 0x0000, 0x0000, 0x0000,
  0x0000, 0x0000, 0x0000, 0x0000, 0x0000, 0x0000, 0x0000, 0x0000, 0x0000, 0x0000,
  0x0000, 0x0000, 0x0000, 0x0000, 0x0000, 0x0000, 0x0000, 0x0000, 0x0399, 0x0399,
  0x0399, 0x0399, 0x0399, 0x0399, 0x0399, 0x0399, 0x0399, 0x0399, 0x0399, 0x0399,
  0x0399, 0x0399, 0x0399, 0x0399, 0x0399, 0x0399, 0x0000, 0x0000, 0x0000, 0x0000,
  0x0000, 0x0000, 0x0000, 0x0000, 0x0000, 0x0000, 0x0000, 0x0000, 0x0000, 0x0000,
  0x0000, 0x0000, 0x0000, 0x0000, 0x0000, 0x0000, 0x0000, 0x0000, 0x0000, 0x0000,
  0x0000, 0x0000, 0x0000, 0x0000, 0x0000, 0x0000, 0x0000, 0x0000, 0x0000, 0x0000,
  0x0000, 0x0000, 0x0000, 0x0000, 0x0000, 0x0000, 0x0000, 0x0000, 0x0000, 0x0371,
  0x0371, 0x0371, 0x0000, 0x0000, 0x0000, 0x0000, 0x0000, 0x0000, 0x0000, 0x0000,
  0x0000, 0x0000, 0x0000, 0x0000, 0x0000, 0x0000, 0x0000, 0x0000, 0x0000, 0x0000,
  0x0000, 0x0025, 0x0000, 0x0000, 0x0000, 0x0000, 0x0000, 0x0000, 0x0000, 0x0000,
  0x0000, 0x0000, 0x0000, 0x0000, 0x0000, 0x0000, 0x0000, 0x0000, 0x0000, 0x0000,
  0x0000, 0x0000, 0x0000, 0x0000, 0x0000, 0x0000, 0x0000, 0x0000, 0x0000, 0x0000,
  0x0000, 0x0000, 0x0000, 0x0000, 0x0000, 0x0000, 0x0000, 0x0000, 0x0000, 0x0000,
  0x0000, 0x0000, 0x0000, 0x0000, 0x0000, 0x0000, 0x0000, 0x0000, 0x0000, 0x0000,
  0x0000, 0x0000, 0x0000, 0x0000, 0x0000, 0x0000, 0x0000, 0x0000, 0x0000, 0x0000,
  0x0000, 0x0000, 0x0000, 0x0000, 0x0000, 0x0399, 0x0000, 0x0399, 0x0399, 0x0371,
  0x0000, 0x0000, 0x0399, 0x0399, 0x0000, 0x0000, 0x0000, 0x0000, 0x0000, 0x0399,
  0x0399, 0x0000, 0x0399, 0x0000, 0x0000, 0x0000, 0x0000, 0x0000, 0x0000, 0x0000,
  0x0000, 0x0000, 0x0000, 0x0000, 0x0000, 0x0000, 0x0000, 0x0000, 0x0000, 0x0000,
  0x0000, 0x0000, 0x0000, 0x0000, 0x0000, 0x0000, 0x0000, 0x0000, 0x0000, 0x0000,
  0x0000, 0x0000, 0x0000, 0x0000, 0x0000, 0x0000, 0x0000, 0x0000, 0x0000, 0x0000,
  0x0000, 0x0000, 0x0000, 0x0000, 0x0000, 0x0000, 0x0000, 0x0000, 0x0000, 0x0000,
  0x0000, 0x0000, 0x0000, 0x0000, 0x0000, 0x0025, 0x0000, 0x0000, 0x0000, 0x0000,
  0x0000, 0x0000, 0x0000, 0x0000, 0x0000, 0x0000, 0x0000, 0x0000, 0x0000, 0x0000,
  0x0000, 0x0000, 0x0000, 0x0000, 0x0000, 0x0000, 0x0000, 0x0000, 0x0000, 0x0000,
  0x0000, 0x0000, 0x0000, 0x0000, 0x1001, 0x1001, 0x1001, 0x1001, 0x0000, 0x0000,
  0x0000, 0x0000, 0x0000, 0x0000, 0x0000, 0x0000, 0x0000, 0x1001, 0x0000, 0x0000,
  0x0000, 0x0000, 0x0000, 0x0000, 0x0000, 0x0000, 0x0000, 0x0000, 0x0000, 0x0000,
  0x0000, 0x0000, 0x0000, 0x0000, 0x0000, 0x0000, 0x0000, 0x0000, 0x0000, 0x0000,
  0x1000, 0x1000, 0x1000, 0x1000, 0x1000, 0x1000, 0x1000, 0x1000, 0x1000, 0x1000,
  0x1000, 0x1000, 0x1000, 0x1000, 0x1000, 0x1000, 0x1000, 0x1000, 0x1000, 0x1000,
  0x1000, 0x1000, 0x1000, 0x1000, 0x1000, 0x1000, 0x1000, 0x1000, 0x1000, 0x1000,
  0x1000, 0x1000, 0x1000, 0x1000, 0x1000, 0x1000, 0x1000, 0x1000, 0x1000, 0x1000,
  0x1000, 0x1000, 0x1000, 0x1000, 0x1000, 0x1000, 0x1000, 0x1000, 0x1000, 0x1000,
  0x1000, 0x1000, 0x1000, 0x1000, 0x1000, 0x1000, 0x1000, 0x1000, 0x1000, 0x1000,
  0x1000, 0x1000, 0x1000, 0x1000, 0x0000, 0x0000, 0x0000, 0x0000, 0x0000, 0x0000,
  0x0000, 0x0000, 0x0000, 0x0000, 0x0000, 0x0000, 0x0000, 0x0000, 0x0000, 0x0000,
  0x0000, 0x0000, 0x0000, 0x0000, 0x0000, 0x0000, 0x0000, 0x0000, 0x0000, 0x0000,
  0x0000, 0x0000, 0x1001, 0x1001, 0x1001, 0x1001, 0x1001, 0x1001, 0x1001, 0x1001,
  0x1001, 0x1001, 0x1001, 0x1001, 0x1001, 0x1001, 0x0000, 0x0000, 0x1001, 0x0000,
  0x1001, 0x0000, 0x0000, 0x1001, 0x1001, 0x1001, 0x1001, 0x1001, 0x1001, 0x1001,
  0x1001, 0x1001, 0x1001, 0x0000, 0x1001, 0x0000, 0x1001, 0x0000, 0x0000, 0x1001,
  0x1001, 0x0000, 0x0000, 0x0000, 0x1001, 0x1001, 0x1001, 0x1001, 0x1001, 0x1001,
  0x1001, 0x1001, 0x1001, 0x1001, 0x1001, 0x1001, 0x1001, 0x1001, 0x1001, 0x1001,
  0x1001, 0x1001, 0x1001, 0x1001, 0x1001, 0x1001, 0x1001, 0x1001, 0x1001, 0x1001,
  0x1001, 0x1001, 0x1001, 0x1001, 0x1001, 0x1001, 0x1001, 0x1001, 0x1001, 0x1001,
  0x1001, 0x1001, 0x1001, 0x1001, 0x1001, 0x1001, 0x1001, 0x1001, 0x1001, 0x1001,
  0x0000, 0x0000, 0x1001, 0x1001, 0x1001, 0x1001, 0x1001, 0x1001, 0x1001, 0x1001,
  0x1001, 0x1001, 0x1001, 0x1001, 0x1001, 0x1001, 0x1001, 0x1001, 0x1002, 0x1002,
  0x1002, 0x1002, 0x1002, 0x1002, 0x1002, 0x0000, 0x0000, 0x0000, 0x0000, 0x0000,
  0x0000, 0x0000, 0x0000, 0x0000, 0x0000, 0x0000, 0x0000, 0x1002, 0x1002, 0x1002,
  0x1002, 0x1002, 0x0000, 0x0000, 0x0000, 0x0000, 0x0000, 0x1002, 0x0069, 0x1002,
  0x1001, 0x1001, 0x1001, 0x1001, 0x1001, 0x1001, 0x1001, 0x1001, 0x1001, 0x1001,
  0x1002, 0x1002, 0x1002, 0x1002, 0x1002, 0x1002, 0x1002, 0x1002, 0x1002, 0x1002,
  0x1002, 0x1002, 0x1002, 0x0000, 0x1002, 0x1002, 0x1002, 0x1002, 0x1002, 0x0000,
  0x1002, 0x0000, 0x1002, 0x1002, 0x0000, 0x1002, 0x1002, 0x0000, 0x1002, 0x1002,
  0x1002, 0x1002, 0x1002, 0x1002, 0x1002, 0x1002, 0x1002, 0x1002, 0x1001, 0x1001,
  0x1001, 0x1001, 0x1001, 0x1001, 0x1001, 0x1001, 0x1001, 0x1001, 0x1001, 0x1001,
  0x1001, 0x1001, 0x1001, 0x1001, 0x1001, 0x1001, 0x1001, 0x1001, 0x1001, 0x1001,
  0x1001, 0x1001, 0x1001, 0x1001, 0x1001, 0x1001, 0x1001, 0x1001, 0x1001, 0x1001,
  0x1001, 0x1001, 0x1001, 0x1001, 0x1001, 0x1001, 0x1001, 0x1001, 0x1001, 0x1001,
  0x1001, 0x1001, 0x1001, 0x1001, 0x1001, 0x1001, 0x1002, 0x1002, 0x1002, 0x1002,
  0x1002, 0x1002, 0x1001, 0x1001, 0x1001, 0x1001, 0x1002, 0x1002, 0x1002, 0x1002,
  0x0000, 0x0000, 0x0000, 0x0000, 0x0000, 0x0000, 0x0000, 0x0000, 0x0000, 0x0000,
  0x0000, 0x0000, 0x0000, 0x0000, 0x0000, 0x0000, 0x0000, 0x0000, 0x0000, 0x1001,
  0x1001, 0x1001, 0x1001, 0x1001, 0x1001, 0x1001, 0x1001, 0x1001, 0x1001, 0x1002,
  0x1001, 0x1001, 0x1001, 0x1001, 0x1001, 0x1001, 0x1001, 0x1001, 0x1001, 0x1001,
  0x1001, 0x1001, 0x1002, 0x1002, 0x1002, 0x1002, 0x1002, 0x1002, 0x1002, 0x1002,
  0x1002, 0x1002, 0x1002, 0x1002, 0x1002, 0x1002, 0x1002, 0x1002, 0x1002, 0x1002,
  0x1001, 0x1001, 0x1001, 0x1001, 0x1002, 0x1002, 0x1002, 0x1002, 0x1002, 0x1002,
  0x1002, 0x1002, 0x1002, 0x1002, 0x1002, 0x1002, 0x1002, 0x1002, 0x1002, 0x1002,
  0x1002, 0x1002, 0x1002, 0x1002, 0x1002, 0x1002, 0x1002, 0x1002, 0x1002, 0x1002,
  0x1002, 0x1002, 0x1002, 0x1002, 0x1002, 0x1002, 0x1002, 0x1002, 0x1002, 0x1002,
  0x1002, 0x1002, 0x1002, 0x1002, 0x1002, 0x1002, 0x1002, 0x1002, 0x1002, 0x1002,
  0x1002, 0x1002, 0x1002, 0x1002, 0x1002, 0x1002, 0x1002, 0x1002, 0x1002, 0x1002,
  0x1002, 0x1002, 0x1002, 0x1002, 0x1002, 0x1002, 0x0000, 0x0000, 0x0000, 0x0000,
  0x0000, 0x0000, 0x0000, 0x0000, 0x0000, 0x0000, 0x0000, 0x0000, 0x0000, 0x0000,
  0x0000, 0x0000, 0x1002, 0x1002, 0x1002, 0x1002, 0x1002, 0x1002, 0x1002, 0x1002,
  0x1002, 0x1002, 0x1002, 0x1002, 0x1002, 0x1002, 0x1002, 0x1002, 0x1002, 0x1002,
  0x1002, 0x1002, 0x1002, 0x1002, 0x1002, 0x1002, 0x1002, 0x1002, 0x1002, 0x1002,
  0x1002, 0x1002, 0x1002, 0x1002, 0x1002, 0x1002, 0x1002, 0x1002, 0x1002, 0x1002,
  0x1002, 0x1002, 0x1002, 0x1002, 0x1002, 0x1002, 0x1002, 0x1002, 0x1002, 0x1002,
  0x0000, 0x0000, 0x1002, 0x1002, 0x1002, 0x1002, 0x1002, 0x1002, 0x1002, 0x1002,
  0x1002, 0x1002, 0x1002, 0x1002, 0x1002, 0x1002, 0x1002, 0x1002, 0x1002, 0x1002,
  0x1002, 0x1002, 0x1002, 0x1002, 0x1002, 0x1002, 0x1002, 0x1002, 0x1002, 0x1002,
  0x1002, 0x1002, 0x1002, 0x1002, 0x1002, 0x1002, 0x1002, 0x1002, 0x1002, 0x1002,
  0x1002, 0x1002, 0x1002, 0x1002, 0x1002, 0x1002, 0x1002, 0x1002, 0x0000, 0x0000,
  0x0000, 0x0000, 0x0000, 0x0000, 0x0000, 0x0000, 0x0000, 0x0000, 0x0000, 0x0000,
  0x0000, 0x0000, 0x0000, 0x0000, 0x0000, 0x0000, 0x0000, 0x0000, 0x0000, 0x0000,
  0x0000, 0x0000, 0x0000, 0x0000, 0x0000, 0x0000, 0x0000, 0x0000, 0x0000, 0x0000,
  0x0000, 0x0000, 0x0000, 0x0000, 0x0000, 0x0000, 0x0000, 0x0000, 0x1002, 0x1002,
  0x1002, 0x1002, 0x1002, 0x1002, 0x1002, 0x1002, 0x1002, 0x1002, 0x1002, 0x1002,
  0x1002, 0x0000, 0x0000, 0x0000, 0x0000, 0x0000, 0x0000, 0x0000, 0x0000, 0x0000,
  0x0000, 0x0000, 0x0000, 0x0000, 0x0000, 0x0000, 0x0000, 0x1001, 0x1001, 0x1001,
  0x1001, 0x1001, 0x1001, 0x1001, 0x1001, 0x1001, 0x1002, 0x0000, 0x0000, 0x0000,
  0x0000, 0x0000, 0x0000, 0x0399, 0x0399, 0x0399, 0x0399, 0x0399, 0x0399, 0x0399,
  0x0371, 0x0371, 0x0371, 0x0371, 0x0371, 0x0371, 0x0371, 0x0399, 0x0399, 0x1002,
  0x1001, 0x1001, 0x1001, 0x1001, 0x1001, 0x1001, 0x1001, 0x1001, 0x1001, 0x1001,
  0x1001, 0x1001, 0x1001, 0x1001, 0x1001, 0x0000, 0x0000, 0x1001, 0x1001, 0x1002,
  0x1002, 0x1002, 0x1002, 0x1001, 0x1001, 0x1001, 0x1001, 0x1001, 0x1001, 0x0000,
  0x1001, 0x1001, 0x1001, 0x1001, 0x1001, 0x1001, 0x1001, 0x1001, 0x1001, 0x1001,
  0x1001, 0x1001, 0x1001, 0x1001, 0x1001, 0x1001, 0x1002, 0x1002, 0x1002, 0x0000,
  0x1001, 0x1001, 0x1001, 0x1001, 0x0000, 0x0000, 0x0000, 0x0000, 0x1002, 0x1002,
  0x1002, 0x0000, 0x1002, 0x0000, 0x1002, 0x1002, 0x1002, 0x1002, 0x1002, 0x1002,
  0x1002, 0x1002, 0x1002, 0x1002, 0x1001, 0x1002, 0x1002, 0x1002, 0x1002, 0x1002,
  0x1002, 0x1002, 0x1002, 0x1002, 0x1002, 0x1002, 0x1002, 0x1002, 0x1002, 0x1001,
  0x1001, 0x1001, 0x1001, 0x1001, 0x1001, 0x1001, 0x1001, 0x1001, 0x1001, 0x1001,
  0x1001, 0x1001, 0x1001, 0x1001, 0x1001, 0x1001, 0x1001, 0x1001, 0x1001, 0x1001,
  0x1001, 0x1001, 0x1001, 0x1001, 0x1001, 0x1001, 0x1001, 0x1001, 0x1001, 0x1001,
  0x1001, 0x1001, 0x1001, 0x1001, 0x1001, 0x1001, 0x1001, 0x1001, 0x1001, 0x1001,
  0x1001, 0x1001, 0x1001, 0x1001, 0x1001, 0x1001, 0x1001, 0x1001, 0x1002, 0x1002,
  0x1001, 0x1001, 0x1002, 0x1002, 0x1002, 0x1002, 0x1002, 0x1002, 0x1002, 0x1002,
  0x1002, 0x1002, 0x1002, 0x1002, 0x0000, 0x0000, 0x0000, 0x1001, 0x1001, 0x1001,
  0x1001, 0x1001, 0x1001, 0x1001, 0x1001, 0x1001, 0x1001, 0x1001, 0x1001, 0x1001,
  0x1001, 0x1001, 0x1001, 0x1001, 0x1001, 0x1001, 0x1001, 0x1001, 0x1001, 0x1001,
  0x1001, 0x1001, 0x1001, 0x1001, 0x1002, 0x1002, 0x1002, 0x1001, 0x1001, 0x1002,
  0x1002, 0x1002, 0x1002, 0x1002, 0x1002, 0x1002, 0x1002, 0x1002, 0x1002, 0x1002,
  0x1002, 0x1002, 0x1002, 0x1002, 0x1002, 0x1001, 0x1002, 0x1002, 0x1002, 0x1002,
  0x1002, 0x1002, 0x1002, 0x1002, 0x1002, 0x1001, 0x1001, 0x1001, 0x1001, 0x1001,
  0x1001, 0x1001, 0x1001, 0x1001, 0x1001, 0x1001, 0x1002, 0x1001, 0x1001, 0x1001,
  0x1001, 0x1001, 0x1001, 0x1001, 0x1001, 0x1001, 0x1001, 0x1001, 0x1001, 0x1002,
  0x1001, 0x1001, 0x1002, 0x1002, 0x1002, 0x1002, 0x1002, 0x1002, 0x1002, 0x1002,
  0x1002, 0x1002, 0x1001, 0x1001, 0x1001, 0x1001, 0x1001, 0x1002, 0x1002, 0x1002,
  0x1002, 0x1002, 0x1001, 0x1001, 0x1001, 0x1001, 0x1001, 0x1001, 0x1001, 0x1001,
  0x1001, 0x1001, 0x1001, 0x1001, 0x1001, 0x1002, 0x1001, 0x1006, 0x1006, 0x1001,
  0x1001, 0x1001, 0x1002, 0x1001, 0x1002, 0x1002, 0x1001, 0x1001, 0x1001, 0x1002,
  0x1002, 0x1002, 0x1002, 0x1002, 0x1002, 0x1001, 0x1001, 0x1001, 0x1001, 0x1001,
  0x1001, 0x1001, 0x1001, 0x1001, 0x1001, 0x1001, 0x1001, 0x1001, 0x1001, 0x1001,
  0x0000, 0x0000, 0x1002, 0x1002, 0x1002, 0x1002, 0x1002, 0x1002, 0x0000, 0x0000,
  0x1002, 0x1002, 0x1002, 0x1002, 0x1002, 0x1002, 0x0000, 0x0000, 0x1002, 0x1002,
  0x1002, 0x1002, 0x1002, 0x1002, 0x0000, 0x0000, 0x1002, 0x1002, 0x1002, 0x0000,
  0x0000, 0x0000, 0x1001, 0x1001, 0x1001, 0x1002, 0x1001, 0x1001, 0x1001, 0x0000,
  0x1001, 0x1002, 0x1001, 0x1002, 0x1001, 0x1001, 0x1001, 0x0000, 0x0000, 0x0000,
  0x0000, 0x0000, 0x0000, 0x0000, 0x0000, 0x0000, 0x0000, 0x0000, 0x0000, 0x0000,
  0x0000, 0x0000, 0x0000, 0x0000, 0x0000, 0x0000, 0x0000, 0x0000, 0x0000, 0x0000,
  0x0000, 0x0000, 0x0000, 0x0000, 0x0000, 0x0000, 0x0000, 0x0000, 0x0000, 0x0000,
  0x0000, 0x0000, 0x0000, 0x0000, 0x0000, 0x0000, 0x0000, 0x0000, 0x0000, 0x0000,
  0x0000, 0x0000, 0x0000, 0x0000, 0x0000, 0x0000, 0x0000, 0x0000, 0x0000, 0x0000,
  0x0000, 0x0000, 0x0000, 0x0000, 0x0000, 0x0000, 0x0000, 0x0000, 0x0371, 0x0000,
  0x0000, 0x0000, 0x0000, 0x0000, 0x0000, 0x0000, 0x0000, 0x0000, 0x0000, 0x0000,
  0x0000, 0x0000, 0x0000, 0x0000, 0x0000, 0x0000, 0x0000, 0x0000, 0x0000, 0x0000,
  0x0000, 0x0000, 0x0000, 0x0000, 0x0000, 0x0000, 0x0000, 0x0000, 0x0000, 0x0000,
  0x0000, 0x0000, 0x0000, 0x0000, 0x0000, 0x0000, 0x0000, 0x0000, 0x0000, 0x0000,
  0x0000, 0x0000, 0x0000, 0x0000, 0x0000, 0x0000, 0x0000, 0x0000, 0x0000, 0x0000,
  0x0000, 0x0000, 0x0000, 0x0399, 0x0399, 0x0399, 0x0399, 0x0399, 0x0000, 0x0000,
  0x0000, 0x0000, 0x0000, 0x0000, 0x0000, 0x0000, 0x0000, 0x1000, 0x0000, 0x0000,
  0x0000, 0x0000, 0x0000, 0x0000, 0x0000, 0x0000, 0x8E84, 0x0000, 0x0000, 0x0000,
  0x0000, 0x0000, 0x0000, 0x0000, 0x8E88, 0x0000, 0x0000, 0x0000, 0x0000, 0x0000,
  0x0000, 0x0000, 0x0000, 0x0000, 0x1000, 0x0000, 0x0000, 0x0000, 0x0000, 0x0000,
  0x0000, 0x0000, 0x0000, 0x0000, 0x0000, 0x0000, 0x0000, 0x0000, 0x0000, 0x0000,
  0x0000, 0x0000, 0x0000, 0x0000, 0x0000, 0x0000, 0x0000, 0x0000, 0x0000, 0x0000,
  0x0000, 0x0000, 0x1001, 0x1001, 0x1002, 0x1001, 0x1001, 0x0000, 0x1001, 0x1001,
  0x1001, 0x1001, 0x1001, 0x1001, 0x1001, 0x1001, 0x1001, 0x1001, 0x1001, 0x1001,
  0x1001, 0x1001, 0x1001, 0x1001, 0x1001, 0x1001, 0x1001, 0x1001, 0x1001, 0x1001,
  0x1001, 0x1001, 0x1001, 0x1001, 0x1001, 0x1002, 0x1001, 0x1001, 0x1001, 0x1001,
  0x1001, 0x1001, 0x1001, 0x1001, 0x1001, 0x1001, 0x1001, 0x1001, 0x1001, 0x1001,
  0x0000, 0x1001, 0x1001, 0x1001, 0x1001, 0x1001, 0x1001, 0x1001, 0x1001, 0x1001,
  0x0000, 0x0000, 0x0000, 0x0000, 0x0000, 0x0000, 0x0000, 0x0000, 0x0000, 0x0000,
  0x0000, 0x0000, 0x0000, 0x0371, 0x0000, 0x0399, 0x0000, 0x0000, 0x0000, 0x0000,
  0x0000, 0x0000, 0x0000, 0x0000, 0x0000, 0x0000, 0x0000, 0x0000, 0x0000, 0x0000,
  0x0000, 0x0000, 0x0000, 0x0000, 0x0000, 0x0000, 0x0000, 0x0000, 0x0000, 0x0000,
  0x0000, 0x0000, 0x0000, 0x0000, 0x0000, 0x0000, 0x0000, 0x0000, 0x0000, 0x0000,
  0x0000, 0x0000, 0x0000, 0x0000, 0x0000, 0x0000, 0x0399, 0x0005, 0x0371, 0x0000,
  0x0000, 0x0000, 0x0000, 0x0025, 0x0000, 0x0000, 0x0000, 0x0000, 0x0000, 0x0000,
  0x0000, 0x0000, 0x0000, 0x0000, 0x0000, 0x0000, 0x0000, 0x0000, 0x0000, 0x0000,
  0x0000, 0x0000, 0x0000, 0x0000, 0x0000, 0x0000, 0x0000, 0x0000, 0x0000, 0x0000,
  0x0000, 0x0000, 0x0000, 0x0000, 0x0000, 0x0000, 0x0000, 0x0000, 0x0000, 0x0000,
  0x0000, 0x0399, 0x0371, 0x0000, 0x0000, 0x0000, 0x0000, 0x0000, 0x0000, 0x0000,
  0x0000, 0x0000, 0x0000, 0x0000, 0x0000, 0x0000, 0x0000, 0x0000, 0x0000, 0x0000,
  0x0000, 0x0000, 0x0000, 0x0000, 0x0000, 0x0000, 0x0000, 0x0000, 0x0000, 0x0000,
  0x0000, 0x0000, 0x0000, 0x0000, 0x0000, 0x0000, 0x0000, 0x0000, 0x0000, 0x0399,
  0x0399, 0x0399, 0x0399, 0x0000, 0x0000, 0x0000, 0x0000, 0x0000, 0x0000, 0x0000,
  0x0000, 0x0000, 0x0000, 0x0000, 0x0000, 0x0000, 0x0000, 0x0000, 0x0000, 0x0000,
  0x0000, 0x0000, 0x0000, 0x0000, 0x0000, 0x0000, 0x0000, 0x0000, 0x0000, 0x0000,
  0x0000, 0x0000, 0x0000, 0x0000, 0x0000, 0x0000, 0x0000, 0x0000, 0x0000, 0x0000,
  0x0000, 0x0000, 0x0000, 0x0000, 0x0399, 0x0399, 0x0399, 0x0399, 0x0399, 0x0000,
  0x0000, 0x0000, 0x0000, 0x0000, 0x0000, 0x0000, 0x0000, 0x0000, 0x0000, 0x0000,
  0x0000, 0x0000, 0x0000, 0x0000, 0x0000, 0x0000, 0x0000, 0x0000, 0x0000, 0x0000,
  0x0000, 0x0000, 0x0000, 0x0000, 0x0000, 0x0000, 0x0000, 0x0000, 0x0000, 0x0000,
  0x0000, 0x0000, 0x0000, 0x0000, 0x0000, 0x0000, 0x0000, 0x0000, 0x0000, 0x0000,
  0x0000, 0x0000, 0x0000, 0x0000, 0x0000, 0x0000, 0x0000, 0x0000, 0x0000, 0x0000,
  0x0000, 0x0000, 0x0000, 0x0000, 0x0000, 0x0000, 0x0000, 0x0371, 0x0371, 0x0000,
  0x0371, 0x0371, 0x0371, 0x0000, 0x0000, 0x0000, 0x0000, 0x0000, 0x0000, 0x0371,
  0x0371, 0x0399, 0x0399, 0x0399, 0x0371, 0x0399, 0x0371, 0x0371, 0x0371, 0x0371,
  0x0000, 0x0000, 0x0000, 0x0000, 0x0000, 0x0000, 0x0000, 0x0000, 0x0000, 0x0000,
  0x0000, 0x0000, 0x0000, 0x0000, 0x0000, 0x0000, 0x0000, 0x0000, 0x0000, 0x0000,
  0x0000, 0x0000, 0x0000, 0x0000, 0x0000, 0x0000, 0x0000, 0x0000, 0x0000, 0x0000,
  0x0000, 0x0000, 0x0000, 0x0000, 0x0000, 0x0000, 0x0000, 0x0000, 0x0000, 0x0000,
  0x0000, 0x0000, 0x0000, 0x0000, 0x0000, 0x0000, 0x0000, 0x0399, 0x0371, 0x0399,
  0x0371, 0x0000, 0x0000, 0x0000, 0x0000, 0x0000, 0x0000, 0x0000, 0x0000, 0x0000,
  0x0000, 0x0000, 0x0000, 0x0000, 0x0000, 0x0000, 0x0000, 0x0000, 0x0000, 0x0000,
  0x0000, 0x0000, 0x0000, 0x0000, 0x0000, 0x0000, 0x0000, 0x0000, 0x0000, 0x0000,
  0x0000, 0x0000, 0x0000, 0x0000, 0x0000, 0x0000, 0x0000, 0x0000, 0x0000, 0x0000,
  0x0000, 0x0000, 0x0000, 0x0000, 0x0000, 0x0000, 0x0000, 0x0000, 0x0000, 0x0000,
  0x0000, 0x0000, 0x0000, 0x0000, 0x0000, 0x0000, 0x0000, 0x0000, 0x0000, 0x0025,
  0x0000, 0x0000, 0x0000, 0x0000, 0x0000, 0x0000, 0x0000, 0x0000, 0x0000, 0x0000,
  0x0000, 0x0000, 0x0000, 0x0000, 0x0000, 0x0000, 0x0000, 0x0000, 0x0000, 0x0000,
  0x0000, 0x0000, 0x0000, 0x0000, 0x0000, 0x0000, 0x0000, 0x0000, 0x0000, 0x0000,
  0x0000, 0x0000, 0x0000, 0x0000, 0x0000, 0x0000, 0x0000, 0x0000, 0x0000, 0x0000,
  0x0000, 0x0025, 0x0000, 0x0000, 0x0000, 0x0000, 0x0000, 0x0000, 0x0000, 0x0000,
  0x0000, 0x0000, 0x0000, 0x0000, 0x0000, 0x0000, 0x0025, 0x0000, 0x0000, 0x0000,
  0x0000, 0x0000, 0x0000, 0x0000, 0x0000, 0x0000, 0x0000, 0x0000, 0x0000, 0x0000,
  0x0000, 0x0000, 0x0000, 0x0000, 0x0000, 0x0000, 0x0000, 0x0000, 0x0000, 0x0000,
  0x0000, 0x0000, 0x8E8C, 0x1000, 0x8E90, 0x1000, 0x0000, 0x0000, 0x0000, 0x0000,
  0x0000, 0x0000, 0x0000, 0x0000, 0x8E94, 0x0000, 0x0000, 0x0000, 0x0000, 0x0000,
  0x1000, 0x0000, 0x0000, 0x0000, 0x0000, 0x0000, 0x0000, 0x0000, 0x0000, 0x0000,
  0x0000, 0x0000, 0x0000, 0x0000, 0x0025, 0x001E, 0x0000, 0x0000, 0x0000, 0x0000,
  0x0000, 0x0399, 0x0399, 0x0399, 0x0000, 0x0000, 0x0000, 0x0000, 0x0000, 0x0000,
  0x0000, 0x0000, 0x0000, 0x0000, 0x0000, 0x0000, 0x0000, 0x0000, 0x0000, 0x0000,
  0x0000, 0x0000, 0x0000, 0x0000, 0x0000, 0x0000, 0x0000, 0x0000, 0x0000, 0x0000,
  0x0000, 0x0000, 0x0000, 0x0000, 0x0000, 0x0000, 0x0000, 0x0000, 0x0000, 0x0000,
  0x0002, 0x0000, 0x0000, 0x0000, 0x0000, 0x0000, 0x0000, 0x1000, 0x1000, 0x0000,
  0x8E98, 0x8E9C, 0x0025, 0x0025, 0x0000, 0x0000, 0x0000, 0x0000, 0x0000, 0x0000,
  0x0000, 0x0000, 0x0000, 0x0000, 0x0000, 0x0025, 0x0000, 0x0000, 0x0000, 0x0000,
  0x0000, 0x0000, 0x0000, 0x0000, 0x0000, 0x001D, 0x0000, 0x0000, 0x0000, 0x0000,
  0x0000, 0x0000, 0x0000, 0x0000, 0x0000, 0x0000, 0x0000, 0x0000, 0x0000, 0x0000,
  0x0000, 0x0000, 0x0000, 0x0000, 0x0000, 0x0000, 0x0000, 0x0000, 0x0000, 0x0000,
  0x0000, 0x0000, 0x0000, 0x0000, 0x0000, 0x0000, 0x0000, 0x0000, 0x0000, 0x0000,
  0x0000, 0x0000, 0x0000, 0x0000, 0x0000, 0x0000, 0x0000, 0x0000, 0x0000, 0x0000,
  0x0000, 0x0000, 0x0000, 0x0000, 0x0000, 0x0000, 0x0000, 0x0000, 0x0000, 0x0025,
  0x001D, 0x0000, 0x0000, 0x0000, 0x0000, 0x0000, 0x0000, 0x0000, 0x0000, 0x0000,
  0x0000, 0x0000, 0x0000, 0x0000, 0x0000, 0x0000, 0x0000, 0x0000, 0x0000, 0x0000,
  0x0000, 0x0000, 0x0000, 0x0000, 0x0000, 0x0000, 0x0000, 0x0000, 0x0000, 0x0000,
  0x0000, 0x0000, 0x0000, 0x0000, 0x0000, 0x0000, 0x0000, 0x0000, 0x0000, 0x0000,
  0x0000, 0x0000, 0x001D, 0x0025, 0x0000, 0x0000, 0x0000, 0x0000, 0x0000, 0x0000,
  0x0000, 0x0000, 0x0000, 0x0000, 0x0000, 0x0000, 0x0000, 0x0000, 0x0000, 0x0000,
  0x0000, 0x0000, 0x0000, 0x0000, 0x0000, 0x0000, 0x0000, 0x0000, 0x0000, 0x0000,
  0x0000, 0x0000, 0x0000, 0x0000, 0x0000, 0x0000, 0x0000, 0x0000, 0x0000, 0x0000,
  0x0000, 0x0000, 0x0000, 0x0000, 0x0000, 0x0000, 0x0000, 0x0000, 0x0000, 0x0000,
  0x0000, 0x0000, 0x0000, 0x0000, 0x0000, 0x0000, 0x0000, 0x0000, 0x0000, 0x0000,
  0x0000, 0x0000, 0x0000, 0x001D, 0x001D, 0x0000, 0x0002, 0x0000, 0x0000, 0x0000,
  0x0000, 0x0000, 0x0000, 0x0000, 0x8EA0, 0x0000, 0x0000, 0x0000, 0x1000, 0x1000,
  0x0025, 0x0000, 0x0000, 0x0000, 0x0000, 0x0000, 0x0000, 0x0000, 0x0000, 0x0000,
  0x0002, 0x0000, 0x0000, 0x0000, 0x0000, 0x0000, 0x0000, 0x0000, 0x0000, 0x0000,
  0x0000, 0x0000, 0x0000, 0x0000, 0x0000, 0x0399, 0x0399, 0x0399, 0x0399, 0x0399,
  0x0399, 0x0399, 0x0000, 0x0000, 0x0000, 0x0399, 0x0399, 0x0399, 0x0399, 0x0399,
  0x0000, 0x0000, 0x0000, 0x0000, 0x0000, 0x0000, 0x0000, 0x0000, 0x0000, 0x0000,
  0x0000, 0x8EA8, 0x1000, 0x8EAC, 0x1000, 0x0000, 0x0000, 0x0000, 0x0000, 0x0000,
  0x8EB0, 0x0000, 0x0000, 0x1000, 0x0000, 0x8EB4, 0x1000, 0x0000, 0x0000, 0x0000,
  0x0000, 0x0000, 0x0000, 0x0000, 0x0000, 0x0000, 0x0000, 0x0000, 0x0000, 0x0000,
  0x0000, 0x0000, 0x0000, 0x0000, 0x0000, 0x0000, 0x0000, 0x0000, 0x0000, 0x0000,
  0x0000, 0x0000, 0x0000, 0x0000, 0x0000, 0x0000, 0x0000, 0x0000, 0x0000, 0x0000,
  0x0000, 0x0000, 0x0000, 0x0000, 0x0000, 0x0002, 0x0000, 0x0000, 0x0002, 0x0000,
  0x0000, 0x0000, 0x0000, 0x8EBA, 0x0000, 0x0000, 0x1002, 0x0000, 0x1002, 0x1002,
  0x0002, 0x0000, 0x0000, 0x0000, 0x0000, 0x0025, 0x0025, 0x0025, 0x0000, 0x0000,
  0x0000, 0x0000, 0x0000, 0x0000, 0x0000, 0x0000, 0x0000, 0x0000, 0x0000, 0x0000,
  0x0000, 0x0000, 0x0000, 0x0000, 0x0000, 0x0000, 0x0000, 0x0000, 0x0000, 0x0000,
  0x0000, 0x0000, 0x0000, 0x0000, 0x0000, 0x0000, 0x0000, 0x0000, 0x0000, 0x0000,
  0x0000, 0x0000, 0x0000, 0x0000, 0x0000, 0x0000, 0x0000, 0x0000, 0x0000, 0x0000,
  0x0000, 0x0000, 0x0000, 0x0000, 0x0000, 0x0025, 0x0000, 0x0000, 0x0000, 0x001D,
  0x0000, 0x0000, 0x0000, 0x0000, 0x0000, 0x0000, 0x0000, 0x0000, 0x0000, 0x0000,
  0x0000, 0x0000, 0x0000, 0x0000, 0x0000, 0x0000, 0x0000, 0x0000, 0x0000, 0x0000,
  0x0000, 0x0000, 0x0000, 0x0399, 0x0000, 0x0000, 0x0000, 0x0000, 0x0000, 0x0000,
  0x0000, 0x0000, 0x0000, 0x0000, 0x0000, 0x0000, 0x0000, 0x0000, 0x0000, 0x0000,
  0x0000, 0x0000, 0x0000, 0x0000, 0x0000, 0x0000, 0x0000, 0x0000, 0x0000, 0x0000,
  0x0000, 0x0000, 0x0000, 0x0000, 0x0000, 0x0000, 0x0000, 0x0000, 0x0000, 0x0000,
  0x0000, 0x0000, 0x0000, 0x0000, 0x0000, 0x0000, 0x0000, 0x0000, 0x0000, 0x0000,
  0x0000, 0x0000, 0x0002, 0x0000, 0x0000, 0x0000, 0x0000, 0x0000, 0x0000, 0x0000,
  0x0000, 0x8EC4, 0x0002, 0x1000, 0x1000, 0x0002, 0x1000, 0x0000, 0x0000, 0x0025,
  0x001D, 0x0000, 0x0000, 0x0000, 0x0000, 0x0000, 0x0000, 0x0000, 0x0000, 0x0000,
  0x0000, 0x0000, 0x0000, 0x0000, 0x0000, 0x0000, 0x0000, 0x0000, 0x0000, 0x0000,
  0x0000, 0x0000, 0x0000, 0x0000, 0x0000, 0x0000, 0x0000, 0x0000, 0x0000, 0x0000,
  0x0000, 0x0000, 0x0000, 0x0000, 0x0000, 0x0000, 0x0000, 0x0000, 0x0000, 0x0000,
  0x0000, 0x0000, 0x0000, 0x0000, 0x0000, 0x0000, 0x0000, 0x0000, 0x0000, 0x0000,
  0x0000, 0x0000, 0x0000, 0x0000, 0x0000, 0x0000, 0x0000, 0x0000, 0x0000, 0x0000,
  0x0000, 0x0002, 0x0000, 0x0000, 0x0000, 0x0000, 0x0000, 0x0000, 0x0000, 0x0000,
  0x8ED0, 0x8ED4, 0x1000, 0x1000, 0x0000, 0x0000, 0x0000, 0x0025, 0x001D, 0x0000,
  0x0000, 0x0000, 0x0000, 0x0000, 0x0000, 0x0000, 0x0000, 0x0000, 0x0000, 0x0000,
  0x0000, 0x0000, 0x0000, 0x0000, 0x0000, 0x0000, 0x0000, 0x0000, 0x0000, 0x0000,
  0x0000, 0x0000, 0x0000, 0x0000, 0x0000, 0x0000, 0x0000, 0x0000, 0x0000, 0x0000,
  0x0000, 0x0000, 0x0000, 0x0000, 0x0000, 0x0000, 0x0000, 0x0000, 0x0000, 0x0000,
  0x0000, 0x0000, 0x0000, 0x0000, 0x0000, 0x0000, 0x0000, 0x0000, 0x0000, 0x0000,
  0x0000, 0x0000, 0x0000, 0x0000, 0x0000, 0x0000, 0x0000, 0x0000, 0x0000, 0x0000,
  0x0000, 0x0000, 0x0025, 0x001D, 0x0000, 0x0000, 0x0000, 0x0000, 0x0000, 0x0000,
  0x0000, 0x0000, 0x0000, 0x0000, 0x0000, 0x0000, 0x0000, 0x0000, 0x0000, 0x0000,
  0x0000, 0x0000, 0x0000, 0x0000, 0x0000, 0x0000, 0x0000, 0x0000, 0x0000, 0x0000,
  0x0000, 0x0000, 0x0000, 0x0000, 0x0000, 0x0000, 0x0000, 0x0000, 0x0000, 0x0000,
  0x0000, 0x0000, 0x0000, 0x0000, 0x0000, 0x0000, 0x0000, 0x0000, 0x0000, 0x0000,
  0x0000, 0x0000, 0x0002, 0x0000, 0x0000, 0x0000, 0x0000, 0x8ED8, 0x0000, 0x0000,
  0x1000, 0x0000, 0x0000, 0x0000, 0x0000, 0x0025, 0x0025, 0x0000, 0x0000, 0x0000,
  0x001D, 0x0000, 0x0000, 0x0000, 0x0000, 0x0000, 0x0000, 0x0000, 0x0000, 0x0000,
  0x0000, 0x0000, 0x0000, 0x0000, 0x0000, 0x0000, 0x0000, 0x0000, 0x0000, 0x0000,
  0x0000, 0x0000, 0x0000, 0x0000, 0x0000, 0x0000, 0x0000, 0x0000, 0x0000, 0x0000,
  0x0000, 0x0000, 0x0000, 0x0000, 0x0000, 0x0000, 0x0000, 0x0000, 0x0000, 0x0000,
  0x0000, 0x0000, 0x0000, 0x0000, 0x0000, 0x0000, 0x0000, 0x0000, 0x0000, 0x0000,
  0x0000, 0x0000, 0x0000, 0x0000, 0x0000, 0x0000, 0x0000, 0x0000, 0x0000, 0x0000,
  0x0000, 0x001D, 0x0000, 0x0025, 0x0025, 0x0000, 0x0000, 0x0000, 0x0000, 0x0000,
  0x0000, 0x0000, 0x0000, 0x0000, 0x0000, 0x0000, 0x0000, 0x0000, 0x0000, 0x0000,
  0x0000, 0x0000, 0x0000, 0x0000, 0x0000, 0x0000, 0x0000, 0x0000, 0x0000, 0x0000,
  0x0000, 0x0000, 0x0000, 0x0000, 0x0000, 0x0000, 0x0000, 0x0000, 0x0000, 0x0000,
  0x0000, 0x0000, 0x0000, 0x0000, 0x0000, 0x0000, 0x0000, 0x0000, 0x0000, 0x0000,
  0x0000, 0x0000, 0x0000, 0x0000, 0x0000, 0x0000, 0x0000, 0x0000, 0x0000, 0x0000,
  0x0000, 0x0000, 0x0000, 0x0000, 0x0000, 0x0000, 0x8EDE, 0x0002, 0x0002, 0x9EEE,
  0x9EF6, 0x1002, 0x1002, 0x1002, 0x1002, 0x1002, 0x1002, 0x8EFA, 0x0000, 0x0000,
  0x0000, 0x0000, 0x0000, 0x0025, 0x0000, 0x0000, 0x0000, 0x0000, 0x0000, 0x0000,
  0x0000, 0x0000, 0x0000, 0x0000, 0x0000, 0x0000, 0x0000, 0x0000, 0x0000, 0x0000,
  0x0000, 0x0000, 0x0000, 0x0000, 0x0000, 0x0000, 0x0000, 0x0000, 0x0000, 0x0000,
  0x0000, 0x0000, 0x0000, 0x0000, 0x0000, 0x0000, 0x0000, 0x0000, 0x0000, 0x0000,
  0x0000, 0x0000, 0x0000, 0x0000, 0x0000, 0x0000, 0x0000, 0x0000, 0x0000, 0x0000,
  0x0000, 0x0000, 0x0005, 0x0005, 0x0005, 0x0005, 0x0005, 0x0000, 0x0000, 0x0000,
  0x0000, 0x0000, 0x0000, 0x0000, 0x0000, 0x0000, 0x0000, 0x0000, 0x0000, 0x0000,
  0x0000, 0x0000, 0x0000, 0x0000, 0x0000, 0x0000, 0x0000, 0x0000, 0x0000, 0x0000,
  0x0000, 0x0000, 0x0000, 0x0000, 0x0000, 0x0000, 0x0000, 0x0000, 0x0000, 0x0000,
  0x0000, 0x0000, 0x0000, 0x0000, 0x0000, 0x0000, 0x0000, 0x0000, 0x0000, 0x0000,
  0x0000, 0x0000, 0x0000, 0x0000, 0x0000, 0x0399, 0x0399, 0x0399, 0x0399, 0x0399,
  0x0399, 0x0399, 0x0000, 0x0000, 0x0000, 0x0000, 0x0000, 0x0000, 0x0000, 0x0000,
  0x0000, 0x0000, 0x0000, 0x0000, 0x0000, 0x0000, 0x0000, 0x0000, 0x0000, 0x0000,
  0x0000, 0x0000, 0x0000, 0x0000, 0x0000, 0x0000, 0x0000, 0x0000, 0x0000, 0x0000,
  0x0000, 0x0000, 0x0000, 0x0000, 0x0000, 0x0000, 0x0000, 0x8EFC, 0x0000, 0x0000,
  0x0000, 0x8F02, 0x1002, 0x9F04, 0x1000, 0x0000, 0x0000, 0x0000, 0x0000, 0x0000,
  0x0000, 0x0000, 0x0000, 0x0000, 0x0000, 0x0000, 0x0000, 0x0000, 0x0000, 0x0000,
  0x0000, 0x0000, 0x0000, 0x0000, 0x0000, 0x0000, 0x0000, 0x0000, 0x0000, 0x0000,
  0x0000, 0x0000, 0x0000, 0x0000, 0x0000, 0x0000, 0x0000, 0x0000, 0x0000, 0x0000,
  0x0000, 0x0000, 0x0000, 0x0000, 0x0000, 0x0000, 0x0000, 0x0000, 0x0000, 0x0000,
  0x0000, 0x0000, 0x0000, 0x0019, 0x0019, 0x0000, 0x0000, 0x0000, 0x0000, 0x0000,
  0x0000, 0x0000, 0x0000, 0x0000, 0x0000, 0x0000, 0x0000, 0x0000, 0x0000, 0x0000,
  0x0000, 0x0000, 0x0000, 0x0000, 0x0000, 0x0000, 0x0000, 0x0000, 0x0000, 0x0000,
  0x0000, 0x0000, 0x0000, 0x0000, 0x0000, 0x0005, 0x0000, 0x0000, 0x0000, 0x0000,
  0x0000, 0x0000, 0x0000, 0x0000, 0x0000, 0x0000, 0x0000, 0x0000, 0x0000, 0x0000,
  0x0000, 0x0000, 0x0000, 0x0000, 0x0000, 0x0000, 0x0000, 0x0000, 0x0000, 0x0000,
  0x0000, 0x0000, 0x0000, 0x0000, 0x0000, 0x0000, 0x0000, 0x0000, 0x0000, 0x1002,
  0x1002, 0x1002, 0x1002, 0x1002, 0x1002, 0x1002, 0x1002, 0x1002, 0x1002, 0x1002,
  0x1002, 0x1002, 0x1002, 0x1002, 0x1002, 0x1001, 0x1002, 0x1002, 0x1002, 0x1002,
  0x1002, 0x1002, 0x1002, 0x1002, 0x1002, 0x1001, 0x1001, 0x1001, 0x1001, 0x1001,
  0x1001, 0x1001, 0x1001, 0x1001, 0x1001, 0x0000, 0x0000, 0x0000, 0x0000, 0x0000,
  0x0000, 0x0000, 0x0000, 0x0000, 0x0000, 0x0000, 0x0000, 0x0000, 0x0000, 0x0000,
  0x0000, 0x0000, 0x0000, 0x0000, 0x0000, 0x0000, 0x0000, 0x0000, 0x0000, 0x0000,
  0x0000, 0x0000, 0x0000, 0x0000, 0x0000, 0x1002, 0x1002, 0x1002, 0x1002, 0x1002,
  0x1002, 0x1002, 0x0361, 0x0361, 0x0005, 0x0005, 0x0005, 0x0000, 0x0000, 0x0000,
  0x0389, 0x0361, 0x0361, 0x0361, 0x0361, 0x0361, 0x0000, 0x0000, 0x0000, 0x0000,
  0x0000, 0x0000, 0x0000, 0x0000, 0x0371, 0x0371, 0x0371, 0x0371, 0x0371, 0x0000,
  0x0000, 0x0399, 0x0399, 0x0399, 0x0399, 0x0399, 0x0371, 0x0371, 0x0000, 0x0000,
  0x0000, 0x0000, 0x0000, 0x0000, 0x0000, 0x0000, 0x0000, 0x0000, 0x0000, 0x0000,
  0x0000, 0x0000, 0x0000, 0x0000, 0x0000, 0x0000, 0x0000, 0x0000, 0x0000, 0x0000,
  0x0000, 0x0000, 0x0000, 0x0000, 0x0000, 0x0000, 0x0000, 0x0000, 0x0399, 0x0399,
  0x0399, 0x0399, 0x0000, 0x0000, 0x0000, 0x0000, 0x0000, 0x0000, 0x0000, 0x0000,
  0x0000, 0x0000, 0x0000, 0x0000, 0x0000, 0x1002, 0x1002, 0x1002, 0x1002, 0x1002,
  0x0000, 0x0000, 0x0000, 0x0000, 0x0000, 0x0000, 0x0000, 0x0000, 0x0000, 0x0000,
  0x0000, 0x0000, 0x0000, 0x0000, 0x0000, 0x0000, 0x0000, 0x0000, 0x0000, 0x0000,
  0x0000, 0x0000, 0x0000, 0x0000, 0x0000, 0x0000, 0x0000, 0x0000, 0x0000, 0x0000,
  0x0000, 0x0000, 0x0000, 0x0000, 0x0000, 0x0000, 0x0000, 0x0000, 0x0000, 0x0000,
  0x0000, 0x0000, 0x0000, 0x0000, 0x0000, 0x0000, 0x0000, 0x0000, 0x0000, 0x0000,
  0x0000, 0x0000, 0x0000, 0x0000, 0x0000, 0x0000, 0x0000, 0x0000, 0x0000, 0x0000,
  0x0000, 0x0000, 0x0000, 0x0399, 0x0399, 0x0399, 0x0000, 0x0000, 0x0000, 0x0000,
  0x0000, 0x0000, 0x0000, 0x0000, 0x0000, 0x0000, 0x0000, 0x0000, 0x0000, 0x0000,
  0x0000, 0x0000, 0x0000, 0x0000, 0x0000, 0x0000, 0x0000, 0x0000, 0x0000, 0x0000,
  0x0000, 0x0000, 0x0000, 0x0000, 0x0000, 0x0000, 0x0000, 0x0000, 0x0000, 0x0000,
  0x0000, 0x0000, 0x0000, 0x0000, 0x0000, 0x0000, 0x0000, 0x0000, 0x0000, 0x0000,
  0x0000, 0x0000, 0x0000, 0x0000, 0x0000, 0x0000, 0x0000, 0x0000, 0x0000, 0x0000,
  0x0000, 0x0000, 0x0000, 0x0000, 0x0000, 0x1002, 0x1002, 0x1002, 0x1002, 0x1002,
  0x1002, 0x1002, 0x1002, 0x1002, 0x1002, 0x1002, 0x1002, 0x1002, 0x1002, 0x1002,
  0x1002, 0x1001, 0x1002, 0x1002, 0x1002, 0x1002, 0x1002, 0x1002, 0x1002, 0x1002,
  0x1002, 0x1002, 0x1002, 0x1002, 0x1002, 0x1002, 0x1002, 0x1002, 0x1002, 0x1002,
  0x1002, 0x1002, 0x1002, 0x1002, 0x1002, 0x1002, 0x1002, 0x1001, 0x1002, 0x1002,
  0x1002, 0x1002, 0x1002, 0x1002, 0x1002, 0x1002, 0x1002, 0x1002, 0x1002, 0x1002,
  0x1002, 0x1002, 0x1002, 0x1002, 0x1002, 0x1002, 0x1002, 0x1002, 0x1002, 0x1001,
  0x1002, 0x1002, 0x1002, 0x1002, 0x1002, 0x1002, 0x1002, 0x1002, 0x1002, 0x1002,
  0x1002, 0x1002, 0x1002, 0x1002, 0x1002, 0x1002, 0x0000, 0x1002, 0x1002, 0x1002,
  0x1002, 0x1002, 0x1002, 0x1002, 0x1002, 0x1001, 0x1002, 0x1002, 0x1002, 0x1002,
  0x1002, 0x1002, 0x1002, 0x1002, 0x1002, 0x1002, 0x1002, 0x1002, 0x1002, 0x1002,
  0x1002, 0x1002, 0x1002, 0x1002, 0x1002, 0x1002, 0x1002, 0x1002, 0x1002, 0x1002,
  0x1002, 0x1001, 0x1002, 0x1002, 0x1002, 0x1002, 0x1002, 0x1002, 0x1002, 0x1002,
  0x1002, 0x1002, 0x0000, 0x1002, 0x1002, 0x0000, 0x0000, 0x1002, 0x0000, 0x0000,
  0x1002, 0x1002, 0x0000, 0x0000, 0x1002, 0x1002, 0x1002, 0x1001, 0x0000, 0x1002,
  0x1002, 0x1002, 0x1002, 0x1002, 0x1002, 0x1002, 0x1002, 0x1002, 0x1002, 0x1002,
  0x1002, 0x0000, 0x1002, 0x0000, 0x1002, 0x1002, 0x1002, 0x1002, 0x0000, 0x1002,
  0x1001, 0x1002, 0x1002, 0x1002, 0x1002, 0x1002, 0x1002, 0x1002, 0x1002, 0x1002,
  0x1002, 0x1002, 0x1002, 0x1002, 0x1002, 0x1002, 0x1002, 0x1002, 0x1002, 0x1002,
  0x1002, 0x1002, 0x1002, 0x1002, 0x1002, 0x1002, 0x1001, 0x1002, 0x1002, 0x1002,
  0x1002, 0x1002, 0x1002, 0x1002, 0x1002, 0x1002, 0x1002, 0x1002, 0x1002, 0x1002,
  0x1002, 0x1002, 0x1002, 0x1002, 0x1002, 0x1002, 0x1002, 0x1002, 0x1002, 0x1002,
  0x1002, 0x1002, 0x1001, 0x1002, 0x1002, 0x1002, 0x1002, 0x1002, 0x1002, 0x0000,
  0x1002, 0x1002, 0x1002, 0x1002, 0x0000, 0x0000, 0x1002, 0x1002, 0x1002, 0x1002,
  0x1002, 0x1002, 0x1002, 0x1001, 0x0000, 0x1002, 0x1002, 0x1002, 0x1002, 0x1002,
  0x1002, 0x1002, 0x0000, 0x1002, 0x1002, 0x1002, 0x1002, 0x1002, 0x1002, 0x1002,
  0x1002, 0x1002, 0x1002, 0x1002, 0x1002, 0x1002, 0x1002, 0x1002, 0x1002, 0x1001,
  0x1002, 0x1002, 0x1002, 0x1002, 0x1002, 0x1002, 0x1002, 0x1002, 0x1002, 0x1002,
  0x1002, 0x0000, 0x1002, 0x1002, 0x1002, 0x1002, 0x0000, 0x1002, 0x1002, 0x1002,
  0x1002, 0x1002, 0x0000, 0x1002, 0x0000, 0x0000, 0x0000, 0x1002, 0x1002, 0x1002,
  0x1002, 0x1002, 0x1002, 0x1002, 0x0000, 0x1002, 0x1002, 0x1002, 0x1002, 0x1002,
  0x1002, 0x1002, 0x1002, 0x1002, 0x1002, 0x1002, 0x1002, 0x1002, 0x1002, 0x1002,
  0x1002, 0x1001, 0x1002, 0x1002, 0x1002, 0x1002, 0x1002, 0x1002, 0x1002, 0x1002,
  0x1002, 0x1002, 0x1002, 0x1002, 0x1002, 0x1002, 0x1002, 0x1002, 0x1002, 0x1002,
  0x1002, 0x1002, 0x1002, 0x1002, 0x1002, 0x1002, 0x1002, 0x1001, 0x1002, 0x1002,
  0x1002, 0x1002, 0x1002, 0x1002, 0x1002, 0x1002, 0x1002, 0x1002, 0x1002, 0x1002,
  0x1002, 0x1002, 0x1002, 0x1002, 0x1002, 0x1002, 0x1002, 0x1002, 0x1002, 0x1002,
  0x1002, 0x1002, 0x1002, 0x1001, 0x1002, 0x1002, 0x1002, 0x1002, 0x1002, 0x1002,
  0x1002, 0x1002, 0x1002, 0x1002, 0x1002, 0x1002, 0x1002, 0x1002, 0x1002, 0x1002,
  0x1002, 0x1002, 0x1002, 0x1002, 0x1002, 0x1002, 0x1002, 0x1002, 0x1002, 0x1001,
  0x1002, 0x1002, 0x1002, 0x1002, 0x1002, 0x1002, 0x1002, 0x1002, 0x1002, 0x1001,
  0x1001, 0x0000, 0x0000, 0x1002, 0x1001, 0x1001, 0x1001, 0x1002, 0x1001, 0x1002,
  0x1001, 0x1002, 0x1001, 0x1001, 0x1001, 0x1001, 0x1001, 0x1002, 0x1001, 0x1002,
  0x1001, 0x1001, 0x1001, 0x1002, 0x1001, 0x1001, 0x1001, 0x1002, 0x1001, 0x1002,
  0x1001, 0x1001, 0x1001, 0x1002, 0x1001, 0x1002, 0x1001, 0x1002, 0x1001, 0x1001,
  0x1001, 0x1001, 0x1001, 0x1002, 0x1001, 0x1002, 0x1001, 0x1001, 0x1001, 0x1002,
  0x1001, 0x1001, 0x1001, 0x1002, 0x1001, 0x1002, 0x1001, 0x1001, 0x1001, 0x1002,
  0x1001, 0x1002, 0x1001, 0x1001, 0x1001, 0x1002, 0x1001, 0x1002, 0x1001, 0x1002,
  0x1001, 0x1001, 0x1001, 0x1001, 0x1001, 0x1002, 0x1001, 0x1002, 0x1001, 0x1001,
  0x1001, 0x1002, 0x1001, 0x1001, 0x1001, 0x1002, 0x1001, 0x1002, 0x1001, 0x1001,
  0x1001, 0x1002, 0x1001, 0x1002, 0x1001, 0x1002, 0x1001, 0x1001, 0x1001, 0x1001,
  0x1001, 0x1002, 0x1001, 0x1002, 0x1001, 0x1001, 0x1001, 0x1002, 0x1001, 0x1001,
  0x1001, 0x0000, 0x0000, 0x1001, 0x1001, 0x1001, 0x1001, 0x1001, 0x1001, 0x1001,
  0x1001, 0x1001, 0x1001, 0x1001, 0x1001, 0x1001, 0x1001, 0x1001, 0x1001, 0x1001,
  0x1001, 0x1001, 0x1001, 0x1001, 0x1001, 0x1001, 0x1001, 0x1001, 0x1001, 0x1001,
  0x1001, 0x1001, 0x1001, 0x1001, 0x1001, 0x1001, 0x1001, 0x1001, 0x1001, 0x1001,
  0x1001, 0x1001, 0x1001, 0x1001, 0x1001, 0x1001, 0x1001, 0x1001, 0x1001, 0x1001,
  0x1001, 0x1001, 0x1001, 0x0399, 0x0399, 0x0399, 0x0399, 0x0399, 0x0399, 0x0399,
  0x0000, 0x0399, 0x0399, 0x0399, 0x0399, 0x0399, 0x0399, 0x0399, 0x0399, 0x0399,
  0x0399, 0x0399, 0x0399, 0x0399, 0x0399, 0x0399, 0x0399, 0x0399, 0x0000, 0x0000,
  0x0399, 0x0399, 0x0399, 0x0399, 0x0399, 0x0399, 0x0399, 0x0000, 0x0399, 0x0399,
  0x0000, 0x0399, 0x0399, 0x0399, 0x0399, 0x0399, 0x0000, 0x0000, 0x0000, 0x0000,
  0x0000, 0x1002, 0x1001, 0x1001, 0x1002, 0x1001, 0x1002, 0x1002, 0x1002, 0x1002,
  0x1002, 0x1001, 0x1001, 0x1002, 0x1001, 0x1001, 0x1001, 0x1002, 0x1001, 0x1002,
  0x1002, 0x1001, 0x1001, 0x1002, 0x1002, 0x1001, 0x1002, 0x1001, 0x1001, 0x1002,
  0x1001, 0x1001, 0x1002, 0x1001, 0x1002, 0x1002, 0x1002, 0x1002, 0x1002, 0x1001,
  0x1002, 0x1001, 0x1001, 0x1002, 0x1001, 0x1001, 0x1001, 0x1002, 0x1001, 0x1001,
  0x1002, 0x1001, 0x1002, 0x1001, 0x1001, 0x1001, 0x1001, 0x1001, 0x0000, 0x0000,
  0x0000, 0x0000, 0x0000, 0x0000, 0x0000, 0x0000, 0x0000, 0x0000, 0x0000, 0x0000,
  0x0000, 0x0000, 0x0000, 0x0000, 0x0000, 0x0000, 0x0000, 0x0000, 0x0000, 0x0000,
  0x0000, 0x0000, 0x0000, 0x0000, 0x0000, 0x0000, 0x0000, 0x0000, 0x0000, 0x0000,
  0x0000, 0x0000, 0x0000, 0x0000, 0x0000, 0x0000, 0x0000, 0x0000, 0x0000, 0x0000,
  0x0000, 0x0000, 0x0000, 0x0000, 0x0399, 0x0000, 0x0000, 0x0000, 0x0000, 0x0000,
  0x0000, 0x0000, 0x0000, 0x0000, 0x0000, 0x0000, 0x0000, 0x0000, 0x0000, 0x0000,
  0x0000, 0x0000, 0x0000, 0x0000, 0x0000, 0x0000, 0x0000, 0x0000, 0x0000, 0x0000,
  0x0000, 0x0000, 0x0000, 0x0000, 0x0000, 0x0000, 0x0000, 0x0000, 0x0000, 0x0000,
  0x0000, 0x0000, 0x0000, 0x0000, 0x0000, 0x0000, 0x0000, 0x0000, 0x0000, 0x0399,
  0x0399, 0x0399, 0x0399, 0x0000, 0x0000, 0x0000, 0x0000, 0x0000, 0x0000, 0x0000,
  0x0000, 0x0000, 0x0000, 0x0000, 0x0000, 0x0000, 0x0000, 0x0000, 0x0000, 0x0000,
  0x0000, 0x0000, 0x0000, 0x0000, 0x0000, 0x0000, 0x0000, 0x0000, 0x0000, 0x0000,
  0x0000, 0x0000, 0x0000, 0x0000, 0x0000, 0x0000, 0x0000, 0x0000, 0x0000, 0x0000,
  0x0000, 0x0000, 0x0000, 0x0000, 0x0000, 0x0000, 0x0000, 0x03A1, 0x03A1, 0x0371,
  0x0399, 0x0000, 0x0000, 0x0000, 0x0000, 0x0000, 0x0000, 0x0000, 0x0000, 0x0000,
  0x0000, 0x0000, 0x0000, 0x0000, 0x0000, 0x0000, 0x0000, 0x0000, 0x0000, 0x0000,
  0x0000, 0x0000, 0x0000, 0x0000, 0x0000, 0x0000, 0x0000, 0x0000, 0x0000, 0x0000,
  0x0000, 0x0000, 0x0000, 0x0000, 0x0000, 0x0000, 0x0000, 0x0000, 0x0000, 0x0000,
  0x0000, 0x0000, 0x0000, 0x0000, 0x0000, 0x0000, 0x0000, 0x0399, 0x0371, 0x0000,
  0x0000, 0x0000, 0x0000, 0x0000, 0x0000, 0x0000, 0x0000, 0x0000, 0x0000, 0x0000,
  0x0000, 0x0000, 0x0000, 0x0000, 0x0000, 0x0000, 0x0000, 0x0000, 0x0000, 0x0000,
  0x0000, 0x0000, 0x0000, 0x0000, 0x0000, 0x0000, 0x0000, 0x0000, 0x0000, 0x0000,
  0x0000, 0x0000, 0x0000, 0x0000, 0x0399, 0x0000, 0x0000, 0x0399, 0x0000, 0x0000,
  0x0000, 0x0000, 0x0000, 0x0000, 0x0000, 0x0399, 0x0399, 0x0000, 0x0000, 0x0000,
  0x0000, 0x0000, 0x0399, 0x0000, 0x0000, 0x0000, 0x0000, 0x0000, 0x0000, 0x0000,
  0x0000, 0x0000, 0x0000, 0x0000, 0x0000, 0x0000, 0x0000, 0x0000, 0x0000, 0x0371,
  0x0371, 0x0371, 0x0371, 0x0371, 0x0371, 0x0371, 0x0000, 0x0000, 0x0000, 0x0000,
  0x0000, 0x0000, 0x0000, 0x0000, 0x0000, 0x0000, 0x0000, 0x0000, 0x0000, 0x0000,
  0x0000, 0x0000, 0x0000, 0x0000, 0x0000, 0x0000, 0x0000, 0x0000, 0x0000, 0x0000,
  0x0000, 0x0000, 0x0000, 0x0000, 0x0000, 0x0000, 0x0000, 0x0000, 0x0000, 0x0000,
  0x0000, 0x0000, 0x0000, 0x0000, 0x0000, 0x0000, 0x0000, 0x0399, 0x0399, 0x0399,
  0x0399, 0x0399, 0x0399, 0x001D, 0x0000, 0x0000, 0x0000, 0x0000, 0x0000, 0x0000,
  0x0000, 0x0000, 0x0000, 0x0000, 0x0000, 0x0000, 0x0000, 0x0000, 0x0000, 0x0000,
  0x0000, 0x0000, 0x0000, 0x0000, 0x0000, 0x0000, 0x0000, 0x0000, 0x0000, 0x0000,
  0x0000, 0x0000, 0x0000, 0x0000, 0x0000, 0x0000, 0x0000, 0x0000, 0x0000, 0x0000,
  0x0000, 0x0000, 0x0000, 0x0000, 0x0000, 0x0000, 0x0000, 0x0000, 0x0000, 0x0000,
  0x0000, 0x0000, 0x0000, 0x0000, 0x0000, 0x0000, 0x0000, 0x1002, 0x1001, 0x1001,
  0x1001, 0x0000, 0x1002, 0x1001, 0x1001, 0x1001, 0x1002, 0x1001, 0x1001, 0x1001,
  0x1001, 0x1001, 0x1001, 0x1001, 0x1001, 0x1001, 0x1001, 0x1001, 0x1001, 0x1001,
  0x1001, 0x1001, 0x1001, 0x1001, 0x1001, 0x1001, 0x1001, 0x1001, 0x1001, 0x0000,
  0x1001, 0x1001, 0x0000, 0x1001, 0x0000, 0x0000, 0x1001, 0x0000, 0x1002, 0x1001,
  0x1001, 0x1001, 0x1001, 0x1001, 0x1001, 0x1001, 0x1001, 0x1001, 0x0000, 0x1001,
  0x1001, 0x1001, 0x1001, 0x0000, 0x1001, 0x0000, 0x1001, 0x0000, 0x0000, 0x0000,
  0x0000, 0x1001, 0x0000, 0x0000, 0x0000, 0x0000, 0x1001, 0x0000, 0x1002, 0x0000,
  0x1001, 0x0000, 0x1001, 0x1001, 0x1001, 0x0000, 0x1001, 0x1001, 0x0000, 0x1001,
  0x0000, 0x0000, 0x1001, 0x0000, 0x1001, 0x0000, 0x1001, 0x0000, 0x1001, 0x0000,
  0x1001, 0x0000, 0x1001, 0x1001, 0x0000, 0x1001, 0x0000, 0x0000, 0x1001, 0x1001,
  0x1002, 0x1001, 0x0000, 0x1001, 0x1001, 0x1001, 0x1001, 0x1001, 0x1001, 0x1001,
  0x0000, 0x1001, 0x1001, 0x1001, 0x1001, 0x0000, 0x1001, 0x1001, 0x1001, 0x1001,
  0x0000, 0x1001, 0x0000, 0x1002, 0x1001, 0x1001, 0x1001, 0x1001, 0x1002, 0x1001,
  0x1001, 0x1001, 0x1002, 0x0000, 0x1001, 0x1001, 0x1001, 0x1001, 0x1001, 0x1001,
  0x1001, 0x1001, 0x1001, 0x1001, 0x1001, 0x1001, 0x1001, 0x1001, 0x1001, 0x1001,
  0x1001, 0x0000, 0x0000, 0x0000, 0x0000, 0x0000, 0x1001, 0x1001, 0x1001, 0x0000,
  0x1002, 0x1001, 0x1001, 0x1001, 0x1002, 0x0000, 0x1001, 0x1001, 0x1001, 0x1001,
  0x1001, 0x1001, 0x1001, 0x1001, 0x1001, 0x1001, 0x1001, 0x1001, 0x1001, 0x1001,
  0x1001, 0x1001, 0x1001, 0x0000, 0x0000, 0x0000, 0x0000, 0x1002, 0x1002, 0x1002,
  0x1002, 0x1002, 0x1002, 0x1002, 0x1002, 0x1002, 0x1002, 0x1002, 0x0000, 0x0000,
  0x0000, 0x0000, 0x0000, 0x1002, 0x1002, 0x1002, 0x1002, 0x1002, 0x1002, 0x1002,
  0x1002, 0x1002, 0x1002, 0x1002, 0x1002, 0x1002, 0x1002, 0x1002, 0x1002, 0x1002,
  0x1002, 0x1002, 0x1002, 0x1002, 0x1002, 0x1002, 0x1002, 0x1002, 0x1002, 0x1002,
  0x1002, 0x1002, 0x1002, 0x1002, 0x0000, 0x1002, 0x1002, 0x1002, 0x1002, 0x1002,
  0x1002, 0x1002, 0x1002, 0x1002, 0x1002, 0x1002, 0x1002, 0x1002, 0x1002, 0x1002,
  0x1002, 0x1001, 0x1002, 0x1002, 0x1002, 0x1002, 0x1002, 0x1002, 0x1002, 0x1002,
  0x1002, 0x1002, 0x1002, 0x1002, 0x1002, 0x1002, 0x1002, 0x0000, 0x0000, 0x0000,
  0x0000, 0x0000, 0x0000, 0x0000, 0x0000, 0x0000, 0x0000, 0x0000, 0x0000, 0x0000,
  0x0000, 0x0000, 0x0000, 0x0000, 0x0000, 0x0000, 0x0000, 0x0000, 0x0000, 0x0000,
  0x0000, 0x0000, 0x0000, 0x1002, 0x1002, 0x1002, 0x0000, 0x0000, 0x0000, 0x0000,
  0x0000, 0x0000, 0x0000, 0x0000, 0x0000, 0x0000, 0x0000, 0x0000, 0x0000, 0x0000,
  0x0000, 0x0000, 0x0000, 0x0000, 0x0000, 0x1002, 0x1002, 0x1002, 0x0000, 0x0000,
  0x0000, 0x0000, 0x0000, 0x0000, 0x0000, 0x0000, 0x0000, 0x0000, 0x0000, 0x0000,
  0x0000, 0x1001, 0x1001, 0x1001, 0x1002, 0x1001, 0x1001, 0x1001, 0x1001, 0x1001,
  0x1001, 0x1001, 0x1001, 0x1001, 0x1001, 0x1001, 0x1001, 0x1001, 0x1001, 0x1001,
  0x1001, 0x1001, 0x1001, 0x1001, 0x1001, 0x1001, 0x1001, 0x1001, 0x1001, 0x1001,
  0x1001, 0x1001, 0x1001, 0x1001, 0x1001, 0x1001, 0x1001, 0x1001, 0x1001, 0x1001,
  0x1001, 0x1001, 0x1001, 0x1001, 0x1001, 0x0000, 0x0000, 0x0000, 0x0000, 0x1002,
  0x1002, 0x1002, 0x1002, 0x1002, 0x1002, 0x1002, 0x1002, 0x1002, 0x0000, 0x0000,
  0x0000, 0x0000, 0x0000, 0x0000, 0x0000, 0x1001, 0x1001, 0x0000, 0x0000, 0x0000,
  0x0000, 0x0000, 0x0000, 0x0000, 0x0000, 0x0000, 0x0000, 0x0000, 0x0000, 0x0000,
  0x0000, 0x0000, 0x0000, 0x0000, 0x0000, 0x0000, 0x0000, 0x0000, 0x0000, 0x0000,
  0x0000, 0x0000, 0x0000, 0x0000, 0x0000, 0x0000, 0x0000, 0x0000, 0x0000, 0x0000,
  0x0000, 0x0000, 0x0000, 0x0000, 0x0000, 0x0000, 0x0000, 0x0000, 0x0000, 0x0000,
  0x0000, 0x0000, 0x0000, 0x0000, 0x0000, 0x1001, 0x1001, 0x1001, 0x1001, 0x1001,
  0x1001, 0x1001, 0x1001, 0x1001, 0x1001, 0x0000, 0x0000, 0x0000, 0x0000, 0x0000,
  0x0000,
};

const uint64_t compositions[962] = {
  0x0000000000000000, 0x000008044DC00338, 0x000008044C000338, 0x000008044DE00338, 0x0000000018000300, 0x0000000018200301, 0x0000040018400302, 0x0000000018600303, 0x0000000020000304, 0x0000040020400306,
  0x0000040044C00307, 0x0000040018800308, 0x00000003D4400309, 0x0000040018A0030A, 0x0000000039A0030C, 0x000000004000030F, 0x0000000040400311, 0x00000403D4000323, 0x00000003C0000325, 0x0000080020800328,
  0x00000003C0400307, 0x00000003C0800323, 0x00000803C0C00331, 0x0000000020C00301, 0x0000000021000302, 0x0000000021400307, 0x000000002180030C, 0x00000C0018E00327, 0x00000003C1400307, 0x0000000021C0030C,
  0x00000003C1800323, 0x00000003C2000327, 0x00000003C240032D, 0x00000803C1C00331, 0x0000000019000300, 0x0000000019200301, 0x0000040019400302, 0x00000003D7800303, 0x0000040022400304, 0x0000000022800306,
  0x0000000022C00307, 0x0000000019600308, 0x00000003D7400309, 0x000000002340030C, 0x000000004080030F, 0x0000000040C00311, 0x00000403D7000323, 0x0000040045000327, 0x0000000023000328, 0x00000003C300032D,
  0x00000803C3400330, 0x00000803C3C00307, 0x000000003E800301, 0x0000000023800302, 0x00000003C4000304, 0x0000000023C00306, 0x0000000024000307, 0x000000003CC0030C, 0x0000080024400327, 0x0000000024800302,
  0x00000003C4400307, 0x00000003C4C00308, 0x0000000043C0030C, 0x00000003C4800323, 0x00000003C5000327, 0x00000803C540032E, 0x0000000019800300, 0x0000000019A00301, 0x0000000019C00302, 0x0000000025000303,
  0x0000000025400304, 0x0000000025800306, 0x0000000026000307, 0x0000040019E00308, 0x00000003D9000309, 0x0000000039E0030C, 0x000000004100030F, 0x0000000041400311, 0x00000003D9400323, 0x0000000025C00328,
  0x00000803C5800330, 0x0000080026800302, 0x00000003C6000301, 0x000000003D00030C, 0x00000003C6400323, 0x0000000026C00327, 0x00000803C6800331, 0x0000000027200301, 0x0000000027A0030C, 0x00000403C6C00323,
  0x0000000027600327, 0x00000003C780032D, 0x00000803C7400331, 0x00000003C7C00301, 0x00000003C8000307, 0x00000803C8400323, 0x000000003F000300, 0x0000000028600301, 0x000000001A200303, 0x00000003C8800307,
  0x0000000028E0030C, 0x00000003C8C00323, 0x0000000028A00327, 0x00000003C940032D, 0x00000803C9000331, 0x000000001A400300, 0x000000001A600301, 0x000004001A800302, 0x000004001AA00303, 0x0000040029800304,
  0x0000000029C00306, 0x0000040045C00307, 0x000004001AC00308, 0x00000003D9C00309, 0x000000002A00030B, 0x000000003A20030C, 0x000000004180030F, 0x0000000041C00311, 0x000004003400031B, 0x00000403D9800323,
  0x00000C003D400328, 0x00000003CA800301, 0x00000803CAC00307, 0x000000002A800301, 0x00000003CB000307, 0x000000002B00030C, 0x000000004200030F, 0x0000000042400311, 0x00000403CB400323, 0x000000002AC00327,
  0x00000803CBC00331, 0x000004002B400301, 0x000000002B800302, 0x00000003CC000307, 0x000004002C00030C, 0x00000403CC400323, 0x0000000043000326, 0x000008002BC00327, 0x00000003CD400307, 0x000000002C80030C,
  0x00000003CD800323, 0x0000000043400326, 0x000000002C400327, 0x00000003CE00032D, 0x00000803CDC00331, 0x000000001B200300, 0x000000001B400301, 0x000000001B600302, 0x000004002D000303, 0x000004002D400304,
  0x000000002D800306, 0x000004001B800308, 0x00000003DCC00309, 0x000000002DC0030A, 0x000000002E00030B, 0x000000003A60030C, 0x000000004280030F, 0x0000000042C00311, 0x0000040035E0031B, 0x00000003DC800323,
  0x00000003CE400324, 0x000000002E400328, 0x00000003CEC0032D, 0x00000803CE800330, 0x00000003CF800303, 0x00000803CFC00323, 0x00000003D0000300, 0x00000003D0400301, 0x000000002E800302, 0x00000003D0C00307,
  0x00000003D0800308, 0x00000803D1000323, 0x00000003D1400307, 0x00000803D1800308, 0x00000003DE400300, 0x000000001BA00301, 0x000000002EC00302, 0x00000003DF000303, 0x0000000046400304, 0x00000003D1C00307,
  0x000000002F000308, 0x00000003DEC00309, 0x00000803DE800323, 0x000000002F200301, 0x00000003D2000302, 0x000000002F600307, 0x000000002FA0030C, 0x00000003D2400323, 0x00000803D2800331, 0x000000001C000300,
  0x000000001C200301, 0x000004001C400302, 0x000000001C600303, 0x0000000020200304, 0x0000040020600306, 0x0000040044E00307, 0x000004001C800308, 0x00000003D4600309, 0x000004001CA0030A, 0x0000000039C0030C,
  0x000000004020030F, 0x0000000040600311, 0x00000403D4200323, 0x00000003C0200325, 0x0000080020A00328, 0x00000003C0600307, 0x00000003C0A00323, 0x00000803C0E00331, 0x0000000020E00301, 0x0000000021200302,
  0x0000000021600307, 0x0000000021A0030C, 0x00000C001CE00327, 0x00000003C1600307, 0x0000000021E0030C, 0x00000003C1A00323, 0x00000003C2200327, 0x00000003C260032D, 0x00000803C1E00331, 0x000000001D000300,
  0x000000001D200301, 0x000004001D400302, 0x00000003D7A00303, 0x0000040022600304, 0x0000000022A00306, 0x0000000022E00307, 0x000000001D600308, 0x00000003D7600309, 0x000000002360030C, 0x0000000040A0030F,
  0x0000000040E00311, 0x00000403D7200323, 0x0000040045200327, 0x0000000023200328, 0x00000003C320032D, 0x00000803C3600330, 0x00000803C3E00307, 0x000000003EA00301, 0x0000000023A00302, 0x00000003C4200304,
  0x0000000023E00306, 0x0000000024200307, 0x000000003CE0030C, 0x0000080024600327, 0x0000000024A00302, 0x00000003C4600307, 0x00000003C4E00308, 0x0000000043E0030C, 0x00000003C4A00323, 0x00000003C5200327,
  0x00000003C560032E, 0x00000803D2C00331, 0x000000001D800300, 0x000000001DA00301, 0x000000001DC00302, 0x0000000025200303, 0x0000000025600304, 0x0000000025A00306, 0x000004001DE00308, 0x00000003D9200309,
  0x000000003A00030C, 0x000000004120030F, 0x0000000041600311, 0x00000003D9600323, 0x0000000025E00328, 0x00000803C5A00330, 0x0000000026A00302, 0x000008003E00030C, 0x00000003C6200301, 0x000000003D20030C,
  0x00000003C6600323, 0x0000000026E00327, 0x00000803C6A00331, 0x0000000027400301, 0x0000000027C0030C, 0x00000403C6E00323, 0x0000000027800327, 0x00000003C7A0032D, 0x00000803C7600331, 0x00000003C7E00301,
  0x00000003C8200307, 0x00000803C8600323, 0x000000003F200300, 0x0000000028800301, 0x000000001E200303, 0x00000003C8A00307, 0x000000002900030C, 0x00000003C8E00323, 0x0000000028C00327, 0x00000003C960032D,
  0x00000803C9200331, 0x000000001E400300, 0x000000001E600301, 0x000004001E800302, 0x000004001EA00303, 0x0000040029A00304, 0x0000000029E00306, 0x0000040045E00307, 0x000004001EC00308, 0x00000003D9E00309,
  0x000000002A20030B, 0x000000003A40030C, 0x0000000041A0030F, 0x0000000041E00311, 0x000004003420031B, 0x00000403D9A00323, 0x00000C003D600328, 0x00000003CAA00301, 0x00000803CAE00307, 0x000000002AA00301,
  0x00000003CB200307, 0x000000002B20030C, 0x000000004220030F, 0x0000000042600311, 0x00000403CB600323, 0x000000002AE00327, 0x00000803CBE00331, 0x000004002B600301, 0x000000002BA00302, 0x00000003CC200307,
  0x000004002C20030C, 0x00000403CC600323, 0x0000000043200326, 0x000008002BE00327, 0x00000003CD600307, 0x00000003D2E00308, 0x000000002CA0030C, 0x00000003CDA00323, 0x0000000043600326, 0x000000002C600327,
  0x00000003CE20032D, 0x00000803CDE00331, 0x000000001F200300, 0x000000001F400301, 0x000000001F600302, 0x000004002D200303, 0x000004002D600304, 0x000000002DA00306, 0x000004001F800308, 0x00000003DCE00309,
  0x000000002DE0030A, 0x000000002E20030B, 0x000000003A80030C, 0x0000000042A0030F, 0x0000000042E00311, 0x000004003600031B, 0x00000003DCA00323, 0x00000003CE600324, 0x000000002E600328, 0x00000003CEE0032D,
  0x00000803CEA00330, 0x00000003CFA00303, 0x00000803CFE00323, 0x00000003D0200300, 0x00000003D0600301, 0x000000002EA00302, 0x00000003D0E00307, 0x00000003D0A00308, 0x00000003D300030A, 0x00000803D1200323,
  0x00000003D1600307, 0x00000803D1A00308, 0x00000003DE600300, 0x000000001FA00301, 0x000000002EE00302, 0x00000003DF200303, 0x0000000046600304, 0x00000003D1E00307, 0x000000001FE00308, 0x00000003DEE00309,
  0x00000003D320030A, 0x00000803DEA00323, 0x000000002F400301, 0x00000003D2200302, 0x000000002F800307, 0x000000002FC0030C, 0x00000003D2600323, 0x00000803D2A00331, 0x00000003FDA00300, 0x0000000070A00301,
  0x00000803F8200342, 0x00000003D4C00300, 0x00000003D4800301, 0x00000003D5400303, 0x00000803D5000309, 0x000008003BC00304, 0x000008003F400301, 0x000000003F800301, 0x000008003C400304, 0x00000803C1000301,
  0x00000003D8000300, 0x00000003D7C00301, 0x00000003D8800303, 0x00000803D8400309, 0x00000803C5C00301, 0x00000003DA400300, 0x00000003DA000301, 0x00000003DAC00303, 0x00000803DA800309, 0x00000003C9800301,
  0x0000000045800304, 0x00000803C9C00308, 0x0000080045400304, 0x000008003FC00301, 0x000000003B600300, 0x000000003AE00301, 0x000000003AA00304, 0x000008003B20030C, 0x00000003D4E00300, 0x00000003D4A00301,
  0x00000003D5600303, 0x00000803D5200309, 0x000008003BE00304, 0x000008003F600301, 0x000000003FA00301, 0x000008003C600304, 0x00000803C1200301, 0x00000003D8200300, 0x00000003D7E00301, 0x00000003D8A00303,
  0x00000803D8600309, 0x00000803C5E00301, 0x00000003DA600300, 0x00000003DA200301, 0x00000003DAE00303, 0x00000803DAA00309, 0x00000003C9A00301, 0x0000000045A00304, 0x00000803C9E00308, 0x0000080045600304,
  0x000008003FE00301, 0x000000003B800300, 0x000000003B000301, 0x000000003AC00304, 0x000008003B40030C, 0x00000003D6000300, 0x00000003D5C00301, 0x00000003D6800303, 0x00000803D6400309, 0x00000003D6200300,
  0x00000003D5E00301, 0x00000003D6A00303, 0x00000803D6600309, 0x00000003C2800300, 0x00000803C2C00301, 0x00000003C2A00300, 0x00000803C2E00301, 0x00000003CA000300, 0x00000803CA400301, 0x00000003CA200300,
  0x00000803CA600301, 0x00000803CC800307, 0x00000803CCA00307, 0x00000803CCC00307, 0x00000803CCE00307, 0x00000803CF000301, 0x00000803CF200301, 0x00000803CF400308, 0x00000803CF600308, 0x00000803D3600307,
  0x00000003DB800300, 0x00000003DB400301, 0x00000003DC000303, 0x00000003DBC00309, 0x00000803DC400323, 0x00000003DBA00300, 0x00000003DB600301, 0x00000003DC200303, 0x00000003DBE00309, 0x00000803DC600323,
  0x00000003DD400300, 0x00000003DD000301, 0x00000003DDC00303, 0x00000003DD800309, 0x00000803DE000323, 0x00000003DD600300, 0x00000003DD200301, 0x00000003DDE00303, 0x00000003DDA00309, 0x00000803DE200323,
  0x000008003DC0030C, 0x000008003D800304, 0x000008003DA00304, 0x00000C003C000304, 0x00000C003C200304, 0x00000803C3800306, 0x00000803C3A00306, 0x0000080046000304, 0x0000080046200304, 0x00000C003DE0030C,
  0x00000003F7400300, 0x0000040070C00301, 0x00000003F7200304, 0x00000003F7000306, 0x00000403E1000313, 0x00000403E1200314, 0x00000803F7800345, 0x00000003F9000300, 0x0000040071000301, 0x00000403E3000313,
  0x00000C03E3200314, 0x00000003F9400300, 0x0000040071200301, 0x00000403E5000313, 0x00000403E5200314, 0x00000803F9800345, 0x00000003FB400300, 0x0000040071400301, 0x00000003FB200304, 0x00000003FB000306,
  0x0000000075400308, 0x00000403E7000313, 0x00000C03E7200314, 0x00000003FF000300, 0x0000040071800301, 0x00000403E9000313, 0x00000C03E9200314, 0x00000803FD800314, 0x00000003FD400300, 0x0000040071C00301,
  0x00000003FD200304, 0x00000003FD000306, 0x0000000075600308, 0x00000C03EB200314, 0x00000003FF400300, 0x0000040071E00301, 0x00000403ED000313, 0x00000403ED200314, 0x00000803FF800345, 0x00000803F6800345,
  0x00000803F8800345, 0x00000403EE000300, 0x0000040075800301, 0x00000003F6200304, 0x00000003F6000306, 0x00000403E0000313, 0x00000403E0200314, 0x00000403F6C00342, 0x00000803F6600345, 0x00000003EE400300,
  0x0000040075A00301, 0x00000403E2000313, 0x00000C03E2200314, 0x00000403EE800300, 0x0000040075C00301, 0x00000403E4000313, 0x00000403E4200314, 0x00000403F8C00342, 0x00000803F8600345, 0x00000003EEC00300,
  0x0000040075E00301, 0x00000003FA200304, 0x00000003FA000306, 0x0000040079400308, 0x00000403E6000313, 0x00000403E6200314, 0x00000803FAC00342, 0x00000003EF000300, 0x0000000079800301, 0x00000403E8000313,
  0x00000C03E8200314, 0x00000003FC800313, 0x00000803FCA00314, 0x00000003EF400300, 0x0000000079A00301, 0x00000003FC200304, 0x00000003FC000306, 0x0000040079600308, 0x00000403EA000313, 0x00000403EA200314,
  0x00000803FCC00342, 0x00000403EF800300, 0x0000040079C00301, 0x00000403EC000313, 0x00000403EC200314, 0x00000403FEC00342, 0x00000803FE600345, 0x00000003FA400300, 0x0000040072000301, 0x00000803FAE00342,
  0x00000003FC400300, 0x0000040076000301, 0x00000803FCE00342, 0x00000803FE800345, 0x000000007A600301, 0x000008007A800308, 0x0000080080E00308, 0x000000009A000306, 0x000008009A400308, 0x00000C0080600301,
  0x0000040080000300, 0x000000009AC00306, 0x00000C0080200308, 0x0000000098200306, 0x000008009B800308, 0x000008009BC00308, 0x0000040081A00300, 0x000000009C400304, 0x0000000083200306, 0x000008009C800308,
  0x00000C0081800301, 0x000008009CC00308, 0x000000009DC00304, 0x0000040081C00306, 0x000000009E000308, 0x000008009E40030B, 0x000008009E800308, 0x000008009F000308, 0x000008009D800308, 0x000000009A200306,
  0x000008009A600308, 0x000008008A600301, 0x000000008A000300, 0x000000009AE00306, 0x000008008A200308, 0x0000000098400306, 0x000008009BA00308, 0x000008009BE00308, 0x000000008BA00300, 0x000000009C600304,
  0x0000000087200306, 0x000008009CA00308, 0x000008008B800301, 0x000008009CE00308, 0x000000009DE00304, 0x000000008BC00306, 0x000000009E200308, 0x000008009E60030B, 0x000008009EA00308, 0x000008009F200308,
  0x000008009DA00308, 0x000008008AE00308, 0x000008008EC0030F, 0x000008008EE0030F, 0x000008009B400308, 0x000008009B600308, 0x000008009D400308, 0x000008009D600308, 0x00000400C4400653, 0x00000400C4600654,
  0x00000C00C4A00655, 0x00000C00C4800654, 0x00000C00C4C00654, 0x00000800D8400654, 0x00000800DA600654, 0x00000C00D8000654, 0x000008012520093C, 0x000008012620093C, 0x000008012680093C, 0x00000001396009BE,
  0x00000801398009D7, 0x0000000169600B3E, 0x0000000169000B56, 0x0000080169800B57, 0x0000080172800BD7, 0x0000000179400BBE, 0x0000080179800BD7, 0x0000080179600BBE, 0x0000080189000C56, 0x0000080198000CD5,
  0x0000040199400CC2, 0x0000000198E00CD5, 0x0000080199000CD6, 0x0000080199600CD5, 0x00000001A9400D3E, 0x00000801A9800D57, 0x00000801A9600D3E, 0x00000001BB400DCA, 0x00000401BB800DCF, 0x00000801BBC00DDF,
  0x00000801BBA00DCA, 0x0000080204C0102E, 0x0000080360C01B35, 0x0000080361001B35, 0x0000080361401B35, 0x0000080361801B35, 0x0000080361C01B35, 0x0000080362401B35, 0x0000080367601B35, 0x0000080367A01B35,
  0x0000080368001B35, 0x0000080368201B35, 0x0000080368601B35, 0x00000803C7000304, 0x00000803C7200304, 0x00000803CB800304, 0x00000803CBA00304, 0x00000803CD000307, 0x00000803CD200307, 0x00000003D5800302,
  0x00000803D6C00306, 0x00000003D5A00302, 0x00000803D6E00306, 0x00000803D8C00302, 0x00000803D8E00302, 0x00000803DB000302, 0x00000803DB200302, 0x00000403E0400300, 0x00000403E0800301, 0x00000403E0C00342,
  0x00000803F0000345, 0x00000403E0600300, 0x00000403E0A00301, 0x00000403E0E00342, 0x00000803F0200345, 0x00000803F0400345, 0x00000803F0600345, 0x00000803F0800345, 0x00000803F0A00345, 0x00000803F0C00345,
  0x00000803F0E00345, 0x00000403E1400300, 0x00000403E1800301, 0x00000403E1C00342, 0x00000803F1000345, 0x00000403E1600300, 0x00000403E1A00301, 0x00000403E1E00342, 0x00000803F1200345, 0x00000803F1400345,
  0x00000803F1600345, 0x00000803F1800345, 0x00000803F1A00345, 0x00000803F1C00345, 0x00000803F1E00345, 0x00000003E2400300, 0x00000803E2800301, 0x00000003E2600300, 0x00000803E2A00301, 0x00000003E3400300,
  0x00000803E3800301, 0x00000003E3600300, 0x00000803E3A00301, 0x00000403E4400300, 0x00000403E4800301, 0x00000403E4C00342, 0x00000803F2000345, 0x00000403E4600300, 0x00000403E4A00301, 0x00000403E4E00342,
  0x00000803F2200345, 0x00000803F2400345, 0x00000803F2600345, 0x00000803F2800345, 0x00000803F2A00345, 0x00000803F2C00345, 0x00000803F2E00345, 0x00000403E5400300, 0x00000403E5800301, 0x00000403E5C00342,
  0x00000803F3000345, 0x00000403E5600300, 0x00000403E5A00301, 0x00000403E5E00342, 0x00000803F3200345, 0x00000803F3400345, 0x00000803F3600345, 0x00000803F3800345, 0x00000803F3A00345, 0x00000803F3C00345,
  0x00000803F3E00345, 0x00000003E6400300, 0x00000003E6800301, 0x00000803E6C00342, 0x00000003E6600300, 0x00000003E6A00301, 0x00000803E6E00342, 0x00000003E7400300, 0x00000003E7800301, 0x00000803E7C00342,
  0x00000003E7600300, 0x00000003E7A00301, 0x00000803E7E00342, 0x00000003E8400300, 0x00000803E8800301, 0x00000003E8600300, 0x00000803E8A00301, 0x00000003E9400300, 0x00000803E9800301, 0x00000003E9600300,
  0x00000803E9A00301, 0x00000003EA400300, 0x00000003EA800301, 0x00000803EAC00342, 0x00000003EA600300, 0x00000003EAA00301, 0x00000803EAE00342, 0x00000003EB600300, 0x00000003EBA00301, 0x00000803EBE00342,
  0x00000403EC400300, 0x00000403EC800301, 0x00000403ECC00342, 0x00000803F4000345, 0x00000403EC600300, 0x00000403ECA00301, 0x00000403ECE00342, 0x00000803F4200345, 0x00000803F4400345, 0x00000803F4600345,
  0x00000803F4800345, 0x00000803F4A00345, 0x00000803F4C00345, 0x00000803F4E00345, 0x00000403ED400300, 0x00000403ED800301, 0x00000403EDC00342, 0x00000803F5000345, 0x00000403ED600300, 0x00000403EDA00301,
  0x00000403EDE00342, 0x00000803F5200345, 0x00000803F5400345, 0x00000803F5600345, 0x00000803F5800345, 0x00000803F5A00345, 0x00000803F5C00345, 0x00000803F5E00345, 0x00000803F6400345, 0x00000803F8400345,
  0x00000803FE400345, 0x00000803F6E00345, 0x00000003F9A00300, 0x00000003F9C00301, 0x00000803F9E00342, 0x00000803F8E00345, 0x00000803FEE00345, 0x00000403FBA00300, 0x00000403FBC00301, 0x00000C03FBE00342,
  0x0000080433400338, 0x0000080433600338, 0x0000080435C00338, 0x00000C0439A00338, 0x00000C0439E00338, 0x00000C0439C00338, 0x0000080440800338, 0x0000080441200338, 0x0000080441800338, 0x0000080444800338,
  0x0000080444C00338, 0x0000080448200338, 0x0000080448800338, 0x0000080448E00338, 0x0000080449200338, 0x000008044DA00338, 0x000008044C400338, 0x000008044E000338, 0x000008044E200338, 0x000008044E800338,
  0x000008044EA00338, 0x000008044F000338, 0x000008044F200338, 0x0000080450000338, 0x0000080450200338, 0x000008045C000338, 0x000008045C200338, 0x0000080450800338, 0x0000080450A00338, 0x0000080451000338,
  0x0000080451200338, 0x000008045C400338, 0x000008045C600338, 0x0000080455800338, 0x0000080455A00338, 0x0000080455C00338, 0x0000080455E00338, 0x000008045D400338, 0x000008045D600338, 0x000008045D800338,
  0x000008045DA00338, 0x0000080612803099, 0x0000080609803099, 0x0000080609C03099, 0x000008060A003099, 0x000008060A403099, 0x000008060A803099, 0x000008060AC03099, 0x000008060B003099, 0x000008060B403099,
  0x000008060B803099, 0x000008060BC03099, 0x000008060C003099, 0x000008060C403099, 0x000008060CA03099, 0x000008060CE03099, 0x000008060D203099, 0x000000060E003099, 0x000008060E20309A, 0x000000060E603099,
  0x000008060E80309A, 0x000000060EC03099, 0x000008060EE0309A, 0x000000060F203099, 0x000008060F40309A, 0x000000060F803099, 0x000008060FA0309A, 0x0000080613C03099, 0x000008061E803099, 0x0000080615803099,
  0x0000080615C03099, 0x0000080616003099, 0x0000080616403099, 0x0000080616803099, 0x0000080616C03099, 0x0000080617003099, 0x0000080617403099, 0x0000080617803099, 0x0000080617C03099, 0x0000080618003099,
  0x0000080618403099, 0x0000080618A03099, 0x0000080618E03099, 0x0000080619203099, 0x000000061A003099, 0x000008061A20309A, 0x000000061A603099, 0x000008061A80309A, 0x000000061AC03099, 0x000008061AE0309A,
  0x000000061B203099, 0x000008061B40309A, 0x000000061B803099, 0x000008061BA0309A, 0x000008061EE03099, 0x000008061F003099, 0x000008061F203099, 0x000008061F403099, 0x000008061FC03099, 0x00000C20B9200307,
  0x00000820BC800307, 0x00000822134110BA, 0x00000822138110BA, 0x00000822156110BA, 0x00000C2225C11127, 0x00000C2225E11127, 0x000000226961133E, 0x0000082269811357, 0x00000822706113C9, 0x0000082270A113BB,
  0x0000082271C113C2, 0x00000822722113C9, 0x0000002278E113B8, 0x0000002278A113C2, 0x00000822790113C9, 0x00000022978114B0, 0x00000022976114BA, 0x0000082297C114BD, 0x00000822B74115AF, 0x00000822B76115AF,
  0x0000082327011930, 0x0000042C2421611E, 0x0000002C2461611F, 0x0000002C24A16120, 0x00000C2C24416129, 0x0000002C24C1611F, 0x0000082C25016120, 0x0000082C24E1611F, 0x00000C2C2481611F, 0x00000C2DAD216D67,
  0x0000082DAD016D67, 0x0000082DAD416D67,
};
} // namespace nfkc
} // namespace normalization
} // namespace tables
} // unnamed namespace
} // namespace simdutf

#endif // SIMDUTF_NORMALIZATION_TABLES_H
