// This file was generated by scripts/normalization.py
#ifndef SIMDUTF_UTF16_TO_COMPOSED_TABLES_H
#define SIMDUTF_UTF16_TO_COMPOSED_TABLES_H

namespace simdutf {
namespace {
namespace tables {
namespace utf16_to_composed {

namespace nfc {

const uint16_t check_trie_index[1024] = {
  0x0000, 0x0000, 0x0000, 0x0040, 0x007F, 0x00BE, 0x00FD, 0x0130, 0x016C, 0x0000,
  0x0000, 0x0000, 0x01AC, 0x01EC, 0x022B, 0x0261, 0x02A1, 0x02DB, 0x0318, 0x0357,
  0x0000, 0x0000, 0x0391, 0x03D1, 0x0401, 0x0436, 0x0000, 0x0476, 0x04A5, 0x04E4,
  0x0000, 0x04F9, 0x0537, 0x0565, 0x058E, 0x05C4, 0x0604, 0x0641, 0x0661, 0x06A0,
  0x06DF, 0x071C, 0x073B, 0x0778, 0x0661, 0x07B0, 0x07DC, 0x081B, 0x073B, 0x0853,
  0x073B, 0x0893, 0x08AA, 0x081B, 0x0000, 0x08E9, 0x0909, 0x0944, 0x0950, 0x098B,
  0x09B3, 0x09F0, 0x0A30, 0x0A6A, 0x0A84, 0x0000, 0x0ABF, 0x0000, 0x0000, 0x0ADE,
  0x0B14, 0x0B51, 0x0000, 0x0000, 0x0000, 0x0000, 0x0000, 0x0B74, 0x0000, 0x0000,
  0x0000, 0x0000, 0x0000, 0x0000, 0x0000, 0x0000, 0x0000, 0x0000, 0x0000, 0x0000,
  0x0000, 0x0000, 0x0BA0, 0x0000, 0x0000, 0x0BD5, 0x0000, 0x0000, 0x0BF3, 0x0000,
  0x0C1D, 0x0000, 0x0000, 0x0000, 0x0C59, 0x0C79, 0x0CB9, 0x0CF8, 0x0D32, 0x0D72,
  0x0DA6, 0x0DD2, 0x0740, 0x0000, 0x0000, 0x0E06, 0x0000, 0x0000, 0x0000, 0x0E46,
  0x0E86, 0x0EC0, 0x0EFC, 0x0F3A, 0x0F7A, 0x0FBA, 0x0FFA, 0x1039, 0x1079, 0x0000,
  0x0000, 0x10A9, 0x10DA, 0x0000, 0x1106, 0x1139, 0x1175, 0x11B4, 0x11E4, 0x1214,
  0x1242, 0x0000, 0x0000, 0x0000, 0x0000, 0x0000, 0x0000, 0x0000, 0x0000, 0x0000,
  0x0000, 0x0000, 0x0000, 0x0000, 0x0000, 0x0000, 0x0000, 0x0000, 0x0000, 0x0000,
  0x0000, 0x0000, 0x0000, 0x0000, 0x0000, 0x0000, 0x0000, 0x0000, 0x0000, 0x0000,
  0x0000, 0x126D, 0x0000, 0x0000, 0x0000, 0x0000, 0x0000, 0x0000, 0x0000, 0x0B62,
  0x0000, 0x128A, 0x0000, 0x12CA, 0x0000, 0x0000, 0x0000, 0x0000, 0x0000, 0x0000,
  0x0000, 0x0000, 0x130A, 0x133E, 0x137C, 0x13B8, 0x0000, 0x0000, 0x0000, 0x0000,
  0x0000, 0x0000, 0x0000, 0x0000, 0x0000, 0x0000, 0x0000, 0x0000, 0x0000, 0x0000,
  0x0000, 0x0000, 0x0000, 0x0000, 0x0000, 0x0000, 0x0000, 0x0000, 0x0000, 0x0000,
  0x0000, 0x0000, 0x0000, 0x0000, 0x0000, 0x0000, 0x0000, 0x0000, 0x0000, 0x0000,
  0x0000, 0x0000, 0x0000, 0x0000, 0x0000, 0x0000, 0x0000, 0x0000, 0x0000, 0x0000,
  0x0000, 0x0000, 0x0000, 0x0000, 0x0000, 0x0000, 0x0000, 0x0000, 0x0000, 0x0000,
  0x0000, 0x0000, 0x0000, 0x0000, 0x0000, 0x0000, 0x0000, 0x0000, 0x0000, 0x0000,
  0x0000, 0x0000, 0x0000, 0x0000, 0x0000, 0x0000, 0x0000, 0x0000, 0x0000, 0x0000,
  0x0000, 0x0000, 0x0000, 0x0000, 0x0000, 0x0000, 0x0000, 0x0000, 0x0000, 0x0000,
  0x0000, 0x0000, 0x0000, 0x0000, 0x0000, 0x0000, 0x0000, 0x0000, 0x0000, 0x0000,
  0x0000, 0x0000, 0x0000, 0x0000, 0x0000, 0x0000, 0x0000, 0x0000, 0x0000, 0x0000,
  0x0000, 0x0000, 0x0000, 0x0000, 0x0000, 0x0000, 0x0000, 0x0000, 0x0000, 0x0000,
  0x0000, 0x0000, 0x0000, 0x0000, 0x0000, 0x0000, 0x0000, 0x0000, 0x0000, 0x0000,
  0x0000, 0x0000, 0x0000, 0x0000, 0x0000, 0x0000, 0x0000, 0x0000, 0x0000, 0x0000,
  0x0000, 0x0000, 0x0000, 0x0000, 0x0000, 0x0000, 0x0000, 0x0000, 0x0000, 0x0000,
  0x0000, 0x0000, 0x0000, 0x0000, 0x0000, 0x0000, 0x0000, 0x0000, 0x0000, 0x0000,
  0x0000, 0x0000, 0x0000, 0x0000, 0x0000, 0x0000, 0x0000, 0x0000, 0x0000, 0x0000,
  0x0000, 0x0000, 0x0000, 0x0000, 0x0000, 0x0000, 0x0000, 0x0000, 0x0000, 0x0000,
  0x0000, 0x0000, 0x0000, 0x0000, 0x0000, 0x0000, 0x0000, 0x0000, 0x0000, 0x0000,
  0x0000, 0x0000, 0x0000, 0x0000, 0x0000, 0x0000, 0x0000, 0x0000, 0x0000, 0x0000,
  0x0000, 0x0000, 0x0000, 0x0000, 0x0000, 0x0000, 0x0000, 0x0000, 0x0000, 0x0000,
  0x0000, 0x0000, 0x0000, 0x0000, 0x0000, 0x0000, 0x0000, 0x0000, 0x0000, 0x0000,
  0x0000, 0x0000, 0x0000, 0x0000, 0x0000, 0x0000, 0x0000, 0x0000, 0x0000, 0x0000,
  0x0000, 0x0000, 0x0000, 0x0000, 0x0000, 0x0000, 0x0000, 0x0000, 0x0000, 0x0000,
  0x0000, 0x0000, 0x0000, 0x0000, 0x0000, 0x0000, 0x0000, 0x0000, 0x0000, 0x0000,
  0x0000, 0x0000, 0x0000, 0x0000, 0x0000, 0x0000, 0x0000, 0x0000, 0x0000, 0x0000,
  0x0000, 0x0000, 0x0000, 0x0000, 0x0000, 0x0000, 0x0000, 0x0000, 0x0000, 0x0000,
  0x0000, 0x0000, 0x0000, 0x0000, 0x0000, 0x0000, 0x0000, 0x0000, 0x0000, 0x0000,
  0x0000, 0x0000, 0x0000, 0x0000, 0x0000, 0x0000, 0x0000, 0x0000, 0x0000, 0x0000,
  0x0000, 0x0000, 0x0000, 0x0000, 0x0000, 0x0000, 0x0000, 0x0000, 0x0000, 0x0000,
  0x0000, 0x0000, 0x0000, 0x0000, 0x0000, 0x0000, 0x0000, 0x0000, 0x0000, 0x0000,
  0x0000, 0x0000, 0x0000, 0x0000, 0x0000, 0x0000, 0x0000, 0x0000, 0x0000, 0x0000,
  0x0000, 0x0000, 0x0000, 0x0000, 0x0000, 0x0000, 0x0000, 0x0000, 0x0000, 0x0000,
  0x0000, 0x0000, 0x0000, 0x0000, 0x0000, 0x0000, 0x0000, 0x0000, 0x0000, 0x0000,
  0x0000, 0x0000, 0x0000, 0x0000, 0x0000, 0x0000, 0x0000, 0x0000, 0x0000, 0x0000,
  0x0000, 0x0000, 0x0000, 0x0000, 0x0000, 0x0000, 0x0000, 0x0000, 0x0000, 0x0000,
  0x0000, 0x0000, 0x0000, 0x0000, 0x0000, 0x0000, 0x0000, 0x0000, 0x0000, 0x0000,
  0x0000, 0x0000, 0x0000, 0x0000, 0x0000, 0x0000, 0x0000, 0x0000, 0x0000, 0x0000,
  0x0000, 0x0000, 0x0000, 0x0000, 0x0000, 0x0000, 0x0000, 0x0000, 0x0000, 0x0000,
  0x0000, 0x0000, 0x0000, 0x0000, 0x0000, 0x0000, 0x0000, 0x0000, 0x0000, 0x0000,
  0x0000, 0x0000, 0x0000, 0x0000, 0x0000, 0x0000, 0x0000, 0x0000, 0x0000, 0x0000,
  0x0000, 0x0000, 0x0000, 0x0000, 0x0000, 0x0000, 0x0000, 0x0000, 0x0000, 0x0000,
  0x0000, 0x0000, 0x0000, 0x0000, 0x0000, 0x0000, 0x0000, 0x0000, 0x0000, 0x0000,
  0x0000, 0x0000, 0x0000, 0x0000, 0x0000, 0x0000, 0x0000, 0x0000, 0x0000, 0x0000,
  0x0000, 0x0000, 0x0000, 0x0000, 0x0000, 0x0000, 0x0000, 0x0000, 0x0000, 0x0000,
  0x0000, 0x0000, 0x0000, 0x0000, 0x0000, 0x0000, 0x0000, 0x0000, 0x0000, 0x0000,
  0x0000, 0x0000, 0x0000, 0x0000, 0x0000, 0x0000, 0x0000, 0x0000, 0x0000, 0x0000,
  0x0000, 0x0000, 0x0000, 0x0000, 0x0000, 0x13F7, 0x1435, 0x1455, 0x0000, 0x0000,
  0x0000, 0x0000, 0x148F, 0x0000, 0x0000, 0x14B7, 0x14E9, 0x1517, 0x0744, 0x152A,
  0x0000, 0x0000, 0x153A, 0x157A, 0x0000, 0x0000, 0x0000, 0x129C, 0x15BA, 0x15C2,
  0x15CA, 0x15D2, 0x15BE, 0x15C6, 0x15CE, 0x15BA, 0x15C2, 0x15CA, 0x15D2, 0x15BE,
  0x15C6, 0x15CE, 0x15BA, 0x15C2, 0x15CA, 0x15D2, 0x15BE, 0x15C6, 0x15CE, 0x15BA,
  0x15C2, 0x15CA, 0x15D2, 0x15BE, 0x15C6, 0x15CE, 0x15BA, 0x15C2, 0x15CA, 0x15D2,
  0x15BE, 0x15C6, 0x15CE, 0x15BA, 0x15C2, 0x15CA, 0x15D2, 0x15BE, 0x15C6, 0x15CE,
  0x15BA, 0x15C2, 0x15CA, 0x15D2, 0x15BE, 0x15C6, 0x15CE, 0x15BA, 0x15C2, 0x15CA,
  0x15D2, 0x15BE, 0x15C6, 0x15CE, 0x15BA, 0x15C2, 0x15CA, 0x15D2, 0x15BE, 0x15C6,
  0x15CE, 0x15BA, 0x15C2, 0x15CA, 0x15D2, 0x15BE, 0x15C6, 0x15CE, 0x15BA, 0x15C2,
  0x15CA, 0x15D2, 0x15BE, 0x15C6, 0x15CE, 0x15BA, 0x15C2, 0x15CA, 0x15D2, 0x15BE,
  0x15C6, 0x15CE, 0x15BA, 0x15C2, 0x15CA, 0x15D2, 0x15BE, 0x15C6, 0x15CE, 0x15BA,
  0x15C2, 0x15CA, 0x15D2, 0x15BE, 0x15C6, 0x15CE, 0x15BA, 0x15C2, 0x15CA, 0x15D2,
  0x15BE, 0x15C6, 0x15CE, 0x15BA, 0x15C2, 0x15CA, 0x15D2, 0x15BE, 0x15C6, 0x15CE,
  0x15BA, 0x15C2, 0x15CA, 0x15D2, 0x15BE, 0x15C6, 0x15CE, 0x15BA, 0x15C2, 0x15CA,
  0x15D2, 0x15BE, 0x15C6, 0x15CE, 0x15BA, 0x15C2, 0x15CA, 0x15D2, 0x15BE, 0x15C6,
  0x15CE, 0x15BA, 0x15C2, 0x15CA, 0x15D2, 0x15BE, 0x15C6, 0x15CE, 0x15BA, 0x15C2,
  0x15CA, 0x15D2, 0x15BE, 0x15C6, 0x15CE, 0x15BA, 0x15C2, 0x15CA, 0x15D2, 0x15BE,
  0x15C6, 0x15CE, 0x15BA, 0x15C2, 0x15CA, 0x15D2, 0x15BE, 0x15C6, 0x15CE, 0x15BA,
  0x15C2, 0x15CA, 0x15D2, 0x15BE, 0x15C6, 0x15CE, 0x15BA, 0x15C2, 0x15CA, 0x15D2,
  0x15BE, 0x15C6, 0x1606, 0x0000, 0x1646, 0x1646, 0x1646, 0x1646, 0x1646, 0x1646,
  0x1646, 0x1646, 0x1646, 0x1646, 0x1646, 0x1646, 0x1646, 0x1646, 0x1646, 0x1646,
  0x1646, 0x1646, 0x1646, 0x1646, 0x1646, 0x1646, 0x1646, 0x1646, 0x1646, 0x1646,
  0x1646, 0x1646, 0x1646, 0x1646, 0x1646, 0x1646, 0x0000, 0x0000, 0x0000, 0x0000,
  0x0000, 0x0000, 0x0000, 0x0000, 0x0000, 0x0000, 0x0000, 0x0000, 0x0000, 0x0000,
  0x0000, 0x0000, 0x0000, 0x0000, 0x0000, 0x0000, 0x0000, 0x0000, 0x0000, 0x0000,
  0x0000, 0x0000, 0x0000, 0x0000, 0x0000, 0x0000, 0x0000, 0x0000, 0x0000, 0x0000,
  0x0000, 0x0000, 0x0000, 0x0000, 0x0000, 0x0000, 0x0000, 0x0000, 0x0000, 0x0000,
  0x0000, 0x0000, 0x0000, 0x0000, 0x0000, 0x0000, 0x0000, 0x0000, 0x0000, 0x0000,
  0x0000, 0x0000, 0x0000, 0x0000, 0x0000, 0x0000, 0x0000, 0x0000, 0x0000, 0x0000,
  0x0000, 0x0000, 0x0000, 0x0000, 0x0000, 0x0000, 0x0000, 0x0000, 0x0000, 0x0000,
  0x0000, 0x0000, 0x0000, 0x0000, 0x0000, 0x0000, 0x0000, 0x0000, 0x0000, 0x0000,
  0x0000, 0x0000, 0x0000, 0x0000, 0x0000, 0x0000, 0x0000, 0x0000, 0x0000, 0x0000,
  0x0000, 0x0000, 0x0000, 0x0000, 0x0000, 0x0000, 0x1686, 0x1686, 0x1686, 0x1686,
  0x16B8, 0x16E2, 0x1686, 0x1713, 0x1736, 0x1776, 0x0000, 0x0000, 0x0000, 0x0000,
  0x0000, 0x0000, 0x0000, 0x0000, 0x0000, 0x0000, 0x1796, 0x0000, 0x0000, 0x0000,
  0x0000, 0x0000, 0x0000, 0x0000,
};

const uint16_t check_trie_index1[512] = {
  0x0000, 0x0018, 0x0037, 0x0057, 0x0075, 0x0075, 0x0075, 0x0075, 0x0075, 0x0075,
  0x0075, 0x0075, 0x0091, 0x00A6, 0x0075, 0x0075, 0x0075, 0x0075, 0x0075, 0x0075,
  0x0075, 0x0075, 0x0075, 0x00C6, 0x0075, 0x0075, 0x00E1, 0x0075, 0x0101, 0x011E,
  0x0075, 0x0075, 0x0075, 0x0075, 0x0075, 0x0075, 0x0075, 0x0075, 0x0075, 0x0075,
  0x0075, 0x0075, 0x0075, 0x0075, 0x0075, 0x0075, 0x0075, 0x0075, 0x0075, 0x0075,
  0x0075, 0x0075, 0x0075, 0x0075, 0x0075, 0x0075, 0x0075, 0x0075, 0x0075, 0x0075,
  0x0075, 0x0075, 0x0075, 0x013E, 0x0075, 0x0075, 0x0075, 0x0075, 0x0075, 0x0075,
  0x0075, 0x0075, 0x0075, 0x0075, 0x0075, 0x0075, 0x0075, 0x0075, 0x0075, 0x0075,
  0x0075, 0x0075, 0x0075, 0x0075, 0x0075, 0x0075, 0x0075, 0x0075, 0x0075, 0x0075,
  0x0075, 0x0075, 0x0075, 0x0075, 0x0075, 0x0075, 0x0075, 0x0075, 0x0075, 0x0075,
  0x0075, 0x0075, 0x0075, 0x0075, 0x0075, 0x0075, 0x0075, 0x0075, 0x0075, 0x0075,
  0x0075, 0x0075, 0x0075, 0x0075, 0x0075, 0x0075, 0x0075, 0x0075, 0x0075, 0x0075,
  0x0075, 0x0075, 0x0075, 0x0075, 0x0075, 0x0075, 0x0075, 0x0075, 0x0075, 0x0075,
  0x0075, 0x0075, 0x0075, 0x0075, 0x0075, 0x0075, 0x0075, 0x0075, 0x0075, 0x0075,
  0x0075, 0x0075, 0x0075, 0x0075, 0x0075, 0x0075, 0x0075, 0x0075, 0x0075, 0x0075,
  0x0075, 0x0075, 0x0075, 0x0075, 0x0075, 0x0075, 0x0075, 0x0075, 0x0075, 0x0075,
  0x0075, 0x0075, 0x0075, 0x0075, 0x0075, 0x0075, 0x0075, 0x0075, 0x0075, 0x0075,
  0x0075, 0x0075, 0x0075, 0x0075, 0x0075, 0x0075, 0x0075, 0x0075, 0x0075, 0x0075,
  0x0075, 0x0075, 0x0075, 0x0075, 0x0075, 0x0075, 0x0075, 0x0075, 0x0075, 0x0075,
  0x0075, 0x0075, 0x0075, 0x0075, 0x0075, 0x0075, 0x0075, 0x0075, 0x0075, 0x0075,
  0x0075, 0x0075, 0x0075, 0x0075, 0x0075, 0x0075, 0x0075, 0x0075, 0x0075, 0x0075,
  0x0075, 0x0075, 0x0075, 0x0075, 0x0075, 0x0075, 0x0075, 0x0075, 0x0075, 0x0075,
  0x0075, 0x0075, 0x0075, 0x0075, 0x0075, 0x0075, 0x0075, 0x0075, 0x0075, 0x0075,
  0x0075, 0x0075, 0x0075, 0x0075, 0x0075, 0x0075, 0x0075, 0x0075, 0x0075, 0x0075,
  0x0075, 0x0075, 0x0075, 0x0075, 0x0075, 0x0075, 0x0075, 0x0075, 0x0075, 0x0075,
  0x0075, 0x0075, 0x0075, 0x0075, 0x0075, 0x0075, 0x0075, 0x0075, 0x0075, 0x0075,
  0x0075, 0x0075, 0x0075, 0x0075, 0x0075, 0x0075, 0x0075, 0x0075, 0x0075, 0x0075,
  0x0075, 0x0075, 0x0075, 0x0075, 0x0075, 0x0075, 0x0075, 0x0075, 0x0075, 0x0075,
  0x0075, 0x0075, 0x0075, 0x0075, 0x0075, 0x0075, 0x0075, 0x0075, 0x0075, 0x0075,
  0x0075, 0x0075, 0x0075, 0x0075, 0x0075, 0x0075, 0x0075, 0x0075, 0x0075, 0x0075,
  0x0075, 0x0075, 0x0075, 0x0075, 0x0075, 0x0075, 0x0075, 0x0075, 0x0075, 0x0075,
  0x0075, 0x0075, 0x0075, 0x0075, 0x0075, 0x0075, 0x0075, 0x0075, 0x0075, 0x0075,
  0x0075, 0x0075, 0x0075, 0x0075, 0x0075, 0x0075, 0x0075, 0x0075, 0x0075, 0x0075,
  0x0075, 0x0075, 0x0075, 0x0075, 0x0075, 0x0075, 0x0075, 0x0075, 0x0075, 0x0075,
  0x0075, 0x0075, 0x0075, 0x0075, 0x0075, 0x0075, 0x0075, 0x0075, 0x0075, 0x0075,
  0x0075, 0x0075, 0x0075, 0x0075, 0x0075, 0x0075, 0x0075, 0x0075, 0x0075, 0x0075,
  0x0075, 0x0075, 0x0075, 0x0075, 0x0075, 0x0075, 0x0075, 0x0075, 0x0075, 0x0075,
  0x0075, 0x0075, 0x0075, 0x0075, 0x0075, 0x0075, 0x0075, 0x0075, 0x0075, 0x0075,
  0x0075, 0x0075, 0x0075, 0x0075, 0x0075, 0x0075, 0x0075, 0x0075, 0x0075, 0x0075,
  0x0075, 0x0075, 0x0075, 0x0075, 0x0075, 0x0075, 0x0075, 0x0075, 0x0075, 0x0075,
  0x0075, 0x0075, 0x0075, 0x0075, 0x0075, 0x0075, 0x0075, 0x0075, 0x0075, 0x0075,
  0x0075, 0x0075, 0x0075, 0x0075, 0x0075, 0x0075, 0x0075, 0x0075, 0x0075, 0x0075,
  0x0075, 0x0075, 0x0075, 0x0075, 0x0075, 0x0075, 0x0075, 0x0075, 0x0075, 0x0075,
  0x0075, 0x0075, 0x0075, 0x0075, 0x0075, 0x0075, 0x0075, 0x0075, 0x0075, 0x0075,
  0x0075, 0x0075, 0x0075, 0x0075, 0x0075, 0x0075, 0x0075, 0x0075, 0x0075, 0x0075,
  0x0075, 0x0075, 0x0075, 0x0075, 0x0075, 0x0075, 0x0075, 0x0075, 0x0075, 0x0075,
  0x0075, 0x0075, 0x0075, 0x0075, 0x0075, 0x0075, 0x0075, 0x0075, 0x0075, 0x0075,
  0x0075, 0x0075, 0x0075, 0x0075, 0x0075, 0x0075, 0x0075, 0x0075, 0x0075, 0x0075,
  0x0075, 0x0075, 0x0075, 0x0075, 0x0075, 0x0075, 0x0075, 0x0075, 0x0075, 0x0075,
  0x0075, 0x0075, 0x0075, 0x0075, 0x0075, 0x0075, 0x0075, 0x0075, 0x0075, 0x0075,
  0x0075, 0x0075, 0x0075, 0x0075, 0x0075, 0x0075, 0x0075, 0x0075, 0x0075, 0x0075,
  0x0075, 0x0075,
};

const uint16_t check_trie_index2[350] = {
  0x17D6, 0x17D6, 0x17D6, 0x17D6, 0x17D6, 0x17D6, 0x17D6, 0x17D9, 0x17D6, 0x17D6,
  0x17D6, 0x17F6, 0x17D6, 0x1817, 0x17D6, 0x17D6, 0x17D6, 0x17D6, 0x17D6, 0x17D6,
  0x17D6, 0x17D6, 0x17D6, 0x1852, 0x17D6, 0x17D6, 0x17D6, 0x17D6, 0x17D6, 0x17D6,
  0x17D6, 0x17D6, 0x1885, 0x17D6, 0x17D6, 0x18C5, 0x17D6, 0x17D6, 0x17D6, 0x17D6,
  0x17D6, 0x17D6, 0x17D6, 0x17D6, 0x18EC, 0x1914, 0x17D6, 0x17D6, 0x17D6, 0x17D6,
  0x1942, 0x196F, 0x17D6, 0x19AF, 0x19ED, 0x17D6, 0x1A27, 0x1A67, 0x17D6, 0x1AA7,
  0x1ADC, 0x17D6, 0x1B1C, 0x1B27, 0x17D6, 0x17D6, 0x1B5E, 0x1B89, 0x1BC8, 0x1C05,
  0x1C43, 0x17D6, 0x1C81, 0x1CA0, 0x1CDF, 0x17D6, 0x17D6, 0x1CF0, 0x1D30, 0x1D31,
  0x17D6, 0x1D3A, 0x17D6, 0x1A02, 0x17D6, 0x17D6, 0x17D6, 0x1D37, 0x17D6, 0x17D6,
  0x17D6, 0x1D72, 0x1DB1, 0x17D6, 0x1A0D, 0x19F9, 0x1DEA, 0x1A14, 0x17D6, 0x17D6,
  0x17D6, 0x17D6, 0x17D6, 0x1D31, 0x17D6, 0x17D6, 0x17D6, 0x17D6, 0x1E28, 0x1A16,
  0x17D6, 0x17D6, 0x17D6, 0x17D6, 0x17D6, 0x17D6, 0x1E2B, 0x17D6, 0x17D6, 0x17D6,
  0x17D6, 0x17D6, 0x17D6, 0x17D6, 0x17D6, 0x17D6, 0x17D6, 0x17D6, 0x17D6, 0x17D6,
  0x17D6, 0x17D6, 0x17D6, 0x17D6, 0x17D6, 0x17D6, 0x17D6, 0x17D6, 0x17D6, 0x17D6,
  0x17D6, 0x17D6, 0x17D6, 0x17D6, 0x17D6, 0x17D6, 0x17D6, 0x17D6, 0x17D6, 0x1E4D,
  0x17D6, 0x17D6, 0x17D6, 0x17D6, 0x17D6, 0x17D6, 0x17D6, 0x17D6, 0x17D6, 0x17D6,
  0x17D6, 0x17D6, 0x17D6, 0x17D6, 0x17D6, 0x17D6, 0x17D6, 0x17D6, 0x17D6, 0x17D6,
  0x17D6, 0x17D6, 0x17D6, 0x17D6, 0x17D6, 0x17D6, 0x17D6, 0x1E7D, 0x1EB2, 0x17D6,
  0x17D6, 0x17D6, 0x17D6, 0x17D6, 0x17D6, 0x17D6, 0x17D6, 0x1EE9, 0x17D6, 0x17D6,
  0x17D6, 0x17D6, 0x17D6, 0x17D6, 0x17D6, 0x17D6, 0x17D6, 0x1F14, 0x17D6, 0x17D6,
  0x17D6, 0x17D6, 0x17D6, 0x17D6, 0x17D6, 0x17D6, 0x17D6, 0x17D6, 0x17D6, 0x17D6,
  0x17D6, 0x17D6, 0x17D6, 0x17D6, 0x17D6, 0x17D6, 0x1F46, 0x17D6, 0x17D6, 0x17D6,
  0x17D6, 0x17D6, 0x17D6, 0x17D6, 0x17D6, 0x17D6, 0x17D6, 0x17D6, 0x17D6, 0x17D6,
  0x1F68, 0x1FA5, 0x1FE4, 0x17D6, 0x2022, 0x17D6, 0x17D6, 0x17D6, 0x17D6, 0x17D6,
  0x17D6, 0x17D6, 0x17D6, 0x17D6, 0x17D6, 0x17D6, 0x17D6, 0x17D6, 0x17D6, 0x17D6,
  0x17D6, 0x17D6, 0x17D6, 0x17D6, 0x17D6, 0x17D6, 0x17D6, 0x2062, 0x17D6, 0x1C90,
  0x17D6, 0x1EB2, 0x17D6, 0x17D6, 0x17D6, 0x17D6, 0x17D6, 0x208D, 0x20BC, 0x17D6,
  0x17D6, 0x17D6, 0x17D6, 0x17D6, 0x17D6, 0x17D6, 0x20EC, 0x17D6, 0x17D6, 0x17D6,
  0x211C, 0x17D6, 0x17D6, 0x17D6, 0x214C, 0x17D6, 0x17D6, 0x17D6, 0x17D6, 0x2182,
  0x17D6, 0x21BE, 0x17D6, 0x17D6, 0x17D6, 0x17D6, 0x17D6, 0x17D6, 0x17D6, 0x17D6,
  0x17D6, 0x17D6, 0x17D6, 0x17D6, 0x17D6, 0x17D6, 0x17D6, 0x17D6, 0x17D6, 0x17D6,
  0x17D6, 0x17D6, 0x17D6, 0x17D6, 0x17D6, 0x17D6, 0x17D6, 0x17D6, 0x21FE, 0x2237,
  0x2275, 0x22B4, 0x22F0, 0x232F, 0x236D, 0x23A8, 0x23E4, 0x17D6, 0x17D6, 0x17D6,
  0x17D6, 0x17D6, 0x17D6, 0x17D6, 0x17D6, 0x17D6, 0x17D6, 0x17D6, 0x17D6, 0x17D6,
  0x17D6, 0x17D6, 0x17D6, 0x17D6, 0x17D6, 0x17D6, 0x17D6, 0x17D6, 0x17D6, 0x17D6,
};

const uint16_t check_trie_data[9252] = {
  0x0001, 0x0001, 0x0001, 0x0001, 0x0001, 0x0001, 0x0001, 0x0001, 0x0001, 0x0001,
  0x0001, 0x0001, 0x0001, 0x0001, 0x0001, 0x0001, 0x0001, 0x0001, 0x0001, 0x0001,
  0x0001, 0x0001, 0x0001, 0x0001, 0x0001, 0x0001, 0x0001, 0x0001, 0x0001, 0x0001,
  0x0001, 0x0001, 0x0001, 0x0001, 0x0001, 0x0001, 0x0001, 0x0001, 0x0001, 0x0001,
  0x0001, 0x0001, 0x0001, 0x0001, 0x0001, 0x0001, 0x0001, 0x0001, 0x0001, 0x0001,
  0x0001, 0x0001, 0x0001, 0x0001, 0x0001, 0x0001, 0x0001, 0x0001, 0x0001, 0x0001,
  0x0001, 0x0001, 0x0001, 0x0001, 0x0002, 0x0002, 0x0002, 0x0002, 0x0002, 0x0002,
  0x0001, 0x0002, 0x0002, 0x0002, 0x0002, 0x0002, 0x0002, 0x0002, 0x0002, 0x0002,
  0x0001, 0x0002, 0x0002, 0x0002, 0x0002, 0x0002, 0x0002, 0x0001, 0x0001, 0x0002,
  0x0002, 0x0002, 0x0002, 0x0002, 0x0001, 0x0001, 0x0002, 0x0002, 0x0002, 0x0002,
  0x0002, 0x0002, 0x0001, 0x0002, 0x0002, 0x0002, 0x0002, 0x0002, 0x0002, 0x0002,
  0x0002, 0x0002, 0x0001, 0x0002, 0x0002, 0x0002, 0x0002, 0x0002, 0x0002, 0x0001,
  0x0001, 0x0002, 0x0002, 0x0002, 0x0002, 0x0002, 0x0001, 0x0002, 0x0002, 0x0002,
  0x0002, 0x0002, 0x0002, 0x0002, 0x0002, 0x0002, 0x0002, 0x0002, 0x0002, 0x0002,
  0x0002, 0x0002, 0x0002, 0x0001, 0x0001, 0x0002, 0x0002, 0x0002, 0x0002, 0x0002,
  0x0002, 0x0002, 0x0002, 0x0002, 0x0002, 0x0002, 0x0002, 0x0002, 0x0002, 0x0002,
  0x0002, 0x0002, 0x0002, 0x0002, 0x0002, 0x0001, 0x0001, 0x0002, 0x0002, 0x0002,
  0x0002, 0x0002, 0x0002, 0x0002, 0x0002, 0x0002, 0x0001, 0x0001, 0x0001, 0x0002,
  0x0002, 0x0002, 0x0002, 0x0001, 0x0002, 0x0002, 0x0002, 0x0002, 0x0002, 0x0002,
  0x0001, 0x0001, 0x0001, 0x0002, 0x0002, 0x0002, 0x0002, 0x0002, 0x0002, 0x0001,
  0x0001, 0x0001, 0x0002, 0x0002, 0x0002, 0x0002, 0x0002, 0x0002, 0x0001, 0x0001,
  0x0002, 0x0002, 0x0002, 0x0002, 0x0002, 0x0002, 0x0002, 0x0002, 0x0002, 0x0002,
  0x0002, 0x0002, 0x0002, 0x0002, 0x0002, 0x0002, 0x0002, 0x0002, 0x0001, 0x0001,
  0x0002, 0x0002, 0x0002, 0x0002, 0x0002, 0x0002, 0x0002, 0x0002, 0x0002, 0x0002,
  0x0002, 0x0002, 0x0002, 0x0002, 0x0002, 0x0002, 0x0002, 0x0002, 0x0002, 0x0002,
  0x0002, 0x0002, 0x0002, 0x0001, 0x0001, 0x0001, 0x0001, 0x0001, 0x0001, 0x0001,
  0x0001, 0x0001, 0x0001, 0x0001, 0x0001, 0x0001, 0x0001, 0x0001, 0x0001, 0x0001,
  0x0001, 0x0001, 0x0001, 0x0001, 0x0001, 0x0001, 0x0001, 0x0001, 0x0001, 0x0001,
  0x0001, 0x0001, 0x0001, 0x0001, 0x0001, 0x0002, 0x0002, 0x0001, 0x0001, 0x0001,
  0x0001, 0x0001, 0x0001, 0x0001, 0x0001, 0x0001, 0x0001, 0x0001, 0x0001, 0x0001,
  0x0002, 0x0002, 0x0001, 0x0001, 0x0001, 0x0001, 0x0001, 0x0001, 0x0001, 0x0001,
  0x0001, 0x0001, 0x0001, 0x0001, 0x0001, 0x0001, 0x0001, 0x0002, 0x0002, 0x0002,
  0x0002, 0x0002, 0x0002, 0x0002, 0x0002, 0x0003, 0x0003, 0x0003, 0x0003, 0x0003,
  0x0003, 0x0003, 0x0003, 0x0001, 0x0003, 0x0003, 0x0003, 0x0003, 0x0002, 0x0002,
  0x0001, 0x0001, 0x0002, 0x0002, 0x0002, 0x0002, 0x0002, 0x0002, 0x0003, 0x0003,
  0x0002, 0x0002, 0x0002, 0x0001, 0x0001, 0x0001, 0x0002, 0x0002, 0x0001, 0x0001,
  0x0002, 0x0002, 0x0003, 0x0003, 0x0002, 0x0002, 0x0002, 0x0002, 0x0002, 0x0002,
  0x0002, 0x0002, 0x0002, 0x0002, 0x0002, 0x0002, 0x0002, 0x0002, 0x0002, 0x0002,
  0x0002, 0x0002, 0x0002, 0x0002, 0x0002, 0x0002, 0x0002, 0x0002, 0x0002, 0x0002,
  0x0002, 0x0002, 0x0001, 0x0001, 0x0002, 0x0002, 0x0001, 0x0001, 0x0001, 0x0001,
  0x0001, 0x0001, 0x0002, 0x0002, 0x0002, 0x0002, 0x0003, 0x0003, 0x0003, 0x0003,
  0x0002, 0x0002, 0x0003, 0x0003, 0x0002, 0x0002, 0x0001, 0x0001, 0x0001, 0x0001,
  0x0001, 0x0001, 0x0001, 0x0001, 0x0001, 0x0001, 0x0001, 0x0001, 0xF981, 0xF981,
  0xF981, 0xF981, 0xF981, 0x7981, 0xF981, 0xF981, 0xF981, 0xF981, 0xF981, 0xF981,
  0xF981, 0x7981, 0x7981, 0xF981, 0x7981, 0xF981, 0x7981, 0xF981, 0xF981, 0x7A01,
  0x7701, 0x7701, 0x7701, 0x7701, 0x7A01, 0xF601, 0x7701, 0x7701, 0x7701, 0x7701,
  0x7701, 0x7281, 0x7281, 0xF701, 0xF701, 0xF701, 0xF701, 0xF281, 0xF281, 0x7701,
  0x7701, 0x7701, 0x7701, 0xF701, 0xF701, 0x7701, 0xF701, 0xF701, 0x7701, 0x7701,
  0x4041, 0x4041, 0x4041, 0x4041, 0xC041, 0x7701, 0x7701, 0x7701, 0x7701, 0x7981,
  0x7981, 0x7981, 0xF981, 0xF981, 0xF981, 0xF981, 0xF982, 0xFC01, 0x7981, 0x7701,
  0x7701, 0x7701, 0x7981, 0x7981, 0x7981, 0x7701, 0x7701, 0x0001, 0x7981, 0x7981,
  0x7981, 0x7701, 0x7701, 0x7701, 0x7701, 0x7981, 0x7A01, 0x7701, 0x7701, 0x7981,
  0x7A41, 0x7A81, 0x7A81, 0x7A41, 0x7A81, 0x7A81, 0x7A41, 0x7981, 0x7981, 0x7981,
  0x7981, 0x7981, 0x7981, 0x7981, 0x7981, 0x7981, 0x7981, 0x7981, 0x7981, 0x7981,
  0x0001, 0x0001, 0x0001, 0x0001, 0xC001, 0x0001, 0x0001, 0x0001, 0x0001, 0x0001,
  0x0001, 0x0001, 0x0001, 0x0001, 0xC001, 0x0001, 0x0001, 0x0001, 0x0001, 0x0001,
  0x0002, 0x0002, 0xC001, 0x0002, 0x0002, 0x0002, 0x0001, 0x0002, 0x0001, 0x0002,
  0x0002, 0x0003, 0x0001, 0x0001, 0x0001, 0x0001, 0x0001, 0x0001, 0x0001, 0x0001,
  0x0001, 0x0001, 0x0001, 0x0001, 0x0001, 0x0001, 0x0001, 0x0001, 0x0001, 0x0001,
  0x0001, 0x0001, 0x0001, 0x0001, 0x0001, 0x0001, 0x0001, 0x0002, 0x0002, 0x0002,
  0x0002, 0x0002, 0x0002, 0x0003, 0x0001, 0x0001, 0x0001, 0x0001, 0x0001, 0x0001,
  0x0001, 0x0001, 0x0001, 0x0001, 0x0001, 0x0001, 0x0001, 0x0001, 0x0001, 0x0002,
  0x0002, 0x0002, 0x0002, 0x0002, 0x0001, 0x0001, 0x0001, 0x0001, 0x0002, 0x0002,
  0x0001, 0x0001, 0x0001, 0x0001, 0x0001, 0x0001, 0x0001, 0x0001, 0x0001, 0x0001,
  0x0001, 0x0001, 0x0001, 0x0001, 0x0001, 0x0001, 0x0001, 0x0001, 0x0001, 0x0001,
  0x0001, 0x0001, 0x0001, 0x0001, 0x0001, 0x0001, 0x0001, 0x0001, 0x0001, 0x0001,
  0x0001, 0x0001, 0x0001, 0x0001, 0x0001, 0x0001, 0x0001, 0x0001, 0x0001, 0x0001,
  0x0001, 0x0001, 0x0001, 0x0002, 0x0002, 0x0001, 0x0002, 0x0001, 0x0001, 0x0001,
  0x0002, 0x0001, 0x0001, 0x0001, 0x0001, 0x0002, 0x0002, 0x0002, 0x0001, 0x0001,
  0x0001, 0x0001, 0x0001, 0x0001, 0x0001, 0x0001, 0x0001, 0x0001, 0x0002, 0x0001,
  0x0001, 0x0001, 0x0001, 0x0001, 0x0001, 0x0001, 0x0001, 0x0001, 0x0001, 0x0001,
  0x0001, 0x0001, 0x0001, 0x0001, 0x0001, 0x0001, 0x0001, 0x0001, 0x0001, 0x0001,
  0x0001, 0x0001, 0x0001, 0x0001, 0x0001, 0x0001, 0x0001, 0x0001, 0x0001, 0x0001,
  0x0002, 0x0001, 0x0001, 0x0001, 0x0001, 0x0001, 0x0001, 0x0001, 0x0001, 0x0001,
  0x0001, 0x0001, 0x0001, 0x0001, 0x0001, 0x0001, 0x0001, 0x0002, 0x0002, 0x0001,
  0x0002, 0x0001, 0x0001, 0x0001, 0x0002, 0x0001, 0x0001, 0x0001, 0x0001, 0x0002,
  0x0002, 0x0002, 0x0001, 0x0001, 0x0001, 0x0001, 0x0001, 0x0001, 0x0001, 0x0001,
  0x0001, 0x0001, 0x0001, 0x0001, 0x0001, 0x0001, 0x0001, 0x0001, 0x0001, 0x0001,
  0x0001, 0x0001, 0x0001, 0x0001, 0x0001, 0x0002, 0x0002, 0x0001, 0x0001, 0x0001,
  0x0001, 0x0001, 0x0001, 0x0001, 0x0001, 0x7981, 0x7981, 0x7981, 0x7981, 0x7981,
  0x0001, 0x0001, 0x0001, 0x0001, 0x0001, 0x0001, 0x0001, 0x0001, 0x0001, 0x0001,
  0x0001, 0x0001, 0x0001, 0x0001, 0x0001, 0x0001, 0x0001, 0x0001, 0x0001, 0x0001,
  0x0001, 0x0001, 0x0001, 0x0001, 0x0001, 0x0001, 0x0001, 0x0001, 0x0001, 0x0001,
  0x0001, 0x0001, 0x0001, 0x0001, 0x0001, 0x0001, 0x0001, 0x0001, 0x0001, 0x0001,
  0x0001, 0x0001, 0x0001, 0x0001, 0x0001, 0x0001, 0x0001, 0x0001, 0x0001, 0x0001,
  0x0001, 0x0001, 0x0001, 0x0001, 0x0001, 0x0001, 0x0002, 0x0002, 0x0001, 0x0001,
  0x0001, 0x0001, 0x0001, 0x0001, 0x0001, 0x0001, 0x0001, 0x0001, 0x0001, 0x0001,
  0x0001, 0x0002, 0x0002, 0x0002, 0x0002, 0x0001, 0x0001, 0x0002, 0x0002, 0x0001,
  0x0001, 0x0002, 0x0002, 0x0002, 0x0002, 0x0002, 0x0002, 0x0001, 0x0001, 0x0002,
  0x0002, 0x0002, 0x0002, 0x0002, 0x0002, 0x0001, 0x0001, 0x0002, 0x0002, 0x0002,
  0x0002, 0x0002, 0x0002, 0x0002, 0x0002, 0x0002, 0x0002, 0x0002, 0x0002, 0x0001,
  0x0001, 0x0002, 0x0002, 0x0001, 0x0001, 0x0001, 0x0001, 0x0001, 0x0001, 0x0001,
  0x0001, 0x0001, 0x0001, 0x0001, 0x0001, 0x0001, 0x0001, 0x0001, 0x0001, 0x0001,
  0x7701, 0x7981, 0x7981, 0x7981, 0x7981, 0x7701, 0x7981, 0x7981, 0x7981, 0x7781,
  0x7701, 0x7981, 0x7981, 0x7981, 0x7981, 0x7981, 0x7981, 0x7701, 0x7701, 0x7701,
  0x7701, 0x7701, 0x7701, 0x7981, 0x7981, 0x7701, 0x7981, 0x7981, 0x7781, 0x7901,
  0x7981, 0x4281, 0x42C1, 0x4301, 0x4341, 0x4381, 0x43C1, 0x4401, 0x4441, 0x4481,
  0x44C1, 0x44C1, 0x4501, 0x4541, 0x4581, 0x0001, 0x45C1, 0x0001, 0x4601, 0x4641,
  0x0001, 0x7981, 0x7701, 0x0001, 0x4481, 0x0001, 0x0001, 0x0001, 0x0001, 0x0001,
  0x0001, 0x0001, 0x0001, 0x0001, 0x0001, 0x0001, 0x0001, 0x0001, 0x0001, 0x0001,
  0x0001, 0x0001, 0x0001, 0x0001, 0x0001, 0x0001, 0x0001, 0x0001, 0x0001, 0x0001,
  0x0001, 0x0001, 0x0001, 0x0001, 0x0001, 0x0001, 0x0001, 0x0001, 0x0001, 0x0001,
  0x0001, 0x0001, 0x0001, 0x0001, 0x0001, 0x0001, 0x0001, 0x0001, 0x0001, 0x0001,
  0x0001, 0x0001, 0x0001, 0x0001, 0x0001, 0x0001, 0x0001, 0x0001, 0x0001, 0x0001,
  0x0001, 0x7981, 0x7981, 0x7981, 0x7981, 0x7981, 0x7981, 0x7981, 0x7981, 0x4781,
  0x47C1, 0x4801, 0x0001, 0x0001, 0x0001, 0x0001, 0x0001, 0x0001, 0x0001, 0x0002,
  0x0002, 0x0002, 0x0002, 0x0002, 0x0001, 0x0001, 0x0001, 0x0001, 0x0001, 0x0001,
  0x0001, 0x0001, 0x0001, 0x0001, 0x0001, 0x0001, 0x0001, 0x0001, 0x0001, 0x0001,
  0x0001, 0x0001, 0x0001, 0x0001, 0x0001, 0x0001, 0x0001, 0x0001, 0x0001, 0x46C1,
  0x4701, 0x4741, 0x4781, 0x47C1, 0x4801, 0x4841, 0x4881, 0xF981, 0xF981, 0xF701,
  0x7701, 0x7981, 0x7981, 0x7981, 0x7981, 0x7981, 0x7701, 0x7981, 0x7981, 0x7701,
  0x0001, 0x0001, 0x0001, 0x0001, 0x0001, 0x0001, 0x0001, 0x0001, 0x0001, 0x0001,
  0x0001, 0x0001, 0x0001, 0x0001, 0x0001, 0x0001, 0x48C1, 0x0001, 0x0001, 0x0001,
  0x0001, 0x0001, 0x0001, 0x0001, 0x0001, 0x0001, 0x0001, 0x0001, 0x0001, 0x0001,
  0x0001, 0x0001, 0x0002, 0x0001, 0x0002, 0x0001, 0x0001, 0x0001, 0x0001, 0x0001,
  0x0001, 0x0001, 0x0001, 0x0001, 0x0001, 0x0001, 0x0001, 0x0001, 0x0001, 0x0001,
  0x0001, 0x0002, 0x0001, 0x0001, 0x7981, 0x7981, 0x7981, 0x7981, 0x7981, 0x7981,
  0x7981, 0x0001, 0x0001, 0x7981, 0x7981, 0x7981, 0x7981, 0x7701, 0x7981, 0x0001,
  0x0001, 0x7981, 0x7981, 0x0001, 0x7701, 0x7981, 0x7981, 0x7701, 0x0001, 0x0001,
  0x0001, 0x0001, 0x0001, 0x0001, 0x0001, 0x0001, 0x0001, 0x0001, 0x0001, 0x0001,
  0x0001, 0x0001, 0x0001, 0x0001, 0x0001, 0x0001, 0x4901, 0x0001, 0x0001, 0x0001,
  0x0001, 0x0001, 0x0001, 0x0001, 0x0001, 0x0001, 0x0001, 0x0001, 0x0001, 0x0001,
  0x0001, 0x0001, 0x0001, 0x0001, 0x0001, 0x0001, 0x0001, 0x0001, 0x0001, 0x0001,
  0x0001, 0x0001, 0x0001, 0x0001, 0x0001, 0x0001, 0x0001, 0x7981, 0x7701, 0x7981,
  0x7981, 0x7701, 0x7981, 0x7981, 0x7701, 0x7701, 0x7701, 0x7981, 0x7701, 0x7701,
  0x7981, 0x7701, 0x7981, 0x7981, 0x7701, 0x7981, 0x7701, 0x7981, 0x7701, 0x7981,
  0x7701, 0x7981, 0x7981, 0x0001, 0x0001, 0x0001, 0x0001, 0x0001, 0x0001, 0x0001,
  0x0001, 0x0001, 0x0001, 0x0001, 0x0001, 0x0001, 0x0001, 0x0001, 0x0001, 0x0001,
  0x0001, 0x0001, 0x0001, 0x0001, 0x0001, 0x0001, 0x0001, 0x0001, 0x0001, 0x0001,
  0x0001, 0x0001, 0x0001, 0x0001, 0x0001, 0x0001, 0x0001, 0x0001, 0x0001, 0x0001,
  0x0001, 0x0001, 0x0001, 0x0001, 0x0001, 0x0001, 0x0001, 0x0001, 0x0001, 0x0001,
  0x0001, 0x0001, 0x0001, 0x0001, 0x0001, 0x0001, 0x7981, 0x7981, 0x7981, 0x7981,
  0x7981, 0x7981, 0x7981, 0x7701, 0x7981, 0x0001, 0x0001, 0x0001, 0x0001, 0x0001,
  0x0001, 0x0001, 0x0001, 0x0001, 0x7701, 0x0001, 0x0001, 0x0001, 0x0001, 0x0001,
  0x0001, 0x0001, 0x0001, 0x0001, 0x0001, 0x0001, 0x0001, 0x0001, 0x0001, 0x0001,
  0x0001, 0x0001, 0x0001, 0x0001, 0x0001, 0x0001, 0x0001, 0x7981, 0x7981, 0x7981,
  0x7981, 0x0001, 0x7981, 0x7981, 0x7981, 0x7981, 0x7981, 0x7981, 0x7981, 0x7981,
  0x7981, 0x0001, 0x7981, 0x7981, 0x7981, 0x0001, 0x7981, 0x7981, 0x7981, 0x7981,
  0x7981, 0x0001, 0x0001, 0x0001, 0x0001, 0x0001, 0x0001, 0x0001, 0x0001, 0x0001,
  0x0001, 0x0001, 0x0001, 0x0001, 0x0001, 0x0001, 0x0001, 0x0001, 0x0001, 0x0001,
  0x0001, 0x0001, 0x0001, 0x0001, 0x0001, 0x0001, 0x7701, 0x7701, 0x7701, 0x0001,
  0x0001, 0x0001, 0x0001, 0x0001, 0x0001, 0x0001, 0x0001, 0x0001, 0x0001, 0x0001,
  0x0001, 0x0001, 0x0001, 0x0001, 0x0001, 0x0001, 0x0001, 0x0001, 0x0001, 0x0001,
  0x0001, 0x0001, 0x0001, 0x0001, 0x0001, 0x0001, 0x0001, 0x0001, 0x0001, 0x0001,
  0x0001, 0x0001, 0x0001, 0x0001, 0x0001, 0x7981, 0x7981, 0x7701, 0x7701, 0x7701,
  0x7981, 0x7981, 0x7981, 0x7981, 0x0001, 0x0001, 0x0001, 0x0001, 0x0001, 0x0001,
  0x0001, 0x0001, 0x0001, 0x0001, 0x0001, 0x0001, 0x0001, 0x0001, 0x0001, 0x0001,
  0x0001, 0x0001, 0x0001, 0x0001, 0x0001, 0x0001, 0x0001, 0x0001, 0x0001, 0x0001,
  0x0001, 0x0001, 0x0001, 0x0001, 0x0001, 0x0001, 0x7981, 0x7981, 0x7981, 0x7981,
  0x7981, 0x7701, 0x7701, 0x7701, 0x7701, 0x7701, 0x7981, 0x7981, 0x7981, 0x7981,
  0x7981, 0x7981, 0x7981, 0x7981, 0x7981, 0x7981, 0x7981, 0x7981, 0x7981, 0x7981,
  0x0001, 0x7701, 0x7981, 0x7981, 0x7701, 0x7981, 0x7981, 0x7701, 0x7981, 0x7981,
  0x7981, 0x7701, 0x7701, 0x7701, 0x46C1, 0x4701, 0x4741, 0x7981, 0x7981, 0x7981,
  0x7701, 0x7981, 0x7981, 0x7701, 0x7701, 0x7981, 0x7981, 0x7981, 0x7981, 0x7981,
  0x0001, 0x0001, 0x0001, 0x0001, 0x0001, 0x0001, 0x0001, 0x0001, 0x0001, 0x0001,
  0x0001, 0x0001, 0x0001, 0x0001, 0x0001, 0x0001, 0x0001, 0x0001, 0x0001, 0x0001,
  0x0001, 0x0001, 0x0001, 0x0001, 0x0001, 0x0001, 0x0001, 0x0001, 0x0001, 0x0001,
  0x0001, 0x0001, 0x0001, 0x0001, 0x0001, 0x0001, 0x0001, 0x0001, 0x0001, 0x0001,
  0x0001, 0x0002, 0x0001, 0x0001, 0x0001, 0x0001, 0x0001, 0x0001, 0x0001, 0x0002,
  0x0001, 0x0001, 0x0002, 0x0001, 0x0001, 0x0001, 0x0001, 0x0001, 0x0001, 0x0001,
  0xC1C1, 0x0001, 0x0001, 0x0001, 0x0001, 0x0001, 0x0001, 0x0001, 0x0001, 0x0001,
  0x0001, 0x0001, 0x0001, 0x0001, 0x4241, 0x0001, 0x0001, 0x0001, 0x7981, 0x7701,
  0x7981, 0x7981, 0x0001, 0x0001, 0x0001, 0xC002, 0xC002, 0xC002, 0xC002, 0xC002,
  0xC002, 0xC002, 0xC002, 0x0001, 0x0001, 0x0001, 0x0001, 0x0001, 0x0001, 0x0001,
  0x0001, 0x0001, 0x0001, 0x0001, 0x0001, 0x0001, 0x0001, 0x0001, 0x0001, 0x0001,
  0x0001, 0x0001, 0x0001, 0x0001, 0x0001, 0x0001, 0x0001, 0x0001, 0x0001, 0x0001,
  0x0001, 0x0001, 0x0001, 0x0001, 0x0001, 0x0001, 0x0001, 0x0001, 0x0001, 0x0001,
  0x0001, 0x0001, 0x0001, 0x0001, 0x0001, 0x0001, 0x0001, 0x0001, 0x0001, 0x0001,
  0x0001, 0x0001, 0x0001, 0x0001, 0x0001, 0x0001, 0x0001, 0x0001, 0x0001, 0x0001,
  0x0001, 0x0001, 0x0001, 0x41C1, 0x0001, 0xC001, 0x0001, 0x0001, 0x0001, 0x0001,
  0x0001, 0x0001, 0x0001, 0x0001, 0x0001, 0x0001, 0x0001, 0x0002, 0x0002, 0x4241,
  0x0001, 0x0001, 0x0001, 0x0001, 0x0001, 0x0001, 0x0001, 0x0001, 0x0001, 0xC001,
  0x0001, 0x0001, 0x0001, 0x0001, 0xC002, 0xC002, 0x0001, 0xC002, 0x0001, 0x0001,
  0x0001, 0x0001, 0x0001, 0x0001, 0x0001, 0x0001, 0x0001, 0x0001, 0x0001, 0x0001,
  0x0001, 0x0001, 0x0001, 0x0001, 0x0001, 0x0001, 0x0001, 0x0001, 0x0001, 0x0001,
  0x0001, 0x0001, 0x0001, 0x0001, 0x0001, 0x0001, 0x0001, 0x0001, 0x7981, 0x0001,
  0x0001, 0x0001, 0x0001, 0x0001, 0x0001, 0x0001, 0x0001, 0x0001, 0x0001, 0x0001,
  0x0001, 0x0001, 0x0001, 0x0001, 0x0001, 0x0001, 0x0001, 0x0001, 0x0001, 0x0001,
  0x0001, 0x0001, 0x0001, 0x0001, 0x0001, 0x0001, 0x0001, 0x0001, 0x0001, 0x0001,
  0x0001, 0x0001, 0x0001, 0x0001, 0x0001, 0x0001, 0x0001, 0x0001, 0x0001, 0x0001,
  0x0001, 0x0001, 0x0001, 0x0001, 0x0001, 0x0001, 0x0001, 0x0001, 0x0001, 0x0001,
  0xC002, 0x0001, 0x0001, 0xC002, 0x0001, 0x0001, 0x0001, 0x0001, 0x0001, 0x41C1,
  0x0001, 0x0001, 0x0001, 0x0001, 0x0001, 0x0001, 0x0001, 0x0001, 0x0001, 0x0001,
  0x0001, 0x0001, 0x0001, 0x4241, 0x0001, 0x0001, 0x0001, 0x0001, 0x0001, 0x0001,
  0x0001, 0x0001, 0x0001, 0x0001, 0x0001, 0xC002, 0xC002, 0xC002, 0x0001, 0x0001,
  0xC002, 0x0001, 0x0001, 0x0001, 0x0001, 0x0001, 0x0001, 0x0001, 0x0001, 0x0001,
  0x0001, 0x0001, 0x0001, 0x0001, 0x0001, 0x0001, 0x0001, 0x0001, 0x0001, 0x0001,
  0x0001, 0x0001, 0x0001, 0x0001, 0x0001, 0x0001, 0x0001, 0x0001, 0x0001, 0x0001,
  0x0001, 0x0001, 0x0001, 0x0001, 0x0001, 0x0001, 0x0001, 0x0001, 0x0001, 0x0001,
  0x0001, 0x0001, 0x0001, 0x0001, 0x0001, 0x0001, 0x0001, 0x0001, 0x0001, 0x0001,
  0x0001, 0x0001, 0x0001, 0x0001, 0x0001, 0x0001, 0x0001, 0x0001, 0x0001, 0x0001,
  0x0001, 0x41C1, 0x0001, 0x0001, 0x0001, 0x0001, 0x0001, 0x0001, 0x0001, 0x0001,
  0x0001, 0x0001, 0x0001, 0x0001, 0x0001, 0x4241, 0x0001, 0x0001, 0x0001, 0x0001,
  0x0001, 0x0001, 0x0001, 0x0001, 0x0001, 0x0001, 0x0001, 0x0001, 0x0001, 0x0001,
  0x0001, 0x0001, 0x0001, 0x0001, 0x0001, 0x0001, 0x0001, 0x0001, 0x0001, 0x0001,
  0x0001, 0x0001, 0x0001, 0x0001, 0x0001, 0x0001, 0x0001, 0x0001, 0x0001, 0x0001,
  0x0001, 0x0001, 0x0001, 0x0001, 0x0001, 0x0001, 0x0001, 0x0001, 0x0001, 0x0001,
  0x0001, 0x0001, 0x0001, 0x0001, 0x0001, 0x0001, 0x0002, 0x0001, 0x0001, 0x0002,
  0x0002, 0x4241, 0x0001, 0x0001, 0x0001, 0x0001, 0x0001, 0x0001, 0x0001, 0x0001,
  0xC001, 0xC001, 0x0001, 0x0001, 0x0001, 0x0001, 0xC002, 0xC002, 0x0001, 0x0001,
  0x0001, 0x0001, 0x0001, 0x0001, 0x0001, 0x0001, 0x0001, 0x0001, 0x0001, 0x0001,
  0x0001, 0x0001, 0x0001, 0x0001, 0x0001, 0x0001, 0x0001, 0x0001, 0x0001, 0x0001,
  0x0001, 0x0001, 0x0001, 0x0001, 0x0001, 0x0001, 0x0001, 0x0001, 0x0001, 0x0001,
  0x0001, 0x0001, 0x0002, 0x0001, 0x0001, 0x0001, 0x0001, 0x0001, 0x0001, 0x0001,
  0x0001, 0x0001, 0x0001, 0x0001, 0x0001, 0x0001, 0x0001, 0x0001, 0x0001, 0x0001,
  0x0001, 0x0001, 0x0001, 0x0001, 0x0001, 0x0001, 0x0001, 0x0001, 0x0001, 0x0001,
  0x0001, 0x0001, 0x0001, 0x0001, 0x0001, 0x0001, 0x0001, 0x0001, 0x0001, 0x0001,
  0x0001, 0x0001, 0x0001, 0x0001, 0xC001, 0x0001, 0x0001, 0x0001, 0x0001, 0x0001,
  0x0001, 0x0001, 0x0001, 0x0001, 0x0001, 0x0002, 0x0002, 0x0002, 0x4241, 0x0001,
  0x0001, 0x0001, 0x0001, 0x0001, 0x0001, 0x0001, 0x0001, 0x0001, 0xC001, 0x0001,
  0x0001, 0x0001, 0x0001, 0x0001, 0x0001, 0x0001, 0x0001, 0x0001, 0x0001, 0x0001,
  0x0001, 0x0001, 0x0001, 0x0001, 0x0001, 0x0001, 0x0001, 0x0001, 0x0001, 0x0001,
  0x0001, 0x0001, 0x0001, 0x0001, 0x0001, 0x0001, 0x0001, 0x0001, 0x0001, 0x0001,
  0x0001, 0x0001, 0x0001, 0x0001, 0x0001, 0x0001, 0x0001, 0x0001, 0x0001, 0x0002,
  0x0001, 0x0001, 0x0001, 0x0001, 0x4241, 0x0001, 0x0001, 0x0001, 0x0001, 0x0001,
  0x0001, 0x0001, 0x5501, 0xD6C1, 0x0001, 0x0001, 0x0001, 0x0001, 0x0001, 0x0001,
  0x0001, 0x0001, 0x0001, 0x0001, 0x0001, 0x0001, 0x0001, 0x0001, 0x0001, 0x0001,
  0x0001, 0x0001, 0x0001, 0x0001, 0x0001, 0x0001, 0x0001, 0x0001, 0x0001, 0x0001,
  0x0001, 0x0001, 0x0001, 0x0001, 0x0001, 0x0001, 0x0001, 0x0001, 0x0001, 0x0001,
  0x0001, 0x0001, 0x0001, 0x0001, 0x0001, 0x0002, 0x0001, 0xC001, 0x0001, 0x0001,
  0x0001, 0x0001, 0x0002, 0x0002, 0x0001, 0x0002, 0x0003, 0x0001, 0x4241, 0x0001,
  0x0001, 0x0001, 0x0001, 0x0001, 0x0001, 0x0001, 0xC001, 0xC001, 0x0001, 0x0001,
  0x0001, 0x0001, 0x0001, 0x0001, 0x0001, 0x0001, 0x0001, 0x0001, 0x0001, 0x0001,
  0x0001, 0x0001, 0x0001, 0x0001, 0x0001, 0x0001, 0x0001, 0x0001, 0x0001, 0x0001,
  0x0001, 0x0001, 0x0001, 0x0001, 0x0001, 0x0001, 0x0001, 0x0001, 0x0001, 0x0001,
  0x0001, 0x0001, 0x0001, 0x0001, 0x0001, 0x0001, 0x0001, 0x0001, 0x0001, 0x0001,
  0x0001, 0x0001, 0x0001, 0x0001, 0x0001, 0x0001, 0x0001, 0x0001, 0x0001, 0x0001,
  0x0001, 0x0001, 0x0001, 0x0001, 0x0001, 0x0001, 0x0001, 0x4241, 0x4241, 0x0001,
  0xC001, 0x0001, 0x0001, 0x0001, 0x0001, 0x0001, 0x0001, 0x0001, 0x0001, 0x0001,
  0x0001, 0xC241, 0x0001, 0x0001, 0x0001, 0x0001, 0xC001, 0x0001, 0x0001, 0x0001,
  0x0001, 0x0001, 0x0001, 0x0001, 0x0001, 0x0001, 0x0001, 0x0002, 0x0001, 0x0002,
  0x0003, 0x0002, 0xC001, 0x0001, 0x0001, 0x0001, 0x0001, 0x0001, 0x0001, 0x0001,
  0x0001, 0x0001, 0x0001, 0x0001, 0x0001, 0x0001, 0x0001, 0x0001, 0x0001, 0x0001,
  0x0001, 0x0001, 0x0001, 0x0001, 0x0001, 0x0001, 0x0001, 0x0001, 0x0001, 0x0001,
  0x0001, 0x0001, 0x0001, 0x0001, 0x0001, 0x0001, 0x0001, 0x0001, 0x0001, 0x0001,
  0x0001, 0x0001, 0x0001, 0x0001, 0x0001, 0x0001, 0x0001, 0x0001, 0x0001, 0x0001,
  0x0001, 0x0001, 0x0001, 0x0001, 0x0001, 0x0001, 0x0001, 0x0001, 0x0001, 0x59C1,
  0x59C1, 0x4241, 0x0001, 0x0001, 0x0001, 0x0001, 0x0001, 0x0001, 0x0001, 0x0001,
  0x5AC1, 0x5AC1, 0x5AC1, 0x5AC1, 0x0001, 0x0001, 0x0001, 0x0001, 0x0001, 0x0001,
  0x0001, 0x0001, 0x0001, 0x0001, 0x0001, 0x0001, 0x0001, 0x0001, 0x0001, 0x0001,
  0x0001, 0x0001, 0x0001, 0x0001, 0x0001, 0x0001, 0x0001, 0x0001, 0x0001, 0x0001,
  0x0001, 0x0001, 0x0001, 0x0001, 0x0001, 0x0001, 0x0001, 0x0001, 0x0001, 0x0001,
  0x0001, 0x0001, 0x0001, 0x0001, 0x0001, 0x0001, 0x0001, 0x0001, 0x0001, 0x0001,
  0x0001, 0x0001, 0x0001, 0x0001, 0x0001, 0x0001, 0x0001, 0x0001, 0x0001, 0x0001,
  0x5D81, 0x5D81, 0x4241, 0x0001, 0x0001, 0x0001, 0x0001, 0x0001, 0x0001, 0x0001,
  0x0001, 0x5E81, 0x5E81, 0x5E81, 0x5E81, 0x0001, 0x0001, 0x0001, 0x0001, 0x0001,
  0x0001, 0x0001, 0x0001, 0x0001, 0x0001, 0x0001, 0x0001, 0x0001, 0x0001, 0x0001,
  0x0001, 0x0001, 0x0001, 0x0001, 0x0001, 0x0001, 0x0001, 0x0001, 0x0001, 0x0001,
  0x0001, 0x0001, 0x0001, 0x0001, 0x0001, 0x0001, 0x0001, 0x0001, 0x0001, 0x0001,
  0x0001, 0x0001, 0x0001, 0x0001, 0x0001, 0x0001, 0x0001, 0x0001, 0x0001, 0x0001,
  0x0001, 0x0001, 0x0001, 0x0001, 0x0001, 0x0001, 0x0001, 0x7701, 0x7701, 0x0001,
  0x0001, 0x0001, 0x0001, 0x0001, 0x0001, 0x0001, 0x0001, 0x0001, 0x0001, 0x0001,
  0x0001, 0x0001, 0x0001, 0x0001, 0x0001, 0x0001, 0x0001, 0x0001, 0x0001, 0x0001,
  0x0001, 0x0001, 0x0001, 0x0001, 0x0001, 0x0001, 0x7701, 0x0001, 0x7701, 0x0001,
  0x7601, 0x0001, 0x0001, 0x0001, 0x0001, 0x0001, 0x0001, 0xC002, 0x0001, 0x0001,
  0x0001, 0x0001, 0x0001, 0x0001, 0x0001, 0x0001, 0x0001, 0xC002, 0x0001, 0x0001,
  0x0001, 0x0001, 0xC002, 0x0001, 0x0001, 0x0001, 0x0001, 0xC002, 0x0001, 0x0001,
  0x0001, 0x0001, 0xC002, 0x0001, 0x0001, 0x0001, 0x0001, 0x0001, 0x0001, 0x0001,
  0x0001, 0x0001, 0x0001, 0x0001, 0x0001, 0xC002, 0x0001, 0x0001, 0x0001, 0x0001,
  0x0001, 0x0001, 0x0001, 0x6041, 0x6081, 0xC042, 0x6101, 0xC042, 0xC002, 0x0001,
  0xC002, 0x0001, 0x6081, 0x6081, 0x6081, 0x6081, 0x0001, 0x0001, 0x6081, 0xC042,
  0x7981, 0x7981, 0x4241, 0x0001, 0x7981, 0x7981, 0x0001, 0x0001, 0x0001, 0x0001,
  0x0001, 0x0001, 0x0001, 0x0001, 0x0001, 0x0001, 0x0001, 0xC002, 0x0001, 0x0001,
  0x0001, 0x0001, 0x0001, 0x0001, 0x0001, 0x0001, 0x0001, 0xC002, 0x0001, 0x0001,
  0x0001, 0x0001, 0xC002, 0x0001, 0x0001, 0x0001, 0x0001, 0xC002, 0x0001, 0x0001,
  0x0001, 0x0001, 0xC002, 0x0001, 0x0001, 0x0001, 0x0001, 0x0001, 0x0001, 0x0001,
  0x0001, 0x0001, 0x0001, 0x0001, 0x0001, 0xC002, 0x0001, 0x0001, 0x0001, 0x0001,
  0x0001, 0x0001, 0x7701, 0x0001, 0x0001, 0x0001, 0x0001, 0x0001, 0x0001, 0x0001,
  0x0001, 0x0001, 0x0001, 0x0001, 0x0001, 0x0001, 0x0001, 0x0001, 0x0001, 0x0001,
  0x0001, 0x0001, 0x0001, 0x0001, 0x0001, 0x0001, 0x0001, 0x0001, 0x0001, 0x0001,
  0x0001, 0x0001, 0x0001, 0x0001, 0x0001, 0x0001, 0x0001, 0x0001, 0x0001, 0x0001,
  0x0001, 0x0001, 0x0001, 0x0001, 0x0001, 0x0001, 0x0001, 0x0001, 0x0001, 0x0001,
  0x0001, 0x0001, 0x0001, 0x0001, 0x0001, 0x0001, 0x0001, 0x0001, 0x0001, 0x0001,
  0x0002, 0x0001, 0x0001, 0x0001, 0x0001, 0x0001, 0x0001, 0x0001, 0xC001, 0x0001,
  0x0001, 0x0001, 0x0001, 0x0001, 0x0001, 0x0001, 0x0001, 0x41C1, 0x0001, 0x4241,
  0x4241, 0x0001, 0x0001, 0x0001, 0x0001, 0x0001, 0x0001, 0x0001, 0x0001, 0x0001,
  0x0001, 0x0001, 0x0001, 0x0001, 0x7701, 0x0001, 0x0001, 0x0001, 0x0001, 0x0001,
  0x0001, 0x0001, 0x0001, 0x0001, 0x0001, 0x0001, 0x0001, 0x0001, 0x0001, 0x0001,
  0x0001, 0x0001, 0x0001, 0x0001, 0x0001, 0x0001, 0x0001, 0x0001, 0x0001, 0x0001,
  0x0001, 0x0001, 0x0001, 0x0001, 0x0001, 0x0001, 0x0001, 0x0001, 0x0001, 0x0001,
  0x0001, 0x0001, 0x0001, 0x0001, 0x0001, 0x0001, 0x0001, 0x0001, 0x0001, 0x0001,
  0x0001, 0x0001, 0x0001, 0x0001, 0x0001, 0xC001, 0xC001, 0xC001, 0xC001, 0xC001,
  0xC001, 0xC001, 0xC001, 0xC001, 0xC001, 0xC001, 0xC001, 0xC001, 0xC001, 0xC001,
  0xC001, 0xC001, 0xC001, 0xC001, 0xC001, 0xC001, 0x0001, 0x0001, 0x0001, 0x0001,
  0x0001, 0x0001, 0x0001, 0x0001, 0x0001, 0x0001, 0x0001, 0x0001, 0x0001, 0x0001,
  0x0001, 0x0001, 0x0001, 0x0001, 0x0001, 0x0001, 0x0001, 0x0001, 0x0001, 0x0001,
  0x0001, 0x0001, 0x0001, 0x0001, 0x0001, 0x0001, 0x0001, 0x0001, 0x0001, 0x0001,
  0x0001, 0x0001, 0x0001, 0x0001, 0x0001, 0x0001, 0xC001, 0xC001, 0xC001, 0xC001,
  0xC001, 0xC001, 0xC001, 0xC001, 0xC001, 0xC001, 0xC001, 0xC001, 0xC001, 0xC001,
  0xC001, 0xC001, 0xC001, 0xC001, 0xC001, 0xC001, 0xC001, 0xC001, 0xC001, 0xC001,
  0x0001, 0x0001, 0x0001, 0x0001, 0x0001, 0x0001, 0x0001, 0x0001, 0x0001, 0x0001,
  0x0001, 0x0001, 0x0001, 0x0001, 0x0001, 0x0001, 0x0001, 0x0001, 0x0001, 0x0001,
  0x0001, 0x0001, 0x0001, 0x0001, 0x0001, 0x0001, 0x0001, 0x0001, 0x0001, 0x0001,
  0x0001, 0x0001, 0x0001, 0x0001, 0x0001, 0x0001, 0x0001, 0x0001, 0x0001, 0x0001,
  0x0001, 0x0001, 0x0001, 0x0001, 0x0001, 0x0001, 0x0001, 0x0001, 0x0001, 0x0001,
  0x0001, 0x0001, 0x0001, 0x0001, 0x0001, 0x0001, 0x0001, 0x0001, 0x0001, 0x0001,
  0x0001, 0x7981, 0x7981, 0x7981, 0x0001, 0x0001, 0x0001, 0x0001, 0x0001, 0x0001,
  0x0001, 0x0001, 0x0001, 0x0001, 0x0001, 0x0001, 0x0001, 0x0001, 0x0001, 0x0001,
  0x0001, 0x0001, 0x0001, 0x0001, 0x0001, 0x0001, 0x0001, 0x0001, 0x0001, 0x0001,
  0x0001, 0x0001, 0x0001, 0x0001, 0x0001, 0x0001, 0x4241, 0x4241, 0x0001, 0x0001,
  0x0001, 0x0001, 0x0001, 0x0001, 0x0001, 0x0001, 0x0001, 0x0001, 0x0001, 0x0001,
  0x0001, 0x0001, 0x0001, 0x0001, 0x0001, 0x0001, 0x0001, 0x0001, 0x0001, 0x0001,
  0x0001, 0x0001, 0x0001, 0x0001, 0x0001, 0x0001, 0x0001, 0x0001, 0x4241, 0x0001,
  0x0001, 0x0001, 0x0001, 0x0001, 0x0001, 0x0001, 0x0001, 0x0001, 0x0001, 0x0001,
  0x0001, 0x0001, 0x0001, 0x0001, 0x0001, 0x0001, 0x0001, 0x4241, 0x0001, 0x0001,
  0x0001, 0x0001, 0x0001, 0x0001, 0x0001, 0x0001, 0x0001, 0x0001, 0x7981, 0x0001,
  0x0001, 0x0001, 0x0001, 0x0001, 0x0001, 0x0001, 0x0001, 0x0001, 0x0001, 0x0001,
  0x0001, 0x0001, 0x0001, 0x0001, 0x0001, 0x0001, 0x0001, 0x0001, 0x0001, 0x0001,
  0x0001, 0x0001, 0x0001, 0x0001, 0x0001, 0x0001, 0x0001, 0x0001, 0x0001, 0x0001,
  0x0001, 0x0001, 0x0001, 0x0001, 0x0001, 0x0001, 0x0001, 0x0001, 0x0001, 0x0001,
  0x7901, 0x0001, 0x0001, 0x0001, 0x0001, 0x0001, 0x0001, 0x0001, 0x0001, 0x0001,
  0x0001, 0x0001, 0x0001, 0x0001, 0x0001, 0x0001, 0x0001, 0x0001, 0x0001, 0x0001,
  0x0001, 0x0001, 0x0001, 0x0001, 0x0001, 0x0001, 0x0001, 0x0001, 0x0001, 0x0001,
  0x0001, 0x0001, 0x0001, 0x0001, 0x0001, 0x0001, 0x0001, 0x0001, 0x0001, 0x0001,
  0x0001, 0x0001, 0x0001, 0x0001, 0x0001, 0x0001, 0x0001, 0x0001, 0x0001, 0x0001,
  0x0001, 0x0001, 0x0001, 0x0001, 0x0001, 0x0001, 0x0001, 0x0001, 0x7781, 0x7981,
  0x7701, 0x0001, 0x0001, 0x0001, 0x0001, 0x0001, 0x0001, 0x0001, 0x0001, 0x0001,
  0x0001, 0x0001, 0x0001, 0x0001, 0x0001, 0x0001, 0x0001, 0x0001, 0x0001, 0x0001,
  0x0001, 0x0001, 0x0001, 0x0001, 0x7981, 0x7701, 0x0001, 0x0001, 0x0001, 0x0001,
  0x0001, 0x0001, 0x0001, 0x0001, 0x0001, 0x0001, 0x0001, 0x0001, 0x0001, 0x0001,
  0x0001, 0x0001, 0x0001, 0x0001, 0x0001, 0x0001, 0x0001, 0x0001, 0x0001, 0x0001,
  0x0001, 0x0001, 0x0001, 0x0001, 0x0001, 0x0001, 0x0001, 0x0001, 0x0001, 0x0001,
  0x0001, 0x0001, 0x0001, 0x0001, 0x0001, 0x4241, 0x0001, 0x0001, 0x0001, 0x0001,
  0x0001, 0x0001, 0x0001, 0x0001, 0x0001, 0x0001, 0x0001, 0x0001, 0x0001, 0x0001,
  0x0001, 0x0001, 0x0001, 0x0001, 0x0001, 0x0001, 0x7981, 0x7981, 0x7981, 0x7981,
  0x7981, 0x7981, 0x7981, 0x7981, 0x0001, 0x0001, 0x7701, 0x0001, 0x0001, 0x0001,
  0x0001, 0x0001, 0x0001, 0x0001, 0x0001, 0x0001, 0x0001, 0x0001, 0x0001, 0x0001,
  0x0001, 0x0001, 0x0001, 0x0001, 0x0001, 0x0001, 0x0001, 0x0001, 0x0001, 0x0001,
  0x0001, 0x0001, 0x0001, 0x0001, 0x0001, 0x0001, 0x0001, 0x0001, 0x0001, 0x0001,
  0x0001, 0x0001, 0x0001, 0x0001, 0x0001, 0x0001, 0x0001, 0x0001, 0x0001, 0x0001,
  0x0001, 0x0001, 0x0001, 0x0001, 0x0001, 0x7981, 0x7981, 0x7981, 0x7981, 0x7981,
  0x7701, 0x7701, 0x7701, 0x7701, 0x7701, 0x7701, 0x7981, 0x7981, 0x7701, 0x0001,
  0x7701, 0x7981, 0x7981, 0x7701, 0x7701, 0x7981, 0x7981, 0x7981, 0x7981, 0x7981,
  0x7701, 0x7981, 0x7981, 0x7981, 0x7981, 0x7981, 0x7981, 0x7981, 0x7981, 0x7981,
  0x7981, 0x7981, 0x7981, 0x7981, 0x7981, 0x7981, 0x7981, 0x7981, 0x7981, 0x7701,
  0x0001, 0x0001, 0x7981, 0x7981, 0x7981, 0x7981, 0x7981, 0x7981, 0x7701, 0x7981,
  0x7981, 0x7981, 0x7981, 0x7A81, 0x0001, 0x0001, 0x0001, 0x0001, 0x0001, 0x0001,
  0x0001, 0x0001, 0x0001, 0x0001, 0x0001, 0x0001, 0x0001, 0x0001, 0x0001, 0x0001,
  0x0001, 0x0001, 0x0001, 0x0001, 0x0002, 0x0001, 0x0002, 0x0001, 0x0002, 0x0001,
  0x0002, 0x0001, 0x0002, 0x0001, 0x0001, 0x0001, 0x0002, 0x0001, 0x0001, 0x0001,
  0x0001, 0x0001, 0x0001, 0x0001, 0x0001, 0x0001, 0x0001, 0x0001, 0x0001, 0x0001,
  0x0001, 0x0001, 0x0001, 0x0001, 0x0001, 0x0001, 0x0001, 0x0001, 0x0001, 0x0001,
  0x0001, 0x0001, 0x0001, 0x0001, 0x0001, 0x0001, 0x0001, 0x0001, 0x0001, 0x0001,
  0x41C1, 0xC001, 0x0001, 0x0001, 0x0001, 0x0001, 0x0001, 0x0002, 0x0001, 0x0002,
  0x0001, 0x0001, 0x0002, 0x0002, 0x0001, 0x0002, 0x4241, 0x0001, 0x0001, 0x0001,
  0x0001, 0x0001, 0x0001, 0x0001, 0x0001, 0x0001, 0x0001, 0x0001, 0x0001, 0x0001,
  0x0001, 0x0001, 0x0001, 0x0001, 0x0001, 0x0001, 0x0001, 0x0001, 0x0001, 0x0001,
  0x0001, 0x0001, 0x0001, 0x0001, 0x0001, 0x0001, 0x0001, 0x0001, 0x0001, 0x0001,
  0x0001, 0x0001, 0x0001, 0x0001, 0x0001, 0x7981, 0x7701, 0x7981, 0x7981, 0x7981,
  0x7981, 0x7981, 0x7981, 0x7981, 0x0001, 0x0001, 0x0001, 0x0001, 0x0001, 0x0001,
  0x0001, 0x0001, 0x0001, 0x0001, 0x0001, 0x0001, 0x0001, 0x0001, 0x0001, 0x0001,
  0x0001, 0x0001, 0x0001, 0x0001, 0x0001, 0x0001, 0x0001, 0x0001, 0x0001, 0x0001,
  0x0001, 0x0001, 0x0001, 0x0001, 0x0001, 0x0001, 0x0001, 0x0001, 0x0001, 0x0001,
  0x0001, 0x0001, 0x0001, 0x0001, 0x0001, 0x0001, 0x4241, 0x4241, 0x0001, 0x0001,
  0x0001, 0x0001, 0x0001, 0x0001, 0x0001, 0x0001, 0x0001, 0x0001, 0x0001, 0x0001,
  0x0001, 0x0001, 0x0001, 0x0001, 0x0001, 0x0001, 0x0001, 0x0001, 0x0001, 0x0001,
  0x0001, 0x0001, 0x0001, 0x0001, 0x0001, 0x0001, 0x0001, 0x0001, 0x0001, 0x0001,
  0x0001, 0x0001, 0x0001, 0x0001, 0x0001, 0x0001, 0x41C1, 0x0001, 0x0001, 0x0001,
  0x0001, 0x0001, 0x0001, 0x0001, 0x0001, 0x0001, 0x0001, 0x0001, 0x4241, 0x4241,
  0x0001, 0x0001, 0x0001, 0x0001, 0x0001, 0x0001, 0x0001, 0x0001, 0x0001, 0x0001,
  0x0001, 0x0001, 0x0001, 0x0001, 0x0001, 0x0001, 0x7981, 0x7981, 0x7981, 0x0001,
  0x4041, 0x7701, 0x7701, 0x7701, 0x7701, 0x7701, 0x7981, 0x7981, 0x7701, 0x7701,
  0x7701, 0x7701, 0x7981, 0x0001, 0x4041, 0x4041, 0x4041, 0x4041, 0x4041, 0x4041,
  0x4041, 0x0001, 0x0001, 0x0001, 0x0001, 0x7701, 0x0001, 0x0001, 0x0001, 0x0001,
  0x0001, 0x0001, 0x7981, 0x0001, 0x0001, 0x0001, 0x7981, 0x7981, 0x0001, 0x0001,
  0x0001, 0x0001, 0x0001, 0x0001, 0x7981, 0x7981, 0x7701, 0x7981, 0x7981, 0x7981,
  0x7981, 0x7981, 0x7981, 0x7981, 0x7701, 0x7981, 0x7981, 0x7A81, 0x7581, 0x7701,
  0x7281, 0x7981, 0x7981, 0x7981, 0x7981, 0x7981, 0x7981, 0x7981, 0x7981, 0x7981,
  0x7981, 0x7981, 0x7981, 0x7981, 0x7981, 0x7981, 0x7981, 0x7981, 0x7981, 0x7981,
  0x7981, 0x7981, 0x7981, 0x7981, 0x7981, 0x7981, 0x7981, 0x7981, 0x7981, 0x7981,
  0x7981, 0x7981, 0x7981, 0x7981, 0x7981, 0x7981, 0x7981, 0x7981, 0x7A01, 0x7901,
  0x7901, 0x7701, 0x7681, 0x7981, 0x7A41, 0x7701, 0x7981, 0x7701, 0x0002, 0x0002,
  0x0002, 0x0002, 0x0002, 0x0002, 0x0002, 0x0002, 0x0003, 0x0003, 0x0002, 0x0002,
  0x0002, 0x0002, 0x0002, 0x0002, 0x0002, 0x0002, 0x0002, 0x0002, 0x0003, 0x0003,
  0x0003, 0x0003, 0x0002, 0x0002, 0x0002, 0x0002, 0x0003, 0x0003, 0x0002, 0x0002,
  0x0002, 0x0002, 0x0002, 0x0002, 0x0002, 0x0002, 0x0002, 0x0002, 0x0002, 0x0002,
  0x0002, 0x0002, 0x0002, 0x0002, 0x0003, 0x0003, 0x0002, 0x0002, 0x0002, 0x0002,
  0x0002, 0x0002, 0x0002, 0x0002, 0x0003, 0x0003, 0x0002, 0x0002, 0x0002, 0x0002,
  0x0002, 0x0002, 0x0002, 0x0002, 0x0002, 0x0002, 0x0002, 0x0002, 0x0003, 0x0003,
  0x0003, 0x0003, 0x0003, 0x0003, 0x0003, 0x0003, 0x0002, 0x0002, 0x0002, 0x0002,
  0x0002, 0x0002, 0x0002, 0x0002, 0x0003, 0x0003, 0x0002, 0x0002, 0x0002, 0x0002,
  0x0002, 0x0002, 0x0003, 0x0003, 0x0003, 0x0003, 0x0003, 0x0003, 0x0002, 0x0002,
  0x0002, 0x0002, 0x0002, 0x0002, 0x0002, 0x0002, 0x0002, 0x0002, 0x0002, 0x0002,
  0x0002, 0x0002, 0x0003, 0x0003, 0x0003, 0x0003, 0x0002, 0x0002, 0x0002, 0x0002,
  0x0002, 0x0002, 0x0002, 0x0002, 0x0002, 0x0002, 0x0002, 0x0002, 0x0002, 0x0002,
  0x0002, 0x0002, 0x0002, 0x0002, 0x0002, 0x0002, 0x0002, 0x0002, 0x0002, 0x0002,
  0x0002, 0x0002, 0x0001, 0x0002, 0x0001, 0x0001, 0x0001, 0x0001, 0x0002, 0x0002,
  0x0002, 0x0002, 0x0003, 0x0003, 0x0003, 0x0003, 0x0003, 0x0003, 0x0003, 0x0003,
  0x0003, 0x0003, 0x0003, 0x0003, 0x0003, 0x0003, 0x0003, 0x0003, 0x0003, 0x0003,
  0x0003, 0x0003, 0x0002, 0x0002, 0x0002, 0x0002, 0x0002, 0x0002, 0x0003, 0x0003,
  0x0003, 0x0003, 0x0003, 0x0003, 0x0003, 0x0003, 0x0002, 0x0002, 0x0002, 0x0002,
  0x0002, 0x0002, 0x0002, 0x0002, 0x0003, 0x0003, 0x0003, 0x0003, 0x0003, 0x0003,
  0x0003, 0x0003, 0x0003, 0x0003, 0x0003, 0x0003, 0x0003, 0x0003, 0x0003, 0x0003,
  0x0003, 0x0003, 0x0003, 0x0003, 0x0002, 0x0002, 0x0002, 0x0002, 0x0003, 0x0003,
  0x0003, 0x0003, 0x0003, 0x0003, 0x0003, 0x0003, 0x0003, 0x0003, 0x0002, 0x0002,
  0x0002, 0x0002, 0x0002, 0x0002, 0x0002, 0x0002, 0x0001, 0x0001, 0x0001, 0x0001,
  0x0001, 0x0001, 0x0002, 0x0002, 0x0003, 0x0003, 0x0003, 0x0003, 0x0003, 0x0003,
  0x0002, 0x0002, 0x0003, 0x0003, 0x0003, 0x0003, 0x0003, 0x0003, 0x0002, 0x0002,
  0x0003, 0x0003, 0x0003, 0x0003, 0x0001, 0x0001, 0x0002, 0x0002, 0x0003, 0x0003,
  0x0003, 0x0003, 0x0001, 0x0001, 0x0002, 0x0002, 0x0003, 0x0003, 0x0003, 0x0003,
  0x0003, 0x0003, 0x0002, 0x0002, 0x0003, 0x0003, 0x0003, 0x0003, 0x0003, 0x0003,
  0x0002, 0x0002, 0x0003, 0x0003, 0x0003, 0x0003, 0x0003, 0x0003, 0x0002, 0x0002,
  0x0003, 0x0003, 0x0003, 0x0003, 0x0003, 0x0003, 0x0002, 0x0002, 0x0003, 0x0003,
  0x0003, 0x0003, 0x0001, 0x0001, 0x0002, 0x0002, 0x0003, 0x0003, 0x0003, 0x0003,
  0x0001, 0x0001, 0x0002, 0x0002, 0x0003, 0x0003, 0x0003, 0x0003, 0x0003, 0x0003,
  0x0001, 0x0002, 0x0001, 0x0003, 0x0001, 0x0003, 0x0001, 0x0003, 0x0002, 0x0002,
  0x0003, 0x0003, 0x0003, 0x0003, 0x0003, 0x0003, 0x0002, 0x0002, 0x0003, 0x0003,
  0x0003, 0x0003, 0x0003, 0x0003, 0x0002, 0xC002, 0x0002, 0xC002, 0x0002, 0xC002,
  0x0002, 0xC002, 0x0002, 0xC002, 0x0002, 0xC002, 0x0002, 0xC002, 0x0001, 0x0001,
  0x0003, 0x0003, 0x0004, 0x0004, 0x0004, 0x0004, 0x0004, 0x0004, 0x0003, 0x0003,
  0x0004, 0x0004, 0x0004, 0x0004, 0x0004, 0x0004, 0x0003, 0x0003, 0x0004, 0x0004,
  0x0004, 0x0004, 0x0004, 0x0004, 0x0003, 0x0003, 0x0004, 0x0004, 0x0004, 0x0004,
  0x0004, 0x0004, 0x0003, 0x0003, 0x0004, 0x0004, 0x0004, 0x0004, 0x0004, 0x0004,
  0x0003, 0x0003, 0x0004, 0x0004, 0x0004, 0x0004, 0x0004, 0x0004, 0x0002, 0x0002,
  0x0003, 0x0002, 0x0003, 0x0001, 0x0002, 0x0003, 0x0002, 0x0002, 0x0002, 0xC002,
  0x0002, 0x0001, 0xC001, 0x0001, 0x0002, 0x0003, 0x0002, 0x0003, 0x0001, 0x0002,
  0x0003, 0x0002, 0xC002, 0x0002, 0xC002, 0x0002, 0x0002, 0x0002, 0x0002, 0x0002,
  0x0002, 0x0003, 0xC003, 0x0001, 0x0001, 0x0002, 0x0003, 0x0002, 0x0002, 0x0002,
  0xC002, 0x0001, 0x0002, 0x0002, 0x0002, 0x0002, 0x0002, 0x0003, 0xC003, 0x0002,
  0x0002, 0x0002, 0x0003, 0x0002, 0x0002, 0x0002, 0xC002, 0x0002, 0x0002, 0xC002,
  0xC001, 0x0001, 0x0001, 0x0003, 0x0002, 0x0003, 0x0001, 0x0002, 0x0003, 0x0002,
  0xC002, 0x0002, 0xC002, 0x0002, 0xC001, 0x0001, 0x0001, 0xC001, 0xC001, 0x0001,
  0x0001, 0x0001, 0x0001, 0x0001, 0x0001, 0x0001, 0x0001, 0x0001, 0x0001, 0x0001,
  0x0001, 0x0001, 0x0001, 0x0001, 0x0001, 0x0001, 0x0001, 0x0001, 0x0001, 0x0001,
  0x0001, 0x0001, 0x0001, 0x0001, 0x0001, 0x0001, 0x0001, 0x0001, 0x0001, 0x0001,
  0x0001, 0x0001, 0x0001, 0x0001, 0x0001, 0x0001, 0x0001, 0x0001, 0x0001, 0x0001,
  0x0001, 0x0001, 0x0001, 0x0001, 0x0001, 0x0001, 0x0001, 0x0001, 0x0001, 0x0001,
  0x0001, 0x0001, 0x0001, 0x0001, 0x0001, 0x0001, 0x0001, 0x0001, 0x0001, 0x0001,
  0x0001, 0x7981, 0x7981, 0x4041, 0x4041, 0x7981, 0x7981, 0x7981, 0x7981, 0x4041,
  0x4041, 0x4041, 0x7981, 0x7981, 0x0001, 0x0001, 0x0001, 0x0001, 0x7981, 0x0001,
  0x0001, 0x0001, 0x4041, 0x4041, 0x7981, 0x7701, 0x7981, 0x4041, 0x4041, 0x7701,
  0x7701, 0x7701, 0x7701, 0x7981, 0x0001, 0x0001, 0x0001, 0x0001, 0x0001, 0x0001,
  0x0001, 0x0001, 0x0001, 0x0001, 0x0001, 0x0001, 0x0001, 0x0001, 0x0001, 0x0001,
  0x0001, 0x0001, 0x0001, 0x0001, 0x0001, 0x0001, 0x0001, 0x0001, 0x0001, 0x0001,
  0x0001, 0x0001, 0x0001, 0x0001, 0x0001, 0x0001, 0x0001, 0x0001, 0x0001, 0x0001,
  0x0001, 0x0001, 0xC001, 0x0001, 0x0001, 0x0001, 0xC001, 0xC002, 0x0001, 0x0001,
  0x0001, 0x0001, 0x0001, 0x0001, 0x0001, 0x0001, 0x0001, 0x0001, 0x0001, 0x0001,
  0x0001, 0x0001, 0x0001, 0x0001, 0x0001, 0x0001, 0x0001, 0x0001, 0x0001, 0x0001,
  0x0001, 0x0001, 0x0001, 0x0001, 0x0002, 0x0002, 0x0001, 0x0001, 0x0001, 0x0001,
  0x0001, 0x0001, 0x0001, 0x0001, 0x0001, 0x0001, 0x0001, 0x0001, 0x0001, 0x0001,
  0x0001, 0x0001, 0x0001, 0x0001, 0x0002, 0x0001, 0x0001, 0x0001, 0x0001, 0x0001,
  0x0001, 0x0001, 0x0001, 0x0001, 0x0001, 0x0001, 0x0001, 0x0001, 0x0001, 0x0001,
  0x0001, 0x0001, 0x0002, 0x0002, 0x0002, 0x0001, 0x0001, 0x0001, 0x0001, 0x0001,
  0x0001, 0x0001, 0x0001, 0x0001, 0x0001, 0x0001, 0x0001, 0x0001, 0x0001, 0x0001,
  0x0001, 0x0001, 0x0001, 0x0001, 0x0001, 0x0001, 0x0001, 0x0001, 0x0001, 0x0001,
  0x0001, 0x0001, 0x0001, 0x0001, 0x0001, 0x0001, 0x0001, 0x0001, 0x0001, 0x0001,
  0x0001, 0x0001, 0x0001, 0x0001, 0x0001, 0x0001, 0x0001, 0x0001, 0x0001, 0x0001,
  0x0001, 0x0001, 0x0001, 0x0002, 0x0001, 0x0001, 0x0001, 0x0001, 0x0002, 0x0001,
  0x0001, 0x0002, 0x0001, 0x0001, 0x0001, 0x0001, 0x0001, 0x0001, 0x0001, 0x0001,
  0x0001, 0x0001, 0x0001, 0x0001, 0x0001, 0x0001, 0x0001, 0x0001, 0x0001, 0x0001,
  0x0001, 0x0001, 0x0001, 0x0001, 0x0001, 0x0002, 0x0001, 0x0002, 0x0001, 0x0001,
  0x0001, 0x0001, 0x0001, 0x0001, 0x0001, 0x0001, 0x0001, 0x0001, 0x0001, 0x0001,
  0x0001, 0x0001, 0x0001, 0x0001, 0x0001, 0x0001, 0x0001, 0x0001, 0x0001, 0x0001,
  0x0001, 0x0001, 0x0001, 0x0002, 0x0001, 0x0001, 0x0002, 0x0001, 0x0001, 0x0002,
  0x0001, 0x0002, 0x0001, 0x0001, 0x0001, 0x0001, 0x0001, 0x0001, 0x0001, 0x0001,
  0x0001, 0x0001, 0x0001, 0x0001, 0x0001, 0x0001, 0x0001, 0x0001, 0x0001, 0x0001,
  0x0001, 0x0001, 0x0001, 0x0001, 0x0002, 0x0001, 0x0002, 0x0001, 0x0001, 0x0001,
  0x0001, 0x0001, 0x0001, 0x0001, 0x0001, 0x0001, 0x0001, 0x0002, 0x0002, 0x0002,
  0x0002, 0x0002, 0x0001, 0x0001, 0x0002, 0x0002, 0x0001, 0x0001, 0x0002, 0x0002,
  0x0001, 0x0001, 0x0001, 0x0001, 0x0001, 0x0001, 0x0001, 0x0001, 0x0001, 0x0001,
  0x0001, 0x0001, 0x0001, 0x0001, 0x0001, 0x0001, 0x0001, 0x0001, 0x0001, 0x0001,
  0x0001, 0x0001, 0x0001, 0x0001, 0x0001, 0x0001, 0x0001, 0x0001, 0x0001, 0x0001,
  0x0001, 0x0001, 0x0001, 0x0001, 0x0002, 0x0002, 0x0002, 0x0002, 0x0001, 0x0001,
  0x0001, 0x0001, 0x0001, 0x0001, 0x0001, 0x0001, 0x0001, 0x0001, 0x0001, 0x0001,
  0x0001, 0x0001, 0x0001, 0x0001, 0x0001, 0x0001, 0x0001, 0x0001, 0x0001, 0x0001,
  0x0001, 0x0001, 0x0001, 0x0001, 0x0001, 0x0001, 0x0001, 0x0001, 0x0001, 0x0001,
  0x0002, 0x0002, 0x0002, 0x0002, 0x0001, 0x0001, 0x0001, 0x0001, 0x0001, 0x0001,
  0x0002, 0x0002, 0x0002, 0x0002, 0x0001, 0x0001, 0x0001, 0x0001, 0x0001, 0x0001,
  0x0001, 0x0001, 0x0001, 0x0001, 0x0001, 0x0001, 0x0001, 0x0001, 0x0001, 0x0001,
  0x0001, 0x0001, 0x0001, 0x0001, 0x0001, 0x0001, 0x0001, 0x0001, 0x0001, 0x0001,
  0x0001, 0x0001, 0x0001, 0x0001, 0x0001, 0x0001, 0x0001, 0x0001, 0x0001, 0x0001,
  0x0001, 0x0001, 0x0001, 0x0001, 0x0001, 0xC001, 0xC001, 0x0001, 0x0001, 0x0001,
  0x0001, 0x0001, 0x0001, 0x0001, 0x0001, 0x0001, 0x0001, 0x0001, 0x0001, 0x0001,
  0x0001, 0x0001, 0x0001, 0x0001, 0x0001, 0x0001, 0x0001, 0x0001, 0x0001, 0x0001,
  0x0001, 0x0001, 0x0001, 0x0001, 0x0001, 0xC002, 0x0001, 0x0001, 0x0001, 0x0001,
  0x0001, 0x0001, 0x0001, 0x0001, 0x0001, 0x0001, 0x0001, 0x0001, 0x0001, 0x0001,
  0x0001, 0x0001, 0x0001, 0x0001, 0x0001, 0x0001, 0x0001, 0x0001, 0x0001, 0x0001,
  0x0001, 0x0001, 0x0001, 0x0001, 0x0001, 0x0001, 0x0001, 0x0001, 0x0001, 0x0001,
  0x0001, 0x0001, 0x0001, 0x0001, 0x0001, 0x0001, 0x0001, 0x0001, 0x0001, 0x0001,
  0x0001, 0x0001, 0x0001, 0x0001, 0x0001, 0x0001, 0x0001, 0x0001, 0x0001, 0x0001,
  0x0001, 0x0001, 0x0001, 0x0001, 0x0001, 0x0001, 0x0001, 0x0001, 0x0001, 0x4241,
  0x0001, 0x0001, 0x0001, 0x0001, 0x0001, 0x0001, 0x0001, 0x0001, 0x0001, 0x0001,
  0x0001, 0x0001, 0x0001, 0x0001, 0x0001, 0x0001, 0x0001, 0x0001, 0x0001, 0x0001,
  0x0001, 0x0001, 0x0001, 0x0001, 0x0001, 0x0001, 0x0001, 0x0001, 0x0001, 0x0001,
  0x0001, 0x0001, 0x7981, 0x7981, 0x7981, 0x7981, 0x7981, 0x7981, 0x7981, 0x7981,
  0x7981, 0x7981, 0x7981, 0x7981, 0x7981, 0x7981, 0x7981, 0x7981, 0x7981, 0x7981,
  0x7981, 0x7981, 0x7981, 0x7981, 0x7981, 0x7981, 0x7981, 0x7981, 0x7981, 0x7981,
  0x7981, 0x7981, 0x7981, 0x7981, 0x0001, 0x0001, 0x0001, 0x0001, 0x0001, 0x0001,
  0x0001, 0x0001, 0x0001, 0x0001, 0x0001, 0x0001, 0x0001, 0x0001, 0x0001, 0x0001,
  0x0001, 0x0001, 0x0001, 0x0001, 0x0001, 0x0001, 0x0001, 0x0001, 0x0001, 0x0001,
  0x0001, 0x0001, 0x0001, 0x0001, 0x0001, 0x0001, 0x0001, 0x0001, 0x0001, 0x0001,
  0x0001, 0x0001, 0x0001, 0x0001, 0x0001, 0x0001, 0x7681, 0x7901, 0x7A01, 0x7781,
  0x7801, 0x7801, 0x0001, 0x0001, 0x0001, 0x0001, 0x0001, 0x0001, 0x0001, 0x0001,
  0x0001, 0x0001, 0x0001, 0x0001, 0x0001, 0x0001, 0x0001, 0x0001, 0x0002, 0x0001,
  0x0002, 0x0001, 0x0002, 0x0001, 0x0002, 0x0001, 0x0002, 0x0001, 0x0002, 0x0001,
  0x0002, 0x0001, 0x0002, 0x0001, 0x0002, 0x0001, 0x0002, 0x0001, 0x0002, 0x0001,
  0x0002, 0x0001, 0x0001, 0x0002, 0x0001, 0x0002, 0x0001, 0x0002, 0x0001, 0x0001,
  0x0001, 0x0001, 0x0001, 0x0001, 0x0002, 0x0002, 0x0001, 0x0002, 0x0002, 0x0001,
  0x0002, 0x0002, 0x0001, 0x0002, 0x0002, 0x0001, 0x0002, 0x0002, 0x0001, 0x0001,
  0x0001, 0x0001, 0x0001, 0x0001, 0x0001, 0x0001, 0x0001, 0x0001, 0x0001, 0x0001,
  0x0001, 0x0001, 0x0001, 0x0001, 0x0001, 0x0001, 0x0001, 0x0001, 0x0002, 0x0001,
  0x0001, 0x0001, 0x0001, 0xC201, 0xC201, 0x0001, 0x0001, 0x0001, 0x0002, 0x0001,
  0x0001, 0x0001, 0x0001, 0x0001, 0x0001, 0x0001, 0x0001, 0x0001, 0x0001, 0x0001,
  0x0001, 0x0001, 0x0002, 0x0001, 0x0002, 0x0001, 0x0002, 0x0001, 0x0002, 0x0001,
  0x0002, 0x0001, 0x0002, 0x0001, 0x0002, 0x0001, 0x0002, 0x0001, 0x0002, 0x0001,
  0x0002, 0x0001, 0x0001, 0x0002, 0x0001, 0x0002, 0x0001, 0x0002, 0x0001, 0x0001,
  0x0001, 0x0001, 0x0001, 0x0001, 0x0002, 0x0002, 0x0001, 0x0002, 0x0002, 0x0001,
  0x0002, 0x0002, 0x0001, 0x0002, 0x0002, 0x0001, 0x0002, 0x0002, 0x0001, 0x0001,
  0x0001, 0x0001, 0x0001, 0x0001, 0x0001, 0x0001, 0x0001, 0x0001, 0x0001, 0x0001,
  0x0001, 0x0001, 0x0001, 0x0001, 0x0001, 0x0001, 0x0001, 0x0001, 0x0001, 0x0001,
  0x0002, 0x0001, 0x0001, 0x0002, 0x0002, 0x0002, 0x0002, 0x0001, 0x0001, 0x0001,
  0x0002, 0x0001, 0x0001, 0x0001, 0x0001, 0x0001, 0x0001, 0x0001, 0x0001, 0x0001,
  0x0001, 0x0001, 0x0001, 0x0001, 0x0001, 0x0001, 0x0001, 0x0001, 0x0001, 0x0001,
  0x0001, 0x0001, 0x0001, 0x0001, 0x0001, 0x0001, 0x0001, 0x0001, 0x0001, 0x0001,
  0x0001, 0x0001, 0x0001, 0x0001, 0x0001, 0x0001, 0x0001, 0x0001, 0x0001, 0x0001,
  0x0001, 0x0001, 0x0001, 0x0001, 0x0001, 0x0001, 0x0001, 0x0001, 0x7981, 0x0001,
  0x0001, 0x0001, 0x0001, 0x7981, 0x7981, 0x7981, 0x7981, 0x7981, 0x7981, 0x7981,
  0x7981, 0x7981, 0x7981, 0x0001, 0x0001, 0x0001, 0x0001, 0x0001, 0x0001, 0x0001,
  0x0001, 0x0001, 0x0001, 0x0001, 0x0001, 0x0001, 0x0001, 0x0001, 0x0001, 0x0001,
  0x0001, 0x0001, 0x0001, 0x0001, 0x0001, 0x0001, 0x0001, 0x0001, 0x0001, 0x0001,
  0x0001, 0x0001, 0x0001, 0x7981, 0x7981, 0x0001, 0x0001, 0x0001, 0x0001, 0x0001,
  0x0001, 0x0001, 0x0001, 0x0001, 0x0001, 0x0001, 0x0001, 0x0001, 0x0001, 0x0001,
  0x0001, 0x0001, 0x0001, 0x0001, 0x0001, 0x0001, 0x0001, 0x0001, 0x0001, 0x0001,
  0x0001, 0x0001, 0x0001, 0x0001, 0x0001, 0x0001, 0x0001, 0x0001, 0x0001, 0x0001,
  0x0001, 0x0001, 0x0001, 0x0001, 0x0001, 0x0001, 0x0001, 0x0001, 0x0001, 0x0001,
  0x0001, 0x0001, 0x0001, 0x7981, 0x7981, 0x0001, 0x0001, 0x0001, 0x0001, 0x0001,
  0x0001, 0x0001, 0x0001, 0x0001, 0x0001, 0x0001, 0x0001, 0x0001, 0x0001, 0x4241,
  0x0001, 0x0001, 0x0001, 0x0001, 0x0001, 0x0001, 0x0001, 0x0001, 0x0001, 0x0001,
  0x0001, 0x0001, 0x0001, 0x0001, 0x0001, 0x0001, 0x0001, 0x0001, 0x0001, 0x0001,
  0x0001, 0x0001, 0x0001, 0x0001, 0x0001, 0x0001, 0x0001, 0x0001, 0x0001, 0x0001,
  0x0001, 0x0001, 0x0001, 0x0001, 0x0001, 0x0001, 0x0001, 0x4241, 0x0001, 0x0001,
  0x0001, 0x0001, 0x0001, 0x0001, 0x0001, 0x0001, 0x0001, 0x0001, 0x0001, 0x0001,
  0x0001, 0x0001, 0x0001, 0x0001, 0x0001, 0x0001, 0x0001, 0x0001, 0x0001, 0x0001,
  0x0001, 0x0001, 0x0001, 0x0001, 0x0001, 0x7981, 0x7981, 0x7981, 0x7981, 0x7981,
  0x7981, 0x7981, 0x7981, 0x7981, 0x7981, 0x7981, 0x7981, 0x7981, 0x7981, 0x7981,
  0x7981, 0x7981, 0x7981, 0x0001, 0x0001, 0x0001, 0x0001, 0x0001, 0x0001, 0x0001,
  0x0001, 0x0001, 0x0001, 0x0001, 0x0001, 0x0001, 0x0001, 0x0001, 0x0001, 0x0001,
  0x0001, 0x0001, 0x0001, 0x0001, 0x0001, 0x0001, 0x0001, 0x0001, 0x0001, 0x0001,
  0x0001, 0x0001, 0x0001, 0x0001, 0x0001, 0x0001, 0x0001, 0x0001, 0x0001, 0x0001,
  0x0001, 0x0001, 0x0001, 0x0001, 0x0001, 0x0001, 0x7701, 0x7701, 0x7701, 0x0001,
  0x0001, 0x0001, 0x0001, 0x0001, 0x0001, 0x0001, 0x0001, 0x0001, 0x0001, 0x0001,
  0x0001, 0x0001, 0x0001, 0x0001, 0x0001, 0x0001, 0x0001, 0x0001, 0x4241, 0x0001,
  0x0001, 0x0001, 0x0001, 0x0001, 0x0001, 0x0001, 0x0001, 0x0001, 0x0001, 0x0001,
  0x0001, 0x0001, 0x0001, 0x0001, 0x0001, 0x0001, 0x0001, 0x0001, 0x0001, 0x0001,
  0x0001, 0x0001, 0x0001, 0x0001, 0x0001, 0x0001, 0x0001, 0x0001, 0x0001, 0x0001,
  0x0001, 0x0001, 0x0001, 0x0001, 0x0001, 0x0001, 0x0001, 0x0001, 0x0001, 0x0001,
  0x0001, 0x0001, 0x0001, 0x0001, 0x0001, 0x0001, 0x0001, 0x0001, 0x0001, 0x0001,
  0x0001, 0x0001, 0x0001, 0x0001, 0x0001, 0x0001, 0x0001, 0x0001, 0x0001, 0x0001,
  0x0001, 0x0001, 0x7981, 0x0001, 0x7981, 0x7981, 0x7701, 0x0001, 0x0001, 0x7981,
  0x7981, 0x0001, 0x0001, 0x0001, 0x0001, 0x0001, 0x7981, 0x7981, 0x0001, 0x7981,
  0x0001, 0x0001, 0x0001, 0x0001, 0x0001, 0x0001, 0x0001, 0x0001, 0x0001, 0x0001,
  0x0001, 0x0001, 0x0001, 0x0001, 0x0001, 0x0001, 0x0001, 0x0001, 0x0001, 0x0001,
  0x0001, 0x0001, 0x0001, 0x0001, 0x0001, 0x0001, 0x0001, 0x0001, 0x0001, 0x0001,
  0x0001, 0x0001, 0x0001, 0x0001, 0x0001, 0x0001, 0x0001, 0x0001, 0x0001, 0x0001,
  0x0001, 0x0001, 0x0001, 0x0001, 0x0001, 0x0001, 0x0001, 0x0001, 0x0001, 0x0001,
  0x0001, 0x0001, 0x4241, 0x0001, 0x0001, 0x0001, 0x0001, 0x0001, 0x0001, 0x0001,
  0x0001, 0x0001, 0x0002, 0x0003, 0x0003, 0x0003, 0x0003, 0x0003, 0x0003, 0x0003,
  0x0003, 0x0003, 0x0003, 0x0003, 0x0003, 0x0003, 0x0003, 0x0003, 0x0003, 0x0003,
  0x0003, 0x0003, 0x0003, 0x0003, 0x0003, 0x0003, 0x0003, 0x0003, 0x0003, 0x0003,
  0x0002, 0x0003, 0x0003, 0x0003, 0x0003, 0x0003, 0x0003, 0x0003, 0x0003, 0x0003,
  0x0003, 0x0003, 0x0003, 0x0003, 0x0003, 0x0003, 0x0003, 0x0003, 0x0003, 0x0003,
  0x0003, 0x0003, 0x0003, 0x0003, 0x0003, 0x0003, 0x0003, 0x0003, 0x0002, 0x0003,
  0x0003, 0x0003, 0x0003, 0x0003, 0x0003, 0x0003, 0x0003, 0x0003, 0x0003, 0x0003,
  0x0003, 0x0003, 0x0003, 0x0003, 0x0003, 0x0003, 0x0003, 0x0003, 0x0003, 0x0003,
  0x0003, 0x0003, 0x0003, 0x0003, 0x0003, 0x0003, 0x0002, 0x0003, 0x0003, 0x0003,
  0x0003, 0x0003, 0x0003, 0x0003, 0x0003, 0x0003, 0x0003, 0x0003, 0x0003, 0x0003,
  0x0003, 0x0003, 0x0003, 0x0003, 0x0003, 0x0003, 0x0003, 0x0003, 0x0003, 0x0003,
  0x0003, 0x0003, 0x0003, 0x0003, 0x0001, 0x0001, 0x0001, 0x0001, 0x0001, 0x0001,
  0x0001, 0x0001, 0x0001, 0x0001, 0x0001, 0x0001, 0x0001, 0x0001, 0x0001, 0x0001,
  0x0001, 0x0001, 0x0001, 0x0001, 0x0001, 0x0001, 0x0001, 0x0001, 0x0001, 0x0001,
  0x0001, 0x0001, 0x0000, 0x0000, 0x0000, 0x0000, 0x0000, 0x0000, 0x0000, 0x0000,
  0x0000, 0x0000, 0x0000, 0x0000, 0x0000, 0x0000, 0x0000, 0x0000, 0x0000, 0x0000,
  0x0000, 0x0000, 0x0000, 0x0000, 0x0000, 0x0000, 0x0000, 0x0000, 0x0000, 0x0000,
  0x0000, 0x0000, 0x0000, 0x0000, 0x0000, 0x0000, 0x0000, 0x0000, 0x0000, 0x0000,
  0x0000, 0x0000, 0x0000, 0x0000, 0x0000, 0x0000, 0x0000, 0x0000, 0x0000, 0x0000,
  0x0000, 0x0000, 0x0000, 0x0000, 0x0000, 0x0000, 0x0000, 0x0000, 0x0000, 0x0000,
  0x0000, 0x0000, 0x0000, 0x0000, 0x0000, 0x0000, 0xC001, 0xC001, 0xC001, 0xC001,
  0xC001, 0xC001, 0xC001, 0xC001, 0xC001, 0xC001, 0xC001, 0xC001, 0xC001, 0xC001,
  0xC001, 0xC001, 0xC001, 0xC001, 0xC001, 0xC001, 0xC001, 0xC001, 0xC001, 0xC001,
  0xC001, 0xC001, 0xC001, 0xC001, 0xC001, 0xC001, 0xC001, 0xC001, 0xC001, 0xC001,
  0xC001, 0xC001, 0xC001, 0xC001, 0xC001, 0xC001, 0xC001, 0xC001, 0xC001, 0xC001,
  0xC001, 0xC001, 0xC001, 0xC001, 0xC001, 0xC001, 0xC001, 0xC001, 0xC001, 0xC001,
  0xC001, 0xC001, 0xC001, 0xC001, 0xC001, 0xC001, 0xC001, 0xC001, 0xC001, 0xC001,
  0x0001, 0x0001, 0xC001, 0x0001, 0xC001, 0x0001, 0x0001, 0xC001, 0xC001, 0xC001,
  0xC001, 0xC001, 0xC001, 0xC001, 0xC001, 0xC001, 0xC001, 0x0001, 0xC001, 0x0001,
  0xC001, 0x0001, 0x0001, 0xC001, 0xC001, 0x0001, 0x0001, 0x0001, 0xC001, 0xC001,
  0xC001, 0xC001, 0xC001, 0xC001, 0xC001, 0xC001, 0xC001, 0xC001, 0xC001, 0xC001,
  0xC001, 0xC001, 0xC001, 0xC001, 0xC001, 0xC001, 0xC001, 0xC001, 0xC001, 0xC001,
  0xC001, 0xC001, 0xC001, 0xC001, 0xC001, 0xC001, 0xC001, 0xC001, 0xC001, 0xC001,
  0xC001, 0xC001, 0xC001, 0xC001, 0xC001, 0xC001, 0xC001, 0xC001, 0xC001, 0xC001,
  0xC001, 0xC001, 0xC002, 0xC001, 0x0001, 0x0001, 0xC001, 0xC001, 0xC001, 0xC001,
  0xC001, 0xC001, 0xC001, 0xC001, 0xC001, 0xC001, 0xC001, 0xC001, 0xC001, 0xC001,
  0xC001, 0xC001, 0xC002, 0xC002, 0xC002, 0xC001, 0xC001, 0xC001, 0xC002, 0xC002,
  0xC002, 0xC001, 0xC001, 0x0001, 0x0001, 0x0001, 0x0001, 0x0001, 0x0001, 0x0001,
  0x0001, 0x0001, 0x0001, 0x0001, 0x0001, 0x0001, 0x0001, 0x0001, 0x0001, 0x0001,
  0x0001, 0x0001, 0x0001, 0x0001, 0x0001, 0x0001, 0x0001, 0x0001, 0x0001, 0x0001,
  0x0001, 0x0001, 0x0001, 0x0001, 0x0001, 0x0001, 0x0001, 0x0001, 0x0001, 0x0001,
  0x0001, 0xC002, 0x4681, 0xC002, 0x0001, 0x0001, 0x0001, 0x0001, 0x0001, 0x0001,
  0x0001, 0x0001, 0x0001, 0x0001, 0xC002, 0xC002, 0xC003, 0xC003, 0xC002, 0xC002,
  0xC002, 0xC002, 0xC002, 0xC002, 0xC002, 0xC002, 0xC002, 0x0001, 0xC002, 0xC002,
  0xC002, 0xC002, 0xC002, 0x0001, 0xC002, 0x0001, 0xC002, 0xC002, 0x0001, 0xC002,
  0xC002, 0x0001, 0xC002, 0xC002, 0xC002, 0xC002, 0xC002, 0xC002, 0xC002, 0xC002,
  0xC002, 0x0001, 0x0001, 0x0001, 0x0001, 0x0001, 0x0001, 0x0001, 0x0001, 0x0001,
  0x0001, 0x0001, 0x0001, 0x0001, 0x0001, 0x0001, 0x0001, 0x0001, 0x0001, 0x0001,
  0x0001, 0x0001, 0x0001, 0x0001, 0x0001, 0x0001, 0x0001, 0x0001, 0x0001, 0x0001,
  0x0001, 0x0001, 0x0001, 0x0001, 0x0001, 0x0001, 0x0001, 0x0001, 0x0001, 0x0001,
  0x0001, 0x0001, 0x0001, 0x0001, 0x0001, 0x0001, 0x0001, 0x0001, 0x0001, 0x0001,
  0x7981, 0x7981, 0x7981, 0x7981, 0x7981, 0x7981, 0x7981, 0x7701, 0x7701, 0x7701,
  0x7701, 0x7701, 0x7701, 0x7701, 0x7981, 0x7981, 0x0001, 0x0001, 0x0001, 0x0001,
  0x0001, 0x0001, 0x0001, 0x0001, 0x0001, 0x0001, 0x0001, 0x0001, 0x0001, 0x0001,
  0x0001, 0x0001, 0x0002, 0x0002, 0x0002, 0x0002, 0x0002, 0x0002, 0x0002, 0x0002,
  0x0002, 0x0002, 0x0002, 0x0002, 0x0002, 0x0002, 0x0002, 0x0002, 0x0002, 0x0002,
  0x0002, 0x0002, 0x0002, 0x0002, 0x0002, 0x0002, 0x0002, 0x0002, 0x0002, 0x0002,
  0x0002, 0x0002, 0x0002, 0x0002, 0x0002, 0x0002, 0x0002, 0x0002, 0x0002, 0x0002,
  0x0002, 0x0002, 0x0002, 0x0002, 0x0002, 0x0002, 0x0002, 0x0002, 0x0002, 0x0002,
  0x0002, 0x0002, 0x0002, 0x0002, 0x0002, 0x0002, 0x0002, 0x0002, 0x0002, 0x0002,
  0x0002, 0x0002, 0x0002, 0x0002, 0x0002, 0x0002, 0x7702, 0x0002, 0x0002, 0x0002,
  0x0002, 0x0002, 0x0002, 0x0002, 0x0002, 0x0002, 0x0002, 0x0002, 0x0002, 0x0002,
  0x0002, 0x0002, 0x0002, 0x0002, 0x0002, 0x0002, 0x0002, 0x0002, 0x0002, 0x0002,
  0x0002, 0x0002, 0x0002, 0x0002, 0x0002, 0x0002, 0x0002, 0x0002, 0x0002, 0x0002,
  0x0002, 0x0002, 0x0002, 0x0002, 0x0002, 0x0002, 0x0002, 0x0002, 0x0002, 0x0002,
  0x0002, 0x0002, 0x0002, 0x0002, 0x0002, 0x0002, 0x0002, 0x0002, 0x0002, 0x0002,
  0x0002, 0x7982, 0x7982, 0x7982, 0x7982, 0x7982, 0x0002, 0x0002, 0x0002, 0x0002,
  0x0002, 0x0002, 0x0002, 0x0002, 0x0002, 0x0003, 0x0002, 0x0002, 0x0002, 0x0002,
  0x0002, 0x0002, 0x0002, 0x0002, 0x0002, 0x0002, 0x0002, 0x0002, 0x0002, 0x0002,
  0x0002, 0x0002, 0x0002, 0x0002, 0x0002, 0x0002, 0x0002, 0x0002, 0x0002, 0x0002,
  0x0002, 0x0002, 0x0003, 0x0002, 0x0002, 0x0002, 0x0002, 0x0002, 0x0002, 0x0002,
  0x0002, 0x0002, 0x0002, 0x0002, 0x0002, 0x0002, 0x0002, 0x0002, 0x0002, 0x0002,
  0x0002, 0x0002, 0x0002, 0x0002, 0x0002, 0x0002, 0x0002, 0x0002, 0x0002, 0x0002,
  0x7702, 0x0002, 0x7982, 0x0002, 0x0002, 0x0002, 0x0002, 0x0002, 0x0002, 0x0002,
  0x0002, 0x0002, 0x0002, 0x0002, 0x0002, 0x0002, 0x0002, 0x0002, 0x0002, 0x0002,
  0x0002, 0x0002, 0x0002, 0x0002, 0x0002, 0x0002, 0x0002, 0x0002, 0x0002, 0x0002,
  0x0002, 0x0002, 0x0002, 0x0002, 0x0002, 0x0002, 0x0002, 0x0002, 0x0002, 0x0002,
  0x0002, 0x0002, 0x0002, 0x7982, 0x4042, 0x7702, 0x0002, 0x0002, 0x0002, 0x0002,
  0x4242, 0x0002, 0x0002, 0x0002, 0x0002, 0x0002, 0x0002, 0x0002, 0x0002, 0x0002,
  0x0002, 0x0002, 0x0002, 0x0002, 0x0002, 0x0002, 0x0002, 0x0002, 0x0002, 0x0002,
  0x0002, 0x0002, 0x0002, 0x0002, 0x0002, 0x0002, 0x0002, 0x0002, 0x0002, 0x0002,
  0x0002, 0x0002, 0x0002, 0x0002, 0x0002, 0x0002, 0x0002, 0x0002, 0x7982, 0x7702,
  0x0002, 0x0002, 0x0002, 0x0002, 0x0002, 0x0002, 0x0002, 0x0002, 0x0002, 0x0002,
  0x0002, 0x0002, 0x0002, 0x0002, 0x0002, 0x0002, 0x0002, 0x0002, 0x0002, 0x0002,
  0x0002, 0x0002, 0x0002, 0x0002, 0x0002, 0x0002, 0x0002, 0x0002, 0x0002, 0x0002,
  0x0002, 0x0002, 0x0002, 0x0002, 0x0002, 0x0002, 0x7982, 0x7982, 0x7982, 0x7982,
  0x0002, 0x0002, 0x0002, 0x0002, 0x0002, 0x0002, 0x0002, 0x0002, 0x0002, 0x0002,
  0x0002, 0x0002, 0x0002, 0x0002, 0x0002, 0x0002, 0x0002, 0x0002, 0x0002, 0x0002,
  0x0002, 0x0002, 0x0002, 0x0002, 0x0002, 0x0002, 0x0002, 0x0002, 0x0002, 0x0002,
  0x0002, 0x0002, 0x0002, 0x0002, 0x0002, 0x0002, 0x0002, 0x0002, 0x0002, 0x0002,
  0x0002, 0x7982, 0x7982, 0x7982, 0x7982, 0x7982, 0x0002, 0x0002, 0x0002, 0x0002,
  0x0002, 0x0002, 0x0002, 0x0002, 0x0002, 0x0002, 0x0002, 0x0002, 0x0002, 0x0002,
  0x0002, 0x0002, 0x0002, 0x0002, 0x0002, 0x0002, 0x0002, 0x0002, 0x0002, 0x0002,
  0x0002, 0x0002, 0x0002, 0x0002, 0x0002, 0x0002, 0x0002, 0x0002, 0x0002, 0x0002,
  0x0002, 0x0002, 0x0002, 0x0002, 0x0002, 0x0002, 0x0002, 0x0002, 0x0002, 0x7982,
  0x7982, 0x0002, 0x0002, 0x0002, 0x0002, 0x0002, 0x0002, 0x0002, 0x0002, 0x0002,
  0x0002, 0x0002, 0x0002, 0x0002, 0x0002, 0x0002, 0x0002, 0x0002, 0x0002, 0x0002,
  0x0002, 0x0002, 0x0002, 0x0002, 0x0002, 0x0002, 0x0002, 0x0002, 0x0002, 0x0002,
  0x0002, 0x0002, 0x0002, 0x0002, 0x0002, 0x0002, 0x0002, 0x0002, 0x0002, 0x0002,
  0x0002, 0x0002, 0x0002, 0x0002, 0x0002, 0x0002, 0x0002, 0x0002, 0x0002, 0x0002,
  0x0002, 0x0002, 0x0002, 0x0002, 0x0002, 0x0002, 0x0002, 0x0002, 0x0002, 0x7702,
  0x7702, 0x0002, 0x7702, 0x7702, 0x7702, 0x0002, 0x0002, 0x0002, 0x0002, 0x0002,
  0x0002, 0x7702, 0x7702, 0x7982, 0x7982, 0x7982, 0x7702, 0x7982, 0x7702, 0x7702,
  0x7702, 0x7702, 0x0002, 0x0002, 0x0002, 0x0002, 0x0002, 0x0002, 0x0002, 0x0002,
  0x0002, 0x0002, 0x0002, 0x0002, 0x0002, 0x0002, 0x0002, 0x0002, 0x0002, 0x0002,
  0x0002, 0x0002, 0x0002, 0x0002, 0x0002, 0x0002, 0x0002, 0x0002, 0x0002, 0x0002,
  0x0002, 0x0002, 0x0002, 0x0002, 0x0002, 0x0002, 0x0002, 0x0002, 0x0002, 0x0002,
  0x0002, 0x0002, 0x0002, 0x0002, 0x0002, 0x0002, 0x0002, 0x0002, 0x0002, 0x7982,
  0x7702, 0x7982, 0x7702, 0x0002, 0x0002, 0x0002, 0x0002, 0x0002, 0x0002, 0x0002,
  0x0002, 0x0002, 0x0002, 0x0002, 0x0002, 0x0002, 0x0002, 0x0002, 0x0002, 0x0002,
  0x0002, 0x0002, 0x0002, 0x0002, 0x0002, 0x0002, 0x0002, 0x0002, 0x0002, 0x0002,
  0x0002, 0x0002, 0x0002, 0x0002, 0x0002, 0x0002, 0x0002, 0x0002, 0x0002, 0x0002,
  0x0002, 0x0002, 0x0002, 0x0002, 0x0002, 0x0002, 0x0002, 0x0002, 0x0002, 0x0002,
  0x0002, 0x0002, 0x0002, 0x0002, 0x0002, 0x0002, 0x0002, 0x0002, 0x0002, 0x0002,
  0x0002, 0x4242, 0x0002, 0x0002, 0x0002, 0x0002, 0x0002, 0x0002, 0x0002, 0x0002,
  0x0002, 0x0002, 0x0002, 0x0002, 0x0002, 0x0002, 0x0002, 0x0002, 0x0002, 0x0002,
  0x0002, 0x0002, 0x0002, 0x0002, 0x0002, 0x0002, 0x0002, 0x0002, 0x0002, 0x0002,
  0x0002, 0x0002, 0x0002, 0x0002, 0x0002, 0x0002, 0x0002, 0x0002, 0x0002, 0x0002,
  0x0002, 0x0002, 0x0002, 0x4242, 0x0002, 0x0002, 0x0002, 0x0002, 0x0002, 0x0002,
  0x0002, 0x0002, 0x0002, 0x0002, 0x0002, 0x0002, 0x0002, 0x0002, 0x4242, 0x0002,
  0x0002, 0x0002, 0x0002, 0x0002, 0x0002, 0x0002, 0x0002, 0x0002, 0x0002, 0x0002,
  0x0002, 0x0002, 0x0002, 0x0002, 0x0002, 0x0002, 0x0002, 0x0002, 0x0002, 0x0002,
  0x0002, 0x0002, 0x0002, 0x0002, 0x0002, 0x0004, 0x0002, 0x0004, 0x0002, 0x0002,
  0x0002, 0x0002, 0x0002, 0x0002, 0x0002, 0x0002, 0x0002, 0x0002, 0x0002, 0x0002,
  0x0002, 0x0002, 0x0004, 0x0002, 0x0002, 0x0002, 0x0002, 0x0002, 0x0002, 0x0002,
  0x0002, 0x0002, 0x0002, 0x0002, 0x0002, 0x0002, 0x4242, 0xC1C2, 0x0002, 0x0002,
  0x0002, 0x0002, 0x0002, 0x7982, 0x7982, 0x7982, 0x0002, 0x0002, 0x0002, 0x0002,
  0x0002, 0x0002, 0x0002, 0x0002, 0x0002, 0x0002, 0x0002, 0x0002, 0x0002, 0x0002,
  0x0002, 0x0002, 0x0002, 0x0002, 0x0002, 0x0002, 0x0002, 0x0002, 0x0002, 0x0002,
  0x0002, 0x0002, 0x0002, 0x0002, 0x0002, 0x0002, 0x0002, 0x0002, 0x0002, 0x0002,
  0x0002, 0x0002, 0xC002, 0x0002, 0x0002, 0x0002, 0x0002, 0x0002, 0x0002, 0x0004,
  0x0004, 0x0002, 0x0002, 0x0002, 0x4242, 0x4242, 0x0002, 0x0002, 0x0002, 0x0002,
  0x0002, 0x0002, 0x0002, 0x0002, 0x0002, 0x0002, 0x0002, 0x0002, 0x0002, 0x0002,
  0x0002, 0x0002, 0x0002, 0x0002, 0x0002, 0x0002, 0x0002, 0x0002, 0x0002, 0x0002,
  0x0002, 0x0002, 0x0002, 0x0002, 0x0002, 0x0002, 0x0002, 0x0002, 0x0002, 0x0002,
  0x0002, 0x0002, 0x0002, 0x0002, 0x0002, 0x0002, 0x0002, 0x0002, 0x0002, 0x0002,
  0x0002, 0x0002, 0x0002, 0x0002, 0x0002, 0x0002, 0x0002, 0x41C2, 0x0002, 0x0002,
  0x0002, 0x0002, 0x0002, 0x0002, 0x0002, 0x0002, 0x0002, 0x0002, 0x0002, 0x0002,
  0x4242, 0x0002, 0x0002, 0x0002, 0x0002, 0x0002, 0x0002, 0x0002, 0x0002, 0x0002,
  0x41C2, 0x0002, 0x0002, 0x0002, 0x0002, 0x0002, 0x0002, 0x0002, 0x0002, 0x0002,
  0x0002, 0x0002, 0x0002, 0x0002, 0x0002, 0x0002, 0x0002, 0x0002, 0x0002, 0x0002,
  0x0002, 0x0002, 0x0002, 0x0002, 0x0002, 0x0002, 0x0002, 0x0002, 0x0002, 0x0002,
  0x0002, 0x0002, 0x0002, 0x0002, 0x0002, 0x0002, 0x0002, 0x0002, 0x0002, 0x0002,
  0x0002, 0x0002, 0x0002, 0x0002, 0x0002, 0x0002, 0x0002, 0x0002, 0x0002, 0x0002,
  0x0002, 0x0002, 0x0002, 0x0002, 0x4242, 0x41C2, 0x0002, 0x0002, 0x0002, 0x0002,
  0x0002, 0x0002, 0x0002, 0x0002, 0x0002, 0x0002, 0x0002, 0x0002, 0x0002, 0x0002,
  0x0002, 0x0002, 0x0002, 0x0002, 0x0002, 0x0002, 0x0002, 0x0002, 0x0002, 0x0002,
  0x0002, 0x0002, 0x0002, 0x0002, 0x0002, 0x0002, 0x0002, 0x0002, 0x0002, 0x0002,
  0x0002, 0x0002, 0x0002, 0x0002, 0x0002, 0x0002, 0x0002, 0x41C2, 0x4242, 0x0002,
  0x0002, 0x0002, 0x0002, 0x0002, 0x0002, 0x0002, 0x0002, 0x0002, 0x0002, 0x0002,
  0x0002, 0x0002, 0x0002, 0x0002, 0x0002, 0x0002, 0x0002, 0x0002, 0x0002, 0x0002,
  0x0002, 0x0002, 0x0002, 0x0002, 0x0002, 0x0002, 0x0002, 0x0002, 0x0002, 0x0002,
  0x0002, 0x0002, 0x0002, 0x0002, 0x0002, 0x0002, 0x0002, 0x0002, 0x0002, 0x0002,
  0x0002, 0x0002, 0x0002, 0x0002, 0x0002, 0x0002, 0x0002, 0x0002, 0x0002, 0x0002,
  0x0002, 0x0002, 0x0002, 0x0002, 0x0002, 0x0002, 0x0002, 0x0002, 0x41C2, 0x41C2,
  0x0002, 0xC002, 0x0002, 0x0002, 0x0002, 0x0002, 0x0002, 0x0002, 0x0002, 0x0002,
  0x0002, 0x0002, 0x0002, 0x0004, 0x0004, 0x4242, 0x0002, 0x0002, 0x0002, 0x0002,
  0x0002, 0x0002, 0x0002, 0x0002, 0x0002, 0xC002, 0x0002, 0x0002, 0x0002, 0x0002,
  0x0002, 0x0002, 0x0002, 0x0002, 0x0002, 0x0002, 0x0002, 0x0002, 0x0002, 0x0002,
  0x7982, 0x7982, 0x7982, 0x7982, 0x7982, 0x7982, 0x7982, 0x0002, 0x0002, 0x0002,
  0x7982, 0x7982, 0x7982, 0x7982, 0x7982, 0x0002, 0x0002, 0x0002, 0x0002, 0x0002,
  0x0002, 0x0002, 0x0002, 0x0002, 0x0002, 0x0002, 0x0004, 0x0002, 0x0004, 0x0002,
  0x0002, 0x0002, 0x0002, 0x0002, 0x0002, 0x0002, 0x0002, 0x0004, 0x0002, 0x0002,
  0x0004, 0x0002, 0x0002, 0x0002, 0x0002, 0x0002, 0x0002, 0x0002, 0x0002, 0x0002,
  0x0002, 0x0002, 0x0002, 0x0002, 0x0002, 0x0002, 0x0002, 0x0002, 0x0002, 0x0002,
  0x0002, 0x0002, 0x0002, 0x0002, 0x0002, 0x0002, 0x0002, 0x0002, 0x0002, 0x0002,
  0x0002, 0x0002, 0x0002, 0x0002, 0x0002, 0x0002, 0x0002, 0x0002, 0x0002, 0xC002,
  0x0002, 0x0002, 0xC002, 0x0002, 0x0002, 0x0002, 0x0002, 0xC002, 0x0002, 0x0002,
  0xC004, 0x0002, 0xC004, 0xC004, 0xC002, 0x0002, 0x0002, 0x0002, 0x0002, 0x4242,
  0x4242, 0x4242, 0x0002, 0x0002, 0x0002, 0x0002, 0x0002, 0x0002, 0x0002, 0x0002,
  0x0002, 0x0002, 0x0002, 0x0002, 0x0002, 0x0002, 0x0002, 0x0002, 0x0002, 0x0002,
  0x0002, 0x0002, 0x0002, 0x0002, 0x0002, 0x0002, 0x0002, 0x0002, 0x0002, 0x0002,
  0x0002, 0x0002, 0x0002, 0x0002, 0x0002, 0x0002, 0x0002, 0x0002, 0x0002, 0x0002,
  0x0002, 0x0002, 0x0002, 0x0002, 0x0002, 0x0002, 0x0002, 0x0002, 0x0002, 0x4242,
  0x0002, 0x0002, 0x0002, 0x41C2, 0x0002, 0x0002, 0x0002, 0x0002, 0x0002, 0x0002,
  0x0002, 0x0002, 0x0002, 0x0002, 0x0002, 0x0002, 0x0002, 0x0002, 0x0002, 0x0002,
  0x0002, 0x0002, 0x0002, 0x0002, 0x0002, 0x0002, 0x0002, 0x7982, 0x0002, 0x0002,
  0x0002, 0x0002, 0x0002, 0x0002, 0x0002, 0x0002, 0x0002, 0x0002, 0x0002, 0x0002,
  0x0002, 0x0002, 0x0002, 0x0002, 0x0002, 0x0002, 0x0002, 0x0002, 0x0002, 0x0002,
  0x0002, 0x0002, 0x0002, 0x0002, 0x0002, 0x0002, 0x0002, 0x0002, 0x0002, 0x0002,
  0x0002, 0x0002, 0x0002, 0x0002, 0x0002, 0x0002, 0x0002, 0x0002, 0x0002, 0x0002,
  0x0002, 0x0002, 0x0002, 0x0002, 0x0002, 0x0002, 0xC002, 0x0002, 0x0002, 0x0002,
  0x0002, 0x0002, 0x0002, 0x0002, 0x0002, 0x0002, 0xC002, 0x0004, 0x0004, 0xC002,
  0x0004, 0x0002, 0x0002, 0x4242, 0x41C2, 0x0002, 0x0002, 0x0002, 0x0002, 0x0002,
  0x0002, 0x0002, 0x0002, 0x0002, 0x0002, 0x0002, 0x0002, 0x0002, 0x0002, 0x0002,
  0x0002, 0x0002, 0x0002, 0x0002, 0x0002, 0x0002, 0x0002, 0x0002, 0x0002, 0x0002,
  0x0002, 0x0002, 0x0002, 0x0002, 0x0002, 0x0002, 0x0002, 0x0002, 0x0002, 0x0002,
  0x0002, 0x0002, 0x0002, 0x0002, 0x0002, 0x0002, 0x0002, 0x0002, 0x0002, 0x0002,
  0x0002, 0x0002, 0x0002, 0x0002, 0x0002, 0x0002, 0x0002, 0x0002, 0x0002, 0x0002,
  0x0002, 0x0002, 0x0002, 0x0002, 0x0002, 0xC002, 0x0002, 0x0002, 0x0002, 0x0002,
  0x0002, 0x0002, 0x0002, 0x0002, 0x0002, 0x0002, 0x0004, 0x0004, 0x0002, 0x0002,
  0x0002, 0x4242, 0x41C2, 0x0002, 0x0002, 0x0002, 0x0002, 0x0002, 0x0002, 0x0002,
  0x0002, 0x0002, 0x0002, 0x0002, 0x0002, 0x0002, 0x0002, 0x0002, 0x0002, 0x0002,
  0x0002, 0x0002, 0x0002, 0x0002, 0x0002, 0x0002, 0x0002, 0x0002, 0x0002, 0x0002,
  0x0002, 0x0002, 0x0002, 0x0002, 0x0002, 0x0002, 0x0002, 0x0002, 0x0002, 0x0002,
  0x0002, 0x0002, 0x0002, 0x0002, 0x0002, 0x0002, 0x0002, 0x0002, 0x0002, 0x0002,
  0x0002, 0x0002, 0x0002, 0x0002, 0x0002, 0x0002, 0x0002, 0x0002, 0x0002, 0x0002,
  0x0002, 0x0002, 0x0002, 0x0002, 0x0002, 0x0002, 0x4242, 0x41C2, 0x0002, 0x0002,
  0x0002, 0x0002, 0x0002, 0x0002, 0x0002, 0x0002, 0x0002, 0x0002, 0x0002, 0x0002,
  0x0002, 0x0002, 0x0002, 0x0002, 0x0002, 0x0002, 0x0002, 0x0002, 0x0002, 0x0002,
  0x0002, 0x0002, 0x0002, 0x0002, 0x0002, 0x0002, 0x0002, 0x0002, 0x0002, 0x0002,
  0x0002, 0x0002, 0x0002, 0x0002, 0x0002, 0x0002, 0x0002, 0x0002, 0x0002, 0x0002,
  0x0002, 0x0002, 0x0002, 0x0002, 0x0002, 0x0002, 0xC002, 0x0002, 0x0002, 0x0002,
  0x0002, 0x0002, 0x0002, 0x0002, 0x0004, 0x0002, 0x0002, 0x0002, 0x0002, 0x4242,
  0x4242, 0x0002, 0x0002, 0x0002, 0x41C2, 0x0002, 0x0002, 0x0002, 0x0002, 0x0002,
  0x0002, 0x0002, 0x0002, 0x0002, 0x0002, 0x0002, 0x0002, 0x0002, 0x0002, 0x0002,
  0x0002, 0x0002, 0x0002, 0x0002, 0x0002, 0x0002, 0x0002, 0x0002, 0x0002, 0x0002,
  0x0002, 0x0002, 0x0002, 0x0002, 0x0002, 0x0002, 0x0002, 0x0002, 0x0002, 0x0002,
  0x0002, 0x0002, 0x0002, 0x0002, 0x0002, 0x0002, 0x0002, 0x0002, 0x0002, 0x0002,
  0x0002, 0x0002, 0x0002, 0x0002, 0x0002, 0x0002, 0x0002, 0x0002, 0x0002, 0x0002,
  0x0002, 0x0002, 0x0002, 0x0002, 0x0002, 0x4242, 0x0002, 0x0002, 0x0002, 0x0002,
  0x0002, 0x0002, 0x0002, 0x0002, 0x0002, 0x0002, 0x0002, 0x0002, 0x0002, 0x0002,
  0x0002, 0x0002, 0x0002, 0x0002, 0x0002, 0x0002, 0x0002, 0x0002, 0x0002, 0x0002,
  0x0002, 0x0002, 0x0002, 0x0002, 0x0002, 0x0002, 0x0002, 0x0002, 0x0002, 0x0002,
  0x0002, 0x0002, 0x0002, 0x0002, 0x0002, 0x0002, 0x0002, 0x0002, 0x0002, 0x0002,
  0x0002, 0x0002, 0x0002, 0x0002, 0x0002, 0x0002, 0x0002, 0x0002, 0x0002, 0x0002,
  0x0002, 0x0002, 0x41C2, 0x0002, 0x4242, 0x4242, 0x0002, 0x0002, 0x0002, 0x0002,
  0x0002, 0x0002, 0x0002, 0x0002, 0x0002, 0x0002, 0x0002, 0x0002, 0x0002, 0x0002,
  0x0002, 0x0002, 0x0002, 0x0002, 0x0002, 0x0002, 0x0002, 0x0002, 0x0002, 0x0002,
  0x0002, 0x0002, 0x0002, 0x0002, 0x0002, 0x0002, 0x0002, 0x0002, 0x0002, 0x0002,
  0x0002, 0x0002, 0x0002, 0x0002, 0x0002, 0x0002, 0x0002, 0x0002, 0x0002, 0x0002,
  0x0002, 0x0002, 0x0002, 0x0002, 0x0002, 0x0002, 0x0002, 0x0002, 0x0002, 0x0002,
  0x0002, 0x0002, 0x0002, 0x0002, 0x0002, 0x0002, 0x0002, 0xC002, 0xC002, 0xC002,
  0xC004, 0xC004, 0xC004, 0xC004, 0xC004, 0xC006, 0xC006, 0xC006, 0xC002, 0x0002,
  0x0002, 0x0002, 0x0002, 0x0002, 0x4242, 0x0002, 0x0002, 0x0002, 0x0002, 0x0002,
  0x0002, 0x0002, 0x0002, 0x0002, 0x0002, 0x0002, 0x0002, 0x0002, 0x0002, 0x0002,
  0x0002, 0x0002, 0x0002, 0x0002, 0x0002, 0x0002, 0x0002, 0x0002, 0x0002, 0x0002,
  0x0002, 0x0002, 0x0002, 0x0002, 0x0002, 0x0002, 0x0002, 0x0002, 0x0002, 0x0002,
  0x0002, 0x0002, 0x0002, 0x0002, 0x0002, 0x0002, 0x0002, 0x0002, 0x0002, 0x0002,
  0x0002, 0x0002, 0x0002, 0x4042, 0x4042, 0x4042, 0x4042, 0x4042, 0x0002, 0x0002,
  0x0002, 0x0002, 0x0002, 0x0002, 0x0002, 0x0002, 0x0002, 0x0002, 0x0002, 0x0002,
  0x0002, 0x0002, 0x0002, 0x0002, 0x0002, 0x0002, 0x0002, 0x0002, 0x0002, 0x0002,
  0x0002, 0x0002, 0x0002, 0x0002, 0x0002, 0x0002, 0x0002, 0x0002, 0x0002, 0x0002,
  0x0002, 0x0002, 0x0002, 0x0002, 0x0002, 0x0002, 0x0002, 0x0002, 0x0002, 0x0002,
  0x0002, 0x0002, 0x0002, 0x0002, 0x0002, 0x0002, 0x7982, 0x7982, 0x7982, 0x7982,
  0x7982, 0x7982, 0x7982, 0x0002, 0x0002, 0x0002, 0x0002, 0x0002, 0x0002, 0x0002,
  0x0002, 0x0002, 0x0002, 0x0002, 0x0002, 0x0002, 0x0002, 0x0002, 0x0002, 0x0002,
  0x0002, 0x0002, 0x0002, 0x0002, 0x0002, 0x0002, 0x0002, 0x0002, 0x0002, 0x0002,
  0x0002, 0x0002, 0x0002, 0x0002, 0x0002, 0x0002, 0x0002, 0x0002, 0x0002, 0x0002,
  0x0002, 0x0002, 0xC002, 0xC004, 0x0004, 0x0006, 0x0002, 0x0002, 0x0002, 0x0002,
  0x0002, 0x0002, 0x0002, 0x0002, 0x0002, 0x0002, 0x0002, 0x0002, 0x0002, 0x0002,
  0x0002, 0x0002, 0x0002, 0x0002, 0x0002, 0x0002, 0x0002, 0x0002, 0x0002, 0x0002,
  0x0002, 0x0002, 0x0002, 0x0002, 0x0002, 0x0002, 0x0002, 0x0002, 0x0002, 0x0002,
  0x0002, 0x0002, 0x0002, 0x0002, 0x0002, 0x0002, 0x0002, 0x0002, 0x0002, 0x0002,
  0x0002, 0x0002, 0x0002, 0x0002, 0x4182, 0x4182, 0x0002, 0x0002, 0x0002, 0x0002,
  0x0002, 0x0002, 0x0002, 0x0002, 0x0002, 0x0002, 0x0002, 0x0002, 0x0002, 0x0002,
  0x0002, 0x0002, 0x0002, 0x0002, 0x0002, 0x0002, 0x0002, 0x0002, 0x0002, 0x0002,
  0x0002, 0x0002, 0x0002, 0x0002, 0x0002, 0x0002, 0x4042, 0x0002, 0x0002, 0x0002,
  0x0002, 0x0002, 0x0002, 0x0002, 0x0002, 0x0002, 0x0002, 0x0002, 0x0002, 0x0002,
  0x0002, 0x0002, 0x0002, 0x0002, 0x0002, 0x0002, 0x0002, 0x0002, 0x0002, 0x0002,
  0x0002, 0x0002, 0x0002, 0x0002, 0x0002, 0x0002, 0x0002, 0x0002, 0x0002, 0x0002,
  0xC004, 0xC004, 0xC006, 0xC006, 0xC006, 0xC006, 0xC006, 0x7602, 0x7602, 0x4042,
  0x4042, 0x4042, 0x0002, 0x0002, 0x0002, 0x7882, 0x7602, 0x7602, 0x7602, 0x7602,
  0x7602, 0x0002, 0x0002, 0x0002, 0x0002, 0x0002, 0x0002, 0x0002, 0x0002, 0x7702,
  0x7702, 0x7702, 0x7702, 0x7702, 0x0002, 0x0002, 0x7982, 0x7982, 0x7982, 0x7982,
  0x7982, 0x7702, 0x7702, 0x0002, 0x0002, 0x0002, 0x0002, 0x0002, 0x0002, 0x0002,
  0x0002, 0x0002, 0x0002, 0x0002, 0x0002, 0x0002, 0x0002, 0x0002, 0x0002, 0x0002,
  0x0002, 0x0002, 0x0002, 0x0002, 0x0002, 0x0002, 0x0002, 0x0002, 0x0002, 0x0002,
  0x0002, 0x0002, 0x0002, 0x7982, 0x7982, 0x7982, 0x7982, 0x0002, 0x0002, 0x0002,
  0x0002, 0x0002, 0x0002, 0x0002, 0x0002, 0x0002, 0x0002, 0x0002, 0x0002, 0x0002,
  0xC004, 0xC004, 0xC006, 0xC006, 0xC006, 0x0002, 0x0002, 0x0002, 0x0002, 0x0002,
  0x0002, 0x0002, 0x0002, 0x0002, 0x0002, 0x0002, 0x0002, 0x0002, 0x0002, 0x0002,
  0x0002, 0x0002, 0x0002, 0x0002, 0x0002, 0x0002, 0x0002, 0x0002, 0x0002, 0x0002,
  0x0002, 0x0002, 0x0002, 0x0002, 0x0002, 0x0002, 0x0002, 0x0002, 0x0002, 0x0002,
  0x0002, 0x0002, 0x0002, 0x0002, 0x0002, 0x0002, 0x0002, 0x0002, 0x0002, 0x0002,
  0x0002, 0x0002, 0x0002, 0x0002, 0x0002, 0x0002, 0x0002, 0x0002, 0x0002, 0x0002,
  0x0002, 0x0002, 0x0002, 0x0002, 0x0002, 0x0002, 0x0002, 0x0002, 0x7982, 0x7982,
  0x7982, 0x0002, 0x0002, 0x0002, 0x0002, 0x0002, 0x0002, 0x0002, 0x0002, 0x0002,
  0x0002, 0x0002, 0x0002, 0x0002, 0x0002, 0x0002, 0x0002, 0x0002, 0x0002, 0x0002,
  0x0002, 0x0002, 0x0002, 0x0002, 0x0002, 0x0002, 0x0002, 0x0002, 0x0002, 0x0002,
  0x0002, 0x0002, 0x0002, 0x0002, 0x0002, 0x0002, 0x0002, 0x0002, 0x0002, 0x0002,
  0x0002, 0x0002, 0x0002, 0x0002, 0x0002, 0x0002, 0x0002, 0x0002, 0x0002, 0x0002,
  0x0002, 0x0002, 0x0002, 0x0002, 0x0002, 0x0002, 0x0002, 0x0002, 0x0002, 0x0002,
  0x7982, 0x7982, 0x7982, 0x7982, 0x7982, 0x7982, 0x7982, 0x0002, 0x7982, 0x7982,
  0x7982, 0x7982, 0x7982, 0x7982, 0x7982, 0x7982, 0x7982, 0x7982, 0x7982, 0x7982,
  0x7982, 0x7982, 0x7982, 0x7982, 0x7982, 0x0002, 0x0002, 0x7982, 0x7982, 0x7982,
  0x7982, 0x7982, 0x7982, 0x7982, 0x0002, 0x7982, 0x7982, 0x0002, 0x7982, 0x7982,
  0x7982, 0x7982, 0x7982, 0x0002, 0x0002, 0x0002, 0x0002, 0x0002, 0x0002, 0x0002,
  0x0002, 0x0002, 0x0002, 0x0002, 0x0002, 0x0002, 0x0002, 0x0002, 0x0002, 0x0002,
  0x0002, 0x0002, 0x0002, 0x0002, 0x0002, 0x0002, 0x0002, 0x0002, 0x0002, 0x0002,
  0x0002, 0x0002, 0x0002, 0x0002, 0x0002, 0x0002, 0x0002, 0x0002, 0x0002, 0x0002,
  0x0002, 0x0002, 0x0002, 0x0002, 0x0002, 0x0002, 0x0002, 0x0002, 0x0002, 0x7982,
  0x0002, 0x0002, 0x0002, 0x0002, 0x0002, 0x0002, 0x0002, 0x0002, 0x0002, 0x0002,
  0x0002, 0x0002, 0x0002, 0x0002, 0x0002, 0x0002, 0x0002, 0x0002, 0x0002, 0x0002,
  0x0002, 0x0002, 0x0002, 0x0002, 0x0002, 0x0002, 0x0002, 0x0002, 0x0002, 0x0002,
  0x0002, 0x0002, 0x0002, 0x0002, 0x0002, 0x0002, 0x0002, 0x0002, 0x0002, 0x0002,
  0x0002, 0x0002, 0x0002, 0x0002, 0x7982, 0x7982, 0x7982, 0x7982, 0x0002, 0x0002,
  0x0002, 0x0002, 0x0002, 0x0002, 0x0002, 0x0002, 0x0002, 0x0002, 0x0002, 0x0002,
  0x0002, 0x0002, 0x0002, 0x0002, 0x0002, 0x0002, 0x0002, 0x0002, 0x0002, 0x0002,
  0x0002, 0x0002, 0x0002, 0x0002, 0x0002, 0x0002, 0x0002, 0x0002, 0x0002, 0x0002,
  0x0002, 0x0002, 0x0002, 0x0002, 0x0002, 0x0002, 0x0002, 0x0002, 0x0002, 0x0002,
  0x0002, 0x0002, 0x7A02, 0x7A02, 0x7702, 0x7982, 0x0002, 0x0002, 0x0002, 0x0002,
  0x0002, 0x0002, 0x0002, 0x0002, 0x0002, 0x0002, 0x0002, 0x0002, 0x0002, 0x0002,
  0x0002, 0x0002, 0x0002, 0x0002, 0x0002, 0x0002, 0x0002, 0x0002, 0x0002, 0x0002,
  0x0002, 0x0002, 0x0002, 0x0002, 0x0002, 0x0002, 0x0002, 0x0002, 0x0002, 0x0002,
  0x0002, 0x0002, 0x0002, 0x0002, 0x0002, 0x0002, 0x0002, 0x0002, 0x0002, 0x0002,
  0x0002, 0x0002, 0x7982, 0x7702, 0x0002, 0x0002, 0x0002, 0x0002, 0x0002, 0x0002,
  0x0002, 0x0002, 0x0002, 0x0002, 0x0002, 0x0002, 0x0002, 0x0002, 0x0002, 0x0002,
  0x0002, 0x0002, 0x0002, 0x0002, 0x0002, 0x0002, 0x0002, 0x0002, 0x0002, 0x0002,
  0x0002, 0x0002, 0x0002, 0x0002, 0x0002, 0x0002, 0x0002, 0x0002, 0x0002, 0x7982,
  0x0002, 0x0002, 0x7982, 0x0002, 0x0002, 0x0002, 0x0002, 0x0002, 0x0002, 0x0002,
  0x7982, 0x7982, 0x0002, 0x0002, 0x0002, 0x0002, 0x0002, 0x7982, 0x0002, 0x0002,
  0x0002, 0x0002, 0x0002, 0x0002, 0x0002, 0x0002, 0x0002, 0x0002, 0x0002, 0x0002,
  0x0002, 0x0002, 0x0002, 0x0002, 0x7702, 0x7702, 0x7702, 0x7702, 0x7702, 0x7702,
  0x7702, 0x0002, 0x0002, 0x0002, 0x0002, 0x0002, 0x0002, 0x0002, 0x0002, 0x0002,
  0x0002, 0x0002, 0x0002, 0x0002, 0x0002, 0x0002, 0x0002, 0x0002, 0x0002, 0x0002,
  0x0002, 0x0002, 0x0002, 0x0002, 0x0002, 0x0002, 0x0002, 0x0002, 0x0002, 0x0002,
  0x0002, 0x0002, 0x0002, 0x0002, 0x0002, 0x0002, 0x0002, 0x0002, 0x0002, 0x0002,
  0x0002, 0x0002, 0x7982, 0x7982, 0x7982, 0x7982, 0x7982, 0x7982, 0x41C2, 0x0002,
  0x0002, 0x0002, 0x0002, 0x0002, 0x0002, 0x0002, 0x0002, 0x0002, 0x0002, 0x0002,
  0x0002, 0x0002, 0x0002, 0x0002, 0x0002, 0x0002, 0x0002, 0x0002, 0x0002, 0x0002,
  0x0002, 0x0002, 0x0002, 0x0002, 0x0002, 0x0002, 0x0002, 0x0002, 0x0002, 0x0002,
  0x0002, 0x0002, 0x0002, 0x0002, 0x0002, 0x0002, 0x0002, 0x0002, 0x0002, 0x0002,
  0x0002, 0x0002, 0x0002, 0x0002, 0x0002, 0x0002, 0x0002, 0x0002, 0x0002, 0x0002,
  0x0002, 0x0002, 0xC001, 0xC001, 0xC001, 0xC002, 0xC001, 0xC001, 0xC001, 0xC001,
  0xC001, 0xC001, 0xC001, 0xC001, 0xC001, 0xC002, 0xC001, 0xC001, 0xC001, 0xC001,
  0xC002, 0xC001, 0xC001, 0xC001, 0xC002, 0xC001, 0xC001, 0xC001, 0xC001, 0xC001,
  0xC002, 0xC001, 0xC001, 0xC001, 0xC001, 0xC001, 0xC001, 0xC001, 0xC001, 0xC001,
  0xC001, 0xC001, 0xC001, 0xC001, 0xC001, 0xC001, 0xC001, 0xC001, 0xC001, 0xC001,
  0xC001, 0xC001, 0xC001, 0xC001, 0xC002, 0xC001, 0xC001, 0xC001, 0xC002, 0xC001,
  0xC001, 0xC001, 0xC001, 0xC001, 0xC001, 0xC001, 0xC001, 0xC001, 0xC001, 0xC001,
  0xC001, 0xC001, 0xC001, 0xC001, 0xC001, 0xC001, 0xC001, 0xC001, 0xC001, 0xC001,
  0xC001, 0xC001, 0xC001, 0xC001, 0xC002, 0xC001, 0xC001, 0xC001, 0xC001, 0xC001,
  0xC001, 0xC002, 0xC002, 0xC001, 0xC001, 0xC001, 0xC001, 0xC001, 0xC001, 0xC001,
  0xC001, 0xC001, 0xC001, 0xC002, 0xC001, 0xC001, 0xC001, 0xC001, 0xC002, 0xC001,
  0xC001, 0xC001, 0xC001, 0xC001, 0xC001, 0xC001, 0xC001, 0xC001, 0xC002, 0xC001,
  0xC002, 0xC001, 0xC001, 0xC001, 0xC001, 0xC001, 0xC001, 0xC001, 0xC001, 0xC001,
  0xC002, 0xC001, 0xC001, 0xC001, 0xC001, 0xC001, 0xC002, 0xC001, 0xC002, 0xC002,
  0xC001, 0xC001, 0xC001, 0xC001, 0xC002, 0xC002, 0xC001, 0xC001, 0xC001, 0xC001,
  0xC001, 0xC001, 0xC001, 0xC001, 0xC001, 0xC001, 0xC001, 0xC002, 0xC001, 0xC001,
  0xC001, 0xC001, 0xC001, 0xC001, 0xC001, 0xC001, 0xC001, 0xC001, 0xC001, 0xC001,
  0xC001, 0xC001, 0xC001, 0xC001, 0xC001, 0xC001, 0xC001, 0xC002, 0xC001, 0xC001,
  0xC001, 0xC001, 0xC001, 0xC002, 0xC001, 0xC001, 0xC001, 0xC001, 0xC001, 0xC001,
  0xC001, 0xC001, 0xC001, 0xC001, 0xC002, 0xC001, 0xC001, 0xC001, 0xC001, 0xC001,
  0xC001, 0xC001, 0xC001, 0xC001, 0xC001, 0xC001, 0xC001, 0xC001, 0xC001, 0xC001,
  0xC001, 0xC001, 0xC001, 0xC002, 0xC001, 0xC001, 0xC001, 0xC001, 0xC001, 0xC002,
  0xC001, 0xC001, 0xC001, 0xC001, 0xC001, 0xC001, 0xC001, 0xC001, 0xC002, 0xC001,
  0xC001, 0xC001, 0xC002, 0xC001, 0xC001, 0xC001, 0xC001, 0xC001, 0xC001, 0xC002,
  0xC002, 0xC002, 0xC001, 0xC002, 0xC001, 0xC001, 0xC001, 0xC001, 0xC001, 0xC001,
  0xC002, 0xC001, 0xC001, 0xC001, 0xC001, 0xC001, 0xC001, 0xC002, 0xC001, 0xC001,
  0xC002, 0xC002, 0xC001, 0xC001, 0xC001, 0xC001, 0xC001, 0xC001, 0xC001, 0xC001,
  0xC001, 0xC002, 0xC001, 0xC002, 0xC001, 0xC002, 0xC001, 0xC001, 0xC001, 0xC002,
  0xC001, 0xC001, 0xC002, 0xC002, 0xC001, 0xC001, 0xC001, 0xC001, 0xC001, 0xC001,
  0xC001, 0xC001, 0xC001, 0xC001, 0xC001, 0xC001, 0xC001, 0xC002, 0xC001, 0xC002,
  0xC001, 0xC002, 0xC001, 0xC002, 0xC002, 0xC002, 0xC001, 0xC001, 0xC002, 0xC002,
  0xC002, 0xC002, 0xC001, 0xC001, 0xC001, 0xC001, 0xC001, 0xC001, 0xC001, 0xC001,
  0xC002, 0xC001, 0xC001, 0xC001, 0xC001, 0xC002, 0xC001, 0xC002, 0xC002, 0xC001,
  0xC001, 0xC001, 0xC001, 0xC001, 0xC001, 0xC002, 0xC002, 0xC002, 0xC001, 0xC001,
  0xC002, 0xC001, 0xC001, 0xC001, 0xC002, 0xC001, 0xC001, 0xC001, 0xC001, 0xC001,
  0xC002, 0xC001, 0xC001, 0xC001, 0xC001, 0xC001, 0xC001, 0xC002, 0xC002, 0xC001,
  0xC002, 0xC001, 0xC002, 0xC001, 0xC001, 0xC001, 0xC002, 0xC002, 0xC001, 0xC002,
  0xC001, 0xC001, 0xC001, 0xC001, 0xC001, 0xC001, 0xC002, 0xC002, 0xC002, 0xC002,
  0xC001, 0xC001, 0xC001, 0xC001, 0xC001, 0xC001, 0xC001, 0xC001, 0xC001, 0xC001,
  0xC001, 0xC001, 0xC002, 0xC001, 0xC001, 0xC001, 0xC001, 0xC001, 0xC001, 0xC001,
  0xC001, 0xC001, 0xC001, 0xC001, 0xC001, 0xC002, 0xC002, 0xC002, 0xC001, 0xC001,
  0xC001, 0xC001, 0xC002, 0xC001, 0xC002, 0xC001, 0xC001, 0xC002, 0xC002, 0xC001,
  0xC001, 0xC001, 0xC001, 0xC001, 0xC001, 0xC001, 0xC001, 0xC001, 0xC001, 0xC001,
  0xC001, 0xC001, 0xC001, 0xC002, 0xC001, 0xC001, 0xC001, 0xC001, 0xC001, 0xC002,
  0xC002, 0xC001, 0xC001, 0xC001, 0xC001, 0xC001, 0xC001, 0xC002, 0xC001, 0xC001,
  0xC001, 0xC001, 0xC002, 0xC002, 0xC001, 0xC001, 0xC001, 0xC002, 0xC001, 0xC001,
  0xC002, 0xC002, 0xC001, 0xC001, 0xC001, 0xC002, 0xC001, 0xC001, 0xC001, 0xC001,
  0xC001, 0xC001, 0xC001, 0xC002, 0xC001, 0xC001, 0xC001, 0xC002, 0xC001, 0xC001,
  0xC001, 0xC001, 0xC002, 0xC002, 0xC001, 0xC001, 0xC001, 0xC002, 0xC001, 0xC002,
  0xC001, 0xC001, 0xC001, 0xC001, 0xC001, 0xC001, 0xC001, 0xC002, 0xC001, 0xC001,
  0xC001, 0xC001, 0xC001, 0xC001, 0xC002, 0xC001, 0xC002, 0xC002, 0xC002, 0xC001,
  0xC001, 0xC001, 0xC001, 0xC001, 0xC001, 0xC001, 0xC001, 0xC002, 0x0002, 0x0002,
  0x0002, 0x0002, 0x0002, 0x0002, 0x0002, 0x0002, 0x0002, 0x0002, 0x0002, 0x0002,
  0x0002, 0x0002, 0x0002, 0x0002, 0x0002, 0x0002, 0x0002, 0x0002, 0x0002, 0x0002,
  0x0002, 0x0002, 0x0002, 0x0002, 0x0002, 0x0002, 0x0002, 0x0002, 0x0002, 0x0002,
  0x0002, 0x0002,
};
} // namespace nfc
namespace nfkc {

const uint16_t check_trie_index[1024] = {
  0x0000, 0x0000, 0x0020, 0x0060, 0x009F, 0x00DE, 0x011E, 0x015A, 0x0196, 0x0000,
  0x01CA, 0x0203, 0x0243, 0x0283, 0x02C2, 0x02F8, 0x0338, 0x0372, 0x03AF, 0x03EE,
  0x0000, 0x0000, 0x0428, 0x0468, 0x0498, 0x04CD, 0x0000, 0x050D, 0x053C, 0x057B,
  0x0000, 0x0590, 0x05CE, 0x05FC, 0x0625, 0x065B, 0x069B, 0x06D8, 0x06F8, 0x0737,
  0x0776, 0x07B3, 0x07D2, 0x080F, 0x06F8, 0x0847, 0x0873, 0x08B2, 0x07D2, 0x08EA,
  0x07D2, 0x092A, 0x0941, 0x08B2, 0x0000, 0x0980, 0x09A0, 0x09DB, 0x09E8, 0x0A23,
  0x0A57, 0x0A94, 0x0AD4, 0x0B0E, 0x0B28, 0x0000, 0x0B63, 0x0004, 0x0000, 0x0B82,
  0x0BB8, 0x0BF5, 0x0000, 0x0000, 0x0000, 0x0000, 0x0000, 0x0C18, 0x0000, 0x0000,
  0x0000, 0x0000, 0x0000, 0x0000, 0x0000, 0x0000, 0x0000, 0x0000, 0x0000, 0x0000,
  0x0000, 0x0000, 0x0C44, 0x0000, 0x0000, 0x0C79, 0x0000, 0x0000, 0x0C97, 0x0000,
  0x0CC1, 0x0000, 0x0000, 0x0000, 0x0CFD, 0x0D1D, 0x0D5D, 0x0D9C, 0x0DD6, 0x0E16,
  0x0E4A, 0x0E76, 0x07D7, 0x0000, 0x0000, 0x0EAA, 0x0EE4, 0x0F20, 0x0F59, 0x0F99,
  0x0FD9, 0x1013, 0x104F, 0x108D, 0x10CD, 0x110D, 0x114D, 0x118C, 0x11CC, 0x120B,
  0x123F, 0x126F, 0x12AF, 0x12EE, 0x132E, 0x1361, 0x139D, 0x13DC, 0x140C, 0x143C,
  0x146A, 0x0000, 0x0000, 0x0000, 0x0000, 0x1495, 0x14D2, 0x1508, 0x0000, 0x0000,
  0x0000, 0x0000, 0x0000, 0x0000, 0x0000, 0x0000, 0x0000, 0x0000, 0x0000, 0x0000,
  0x0000, 0x0000, 0x0000, 0x0000, 0x0000, 0x0000, 0x0000, 0x0000, 0x153C, 0x1549,
  0x0000, 0x1580, 0x0000, 0x0000, 0x0000, 0x0000, 0x0000, 0x159D, 0x0000, 0x0C06,
  0x0000, 0x15DB, 0x0000, 0x161B, 0x0000, 0x0000, 0x165B, 0x167B, 0x16BB, 0x16BB,
  0x16BB, 0x0BE2, 0x16FA, 0x1735, 0x1773, 0x17AF, 0x0B72, 0x16BB, 0x17EF, 0x0000,
  0x182F, 0x186B, 0x18AB, 0x18E2, 0x1922, 0x1962, 0x19A2, 0x19E0, 0x0000, 0x0000,
  0x0000, 0x0000, 0x0000, 0x0000, 0x0000, 0x0000, 0x0000, 0x0000, 0x0000, 0x0000,
  0x0000, 0x0000, 0x0000, 0x0000, 0x0000, 0x0000, 0x0000, 0x0000, 0x0000, 0x0000,
  0x0000, 0x0000, 0x0000, 0x0000, 0x0000, 0x0000, 0x0000, 0x0000, 0x0000, 0x0000,
  0x0000, 0x0000, 0x0000, 0x0000, 0x0000, 0x0000, 0x0000, 0x0000, 0x0000, 0x0000,
  0x0000, 0x0000, 0x0000, 0x0000, 0x0000, 0x0000, 0x0000, 0x0000, 0x0000, 0x0000,
  0x0000, 0x0000, 0x0000, 0x0000, 0x0000, 0x0000, 0x0000, 0x0000, 0x0000, 0x0000,
  0x0000, 0x0000, 0x0000, 0x0000, 0x0000, 0x0000, 0x0000, 0x0000, 0x0000, 0x0000,
  0x0000, 0x0000, 0x0000, 0x0000, 0x0000, 0x0000, 0x0000, 0x0000, 0x0000, 0x0000,
  0x0000, 0x0000, 0x0000, 0x0000, 0x0000, 0x0000, 0x0000, 0x0000, 0x0000, 0x0000,
  0x0000, 0x0000, 0x0000, 0x0000, 0x0000, 0x0000, 0x0000, 0x0000, 0x0000, 0x0000,
  0x0000, 0x0000, 0x0000, 0x0000, 0x0000, 0x0000, 0x0000, 0x0000, 0x0000, 0x0000,
  0x0000, 0x0000, 0x0000, 0x0000, 0x0000, 0x0000, 0x0000, 0x0000, 0x0000, 0x0000,
  0x0000, 0x0000, 0x0000, 0x0000, 0x0000, 0x0000, 0x0000, 0x0000, 0x0000, 0x0000,
  0x0000, 0x0000, 0x0000, 0x0000, 0x0000, 0x0000, 0x0000, 0x0000, 0x0000, 0x0000,
  0x0000, 0x0000, 0x0000, 0x0000, 0x0000, 0x0000, 0x0000, 0x0000, 0x0000, 0x0000,
  0x0000, 0x0000, 0x0000, 0x0000, 0x0000, 0x0000, 0x0000, 0x0000, 0x0000, 0x0000,
  0x0000, 0x0000, 0x0000, 0x0000, 0x0000, 0x0000, 0x0000, 0x0000, 0x0000, 0x0000,
  0x0000, 0x0000, 0x0000, 0x0000, 0x0000, 0x0000, 0x0000, 0x0000, 0x0000, 0x0000,
  0x0000, 0x0000, 0x0000, 0x0000, 0x0000, 0x0000, 0x0000, 0x0000, 0x0000, 0x0000,
  0x0000, 0x0000, 0x0000, 0x0000, 0x0000, 0x0000, 0x0000, 0x0000, 0x0000, 0x0000,
  0x0000, 0x0000, 0x0000, 0x0000, 0x0000, 0x0000, 0x0000, 0x0000, 0x0000, 0x0000,
  0x0000, 0x0000, 0x0000, 0x0000, 0x0000, 0x0000, 0x0000, 0x0000, 0x0000, 0x0000,
  0x0000, 0x0000, 0x0000, 0x0000, 0x0000, 0x0000, 0x0000, 0x0000, 0x0000, 0x0000,
  0x0000, 0x0000, 0x0000, 0x0000, 0x0000, 0x0000, 0x0000, 0x0000, 0x0000, 0x0000,
  0x0000, 0x0000, 0x0000, 0x0000, 0x0000, 0x0000, 0x0000, 0x0000, 0x0000, 0x0000,
  0x0000, 0x0000, 0x0000, 0x0000, 0x0000, 0x0000, 0x0000, 0x0000, 0x0000, 0x0000,
  0x0000, 0x0000, 0x0000, 0x0000, 0x0000, 0x0000, 0x0000, 0x0000, 0x0000, 0x0000,
  0x0000, 0x0000, 0x0000, 0x0000, 0x0000, 0x0000, 0x0000, 0x0000, 0x0000, 0x0000,
  0x0000, 0x0000, 0x0000, 0x0000, 0x0000, 0x0000, 0x0000, 0x0000, 0x0000, 0x0000,
  0x0000, 0x0000, 0x0000, 0x0000, 0x0000, 0x0000, 0x0000, 0x0000, 0x0000, 0x0000,
  0x0000, 0x0000, 0x0000, 0x0000, 0x0000, 0x0000, 0x0000, 0x0000, 0x0000, 0x0000,
  0x0000, 0x0000, 0x0000, 0x0000, 0x0000, 0x0000, 0x0000, 0x0000, 0x0000, 0x0000,
  0x0000, 0x0000, 0x0000, 0x0000, 0x0000, 0x0000, 0x0000, 0x0000, 0x0000, 0x0000,
  0x0000, 0x0000, 0x0000, 0x0000, 0x0000, 0x0000, 0x0000, 0x0000, 0x0000, 0x0000,
  0x0000, 0x0000, 0x0000, 0x0000, 0x0000, 0x0000, 0x0000, 0x0000, 0x0000, 0x0000,
  0x0000, 0x0000, 0x0000, 0x0000, 0x0000, 0x0000, 0x0000, 0x0000, 0x0000, 0x0000,
  0x0000, 0x0000, 0x0000, 0x0000, 0x0000, 0x0000, 0x0000, 0x0000, 0x0000, 0x0000,
  0x0000, 0x0000, 0x0000, 0x0000, 0x0000, 0x0000, 0x0000, 0x0000, 0x0000, 0x0000,
  0x0000, 0x0000, 0x0000, 0x0000, 0x0000, 0x0000, 0x0000, 0x0000, 0x0000, 0x0000,
  0x0000, 0x0000, 0x0000, 0x0000, 0x0000, 0x0000, 0x0000, 0x0000, 0x0000, 0x0000,
  0x0000, 0x0000, 0x0000, 0x0000, 0x0000, 0x0000, 0x0000, 0x0000, 0x0000, 0x0000,
  0x0000, 0x0000, 0x0000, 0x0000, 0x0000, 0x0000, 0x0000, 0x0000, 0x0000, 0x0000,
  0x0000, 0x0000, 0x0000, 0x0000, 0x0000, 0x0000, 0x0000, 0x0000, 0x0000, 0x0000,
  0x0000, 0x0000, 0x0000, 0x0000, 0x0000, 0x0000, 0x0000, 0x0000, 0x0000, 0x0000,
  0x0000, 0x0000, 0x0000, 0x0000, 0x0000, 0x0000, 0x0000, 0x0000, 0x0000, 0x0000,
  0x0000, 0x0000, 0x0000, 0x0000, 0x0000, 0x1A20, 0x1A5E, 0x1A7E, 0x0000, 0x1AB0,
  0x0000, 0x1AE1, 0x1B1B, 0x0000, 0x0000, 0x1B43, 0x1B75, 0x1BA3, 0x07DB, 0x1BB6,
  0x0000, 0x0000, 0x1BC6, 0x1C06, 0x0000, 0x1C3D, 0x0000, 0x1C0F, 0x1C7D, 0x1C85,
  0x1C8D, 0x1C95, 0x1C81, 0x1C89, 0x1C91, 0x1C7D, 0x1C85, 0x1C8D, 0x1C95, 0x1C81,
  0x1C89, 0x1C91, 0x1C7D, 0x1C85, 0x1C8D, 0x1C95, 0x1C81, 0x1C89, 0x1C91, 0x1C7D,
  0x1C85, 0x1C8D, 0x1C95, 0x1C81, 0x1C89, 0x1C91, 0x1C7D, 0x1C85, 0x1C8D, 0x1C95,
  0x1C81, 0x1C89, 0x1C91, 0x1C7D, 0x1C85, 0x1C8D, 0x1C95, 0x1C81, 0x1C89, 0x1C91,
  0x1C7D, 0x1C85, 0x1C8D, 0x1C95, 0x1C81, 0x1C89, 0x1C91, 0x1C7D, 0x1C85, 0x1C8D,
  0x1C95, 0x1C81, 0x1C89, 0x1C91, 0x1C7D, 0x1C85, 0x1C8D, 0x1C95, 0x1C81, 0x1C89,
  0x1C91, 0x1C7D, 0x1C85, 0x1C8D, 0x1C95, 0x1C81, 0x1C89, 0x1C91, 0x1C7D, 0x1C85,
  0x1C8D, 0x1C95, 0x1C81, 0x1C89, 0x1C91, 0x1C7D, 0x1C85, 0x1C8D, 0x1C95, 0x1C81,
  0x1C89, 0x1C91, 0x1C7D, 0x1C85, 0x1C8D, 0x1C95, 0x1C81, 0x1C89, 0x1C91, 0x1C7D,
  0x1C85, 0x1C8D, 0x1C95, 0x1C81, 0x1C89, 0x1C91, 0x1C7D, 0x1C85, 0x1C8D, 0x1C95,
  0x1C81, 0x1C89, 0x1C91, 0x1C7D, 0x1C85, 0x1C8D, 0x1C95, 0x1C81, 0x1C89, 0x1C91,
  0x1C7D, 0x1C85, 0x1C8D, 0x1C95, 0x1C81, 0x1C89, 0x1C91, 0x1C7D, 0x1C85, 0x1C8D,
  0x1C95, 0x1C81, 0x1C89, 0x1C91, 0x1C7D, 0x1C85, 0x1C8D, 0x1C95, 0x1C81, 0x1C89,
  0x1C91, 0x1C7D, 0x1C85, 0x1C8D, 0x1C95, 0x1C81, 0x1C89, 0x1C91, 0x1C7D, 0x1C85,
  0x1C8D, 0x1C95, 0x1C81, 0x1C89, 0x1C91, 0x1C7D, 0x1C85, 0x1C8D, 0x1C95, 0x1C81,
  0x1C89, 0x1C91, 0x1C7D, 0x1C85, 0x1C8D, 0x1C95, 0x1C81, 0x1C89, 0x1C91, 0x1C7D,
  0x1C85, 0x1C8D, 0x1C95, 0x1C81, 0x1C89, 0x1C91, 0x1C7D, 0x1C85, 0x1C8D, 0x1C95,
  0x1C81, 0x1C89, 0x1CC9, 0x0000, 0x1D09, 0x1D09, 0x1D09, 0x1D09, 0x1D09, 0x1D09,
  0x1D09, 0x1D09, 0x1D09, 0x1D09, 0x1D09, 0x1D09, 0x1D09, 0x1D09, 0x1D09, 0x1D09,
  0x1D09, 0x1D09, 0x1D09, 0x1D09, 0x1D09, 0x1D09, 0x1D09, 0x1D09, 0x1D09, 0x1D09,
  0x1D09, 0x1D09, 0x1D09, 0x1D09, 0x1D09, 0x1D09, 0x0000, 0x0000, 0x0000, 0x0000,
  0x0000, 0x0000, 0x0000, 0x0000, 0x0000, 0x0000, 0x0000, 0x0000, 0x0000, 0x0000,
  0x0000, 0x0000, 0x0000, 0x0000, 0x0000, 0x0000, 0x0000, 0x0000, 0x0000, 0x0000,
  0x0000, 0x0000, 0x0000, 0x0000, 0x0000, 0x0000, 0x0000, 0x0000, 0x0000, 0x0000,
  0x0000, 0x0000, 0x0000, 0x0000, 0x0000, 0x0000, 0x0000, 0x0000, 0x0000, 0x0000,
  0x0000, 0x0000, 0x0000, 0x0000, 0x0000, 0x0000, 0x0000, 0x0000, 0x0000, 0x0000,
  0x0000, 0x0000, 0x0000, 0x0000, 0x0000, 0x0000, 0x0000, 0x0000, 0x0000, 0x0000,
  0x0000, 0x0000, 0x0000, 0x0000, 0x0000, 0x0000, 0x0000, 0x0000, 0x0000, 0x0000,
  0x0000, 0x0000, 0x0000, 0x0000, 0x0000, 0x0000, 0x0000, 0x0000, 0x0000, 0x0000,
  0x0000, 0x0000, 0x0000, 0x0000, 0x0000, 0x0000, 0x0000, 0x0000, 0x0000, 0x0000,
  0x0000, 0x0000, 0x0000, 0x0000, 0x0000, 0x0000, 0x16BB, 0x16BB, 0x16BB, 0x16BB,
  0x1D49, 0x1D73, 0x16BB, 0x1DA4, 0x1DE4, 0x1E24, 0x1E40, 0x1E72, 0x1EB2, 0x1ED4,
  0x1EFE, 0x1F1F, 0x1F54, 0x1F92, 0x1FC2, 0x1FFA, 0x2037, 0x2072, 0x20B2, 0x20BF,
  0x16BA, 0x16BB, 0x20FF, 0x213E,
};

const uint16_t check_trie_index1[512] = {
  0x0000, 0x001F, 0x003E, 0x005E, 0x007C, 0x007C, 0x007C, 0x007C, 0x007C, 0x007C,
  0x007C, 0x007C, 0x0098, 0x00AD, 0x007C, 0x007C, 0x007C, 0x007C, 0x007C, 0x007C,
  0x007C, 0x007C, 0x007C, 0x00CD, 0x007C, 0x00E0, 0x00FB, 0x007C, 0x011B, 0x0138,
  0x0154, 0x0165, 0x007C, 0x007C, 0x007C, 0x007C, 0x007C, 0x007C, 0x007C, 0x007C,
  0x007C, 0x007C, 0x007C, 0x007C, 0x007C, 0x007C, 0x007C, 0x007C, 0x007C, 0x007C,
  0x007C, 0x007C, 0x007C, 0x007C, 0x007C, 0x007C, 0x007C, 0x007C, 0x007C, 0x007C,
  0x007C, 0x007C, 0x007C, 0x0185, 0x007C, 0x007C, 0x007C, 0x007C, 0x007C, 0x007C,
  0x007C, 0x007C, 0x007C, 0x007C, 0x007C, 0x007C, 0x007C, 0x007C, 0x007C, 0x007C,
  0x007C, 0x007C, 0x007C, 0x007C, 0x007C, 0x007C, 0x007C, 0x007C, 0x007C, 0x007C,
  0x007C, 0x007C, 0x007C, 0x007C, 0x007C, 0x007C, 0x007C, 0x007C, 0x007C, 0x007C,
  0x007C, 0x007C, 0x007C, 0x007C, 0x007C, 0x007C, 0x007C, 0x007C, 0x007C, 0x007C,
  0x007C, 0x007C, 0x007C, 0x007C, 0x007C, 0x007C, 0x007C, 0x007C, 0x007C, 0x007C,
  0x007C, 0x007C, 0x007C, 0x007C, 0x007C, 0x007C, 0x007C, 0x007C, 0x007C, 0x007C,
  0x007C, 0x007C, 0x007C, 0x007C, 0x007C, 0x007C, 0x007C, 0x007C, 0x007C, 0x007C,
  0x007C, 0x007C, 0x007C, 0x007C, 0x007C, 0x007C, 0x007C, 0x007C, 0x007C, 0x007C,
  0x007C, 0x007C, 0x007C, 0x007C, 0x007C, 0x007C, 0x007C, 0x007C, 0x007C, 0x007C,
  0x007C, 0x007C, 0x007C, 0x007C, 0x007C, 0x007C, 0x007C, 0x007C, 0x007C, 0x007C,
  0x007C, 0x007C, 0x007C, 0x007C, 0x007C, 0x007C, 0x007C, 0x007C, 0x007C, 0x007C,
  0x007C, 0x007C, 0x007C, 0x007C, 0x007C, 0x007C, 0x007C, 0x007C, 0x007C, 0x007C,
  0x007C, 0x007C, 0x007C, 0x007C, 0x007C, 0x007C, 0x007C, 0x007C, 0x007C, 0x007C,
  0x007C, 0x007C, 0x007C, 0x007C, 0x007C, 0x007C, 0x007C, 0x007C, 0x007C, 0x007C,
  0x007C, 0x007C, 0x007C, 0x007C, 0x007C, 0x007C, 0x007C, 0x007C, 0x007C, 0x007C,
  0x007C, 0x007C, 0x007C, 0x007C, 0x007C, 0x007C, 0x007C, 0x007C, 0x007C, 0x007C,
  0x007C, 0x007C, 0x007C, 0x007C, 0x007C, 0x007C, 0x007C, 0x007C, 0x007C, 0x007C,
  0x007C, 0x007C, 0x007C, 0x007C, 0x007C, 0x007C, 0x007C, 0x007C, 0x007C, 0x007C,
  0x007C, 0x007C, 0x007C, 0x007C, 0x007C, 0x007C, 0x007C, 0x007C, 0x007C, 0x007C,
  0x007C, 0x007C, 0x007C, 0x007C, 0x007C, 0x007C, 0x007C, 0x007C, 0x007C, 0x007C,
  0x007C, 0x007C, 0x007C, 0x007C, 0x007C, 0x007C, 0x007C, 0x007C, 0x007C, 0x007C,
  0x007C, 0x007C, 0x007C, 0x007C, 0x007C, 0x007C, 0x007C, 0x007C, 0x007C, 0x007C,
  0x007C, 0x007C, 0x007C, 0x007C, 0x007C, 0x007C, 0x007C, 0x007C, 0x007C, 0x007C,
  0x007C, 0x007C, 0x007C, 0x007C, 0x007C, 0x007C, 0x007C, 0x007C, 0x007C, 0x007C,
  0x007C, 0x007C, 0x007C, 0x007C, 0x007C, 0x007C, 0x007C, 0x007C, 0x007C, 0x007C,
  0x007C, 0x007C, 0x007C, 0x007C, 0x007C, 0x007C, 0x007C, 0x007C, 0x007C, 0x007C,
  0x007C, 0x007C, 0x007C, 0x007C, 0x007C, 0x007C, 0x007C, 0x007C, 0x007C, 0x007C,
  0x007C, 0x007C, 0x007C, 0x007C, 0x007C, 0x007C, 0x007C, 0x007C, 0x007C, 0x007C,
  0x007C, 0x007C, 0x007C, 0x007C, 0x007C, 0x007C, 0x007C, 0x007C, 0x007C, 0x007C,
  0x007C, 0x007C, 0x007C, 0x007C, 0x007C, 0x007C, 0x007C, 0x007C, 0x007C, 0x007C,
  0x007C, 0x007C, 0x007C, 0x007C, 0x007C, 0x007C, 0x007C, 0x007C, 0x007C, 0x007C,
  0x007C, 0x007C, 0x007C, 0x007C, 0x007C, 0x007C, 0x007C, 0x007C, 0x007C, 0x007C,
  0x007C, 0x007C, 0x007C, 0x007C, 0x007C, 0x007C, 0x007C, 0x007C, 0x007C, 0x007C,
  0x007C, 0x007C, 0x007C, 0x007C, 0x007C, 0x007C, 0x007C, 0x007C, 0x007C, 0x007C,
  0x007C, 0x007C, 0x007C, 0x007C, 0x007C, 0x007C, 0x007C, 0x007C, 0x007C, 0x007C,
  0x007C, 0x007C, 0x007C, 0x007C, 0x007C, 0x007C, 0x007C, 0x007C, 0x007C, 0x007C,
  0x007C, 0x007C, 0x007C, 0x007C, 0x007C, 0x007C, 0x007C, 0x007C, 0x007C, 0x007C,
  0x007C, 0x007C, 0x007C, 0x007C, 0x007C, 0x007C, 0x007C, 0x007C, 0x007C, 0x007C,
  0x007C, 0x007C, 0x007C, 0x007C, 0x007C, 0x007C, 0x007C, 0x007C, 0x007C, 0x007C,
  0x007C, 0x007C, 0x007C, 0x007C, 0x007C, 0x007C, 0x007C, 0x007C, 0x007C, 0x007C,
  0x007C, 0x007C, 0x007C, 0x007C, 0x007C, 0x007C, 0x007C, 0x007C, 0x007C, 0x007C,
  0x007C, 0x007C, 0x007C, 0x007C, 0x007C, 0x007C, 0x007C, 0x007C, 0x007C, 0x007C,
  0x007C, 0x007C, 0x007C, 0x007C, 0x007C, 0x007C, 0x007C, 0x007C, 0x007C, 0x007C,
  0x007C, 0x007C, 0x007C, 0x007C, 0x007C, 0x007C, 0x007C, 0x007C, 0x007C, 0x007C,
  0x007C, 0x007C,
};

const uint16_t check_trie_index2[421] = {
  0x217E, 0x217E, 0x217E, 0x217E, 0x217E, 0x217E, 0x217E, 0x2181, 0x217E, 0x217E,
  0x217E, 0x219E, 0x217E, 0x21BF, 0x217E, 0x217E, 0x217E, 0x217E, 0x217E, 0x217E,
  0x217E, 0x217E, 0x217E, 0x21FA, 0x217E, 0x217E, 0x217E, 0x217E, 0x217E, 0x217E,
  0x2239, 0x217E, 0x217E, 0x217E, 0x217E, 0x217E, 0x217E, 0x217E, 0x217E, 0x2274,
  0x217E, 0x217E, 0x22B4, 0x217E, 0x217E, 0x217E, 0x217E, 0x217E, 0x217E, 0x217E,
  0x217E, 0x22DB, 0x2303, 0x217E, 0x217E, 0x217E, 0x217E, 0x2331, 0x235E, 0x217E,
  0x239E, 0x23DC, 0x217E, 0x2416, 0x2456, 0x217E, 0x2496, 0x24CB, 0x217E, 0x250B,
  0x2516, 0x217E, 0x217E, 0x254D, 0x2578, 0x25B7, 0x25F4, 0x2632, 0x217E, 0x2670,
  0x268F, 0x26CE, 0x217E, 0x217E, 0x26DF, 0x271F, 0x2720, 0x217E, 0x2729, 0x217E,
  0x23F1, 0x217E, 0x217E, 0x217E, 0x2726, 0x217E, 0x217E, 0x217E, 0x2761, 0x27A0,
  0x217E, 0x23FC, 0x23E8, 0x27D9, 0x2403, 0x217E, 0x217E, 0x217E, 0x217E, 0x217E,
  0x2720, 0x217E, 0x217E, 0x217E, 0x217E, 0x2817, 0x2405, 0x217E, 0x217E, 0x217E,
  0x217E, 0x217E, 0x217E, 0x281A, 0x217E, 0x217E, 0x217E, 0x217E, 0x217E, 0x217E,
  0x217E, 0x217E, 0x217E, 0x217E, 0x217E, 0x217E, 0x217E, 0x217E, 0x217E, 0x217E,
  0x217E, 0x217E, 0x217E, 0x217E, 0x217E, 0x217E, 0x217E, 0x217E, 0x217E, 0x217E,
  0x217E, 0x217E, 0x217E, 0x217E, 0x217E, 0x217E, 0x283C, 0x217E, 0x217E, 0x217E,
  0x217E, 0x217E, 0x217E, 0x217E, 0x217E, 0x217E, 0x217E, 0x217E, 0x217E, 0x217E,
  0x217E, 0x217E, 0x217E, 0x217E, 0x217E, 0x217E, 0x217E, 0x217E, 0x217E, 0x217E,
  0x217E, 0x217E, 0x217E, 0x217E, 0x286C, 0x28A1, 0x217E, 0x217E, 0x217E, 0x217E,
  0x217E, 0x217E, 0x217E, 0x217E, 0x28D8, 0x217E, 0x217E, 0x217E, 0x217E, 0x217E,
  0x217E, 0x217E, 0x217E, 0x217E, 0x2903, 0x217E, 0x217E, 0x217E, 0x217E, 0x217E,
  0x217E, 0x217E, 0x217E, 0x217E, 0x217E, 0x217E, 0x217E, 0x217E, 0x217E, 0x217E,
  0x217E, 0x217E, 0x217E, 0x2935, 0x217E, 0x217E, 0x217E, 0x217E, 0x217E, 0x217E,
  0x217E, 0x217E, 0x217E, 0x217E, 0x217E, 0x217E, 0x217E, 0x217E, 0x217E, 0x217E,
  0x217E, 0x217E, 0x217E, 0x295F, 0x217E, 0x217E, 0x217E, 0x217E, 0x217E, 0x217E,
  0x217E, 0x217E, 0x217E, 0x217E, 0x217E, 0x217E, 0x2999, 0x29D6, 0x2A15, 0x217E,
  0x2A53, 0x217E, 0x217E, 0x217E, 0x217E, 0x217E, 0x217E, 0x16BB, 0x2A93, 0x2AB6,
  0x2AF3, 0x2B2D, 0x2B6D, 0x16BB, 0x16BB, 0x16BB, 0x16BB, 0x2B87, 0x16BB, 0x16BB,
  0x16BB, 0x16BB, 0x2BA1, 0x2BE1, 0x2C11, 0x267F, 0x217E, 0x28A1, 0x217E, 0x217E,
  0x217E, 0x217E, 0x217E, 0x2C3F, 0x2C6E, 0x217E, 0x217E, 0x217E, 0x217E, 0x217E,
  0x217E, 0x217E, 0x2C9E, 0x217E, 0x217E, 0x217E, 0x2CCE, 0x217E, 0x217E, 0x217E,
  0x2CFE, 0x217E, 0x217E, 0x217E, 0x217E, 0x2D34, 0x217E, 0x2D70, 0x217E, 0x217E,
  0x217E, 0x217E, 0x217E, 0x217E, 0x217E, 0x217E, 0x217E, 0x217E, 0x217E, 0x217E,
  0x217E, 0x217E, 0x217E, 0x217E, 0x217E, 0x217E, 0x2DB0, 0x2DEE, 0x2E2E, 0x217E,
  0x217E, 0x217E, 0x217E, 0x217E, 0x2E6E, 0x2EA4, 0x2ED4, 0x217E, 0x2F14, 0x2F54,
  0x217E, 0x217E, 0x217E, 0x217E, 0x217E, 0x217E, 0x217E, 0x217E, 0x217E, 0x217E,
  0x217E, 0x217E, 0x217E, 0x217E, 0x217E, 0x217E, 0x217E, 0x217E, 0x217E, 0x217E,
  0x217E, 0x217E, 0x2F66, 0x217E, 0x217E, 0x217E, 0x217E, 0x217E, 0x217E, 0x217E,
  0x217E, 0x217E, 0x217E, 0x217E, 0x217E, 0x217E, 0x217E, 0x217E, 0x217E, 0x2FA6,
  0x2FDF, 0x301D, 0x305C, 0x3098, 0x30D7, 0x3115, 0x3150, 0x318C, 0x217E, 0x217E,
  0x217E, 0x217E, 0x217E, 0x217E, 0x217E, 0x217E, 0x217E, 0x217E, 0x217E, 0x217E,
  0x217E, 0x217E, 0x217E, 0x217E, 0x217E, 0x217E, 0x217E, 0x217E, 0x217E, 0x217E,
  0x217E,
};

const uint16_t check_trie_data[12748] = {
  0x0001, 0x0001, 0x0001, 0x0001, 0x0001, 0x0001, 0x0001, 0x0001, 0x0001, 0x0001,
  0x0001, 0x0001, 0x0001, 0x0001, 0x0001, 0x0001, 0x0001, 0x0001, 0x0001, 0x0001,
  0x0001, 0x0001, 0x0001, 0x0001, 0x0001, 0x0001, 0x0001, 0x0001, 0x0001, 0x0001,
  0x0001, 0x0001, 0x0001, 0x0001, 0x0001, 0x0001, 0x0001, 0x0001, 0x0001, 0x0001,
  0x0001, 0x0001, 0x0001, 0x0001, 0x0001, 0x0001, 0x0001, 0x0001, 0x0001, 0x0001,
  0x0001, 0x0001, 0x0001, 0x0001, 0x0001, 0x0001, 0x0001, 0x0001, 0x0001, 0x0001,
  0x0001, 0x0001, 0x0001, 0x0001, 0xC001, 0x0001, 0x0001, 0x0001, 0x0001, 0x0001,
  0x0001, 0x0001, 0xC002, 0x0001, 0xC001, 0x0001, 0x0001, 0x0001, 0x0001, 0xC002,
  0x0001, 0x0001, 0xC001, 0xC001, 0xC002, 0xC001, 0x0001, 0x0001, 0xC002, 0xC001,
  0xC001, 0x0001, 0xC003, 0xC003, 0xC003, 0x0001, 0x0002, 0x0002, 0x0002, 0x0002,
  0x0002, 0x0002, 0x0001, 0x0002, 0x0002, 0x0002, 0x0002, 0x0002, 0x0002, 0x0002,
  0x0002, 0x0002, 0x0001, 0x0002, 0x0002, 0x0002, 0x0002, 0x0002, 0x0002, 0x0001,
  0x0001, 0x0002, 0x0002, 0x0002, 0x0002, 0x0002, 0x0001, 0x0001, 0x0002, 0x0002,
  0x0002, 0x0002, 0x0002, 0x0002, 0x0001, 0x0002, 0x0002, 0x0002, 0x0002, 0x0002,
  0x0002, 0x0002, 0x0002, 0x0002, 0x0001, 0x0002, 0x0002, 0x0002, 0x0002, 0x0002,
  0x0002, 0x0001, 0x0001, 0x0002, 0x0002, 0x0002, 0x0002, 0x0002, 0x0001, 0x0002,
  0x0002, 0x0002, 0x0002, 0x0002, 0x0002, 0x0002, 0x0002, 0x0002, 0x0002, 0x0002,
  0x0002, 0x0002, 0x0002, 0x0002, 0x0002, 0x0001, 0x0001, 0x0002, 0x0002, 0x0002,
  0x0002, 0x0002, 0x0002, 0x0002, 0x0002, 0x0002, 0x0002, 0x0002, 0x0002, 0x0002,
  0x0002, 0x0002, 0x0002, 0x0002, 0x0002, 0x0002, 0x0002, 0x0001, 0x0001, 0x0002,
  0x0002, 0x0002, 0x0002, 0x0002, 0x0002, 0x0002, 0x0002, 0x0002, 0x0001, 0xC002,
  0xC002, 0x0002, 0x0002, 0x0002, 0x0002, 0x0001, 0x0002, 0x0002, 0x0002, 0x0002,
  0x0002, 0x0002, 0xC002, 0x0001, 0x0001, 0x0002, 0x0002, 0x0002, 0x0002, 0x0002,
  0x0002, 0xC002, 0x0001, 0x0001, 0x0002, 0x0002, 0x0002, 0x0002, 0x0002, 0x0002,
  0x0001, 0x0001, 0x0002, 0x0002, 0x0002, 0x0002, 0x0002, 0x0002, 0x0002, 0x0002,
  0x0002, 0x0002, 0x0002, 0x0002, 0x0002, 0x0002, 0x0002, 0x0002, 0x0002, 0x0002,
  0x0001, 0x0001, 0x0002, 0x0002, 0x0002, 0x0002, 0x0002, 0x0002, 0x0002, 0x0002,
  0x0002, 0x0002, 0x0002, 0x0002, 0x0002, 0x0002, 0x0002, 0x0002, 0x0002, 0x0002,
  0x0002, 0x0002, 0x0002, 0x0002, 0x0002, 0xC001, 0x0001, 0x0001, 0x0001, 0x0001,
  0x0001, 0x0001, 0x0001, 0x0001, 0x0001, 0x0001, 0x0001, 0x0001, 0x0001, 0x0001,
  0x0001, 0x0001, 0x0001, 0x0001, 0x0001, 0x0001, 0x0001, 0x0001, 0x0001, 0x0001,
  0x0001, 0x0001, 0x0001, 0x0001, 0x0001, 0x0001, 0x0001, 0x0001, 0x0002, 0x0002,
  0x0001, 0x0001, 0x0001, 0x0001, 0x0001, 0x0001, 0x0001, 0x0001, 0x0001, 0x0001,
  0x0001, 0x0001, 0x0001, 0x0002, 0x0002, 0x0001, 0x0001, 0x0001, 0x0001, 0x0001,
  0x0001, 0x0001, 0x0001, 0x0001, 0x0001, 0x0001, 0x0001, 0x0001, 0x0001, 0x0001,
  0xC003, 0xC003, 0xC003, 0xC002, 0xC002, 0xC002, 0xC002, 0xC002, 0xC002, 0x0002,
  0x0002, 0x0002, 0x0002, 0x0002, 0x0002, 0x0002, 0x0002, 0x0003, 0x0003, 0x0003,
  0x0003, 0x0003, 0x0003, 0x0003, 0x0003, 0x0001, 0x0003, 0x0003, 0x0003, 0x0003,
  0x0002, 0x0002, 0x0001, 0x0001, 0x0002, 0x0002, 0x0002, 0x0002, 0x0002, 0x0002,
  0x0003, 0x0003, 0x0002, 0x0002, 0x0002, 0xC002, 0xC002, 0xC002, 0x0002, 0x0002,
  0x0001, 0x0001, 0x0002, 0x0002, 0x0003, 0x0003, 0x0002, 0x0002, 0x0002, 0x0002,
  0x0002, 0x0002, 0x0002, 0x0002, 0x0002, 0x0002, 0x0002, 0x0002, 0x0002, 0x0002,
  0x0002, 0x0002, 0x0002, 0x0002, 0x0002, 0x0002, 0x0002, 0x0002, 0x0002, 0x0002,
  0x0002, 0x0002, 0x0002, 0x0002, 0x0001, 0x0001, 0x0002, 0x0002, 0x0001, 0x0001,
  0x0001, 0x0001, 0x0001, 0x0001, 0x0002, 0x0002, 0x0002, 0x0002, 0x0003, 0x0003,
  0x0003, 0x0003, 0x0002, 0x0002, 0x0003, 0x0003, 0x0002, 0x0002, 0x0001, 0x0001,
  0x0001, 0x0001, 0x0001, 0x0001, 0x0001, 0x0001, 0x0001, 0x0001, 0x0001, 0x0001,
  0x0001, 0x0001, 0x0001, 0x0001, 0x0001, 0x0001, 0x0001, 0x0001, 0x0001, 0x0001,
  0x0001, 0x0001, 0x0001, 0x0001, 0x0001, 0x0001, 0x0001, 0x0001, 0x0001, 0x0001,
  0x0001, 0x0001, 0x0001, 0x0001, 0x0001, 0x0001, 0x0001, 0x0001, 0x0001, 0x0001,
  0x0001, 0x0001, 0x0001, 0x0001, 0x0001, 0x0001, 0xC001, 0xC001, 0xC001, 0xC001,
  0xC001, 0xC001, 0xC001, 0xC001, 0xC001, 0x0001, 0x0001, 0x0001, 0x0001, 0x0001,
  0x0001, 0x0001, 0x0001, 0x0001, 0x0001, 0x0001, 0x0001, 0x0001, 0x0001, 0x0001,
  0x0001, 0x0001, 0x0001, 0x0001, 0x0001, 0x0001, 0x0001, 0x0001, 0x0001, 0xC002,
  0xC002, 0xC002, 0xC002, 0xC002, 0xC002, 0x0001, 0x0001, 0xC001, 0xC001, 0xC001,
  0xC001, 0xC001, 0x0001, 0x0001, 0x0001, 0x0001, 0x0001, 0x0001, 0x0001, 0x0001,
  0x0001, 0x0001, 0x0001, 0x0001, 0x0001, 0x0001, 0x0001, 0x0001, 0x0001, 0x0001,
  0x0001, 0x0001, 0x0001, 0x0001, 0x0001, 0x0001, 0x0001, 0x0001, 0x0001, 0xF981,
  0xF981, 0xF981, 0xF981, 0xF981, 0x7981, 0xF981, 0xF981, 0xF981, 0xF981, 0xF981,
  0xF981, 0xF981, 0x7981, 0x7981, 0xF981, 0x7981, 0xF981, 0x7981, 0xF981, 0xF981,
  0x7A01, 0x7701, 0x7701, 0x7701, 0x7701, 0x7A01, 0xF601, 0x7701, 0x7701, 0x7701,
  0x7701, 0x7701, 0x7281, 0x7281, 0xF701, 0xF701, 0xF701, 0xF701, 0xF281, 0xF281,
  0x7701, 0x7701, 0x7701, 0x7701, 0xF701, 0xF701, 0x7701, 0xF701, 0xF701, 0x7701,
  0x7701, 0x4041, 0x4041, 0x4041, 0x4041, 0xC041, 0x7701, 0x7701, 0x7701, 0x7701,
  0x7981, 0x7981, 0x7981, 0xF981, 0xF981, 0xF981, 0xF981, 0xF982, 0xFC01, 0x7981,
  0x7701, 0x7701, 0x7701, 0x7981, 0x7981, 0x7981, 0x7701, 0x7701, 0x0001, 0x7981,
  0x7981, 0x7981, 0x7701, 0x7701, 0x7701, 0x7701, 0x7981, 0x7A01, 0x7701, 0x7701,
  0x7981, 0x7A41, 0x7A81, 0x7A81, 0x7A41, 0x7A81, 0x7A81, 0x7A41, 0x7981, 0x7981,
  0x7981, 0x7981, 0x7981, 0x7981, 0x7981, 0x7981, 0x7981, 0x7981, 0x7981, 0x7981,
  0x7981, 0x0001, 0x0001, 0x0001, 0x0001, 0xC001, 0x0001, 0x0001, 0x0001, 0x0001,
  0x0001, 0xC002, 0x0001, 0x0001, 0x0001, 0xC001, 0x0001, 0x0001, 0x0001, 0x0001,
  0xC002, 0xC003, 0x0002, 0xC001, 0x0002, 0x0002, 0x0002, 0x0001, 0x0002, 0x0001,
  0x0002, 0x0002, 0x0003, 0x0001, 0x0001, 0x0001, 0x0001, 0x0001, 0x0001, 0x0001,
  0x0001, 0x0001, 0x0001, 0x0001, 0x0001, 0x0001, 0x0001, 0x0001, 0x0001, 0x0001,
  0x0001, 0x0001, 0x0001, 0x0001, 0x0001, 0x0001, 0x0001, 0x0001, 0x0002, 0x0002,
  0x0002, 0x0002, 0x0002, 0x0002, 0x0003, 0x0001, 0x0001, 0x0001, 0x0001, 0x0001,
  0x0001, 0x0001, 0x0001, 0x0001, 0x0001, 0x0001, 0x0001, 0x0001, 0x0001, 0x0001,
  0x0002, 0x0002, 0x0002, 0x0002, 0x0002, 0x0001, 0xC001, 0xC001, 0xC001, 0xC002,
  0xC002, 0xC001, 0xC001, 0x0001, 0x0001, 0x0001, 0x0001, 0x0001, 0x0001, 0x0001,
  0x0001, 0x0001, 0x0001, 0x0001, 0x0001, 0x0001, 0x0001, 0x0001, 0x0001, 0x0001,
  0x0001, 0x0001, 0x0001, 0x0001, 0x0001, 0x0001, 0x0001, 0x0001, 0xC001, 0xC001,
  0xC001, 0x0001, 0xC001, 0xC001, 0x0001, 0x0001, 0x0001, 0xC001, 0x0001, 0x0001,
  0x0001, 0x0001, 0x0001, 0x0001, 0x0002, 0x0002, 0x0001, 0x0002, 0x0001, 0x0001,
  0x0001, 0x0002, 0x0001, 0x0001, 0x0001, 0x0001, 0x0002, 0x0002, 0x0002, 0x0001,
  0x0001, 0x0001, 0x0001, 0x0001, 0x0001, 0x0001, 0x0001, 0x0001, 0x0001, 0x0002,
  0x0001, 0x0001, 0x0001, 0x0001, 0x0001, 0x0001, 0x0001, 0x0001, 0x0001, 0x0001,
  0x0001, 0x0001, 0x0001, 0x0001, 0x0001, 0x0001, 0x0001, 0x0001, 0x0001, 0x0001,
  0x0001, 0x0001, 0x0001, 0x0001, 0x0001, 0x0001, 0x0001, 0x0001, 0x0001, 0x0001,
  0x0001, 0x0002, 0x0001, 0x0001, 0x0001, 0x0001, 0x0001, 0x0001, 0x0001, 0x0001,
  0x0001, 0x0001, 0x0001, 0x0001, 0x0001, 0x0001, 0x0001, 0x0001, 0x0002, 0x0002,
  0x0001, 0x0002, 0x0001, 0x0001, 0x0001, 0x0002, 0x0001, 0x0001, 0x0001, 0x0001,
  0x0002, 0x0002, 0x0002, 0x0001, 0x0001, 0x0001, 0x0001, 0x0001, 0x0001, 0x0001,
  0x0001, 0x0001, 0x0001, 0x0001, 0x0001, 0x0001, 0x0001, 0x0001, 0x0001, 0x0001,
  0x0001, 0x0001, 0x0001, 0x0001, 0x0001, 0x0001, 0x0002, 0x0002, 0x0001, 0x0001,
  0x0001, 0x0001, 0x0001, 0x0001, 0x0001, 0x0001, 0x7981, 0x7981, 0x7981, 0x7981,
  0x7981, 0x0001, 0x0001, 0x0001, 0x0001, 0x0001, 0x0001, 0x0001, 0x0001, 0x0001,
  0x0001, 0x0001, 0x0001, 0x0001, 0x0001, 0x0001, 0x0001, 0x0001, 0x0001, 0x0001,
  0x0001, 0x0001, 0x0001, 0x0001, 0x0001, 0x0001, 0x0001, 0x0001, 0x0001, 0x0001,
  0x0001, 0x0001, 0x0001, 0x0001, 0x0001, 0x0001, 0x0001, 0x0001, 0x0001, 0x0001,
  0x0001, 0x0001, 0x0001, 0x0001, 0x0001, 0x0001, 0x0001, 0x0001, 0x0001, 0x0001,
  0x0001, 0x0001, 0x0001, 0x0001, 0x0001, 0x0001, 0x0001, 0x0002, 0x0002, 0x0001,
  0x0001, 0x0001, 0x0001, 0x0001, 0x0001, 0x0001, 0x0001, 0x0001, 0x0001, 0x0001,
  0x0001, 0x0001, 0x0002, 0x0002, 0x0002, 0x0002, 0x0001, 0x0001, 0x0002, 0x0002,
  0x0001, 0x0001, 0x0002, 0x0002, 0x0002, 0x0002, 0x0002, 0x0002, 0x0001, 0x0001,
  0x0002, 0x0002, 0x0002, 0x0002, 0x0002, 0x0002, 0x0001, 0x0001, 0x0002, 0x0002,
  0x0002, 0x0002, 0x0002, 0x0002, 0x0002, 0x0002, 0x0002, 0x0002, 0x0002, 0x0002,
  0x0001, 0x0001, 0x0002, 0x0002, 0x0001, 0x0001, 0x0001, 0x0001, 0x0001, 0x0001,
  0x0001, 0xC002, 0x0001, 0x0001, 0x0001, 0x0001, 0x0001, 0x0001, 0x0001, 0x0001,
  0x0001, 0x7701, 0x7981, 0x7981, 0x7981, 0x7981, 0x7701, 0x7981, 0x7981, 0x7981,
  0x7781, 0x7701, 0x7981, 0x7981, 0x7981, 0x7981, 0x7981, 0x7981, 0x7701, 0x7701,
  0x7701, 0x7701, 0x7701, 0x7701, 0x7981, 0x7981, 0x7701, 0x7981, 0x7981, 0x7781,
  0x7901, 0x7981, 0x4281, 0x42C1, 0x4301, 0x4341, 0x4381, 0x43C1, 0x4401, 0x4441,
  0x4481, 0x44C1, 0x44C1, 0x4501, 0x4541, 0x4581, 0x0001, 0x45C1, 0x0001, 0x4601,
  0x4641, 0x0001, 0x7981, 0x7701, 0x0001, 0x4481, 0x0001, 0x0001, 0x0001, 0x0001,
  0x0001, 0x0001, 0x0001, 0x0001, 0x0001, 0x0001, 0x0001, 0x0001, 0x0001, 0x0001,
  0x0001, 0x0001, 0x0001, 0x0001, 0x0001, 0x0001, 0x0001, 0x0001, 0x0001, 0x0001,
  0x0001, 0x0001, 0x0001, 0x0001, 0x0001, 0x0001, 0x0001, 0x0001, 0x0001, 0x0001,
  0x0001, 0x0001, 0x0001, 0x0001, 0x0001, 0x0001, 0x0001, 0x0001, 0x0001, 0x0001,
  0x0001, 0x0001, 0x0001, 0x0001, 0x0001, 0x0001, 0x0001, 0x0001, 0x0001, 0x0001,
  0x0001, 0x0001, 0x7981, 0x7981, 0x7981, 0x7981, 0x7981, 0x7981, 0x7981, 0x7981,
  0x4781, 0x47C1, 0x4801, 0x0001, 0x0001, 0x0001, 0x0001, 0x0001, 0x0001, 0x0001,
  0x0002, 0x0002, 0x0002, 0x0002, 0x0002, 0x0001, 0x0001, 0x0001, 0x0001, 0x0001,
  0x0001, 0x0001, 0x0001, 0x0001, 0x0001, 0x0001, 0x0001, 0x0001, 0x0001, 0x0001,
  0x0001, 0x0001, 0x0001, 0x0001, 0x0001, 0x0001, 0x0001, 0x0001, 0x0001, 0x0001,
  0x46C1, 0x4701, 0x4741, 0x4781, 0x47C1, 0x4801, 0x4841, 0x4881, 0xF981, 0xF981,
  0xF701, 0x7701, 0x7981, 0x7981, 0x7981, 0x7981, 0x7981, 0x7701, 0x7981, 0x7981,
  0x7701, 0x0001, 0x0001, 0x0001, 0x0001, 0x0001, 0x0001, 0x0001, 0x0001, 0x0001,
  0x0001, 0x0001, 0x0001, 0x0001, 0x0001, 0x0001, 0x0001, 0x48C1, 0x0001, 0x0001,
  0x0001, 0x0001, 0xC002, 0xC002, 0xC002, 0xC002, 0x0001, 0x0001, 0x0001, 0x0001,
  0x0001, 0x0001, 0x0001, 0x0002, 0x0001, 0x0002, 0x0001, 0x0001, 0x0001, 0x0001,
  0x0001, 0x0001, 0x0001, 0x0001, 0x0001, 0x0001, 0x0001, 0x0001, 0x0001, 0x0001,
  0x0001, 0x0001, 0x0002, 0x0001, 0x0001, 0x7981, 0x7981, 0x7981, 0x7981, 0x7981,
  0x7981, 0x7981, 0x0001, 0x0001, 0x7981, 0x7981, 0x7981, 0x7981, 0x7701, 0x7981,
  0x0001, 0x0001, 0x7981, 0x7981, 0x0001, 0x7701, 0x7981, 0x7981, 0x7701, 0x0001,
  0x0001, 0x0001, 0x0001, 0x0001, 0x0001, 0x0001, 0x0001, 0x0001, 0x0001, 0x0001,
  0x0001, 0x0001, 0x0001, 0x0001, 0x0001, 0x0001, 0x0001, 0x4901, 0x0001, 0x0001,
  0x0001, 0x0001, 0x0001, 0x0001, 0x0001, 0x0001, 0x0001, 0x0001, 0x0001, 0x0001,
  0x0001, 0x0001, 0x0001, 0x0001, 0x0001, 0x0001, 0x0001, 0x0001, 0x0001, 0x0001,
  0x0001, 0x0001, 0x0001, 0x0001, 0x0001, 0x0001, 0x0001, 0x0001, 0x7981, 0x7701,
  0x7981, 0x7981, 0x7701, 0x7981, 0x7981, 0x7701, 0x7701, 0x7701, 0x7981, 0x7701,
  0x7701, 0x7981, 0x7701, 0x7981, 0x7981, 0x7701, 0x7981, 0x7701, 0x7981, 0x7701,
  0x7981, 0x7701, 0x7981, 0x7981, 0x0001, 0x0001, 0x0001, 0x0001, 0x0001, 0x0001,
  0x0001, 0x0001, 0x0001, 0x0001, 0x0001, 0x0001, 0x0001, 0x0001, 0x0001, 0x0001,
  0x0001, 0x0001, 0x0001, 0x0001, 0x0001, 0x0001, 0x0001, 0x0001, 0x0001, 0x0001,
  0x0001, 0x0001, 0x0001, 0x0001, 0x0001, 0x0001, 0x0001, 0x0001, 0x0001, 0x0001,
  0x0001, 0x0001, 0x0001, 0x0001, 0x0001, 0x0001, 0x0001, 0x0001, 0x0001, 0x0001,
  0x0001, 0x0001, 0x0001, 0x0001, 0x0001, 0x0001, 0x0001, 0x7981, 0x7981, 0x7981,
  0x7981, 0x7981, 0x7981, 0x7981, 0x7701, 0x7981, 0x0001, 0x0001, 0x0001, 0x0001,
  0x0001, 0x0001, 0x0001, 0x0001, 0x0001, 0x7701, 0x0001, 0x0001, 0x0001, 0x0001,
  0x0001, 0x0001, 0x0001, 0x0001, 0x0001, 0x0001, 0x0001, 0x0001, 0x0001, 0x0001,
  0x0001, 0x0001, 0x0001, 0x0001, 0x0001, 0x0001, 0x0001, 0x0001, 0x7981, 0x7981,
  0x7981, 0x7981, 0x0001, 0x7981, 0x7981, 0x7981, 0x7981, 0x7981, 0x7981, 0x7981,
  0x7981, 0x7981, 0x0001, 0x7981, 0x7981, 0x7981, 0x0001, 0x7981, 0x7981, 0x7981,
  0x7981, 0x7981, 0x0001, 0x0001, 0x0001, 0x0001, 0x0001, 0x0001, 0x0001, 0x0001,
  0x0001, 0x0001, 0x0001, 0x0001, 0x0001, 0x0001, 0x0001, 0x0001, 0x0001, 0x0001,
  0x0001, 0x0001, 0x0001, 0x0001, 0x0001, 0x0001, 0x0001, 0x7701, 0x7701, 0x7701,
  0x0001, 0x0001, 0x0001, 0x0001, 0x0001, 0x0001, 0x0001, 0x0001, 0x0001, 0x0001,
  0x0001, 0x0001, 0x0001, 0x0001, 0x0001, 0x0001, 0x0001, 0x0001, 0x0001, 0x0001,
  0x0001, 0x0001, 0x0001, 0x0001, 0x0001, 0x0001, 0x0001, 0x0001, 0x0001, 0x0001,
  0x0001, 0x0001, 0x0001, 0x0001, 0x0001, 0x0001, 0x7981, 0x7981, 0x7701, 0x7701,
  0x7701, 0x7981, 0x7981, 0x7981, 0x7981, 0x0001, 0x0001, 0x0001, 0x0001, 0x0001,
  0x0001, 0x0001, 0x0001, 0x0001, 0x0001, 0x0001, 0x0001, 0x0001, 0x0001, 0x0001,
  0x0001, 0x0001, 0x0001, 0x0001, 0x0001, 0x0001, 0x0001, 0x0001, 0x0001, 0x0001,
  0x0001, 0x0001, 0x0001, 0x0001, 0x0001, 0x0001, 0x0001, 0x7981, 0x7981, 0x7981,
  0x7981, 0x7981, 0x7701, 0x7701, 0x7701, 0x7701, 0x7701, 0x7981, 0x7981, 0x7981,
  0x7981, 0x7981, 0x7981, 0x7981, 0x7981, 0x7981, 0x7981, 0x7981, 0x7981, 0x7981,
  0x7981, 0x0001, 0x7701, 0x7981, 0x7981, 0x7701, 0x7981, 0x7981, 0x7701, 0x7981,
  0x7981, 0x7981, 0x7701, 0x7701, 0x7701, 0x46C1, 0x4701, 0x4741, 0x7981, 0x7981,
  0x7981, 0x7701, 0x7981, 0x7981, 0x7701, 0x7701, 0x7981, 0x7981, 0x7981, 0x7981,
  0x7981, 0x0001, 0x0001, 0x0001, 0x0001, 0x0001, 0x0001, 0x0001, 0x0001, 0x0001,
  0x0001, 0x0001, 0x0001, 0x0001, 0x0001, 0x0001, 0x0001, 0x0001, 0x0001, 0x0001,
  0x0001, 0x0001, 0x0001, 0x0001, 0x0001, 0x0001, 0x0001, 0x0001, 0x0001, 0x0001,
  0x0001, 0x0001, 0x0001, 0x0001, 0x0001, 0x0001, 0x0001, 0x0001, 0x0001, 0x0001,
  0x0001, 0x0001, 0x0002, 0x0001, 0x0001, 0x0001, 0x0001, 0x0001, 0x0001, 0x0001,
  0x0002, 0x0001, 0x0001, 0x0002, 0x0001, 0x0001, 0x0001, 0x0001, 0x0001, 0x0001,
  0x0001, 0xC1C1, 0x0001, 0x0001, 0x0001, 0x0001, 0x0001, 0x0001, 0x0001, 0x0001,
  0x0001, 0x0001, 0x0001, 0x0001, 0x0001, 0x4241, 0x0001, 0x0001, 0x0001, 0x7981,
  0x7701, 0x7981, 0x7981, 0x0001, 0x0001, 0x0001, 0xC002, 0xC002, 0xC002, 0xC002,
  0xC002, 0xC002, 0xC002, 0xC002, 0x0001, 0x0001, 0x0001, 0x0001, 0x0001, 0x0001,
  0x0001, 0x0001, 0x0001, 0x0001, 0x0001, 0x0001, 0x0001, 0x0001, 0x0001, 0x0001,
  0x0001, 0x0001, 0x0001, 0x0001, 0x0001, 0x0001, 0x0001, 0x0001, 0x0001, 0x0001,
  0x0001, 0x0001, 0x0001, 0x0001, 0x0001, 0x0001, 0x0001, 0x0001, 0x0001, 0x0001,
  0x0001, 0x0001, 0x0001, 0x0001, 0x0001, 0x0001, 0x0001, 0x0001, 0x0001, 0x0001,
  0x0001, 0x0001, 0x0001, 0x0001, 0x0001, 0x0001, 0x0001, 0x0001, 0x0001, 0x0001,
  0x0001, 0x0001, 0x0001, 0x0001, 0x41C1, 0x0001, 0xC001, 0x0001, 0x0001, 0x0001,
  0x0001, 0x0001, 0x0001, 0x0001, 0x0001, 0x0001, 0x0001, 0x0001, 0x0002, 0x0002,
  0x4241, 0x0001, 0x0001, 0x0001, 0x0001, 0x0001, 0x0001, 0x0001, 0x0001, 0x0001,
  0xC001, 0x0001, 0x0001, 0x0001, 0x0001, 0xC002, 0xC002, 0x0001, 0xC002, 0x0001,
  0x0001, 0x0001, 0x0001, 0x0001, 0x0001, 0x0001, 0x0001, 0x0001, 0x0001, 0x0001,
  0x0001, 0x0001, 0x0001, 0x0001, 0x0001, 0x0001, 0x0001, 0x0001, 0x0001, 0x0001,
  0x0001, 0x0001, 0x0001, 0x0001, 0x0001, 0x0001, 0x0001, 0x0001, 0x0001, 0x7981,
  0x0001, 0x0001, 0x0001, 0x0001, 0x0001, 0x0001, 0x0001, 0x0001, 0x0001, 0x0001,
  0x0001, 0x0001, 0x0001, 0x0001, 0x0001, 0x0001, 0x0001, 0x0001, 0x0001, 0x0001,
  0x0001, 0x0001, 0x0001, 0x0001, 0x0001, 0x0001, 0x0001, 0x0001, 0x0001, 0x0001,
  0x0001, 0x0001, 0x0001, 0x0001, 0x0001, 0x0001, 0x0001, 0x0001, 0x0001, 0x0001,
  0x0001, 0x0001, 0x0001, 0x0001, 0x0001, 0x0001, 0x0001, 0x0001, 0x0001, 0x0001,
  0x0001, 0xC002, 0x0001, 0x0001, 0xC002, 0x0001, 0x0001, 0x0001, 0x0001, 0x0001,
  0x41C1, 0x0001, 0x0001, 0x0001, 0x0001, 0x0001, 0x0001, 0x0001, 0x0001, 0x0001,
  0x0001, 0x0001, 0x0001, 0x0001, 0x4241, 0x0001, 0x0001, 0x0001, 0x0001, 0x0001,
  0x0001, 0x0001, 0x0001, 0x0001, 0x0001, 0x0001, 0xC002, 0xC002, 0xC002, 0x0001,
  0x0001, 0xC002, 0x0001, 0x0001, 0x0001, 0x0001, 0x0001, 0x0001, 0x0001, 0x0001,
  0x0001, 0x0001, 0x0001, 0x0001, 0x0001, 0x0001, 0x0001, 0x0001, 0x0001, 0x0001,
  0x0001, 0x0001, 0x0001, 0x0001, 0x0001, 0x0001, 0x0001, 0x0001, 0x0001, 0x0001,
  0x0001, 0x0001, 0x0001, 0x0001, 0x0001, 0x0001, 0x0001, 0x0001, 0x0001, 0x0001,
  0x0001, 0x0001, 0x0001, 0x0001, 0x0001, 0x0001, 0x0001, 0x0001, 0x0001, 0x0001,
  0x0001, 0x0001, 0x0001, 0x0001, 0x0001, 0x0001, 0x0001, 0x0001, 0x0001, 0x0001,
  0x0001, 0x0001, 0x41C1, 0x0001, 0x0001, 0x0001, 0x0001, 0x0001, 0x0001, 0x0001,
  0x0001, 0x0001, 0x0001, 0x0001, 0x0001, 0x0001, 0x4241, 0x0001, 0x0001, 0x0001,
  0x0001, 0x0001, 0x0001, 0x0001, 0x0001, 0x0001, 0x0001, 0x0001, 0x0001, 0x0001,
  0x0001, 0x0001, 0x0001, 0x0001, 0x0001, 0x0001, 0x0001, 0x0001, 0x0001, 0x0001,
  0x0001, 0x0001, 0x0001, 0x0001, 0x0001, 0x0001, 0x0001, 0x0001, 0x0001, 0x0001,
  0x0001, 0x0001, 0x0001, 0x0001, 0x0001, 0x0001, 0x0001, 0x0001, 0x0001, 0x0001,
  0x0001, 0x0001, 0x0001, 0x0001, 0x0001, 0x0001, 0x0001, 0x0002, 0x0001, 0x0001,
  0x0002, 0x0002, 0x4241, 0x0001, 0x0001, 0x0001, 0x0001, 0x0001, 0x0001, 0x0001,
  0x0001, 0xC001, 0xC001, 0x0001, 0x0001, 0x0001, 0x0001, 0xC002, 0xC002, 0x0001,
  0x0001, 0x0001, 0x0001, 0x0001, 0x0001, 0x0001, 0x0001, 0x0001, 0x0001, 0x0001,
  0x0001, 0x0001, 0x0001, 0x0001, 0x0001, 0x0001, 0x0001, 0x0001, 0x0001, 0x0001,
  0x0001, 0x0001, 0x0001, 0x0001, 0x0001, 0x0001, 0x0001, 0x0001, 0x0001, 0x0001,
  0x0001, 0x0001, 0x0001, 0x0002, 0x0001, 0x0001, 0x0001, 0x0001, 0x0001, 0x0001,
  0x0001, 0x0001, 0x0001, 0x0001, 0x0001, 0x0001, 0x0001, 0x0001, 0x0001, 0x0001,
  0x0001, 0x0001, 0x0001, 0x0001, 0x0001, 0x0001, 0x0001, 0x0001, 0x0001, 0x0001,
  0x0001, 0x0001, 0x0001, 0x0001, 0x0001, 0x0001, 0x0001, 0x0001, 0x0001, 0x0001,
  0x0001, 0x0001, 0x0001, 0x0001, 0x0001, 0xC001, 0x0001, 0x0001, 0x0001, 0x0001,
  0x0001, 0x0001, 0x0001, 0x0001, 0x0001, 0x0001, 0x0002, 0x0002, 0x0002, 0x4241,
  0x0001, 0x0001, 0x0001, 0x0001, 0x0001, 0x0001, 0x0001, 0x0001, 0x0001, 0xC001,
  0x0001, 0x0001, 0x0001, 0x0001, 0x0001, 0x0001, 0x0001, 0x0001, 0x0001, 0x0001,
  0x0001, 0x0001, 0x0001, 0x0001, 0x0001, 0x0001, 0x0001, 0x0001, 0x0001, 0x0001,
  0x0001, 0x0001, 0x0001, 0x0001, 0x0001, 0x0001, 0x0001, 0x0001, 0x0001, 0x0001,
  0x0001, 0x0001, 0x0001, 0x0001, 0x0001, 0x0001, 0x0001, 0x0001, 0x0001, 0x0001,
  0x0002, 0x0001, 0x0001, 0x0001, 0x0001, 0x4241, 0x0001, 0x0001, 0x0001, 0x0001,
  0x0001, 0x0001, 0x0001, 0x5501, 0xD6C1, 0x0001, 0x0001, 0x0001, 0x0001, 0x0001,
  0x0001, 0x0001, 0x0001, 0x0001, 0x0001, 0x0001, 0x0001, 0x0001, 0x0001, 0x0001,
  0x0001, 0x0001, 0x0001, 0x0001, 0x0001, 0x0001, 0x0001, 0x0001, 0x0001, 0x0001,
  0x0001, 0x0001, 0x0001, 0x0001, 0x0001, 0x0001, 0x0001, 0x0001, 0x0001, 0x0001,
  0x0001, 0x0001, 0x0001, 0x0001, 0x0001, 0x0001, 0x0002, 0x0001, 0xC001, 0x0001,
  0x0001, 0x0001, 0x0001, 0x0002, 0x0002, 0x0001, 0x0002, 0x0003, 0x0001, 0x4241,
  0x0001, 0x0001, 0x0001, 0x0001, 0x0001, 0x0001, 0x0001, 0xC001, 0xC001, 0x0001,
  0x0001, 0x0001, 0x0001, 0x0001, 0x0001, 0x0001, 0x0001, 0x0001, 0x0001, 0x0001,
  0x0001, 0x0001, 0x0001, 0x0001, 0x0001, 0x0001, 0x0001, 0x0001, 0x0001, 0x0001,
  0x0001, 0x0001, 0x0001, 0x0001, 0x0001, 0x0001, 0x0001, 0x0001, 0x0001, 0x0001,
  0x0001, 0x0001, 0x0001, 0x0001, 0x0001, 0x0001, 0x0001, 0x0001, 0x0001, 0x0001,
  0x0001, 0x0001, 0x0001, 0x0001, 0x0001, 0x0001, 0x0001, 0x0001, 0x0001, 0x0001,
  0x0001, 0x0001, 0x0001, 0x0001, 0x0001, 0x0001, 0x0001, 0x0001, 0x4241, 0x4241,
  0x0001, 0xC001, 0x0001, 0x0001, 0x0001, 0x0001, 0x0001, 0x0001, 0x0001, 0x0001,
  0x0001, 0x0001, 0xC241, 0x0001, 0x0001, 0x0001, 0x0001, 0xC001, 0x0001, 0x0001,
  0x0001, 0x0001, 0x0001, 0x0001, 0x0001, 0x0001, 0x0001, 0x0001, 0x0002, 0x0001,
  0x0002, 0x0003, 0x0002, 0xC001, 0x0001, 0x0001, 0x0001, 0x0001, 0x0001, 0x0001,
  0x0001, 0x0001, 0x0001, 0x0001, 0x0001, 0x0001, 0x0001, 0x0001, 0x0001, 0x0001,
  0x0001, 0x0001, 0x0001, 0x0001, 0x0001, 0x0001, 0x0001, 0x0001, 0x0001, 0x0001,
  0x0001, 0x0001, 0x0001, 0x0001, 0x0001, 0x0001, 0x0001, 0x0001, 0x0001, 0x0001,
  0x0001, 0x0001, 0x0001, 0x0001, 0x0001, 0x0001, 0x0001, 0x0001, 0x0001, 0x0001,
  0x0001, 0x0001, 0x0001, 0x0001, 0x0001, 0xC002, 0x0001, 0x0001, 0x0001, 0x0001,
  0x59C1, 0x59C1, 0x4241, 0x0001, 0x0001, 0x0001, 0x0001, 0x0001, 0x0001, 0x0001,
  0x0001, 0x5AC1, 0x5AC1, 0x5AC1, 0x5AC1, 0x0001, 0x0001, 0x0001, 0x0001, 0x0001,
  0x0001, 0x0001, 0x0001, 0x0001, 0x0001, 0x0001, 0x0001, 0x0001, 0x0001, 0x0001,
  0x0001, 0x0001, 0x0001, 0x0001, 0x0001, 0x0001, 0x0001, 0x0001, 0x0001, 0x0001,
  0x0001, 0x0001, 0x0001, 0x0001, 0x0001, 0x0001, 0x0001, 0x0001, 0x0001, 0x0001,
  0x0001, 0x0001, 0x0001, 0x0001, 0x0001, 0x0001, 0x0001, 0x0001, 0x0001, 0x0001,
  0x0001, 0x0001, 0x0001, 0x0001, 0x0001, 0x0001, 0x0001, 0xC002, 0x0001, 0x0001,
  0x0001, 0x0001, 0x5D81, 0x5D81, 0x4241, 0x0001, 0x0001, 0x0001, 0x0001, 0x0001,
  0x0001, 0x0001, 0x0001, 0x5E81, 0x5E81, 0x5E81, 0x5E81, 0x0001, 0x0001, 0x0001,
  0x0001, 0x0001, 0x0001, 0x0001, 0x0001, 0x0001, 0x0001, 0x0001, 0x0001, 0x0001,
  0x0001, 0x0001, 0x0001, 0xC002, 0xC002, 0x0001, 0x0001, 0x0001, 0x0001, 0x0001,
  0x0001, 0x0001, 0x0001, 0x0001, 0x0001, 0x0001, 0x0001, 0x0001, 0x0001, 0x0001,
  0x0001, 0x0001, 0x0001, 0x0001, 0x0001, 0x0001, 0x0001, 0x0001, 0x0001, 0x0001,
  0x0001, 0x0001, 0x0001, 0x0001, 0x0001, 0x0001, 0x0001, 0x0001, 0x0001, 0xC001,
  0x0001, 0x0001, 0x0001, 0x0001, 0x0001, 0x0001, 0x0001, 0x0001, 0x0001, 0x0001,
  0x0001, 0x7701, 0x7701, 0x0001, 0x0001, 0x0001, 0x0001, 0x0001, 0x0001, 0x0001,
  0x0001, 0x0001, 0x0001, 0x0001, 0x0001, 0x0001, 0x0001, 0x0001, 0x0001, 0x0001,
  0x0001, 0x0001, 0x0001, 0x0001, 0x0001, 0x0001, 0x0001, 0x0001, 0x0001, 0x0001,
  0x7701, 0x0001, 0x7701, 0x0001, 0x7601, 0x0001, 0x0001, 0x0001, 0x0001, 0x0001,
  0x0001, 0xC002, 0x0001, 0x0001, 0x0001, 0x0001, 0x0001, 0x0001, 0x0001, 0x0001,
  0x0001, 0xC002, 0x0001, 0x0001, 0x0001, 0x0001, 0xC002, 0x0001, 0x0001, 0x0001,
  0x0001, 0xC002, 0x0001, 0x0001, 0x0001, 0x0001, 0xC002, 0x0001, 0x0001, 0x0001,
  0x0001, 0x0001, 0x0001, 0x0001, 0x0001, 0x0001, 0x0001, 0x0001, 0x0001, 0xC002,
  0x0001, 0x0001, 0x0001, 0x0001, 0x0001, 0x0001, 0x0001, 0x6041, 0x6081, 0xC042,
  0x6101, 0xC042, 0xC002, 0xC003, 0xC002, 0xC003, 0x6081, 0x6081, 0x6081, 0x6081,
  0x0001, 0x0001, 0x6081, 0xC042, 0x7981, 0x7981, 0x4241, 0x0001, 0x7981, 0x7981,
  0x0001, 0x0001, 0x0001, 0x0001, 0x0001, 0x0001, 0x0001, 0x0001, 0x0001, 0x0001,
  0x0001, 0xC002, 0x0001, 0x0001, 0x0001, 0x0001, 0x0001, 0x0001, 0x0001, 0x0001,
  0x0001, 0xC002, 0x0001, 0x0001, 0x0001, 0x0001, 0xC002, 0x0001, 0x0001, 0x0001,
  0x0001, 0xC002, 0x0001, 0x0001, 0x0001, 0x0001, 0xC002, 0x0001, 0x0001, 0x0001,
  0x0001, 0x0001, 0x0001, 0x0001, 0x0001, 0x0001, 0x0001, 0x0001, 0x0001, 0xC002,
  0x0001, 0x0001, 0x0001, 0x0001, 0x0001, 0x0001, 0x7701, 0x0001, 0x0001, 0x0001,
  0x0001, 0x0001, 0x0001, 0x0001, 0x0001, 0x0001, 0x0001, 0x0001, 0x0001, 0x0001,
  0x0001, 0x0001, 0x0001, 0x0001, 0x0001, 0x0001, 0x0001, 0x0001, 0x0001, 0x0001,
  0x0001, 0x0001, 0x0001, 0x0001, 0x0001, 0x0001, 0x0001, 0x0001, 0x0001, 0x0001,
  0x0001, 0x0001, 0x0001, 0x0001, 0x0001, 0x0001, 0x0001, 0x0001, 0x0001, 0x0001,
  0x0001, 0x0001, 0x0001, 0x0001, 0x0001, 0x0001, 0x0001, 0x0001, 0x0001, 0x0001,
  0x0001, 0x0001, 0x0001, 0x0001, 0x0002, 0x0001, 0x0001, 0x0001, 0x0001, 0x0001,
  0x0001, 0x0001, 0xC001, 0x0001, 0x0001, 0x0001, 0x0001, 0x0001, 0x0001, 0x0001,
  0x0001, 0x41C1, 0x0001, 0x4241, 0x4241, 0x0001, 0x0001, 0x0001, 0x0001, 0x0001,
  0x0001, 0x0001, 0x0001, 0x0001, 0x0001, 0x0001, 0x0001, 0x0001, 0x7701, 0x0001,
  0x0001, 0x0001, 0x0001, 0x0001, 0x0001, 0x0001, 0x0001, 0x0001, 0x0001, 0x0001,
  0x0001, 0x0001, 0x0001, 0x0001, 0x0001, 0x0001, 0x0001, 0x0001, 0x0001, 0x0001,
  0x0001, 0x0001, 0x0001, 0x0001, 0x0001, 0x0001, 0x0001, 0x0001, 0x0001, 0x0001,
  0x0001, 0x0001, 0x0001, 0x0001, 0x0001, 0x0001, 0x0001, 0x0001, 0x0001, 0x0001,
  0x0001, 0x0001, 0x0001, 0x0001, 0x0001, 0x0001, 0x0001, 0x0001, 0x0001, 0xC001,
  0xC001, 0xC001, 0xC001, 0xC001, 0xC001, 0xC001, 0xC001, 0xC001, 0xC001, 0xC001,
  0xC001, 0xC001, 0xC001, 0xC001, 0xC001, 0xC001, 0xC001, 0xC001, 0xC001, 0xC001,
  0x0001, 0x0001, 0x0001, 0x0001, 0x0001, 0x0001, 0x0001, 0x0001, 0x0001, 0x0001,
  0x0001, 0x0001, 0x0001, 0x0001, 0x0001, 0x0001, 0x0001, 0x0001, 0x0001, 0x0001,
  0x0001, 0x0001, 0x0001, 0x0001, 0x0001, 0x0001, 0x0001, 0x0001, 0x0001, 0x0001,
  0x0001, 0x0001, 0x0001, 0x0001, 0x0001, 0x0001, 0x0001, 0x0001, 0x0001, 0x0001,
  0xC001, 0xC001, 0xC001, 0xC001, 0xC001, 0xC001, 0xC001, 0xC001, 0xC001, 0xC001,
  0xC001, 0xC001, 0xC001, 0xC001, 0xC001, 0xC001, 0xC001, 0xC001, 0xC001, 0xC001,
  0xC001, 0xC001, 0xC001, 0xC001, 0x0001, 0x0001, 0x0001, 0x0001, 0x0001, 0x0001,
  0x0001, 0x0001, 0x0001, 0x0001, 0x0001, 0x0001, 0x0001, 0x0001, 0x0001, 0x0001,
  0x0001, 0x0001, 0x0001, 0x0001, 0x0001, 0x0001, 0x0001, 0x0001, 0x0001, 0x0001,
  0x0001, 0x0001, 0x0001, 0x0001, 0x0001, 0x0001, 0x0001, 0x0001, 0x0001, 0x0001,
  0x0001, 0x0001, 0x0001, 0x0001, 0x0001, 0x0001, 0x0001, 0x0001, 0x0001, 0x0001,
  0x0001, 0x0001, 0x0001, 0x0001, 0x0001, 0x0001, 0x0001, 0x0001, 0x0001, 0x0001,
  0x0001, 0x0001, 0x0001, 0x0001, 0x0001, 0x7981, 0x7981, 0x7981, 0x0001, 0x0001,
  0x0001, 0x0001, 0x0001, 0x0001, 0x0001, 0x0001, 0x0001, 0x0001, 0x0001, 0x0001,
  0x0001, 0x0001, 0x0001, 0x0001, 0x0001, 0x0001, 0x0001, 0x0001, 0x0001, 0x0001,
  0x0001, 0x0001, 0x0001, 0x0001, 0x0001, 0x0001, 0x0001, 0x0001, 0x0001, 0x0001,
  0x4241, 0x4241, 0x0001, 0x0001, 0x0001, 0x0001, 0x0001, 0x0001, 0x0001, 0x0001,
  0x0001, 0x0001, 0x0001, 0x0001, 0x0001, 0x0001, 0x0001, 0x0001, 0x0001, 0x0001,
  0x0001, 0x0001, 0x0001, 0x0001, 0x0001, 0x0001, 0x0001, 0x0001, 0x0001, 0x0001,
  0x0001, 0x0001, 0x4241, 0x0001, 0x0001, 0x0001, 0x0001, 0x0001, 0x0001, 0x0001,
  0x0001, 0x0001, 0x0001, 0x0001, 0x0001, 0x0001, 0x0001, 0x0001, 0x0001, 0x0001,
  0x0001, 0x4241, 0x0001, 0x0001, 0x0001, 0x0001, 0x0001, 0x0001, 0x0001, 0x0001,
  0x0001, 0x0001, 0x7981, 0x0001, 0x0001, 0x0001, 0x0001, 0x0001, 0x0001, 0x0001,
  0x0001, 0x0001, 0x0001, 0x0001, 0x0001, 0x0001, 0x0001, 0x0001, 0x0001, 0x0001,
  0x0001, 0x0001, 0x0001, 0x0001, 0x0001, 0x0001, 0x0001, 0x0001, 0x0001, 0x0001,
  0x0001, 0x0001, 0x0001, 0x0001, 0x0001, 0x0001, 0x0001, 0x0001, 0x0001, 0x0001,
  0x0001, 0x0001, 0x0001, 0x0001, 0x7901, 0x0001, 0x0001, 0x0001, 0x0001, 0x0001,
  0x0001, 0x0001, 0x0001, 0x0001, 0x0001, 0x0001, 0x0001, 0x0001, 0x0001, 0x0001,
  0x0001, 0x0001, 0x0001, 0x0001, 0x0001, 0x0001, 0x0001, 0x0001, 0x0001, 0x0001,
  0x0001, 0x0001, 0x0001, 0x0001, 0x0001, 0x0001, 0x0001, 0x0001, 0x0001, 0x0001,
  0x0001, 0x0001, 0x0001, 0x0001, 0x0001, 0x0001, 0x0001, 0x0001, 0x0001, 0x0001,
  0x0001, 0x0001, 0x0001, 0x0001, 0x0001, 0x0001, 0x0001, 0x0001, 0x0001, 0x0001,
  0x0001, 0x0001, 0x7781, 0x7981, 0x7701, 0x0001, 0x0001, 0x0001, 0x0001, 0x0001,
  0x0001, 0x0001, 0x0001, 0x0001, 0x0001, 0x0001, 0x0001, 0x0001, 0x0001, 0x0001,
  0x0001, 0x0001, 0x0001, 0x0001, 0x0001, 0x0001, 0x0001, 0x0001, 0x7981, 0x7701,
  0x0001, 0x0001, 0x0001, 0x0001, 0x0001, 0x0001, 0x0001, 0x0001, 0x0001, 0x0001,
  0x0001, 0x0001, 0x0001, 0x0001, 0x0001, 0x0001, 0x0001, 0x0001, 0x0001, 0x0001,
  0x0001, 0x0001, 0x0001, 0x0001, 0x0001, 0x0001, 0x0001, 0x0001, 0x0001, 0x0001,
  0x0001, 0x0001, 0x0001, 0x0001, 0x0001, 0x0001, 0x0001, 0x0001, 0x0001, 0x4241,
  0x0001, 0x0001, 0x0001, 0x0001, 0x0001, 0x0001, 0x0001, 0x0001, 0x0001, 0x0001,
  0x0001, 0x0001, 0x0001, 0x0001, 0x0001, 0x0001, 0x0001, 0x0001, 0x0001, 0x0001,
  0x7981, 0x7981, 0x7981, 0x7981, 0x7981, 0x7981, 0x7981, 0x7981, 0x0001, 0x0001,
  0x7701, 0x0001, 0x0001, 0x0001, 0x0001, 0x0001, 0x0001, 0x0001, 0x0001, 0x0001,
  0x0001, 0x0001, 0x0001, 0x0001, 0x0001, 0x0001, 0x0001, 0x0001, 0x0001, 0x0001,
  0x0001, 0x0001, 0x0001, 0x0001, 0x0001, 0x0001, 0x0001, 0x0001, 0x0001, 0x0001,
  0x0001, 0x0001, 0x0001, 0x0001, 0x0001, 0x0001, 0x0001, 0x0001, 0x0001, 0x0001,
  0x0001, 0x0001, 0x0001, 0x0001, 0x0001, 0x0001, 0x0001, 0x0001, 0x0001, 0x7981,
  0x7981, 0x7981, 0x7981, 0x7981, 0x7701, 0x7701, 0x7701, 0x7701, 0x7701, 0x7701,
  0x7981, 0x7981, 0x7701, 0x0001, 0x7701, 0x7981, 0x7981, 0x7701, 0x7701, 0x7981,
  0x7981, 0x7981, 0x7981, 0x7981, 0x7701, 0x7981, 0x7981, 0x7981, 0x7981, 0x7981,
  0x7981, 0x7981, 0x7981, 0x7981, 0x7981, 0x7981, 0x7981, 0x7981, 0x7981, 0x7981,
  0x7981, 0x7981, 0x7981, 0x7701, 0x0001, 0x0001, 0x7981, 0x7981, 0x7981, 0x7981,
  0x7981, 0x7981, 0x7701, 0x7981, 0x7981, 0x7981, 0x7981, 0x7A81, 0x0001, 0x0001,
  0x0001, 0x0001, 0x0001, 0x0001, 0x0001, 0x0001, 0x0001, 0x0001, 0x0001, 0x0001,
  0x0001, 0x0001, 0x0001, 0x0001, 0x0001, 0x0001, 0x0001, 0x0001, 0x0002, 0x0001,
  0x0002, 0x0001, 0x0002, 0x0001, 0x0002, 0x0001, 0x0002, 0x0001, 0x0001, 0x0001,
  0x0002, 0x0001, 0x0001, 0x0001, 0x0001, 0x0001, 0x0001, 0x0001, 0x0001, 0x0001,
  0x0001, 0x0001, 0x0001, 0x0001, 0x0001, 0x0001, 0x0001, 0x0001, 0x0001, 0x0001,
  0x0001, 0x0001, 0x0001, 0x0001, 0x0001, 0x0001, 0x0001, 0x0001, 0x0001, 0x0001,
  0x0001, 0x0001, 0x0001, 0x0001, 0x41C1, 0xC001, 0x0001, 0x0001, 0x0001, 0x0001,
  0x0001, 0x0002, 0x0001, 0x0002, 0x0001, 0x0001, 0x0002, 0x0002, 0x0001, 0x0002,
  0x4241, 0x0001, 0x0001, 0x0001, 0x0001, 0x0001, 0x0001, 0x0001, 0x0001, 0x0001,
  0x0001, 0x0001, 0x0001, 0x0001, 0x0001, 0x0001, 0x0001, 0x0001, 0x0001, 0x0001,
  0x0001, 0x0001, 0x0001, 0x0001, 0x0001, 0x0001, 0x0001, 0x0001, 0x0001, 0x0001,
  0x0001, 0x0001, 0x0001, 0x0001, 0x0001, 0x0001, 0x0001, 0x0001, 0x0001, 0x7981,
  0x7701, 0x7981, 0x7981, 0x7981, 0x7981, 0x7981, 0x7981, 0x7981, 0x0001, 0x0001,
  0x0001, 0x0001, 0x0001, 0x0001, 0x0001, 0x0001, 0x0001, 0x0001, 0x0001, 0x0001,
  0x0001, 0x0001, 0x0001, 0x0001, 0x0001, 0x0001, 0x0001, 0x0001, 0x0001, 0x0001,
  0x0001, 0x0001, 0x0001, 0x0001, 0x0001, 0x0001, 0x0001, 0x0001, 0x0001, 0x0001,
  0x0001, 0x0001, 0x0001, 0x0001, 0x0001, 0x0001, 0x0001, 0x0001, 0x0001, 0x0001,
  0x4241, 0x4241, 0x0001, 0x0001, 0x0001, 0x0001, 0x0001, 0x0001, 0x0001, 0x0001,
  0x0001, 0x0001, 0x0001, 0x0001, 0x0001, 0x0001, 0x0001, 0x0001, 0x0001, 0x0001,
  0x0001, 0x0001, 0x0001, 0x0001, 0x0001, 0x0001, 0x0001, 0x0001, 0x0001, 0x0001,
  0x0001, 0x0001, 0x0001, 0x0001, 0x0001, 0x0001, 0x0001, 0x0001, 0x0001, 0x0001,
  0x41C1, 0x0001, 0x0001, 0x0001, 0x0001, 0x0001, 0x0001, 0x0001, 0x0001, 0x0001,
  0x0001, 0x0001, 0x4241, 0x4241, 0x0001, 0x0001, 0x0001, 0x0001, 0x0001, 0x0001,
  0x0001, 0x0001, 0x0001, 0x0001, 0x0001, 0x0001, 0x0001, 0x0001, 0x0001, 0x0001,
  0x7981, 0x7981, 0x7981, 0x0001, 0x4041, 0x7701, 0x7701, 0x7701, 0x7701, 0x7701,
  0x7981, 0x7981, 0x7701, 0x7701, 0x7701, 0x7701, 0x7981, 0x0001, 0x4041, 0x4041,
  0x4041, 0x4041, 0x4041, 0x4041, 0x4041, 0x0001, 0x0001, 0x0001, 0x0001, 0x7701,
  0x0001, 0x0001, 0x0001, 0x0001, 0x0001, 0x0001, 0x7981, 0x0001, 0x0001, 0x0001,
  0x7981, 0x7981, 0x0001, 0x0001, 0x0001, 0x0001, 0x0001, 0x0001, 0x0001, 0x0001,
  0x0001, 0x0001, 0x0001, 0x0001, 0x0001, 0x0001, 0x0001, 0x0001, 0x0001, 0x0001,
  0x0001, 0x0001, 0x0001, 0x0001, 0x0001, 0x0001, 0x0001, 0x0001, 0x0001, 0x0001,
  0x0001, 0x0001, 0x0001, 0x0001, 0x0001, 0x0001, 0x0001, 0x0001, 0x0001, 0x0001,
  0x0001, 0x0001, 0x0001, 0x0001, 0x0001, 0x0001, 0xC001, 0xC001, 0xC001, 0x0001,
  0xC001, 0xC001, 0xC001, 0xC001, 0xC001, 0xC001, 0xC001, 0xC001, 0xC001, 0xC001,
  0xC001, 0x0001, 0xC001, 0xC001, 0xC001, 0xC001, 0xC001, 0xC001, 0xC001, 0xC001,
  0xC001, 0xC001, 0xC001, 0xC001, 0xC001, 0xC001, 0x0001, 0xC001, 0xC001, 0xC001,
  0xC001, 0xC001, 0xC001, 0xC001, 0xC001, 0xC001, 0xC001, 0xC001, 0xC001, 0xC001,
  0xC001, 0xC001, 0xC001, 0xC001, 0xC001, 0xC001, 0xC001, 0xC001, 0xC001, 0xC001,
  0xC001, 0xC001, 0xC001, 0xC001, 0xC001, 0x0001, 0x0001, 0x0001, 0x0001, 0x0001,
  0x0001, 0x0001, 0x0001, 0x0001, 0x0001, 0x0001, 0x0001, 0x0001, 0xC001, 0x0001,
  0x0001, 0x0001, 0x0001, 0x0001, 0x0001, 0x0001, 0x0001, 0x0001, 0x0001, 0x0001,
  0x0001, 0x0001, 0x0001, 0x0001, 0x0001, 0x0001, 0x0001, 0x0001, 0x0001, 0x0001,
  0x0001, 0x0001, 0x0001, 0x0001, 0x0001, 0x0001, 0xC001, 0xC001, 0xC001, 0xC001,
  0xC001, 0xC001, 0xC001, 0xC001, 0xC001, 0xC001, 0xC001, 0xC001, 0xC001, 0xC001,
  0xC001, 0xC001, 0xC001, 0xC001, 0xC001, 0xC001, 0xC001, 0xC001, 0xC001, 0xC001,
  0xC001, 0xC001, 0xC001, 0xC001, 0xC001, 0xC001, 0xC001, 0xC001, 0xC001, 0xC001,
  0xC001, 0xC001, 0xC001, 0x7981, 0x7981, 0x7701, 0x7981, 0x7981, 0x7981, 0x7981,
  0x7981, 0x7981, 0x7981, 0x7701, 0x7981, 0x7981, 0x7A81, 0x7581, 0x7701, 0x7281,
  0x7981, 0x7981, 0x7981, 0x7981, 0x7981, 0x7981, 0x7981, 0x7981, 0x7981, 0x7981,
  0x7981, 0x7981, 0x7981, 0x7981, 0x7981, 0x7981, 0x7981, 0x7981, 0x7981, 0x7981,
  0x7981, 0x7981, 0x7981, 0x7981, 0x7981, 0x7981, 0x7981, 0x7981, 0x7981, 0x7981,
  0x7981, 0x7981, 0x7981, 0x7981, 0x7981, 0x7981, 0x7981, 0x7A01, 0x7901, 0x7901,
  0x7701, 0x7681, 0x7981, 0x7A41, 0x7701, 0x7981, 0x7701, 0x0002, 0x0002, 0x0002,
  0x0002, 0x0002, 0x0002, 0x0002, 0x0002, 0x0003, 0x0003, 0x0002, 0x0002, 0x0002,
  0x0002, 0x0002, 0x0002, 0x0002, 0x0002, 0x0002, 0x0002, 0x0003, 0x0003, 0x0003,
  0x0003, 0x0002, 0x0002, 0x0002, 0x0002, 0x0003, 0x0003, 0x0002, 0x0002, 0x0002,
  0x0002, 0x0002, 0x0002, 0x0002, 0x0002, 0x0002, 0x0002, 0x0002, 0x0002, 0x0002,
  0x0002, 0x0002, 0x0002, 0x0003, 0x0003, 0x0002, 0x0002, 0x0002, 0x0002, 0x0002,
  0x0002, 0x0002, 0x0002, 0x0003, 0x0003, 0x0002, 0x0002, 0x0002, 0x0002, 0x0002,
  0x0002, 0x0002, 0x0002, 0x0002, 0x0002, 0x0002, 0x0002, 0x0003, 0x0003, 0x0003,
  0x0003, 0x0003, 0x0003, 0x0003, 0x0003, 0x0002, 0x0002, 0x0002, 0x0002, 0x0002,
  0x0002, 0x0002, 0x0002, 0x0003, 0x0003, 0x0002, 0x0002, 0x0002, 0x0002, 0x0002,
  0x0002, 0x0003, 0x0003, 0x0003, 0x0003, 0x0003, 0x0003, 0x0002, 0x0002, 0x0002,
  0x0002, 0x0002, 0x0002, 0x0002, 0x0002, 0x0002, 0x0002, 0x0002, 0x0002, 0x0002,
  0x0002, 0x0003, 0x0003, 0x0003, 0x0003, 0x0002, 0x0002, 0x0002, 0x0002, 0x0002,
  0x0002, 0x0002, 0x0002, 0x0002, 0x0002, 0x0002, 0x0002, 0x0002, 0x0002, 0x0002,
  0x0002, 0x0002, 0x0002, 0x0002, 0x0002, 0x0002, 0x0002, 0x0002, 0x0002, 0x0002,
  0x0002, 0xC002, 0xC002, 0x0001, 0x0001, 0x0001, 0x0001, 0x0002, 0x0002, 0x0002,
  0x0002, 0x0003, 0x0003, 0x0003, 0x0003, 0x0003, 0x0003, 0x0003, 0x0003, 0x0003,
  0x0003, 0x0003, 0x0003, 0x0003, 0x0003, 0x0003, 0x0003, 0x0003, 0x0003, 0x0003,
  0x0003, 0x0002, 0x0002, 0x0002, 0x0002, 0x0002, 0x0002, 0x0003, 0x0003, 0x0003,
  0x0003, 0x0003, 0x0003, 0x0003, 0x0003, 0x0002, 0x0002, 0x0002, 0x0002, 0x0002,
  0x0002, 0x0002, 0x0002, 0x0003, 0x0003, 0x0003, 0x0003, 0x0003, 0x0003, 0x0003,
  0x0003, 0x0003, 0x0003, 0x0003, 0x0003, 0x0003, 0x0003, 0x0003, 0x0003, 0x0003,
  0x0003, 0x0003, 0x0003, 0x0002, 0x0002, 0x0002, 0x0002, 0x0003, 0x0003, 0x0003,
  0x0003, 0x0003, 0x0003, 0x0003, 0x0003, 0x0003, 0x0003, 0x0002, 0x0002, 0x0002,
  0x0002, 0x0002, 0x0002, 0x0002, 0x0002, 0x0001, 0x0001, 0x0001, 0x0001, 0x0001,
  0x0001, 0x0002, 0x0002, 0x0003, 0x0003, 0x0003, 0x0003, 0x0003, 0x0003, 0x0002,
  0x0002, 0x0003, 0x0003, 0x0003, 0x0003, 0x0003, 0x0003, 0x0002, 0x0002, 0x0003,
  0x0003, 0x0003, 0x0003, 0x0001, 0x0001, 0x0002, 0x0002, 0x0003, 0x0003, 0x0003,
  0x0003, 0x0001, 0x0001, 0x0002, 0x0002, 0x0003, 0x0003, 0x0003, 0x0003, 0x0003,
  0x0003, 0x0002, 0x0002, 0x0003, 0x0003, 0x0003, 0x0003, 0x0003, 0x0003, 0x0002,
  0x0002, 0x0003, 0x0003, 0x0003, 0x0003, 0x0003, 0x0003, 0x0002, 0x0002, 0x0003,
  0x0003, 0x0003, 0x0003, 0x0003, 0x0003, 0x0002, 0x0002, 0x0003, 0x0003, 0x0003,
  0x0003, 0x0001, 0x0001, 0x0002, 0x0002, 0x0003, 0x0003, 0x0003, 0x0003, 0x0001,
  0x0001, 0x0002, 0x0002, 0x0003, 0x0003, 0x0003, 0x0003, 0x0003, 0x0003, 0x0001,
  0x0002, 0x0001, 0x0003, 0x0001, 0x0003, 0x0001, 0x0003, 0x0002, 0x0002, 0x0003,
  0x0003, 0x0003, 0x0003, 0x0003, 0x0003, 0x0002, 0x0002, 0x0003, 0x0003, 0x0003,
  0x0003, 0x0003, 0x0003, 0x0002, 0xC002, 0x0002, 0xC002, 0x0002, 0xC002, 0x0002,
  0xC002, 0x0002, 0xC002, 0x0002, 0xC002, 0x0002, 0xC002, 0x0001, 0x0001, 0x0003,
  0x0003, 0x0004, 0x0004, 0x0004, 0x0004, 0x0004, 0x0004, 0x0003, 0x0003, 0x0004,
  0x0004, 0x0004, 0x0004, 0x0004, 0x0004, 0x0003, 0x0003, 0x0004, 0x0004, 0x0004,
  0x0004, 0x0004, 0x0004, 0x0003, 0x0003, 0x0004, 0x0004, 0x0004, 0x0004, 0x0004,
  0x0004, 0x0003, 0x0003, 0x0004, 0x0004, 0x0004, 0x0004, 0x0004, 0x0004, 0x0003,
  0x0003, 0x0004, 0x0004, 0x0004, 0x0004, 0x0004, 0x0004, 0x0002, 0x0002, 0x0003,
  0x0002, 0x0003, 0x0001, 0x0002, 0x0003, 0x0002, 0x0002, 0x0002, 0xC002, 0x0002,
  0xC002, 0xC001, 0xC002, 0xC003, 0x0003, 0x0002, 0x0003, 0x0001, 0x0002, 0x0003,
  0x0002, 0xC002, 0x0002, 0xC002, 0x0002, 0xC003, 0xC003, 0xC003, 0x0002, 0x0002,
  0x0003, 0xC003, 0x0001, 0x0001, 0x0002, 0x0003, 0x0002, 0x0002, 0x0002, 0xC002,
  0x0001, 0xC003, 0xC003, 0xC003, 0x0002, 0x0002, 0x0003, 0xC003, 0x0002, 0x0002,
  0x0002, 0x0003, 0x0002, 0x0002, 0x0002, 0xC002, 0x0002, 0xC003, 0xC003, 0xC001,
  0x0001, 0x0001, 0x0003, 0x0002, 0x0003, 0x0001, 0x0002, 0x0003, 0x0002, 0xC002,
  0x0002, 0xC002, 0x0002, 0xC002, 0xC002, 0x0001, 0xC001, 0xC001, 0xC001, 0xC001,
  0xC001, 0xC001, 0xC001, 0xC001, 0xC001, 0xC001, 0xC001, 0x0001, 0x0001, 0x0001,
  0x0001, 0x0001, 0x0001, 0xC001, 0x0001, 0x0001, 0x0001, 0x0001, 0x0001, 0xC002,
  0x0001, 0x0001, 0x0001, 0x0001, 0x0001, 0x0001, 0x0001, 0x0001, 0x0001, 0x0001,
  0x0001, 0x0001, 0xC001, 0xC002, 0xC003, 0x0001, 0x0001, 0x0001, 0x0001, 0x0001,
  0x0001, 0x0001, 0x0001, 0xC001, 0x0001, 0x0001, 0x0001, 0xC002, 0xC003, 0x0001,
  0xC002, 0xC003, 0x0001, 0x0001, 0x0001, 0x0001, 0xC002, 0x0001, 0xC002, 0x0001,
  0x0001, 0x0001, 0x0001, 0x0001, 0x0001, 0x0001, 0xC002, 0xC002, 0xC002, 0x0001,
  0x0001, 0x0001, 0x0001, 0x0001, 0x0001, 0x0001, 0x0001, 0x0001, 0x0001, 0x0001,
  0x0001, 0x0001, 0xC004, 0x0001, 0x0001, 0x0001, 0x0001, 0x0001, 0x0001, 0x0001,
  0xC001, 0x0001, 0x0001, 0x0001, 0x0001, 0x0001, 0x0001, 0x0001, 0x0001, 0x0001,
  0x0001, 0x0001, 0x0001, 0x0001, 0x0001, 0x0001, 0x0001, 0xC001, 0xC001, 0x0001,
  0x0001, 0xC001, 0xC001, 0xC001, 0xC001, 0xC001, 0xC001, 0xC001, 0xC001, 0xC001,
  0xC001, 0xC001, 0xC001, 0xC001, 0xC001, 0xC001, 0x0001, 0xC001, 0xC001, 0xC001,
  0xC001, 0xC001, 0xC001, 0xC001, 0xC001, 0xC001, 0xC001, 0xC001, 0xC001, 0xC001,
  0x0001, 0x0001, 0x0001, 0x0001, 0x0001, 0x0001, 0x0001, 0x0001, 0x0001, 0x0001,
  0x0001, 0xC002, 0x0001, 0x0001, 0x0001, 0x0001, 0x0001, 0x0001, 0x0001, 0x0001,
  0x0001, 0x0001, 0x0001, 0x0001, 0x0001, 0x0001, 0x0001, 0x0001, 0x0001, 0x0001,
  0x0001, 0x0001, 0x0001, 0x0001, 0x0001, 0x7981, 0x7981, 0x4041, 0x4041, 0x7981,
  0x7981, 0x7981, 0x7981, 0x4041, 0x4041, 0x4041, 0x7981, 0x7981, 0x0001, 0x0001,
  0x0001, 0x0001, 0x7981, 0x0001, 0x0001, 0x0001, 0x4041, 0x4041, 0x7981, 0x7701,
  0x7981, 0x4041, 0x4041, 0x7701, 0x7701, 0x7701, 0x7701, 0x7981, 0x0001, 0x0001,
  0x0001, 0x0001, 0x0001, 0x0001, 0x0001, 0x0001, 0x0001, 0x0001, 0x0001, 0x0001,
  0x0001, 0x0001, 0x0001, 0xC003, 0xC003, 0xC001, 0xC002, 0x0001, 0xC003, 0xC003,
  0xC001, 0x0001, 0xC002, 0xC001, 0xC001, 0xC001, 0xC001, 0xC001, 0xC001, 0xC001,
  0xC001, 0xC001, 0xC001, 0x0001, 0xC001, 0xC002, 0x0001, 0x0001, 0xC001, 0xC001,
  0xC001, 0xC001, 0xC001, 0x0001, 0x0001, 0xC002, 0xC003, 0xC002, 0x0001, 0xC001,
  0x0001, 0xC001, 0x0001, 0xC001, 0x0001, 0xC001, 0xC002, 0xC001, 0xC001, 0x0001,
  0xC001, 0xC001, 0xC001, 0x0001, 0xC001, 0xC001, 0xC001, 0xC001, 0xC001, 0xC001,
  0xC001, 0x0001, 0xC003, 0xC001, 0xC001, 0xC001, 0xC001, 0x0001, 0x0001, 0x0001,
  0x0001, 0xC001, 0xC001, 0xC001, 0xC001, 0xC001, 0x0001, 0x0001, 0x0001, 0x0001,
  0x0001, 0x0001, 0xC003, 0xC003, 0xC004, 0xC003, 0xC003, 0xC003, 0xC003, 0xC003,
  0xC003, 0xC003, 0xC003, 0xC003, 0xC003, 0xC003, 0xC003, 0xC002, 0xC001, 0xC002,
  0xC003, 0xC002, 0xC001, 0xC002, 0xC003, 0xC004, 0xC002, 0xC001, 0xC002, 0xC003,
  0xC001, 0xC001, 0xC001, 0xC001, 0xC001, 0xC002, 0xC003, 0xC002, 0xC001, 0xC002,
  0xC003, 0xC004, 0xC002, 0xC001, 0xC002, 0xC003, 0xC001, 0xC001, 0xC001, 0xC001,
  0x0001, 0x0001, 0x0001, 0x0001, 0x0001, 0x0001, 0x0001, 0x0001, 0x0001, 0xC003,
  0x0001, 0x0001, 0x0001, 0x0001, 0x0001, 0x0001, 0x0001, 0x0001, 0x0001, 0x0001,
  0x0001, 0x0001, 0x0001, 0x0001, 0x0001, 0x0001, 0x0002, 0x0002, 0x0001, 0x0001,
  0x0001, 0x0001, 0x0001, 0x0001, 0x0001, 0x0001, 0x0001, 0x0001, 0x0001, 0x0001,
  0x0001, 0x0001, 0x0001, 0x0001, 0x0001, 0x0001, 0x0002, 0x0001, 0x0001, 0x0001,
  0x0001, 0x0001, 0x0001, 0x0001, 0x0001, 0x0001, 0x0001, 0x0001, 0x0001, 0x0001,
  0x0001, 0x0001, 0x0001, 0x0001, 0x0002, 0x0002, 0x0002, 0x0001, 0x0001, 0x0001,
  0x0001, 0x0001, 0x0001, 0x0001, 0x0001, 0x0001, 0x0001, 0x0001, 0x0001, 0x0001,
  0x0001, 0x0001, 0x0001, 0x0001, 0x0001, 0x0001, 0x0001, 0x0001, 0x0001, 0x0001,
  0x0001, 0x0001, 0x0001, 0x0001, 0x0001, 0x0001, 0x0001, 0x0001, 0x0001, 0x0001,
  0x0001, 0x0001, 0x0001, 0x0001, 0x0001, 0x0001, 0x0001, 0x0001, 0x0001, 0x0001,
  0x0001, 0x0001, 0x0001, 0x0001, 0x0001, 0x0002, 0x0001, 0x0001, 0x0001, 0x0001,
  0x0002, 0x0001, 0x0001, 0x0002, 0x0001, 0x0001, 0x0001, 0x0001, 0x0001, 0x0001,
  0x0001, 0x0001, 0x0001, 0x0001, 0x0001, 0x0001, 0x0001, 0x0001, 0x0001, 0x0001,
  0x0001, 0x0001, 0x0001, 0x0001, 0x0001, 0x0001, 0x0001, 0x0002, 0x0001, 0x0002,
  0x0001, 0x0001, 0x0001, 0x0001, 0x0001, 0xC002, 0xC003, 0x0001, 0xC002, 0xC003,
  0x0001, 0x0001, 0x0001, 0x0001, 0x0001, 0x0001, 0x0001, 0x0001, 0x0001, 0x0001,
  0x0001, 0x0001, 0x0001, 0x0001, 0x0001, 0x0002, 0x0001, 0x0001, 0x0002, 0x0001,
  0x0001, 0x0002, 0x0001, 0x0002, 0x0001, 0x0001, 0x0001, 0x0001, 0x0001, 0x0001,
  0x0001, 0x0001, 0x0001, 0x0001, 0x0001, 0x0001, 0x0001, 0x0001, 0x0001, 0x0001,
  0x0001, 0x0001, 0x0001, 0x0001, 0x0001, 0x0001, 0x0002, 0x0001, 0x0002, 0x0001,
  0x0001, 0x0001, 0x0001, 0x0001, 0x0001, 0x0001, 0x0001, 0x0001, 0x0001, 0x0002,
  0x0002, 0x0002, 0x0002, 0x0002, 0x0001, 0x0001, 0x0002, 0x0002, 0x0001, 0x0001,
  0x0002, 0x0002, 0x0001, 0x0001, 0x0001, 0x0001, 0x0001, 0x0001, 0x0001, 0x0001,
  0x0001, 0x0001, 0x0001, 0x0001, 0x0001, 0x0001, 0x0001, 0x0001, 0x0001, 0x0001,
  0x0001, 0x0001, 0x0001, 0x0001, 0x0001, 0x0001, 0x0001, 0x0001, 0x0001, 0x0001,
  0x0001, 0x0001, 0x0001, 0x0001, 0x0001, 0x0001, 0x0002, 0x0002, 0x0002, 0x0002,
  0x0001, 0x0001, 0x0001, 0x0001, 0x0001, 0x0001, 0x0001, 0x0001, 0x0001, 0x0001,
  0x0001, 0x0001, 0x0001, 0x0001, 0x0001, 0x0001, 0x0001, 0x0001, 0x0001, 0x0001,
  0x0001, 0x0001, 0x0001, 0x0001, 0x0001, 0x0001, 0x0001, 0x0001, 0x0001, 0x0001,
  0x0001, 0x0001, 0x0002, 0x0002, 0x0002, 0x0002, 0x0001, 0x0001, 0x0001, 0x0001,
  0x0001, 0x0001, 0x0002, 0x0002, 0x0002, 0x0002, 0x0001, 0x0001, 0x0001, 0x0001,
  0x0001, 0x0001, 0x0001, 0x0001, 0x0001, 0x0001, 0x0001, 0x0001, 0x0001, 0x0001,
  0x0001, 0x0001, 0x0001, 0x0001, 0x0001, 0x0001, 0x0001, 0x0001, 0x0001, 0x0001,
  0x0001, 0x0001, 0x0001, 0x0001, 0x0001, 0x0001, 0x0001, 0x0001, 0x0001, 0x0001,
  0x0001, 0x0001, 0x0001, 0x0001, 0x0001, 0x0001, 0x0001, 0xC001, 0xC001, 0x0001,
  0x0001, 0x0001, 0x0001, 0x0001, 0x0001, 0x0001, 0x0001, 0x0001, 0x0001, 0x0001,
  0x0001, 0x0001, 0x0001, 0x0001, 0x0001, 0x0001, 0x0001, 0x0001, 0x0001, 0x0001,
  0x0001, 0x0001, 0x0001, 0x0001, 0x0001, 0x0001, 0x0001, 0x0001, 0x0001, 0x0001,
  0x0001, 0xC001, 0xC001, 0xC001, 0xC001, 0xC001, 0xC001, 0xC001, 0xC001, 0xC001,
  0xC002, 0xC002, 0xC002, 0xC002, 0xC002, 0xC002, 0xC002, 0xC002, 0xC002, 0xC002,
  0xC002, 0xC003, 0xC003, 0xC003, 0xC003, 0xC003, 0xC003, 0xC003, 0xC003, 0xC003,
  0xC004, 0xC004, 0xC004, 0xC004, 0xC004, 0xC004, 0xC004, 0xC004, 0xC002, 0xC002,
  0xC002, 0xC002, 0xC002, 0xC002, 0xC002, 0xC002, 0xC002, 0xC003, 0xC003, 0xC003,
  0xC003, 0xC003, 0xC003, 0xC003, 0xC003, 0xC003, 0xC003, 0xC003, 0xC003, 0xC003,
  0xC003, 0xC003, 0xC003, 0xC003, 0xC003, 0xC003, 0xC003, 0xC003, 0xC003, 0xC003,
  0xC003, 0xC003, 0xC003, 0xC003, 0xC003, 0xC003, 0xC003, 0xC003, 0xC003, 0xC003,
  0xC003, 0xC003, 0xC003, 0xC003, 0xC001, 0xC001, 0xC001, 0xC001, 0xC001, 0xC001,
  0xC001, 0xC001, 0xC001, 0xC001, 0xC001, 0xC001, 0xC001, 0xC001, 0xC001, 0xC001,
  0xC001, 0xC001, 0xC001, 0xC001, 0xC001, 0xC001, 0xC001, 0xC001, 0xC001, 0xC001,
  0xC001, 0xC001, 0xC001, 0xC001, 0xC001, 0xC001, 0xC001, 0xC001, 0xC001, 0xC001,
  0xC001, 0xC001, 0xC001, 0xC001, 0xC001, 0xC001, 0xC001, 0x0001, 0x0001, 0x0001,
  0x0001, 0x0001, 0x0001, 0x0001, 0x0001, 0x0001, 0x0001, 0x0001, 0x0001, 0x0001,
  0x0001, 0x0001, 0x0001, 0x0001, 0x0001, 0x0001, 0x0001, 0x0001, 0xC004, 0x0001,
  0x0001, 0x0001, 0x0001, 0x0001, 0x0001, 0x0001, 0x0001, 0x0001, 0x0001, 0x0001,
  0x0001, 0x0001, 0x0001, 0x0001, 0x0001, 0x0001, 0x0001, 0x0001, 0x0001, 0x0001,
  0x0001, 0x0001, 0x0001, 0x0001, 0x0001, 0x0001, 0x0001, 0x0001, 0x0001, 0x0001,
  0x0001, 0x0001, 0x0001, 0x0001, 0x0001, 0x0001, 0x0001, 0x0001, 0x0001, 0x0001,
  0x0001, 0x0001, 0x0001, 0x0001, 0x0001, 0x0001, 0x0001, 0x0001, 0x0001, 0x0001,
  0x0001, 0xC003, 0xC002, 0xC003, 0x0001, 0x0001, 0x0001, 0x0001, 0x0001, 0x0001,
  0x0001, 0x0001, 0x0001, 0x0001, 0x0001, 0x0001, 0x0001, 0x0001, 0x0001, 0x0001,
  0x0001, 0x0001, 0x0001, 0x0001, 0x0001, 0x0001, 0x0001, 0x0001, 0x0001, 0x0001,
  0x0001, 0x0001, 0xC002, 0x0001, 0x0001, 0x0001, 0x0001, 0x0001, 0x0001, 0x0001,
  0x0001, 0x0001, 0x0001, 0x0001, 0x0001, 0x0001, 0x0001, 0x0001, 0x0001, 0x0001,
  0x0001, 0x0001, 0x0001, 0x0001, 0x0001, 0x0001, 0x0001, 0x0001, 0x0001, 0x0001,
  0x0001, 0x0001, 0x0001, 0x0001, 0x0001, 0x0001, 0x0001, 0x0001, 0x0001, 0x0001,
  0x0001, 0x0001, 0x0001, 0x0001, 0x0001, 0x0001, 0x0001, 0x0001, 0x0001, 0x0001,
  0x0001, 0x0001, 0x0001, 0x0001, 0x0001, 0x0001, 0x0001, 0x0001, 0x0001, 0x0001,
  0x0001, 0x0001, 0x0001, 0xC001, 0xC001, 0x0001, 0x0001, 0x0001, 0x0001, 0x0001,
  0x0001, 0x0001, 0x0001, 0x0001, 0x0001, 0x0001, 0x0001, 0x0001, 0x0001, 0x0001,
  0x0001, 0x0001, 0x0001, 0x0001, 0x0001, 0x0001, 0x0001, 0x0001, 0x0001, 0x0001,
  0x0001, 0x0001, 0x0001, 0x0001, 0x0001, 0x0001, 0x0001, 0x0001, 0x0001, 0x0001,
  0x0001, 0x0001, 0x0001, 0x0001, 0x0001, 0x0001, 0x0001, 0x0001, 0x0001, 0x0001,
  0x0001, 0x0001, 0xC001, 0x0001, 0x0001, 0x0001, 0x0001, 0x0001, 0x0001, 0x0001,
  0x0001, 0x0001, 0x0001, 0x0001, 0x0001, 0x0001, 0x0001, 0x0001, 0x4241, 0x0001,
  0x0001, 0x0001, 0x0001, 0x0001, 0x0001, 0x0001, 0x0001, 0x0001, 0x0001, 0x0001,
  0x0001, 0x0001, 0x0001, 0x0001, 0x0001, 0x0001, 0x0001, 0x0001, 0x0001, 0x0001,
  0x0001, 0x0001, 0x0001, 0x0001, 0x0001, 0x0001, 0x0001, 0x0001, 0x0001, 0x0001,
  0x0001, 0x7981, 0x7981, 0x7981, 0x7981, 0x7981, 0x7981, 0x7981, 0x7981, 0x7981,
  0x7981, 0x7981, 0x7981, 0x7981, 0x7981, 0x7981, 0x7981, 0x7981, 0x7981, 0x7981,
  0x7981, 0x7981, 0x7981, 0x7981, 0x7981, 0x7981, 0x7981, 0x7981, 0x7981, 0x7981,
  0x7981, 0x7981, 0x7981, 0x0001, 0x0001, 0x0001, 0x0001, 0x0001, 0x0001, 0x0001,
  0x0001, 0x0001, 0x0001, 0x0001, 0x0001, 0x0001, 0x0001, 0x0001, 0x0001, 0x0001,
  0x0001, 0x0001, 0x0001, 0x0001, 0x0001, 0x0001, 0x0001, 0x0001, 0x0001, 0x0001,
  0x0001, 0x0001, 0x0001, 0x0001, 0xC001, 0x0001, 0x0001, 0x0001, 0x0001, 0x0001,
  0x0001, 0x0001, 0x0001, 0x0001, 0x0001, 0x0001, 0x0001, 0x0001, 0x0001, 0x0001,
  0x0001, 0x0001, 0x0001, 0x0001, 0x0001, 0x0001, 0x0001, 0x0001, 0x0001, 0x0001,
  0x0001, 0x0001, 0x0001, 0x0001, 0x0001, 0x0001, 0x0001, 0x0001, 0x0001, 0x0001,
  0x0001, 0x0001, 0x0001, 0x0001, 0x0001, 0x0001, 0x0001, 0x0001, 0x0001, 0x0001,
  0x0001, 0x0001, 0x0001, 0x0001, 0x0001, 0x0001, 0xC001, 0x0001, 0x0001, 0x0001,
  0x0001, 0x0001, 0x0001, 0x0001, 0x0001, 0x0001, 0x0001, 0x0001, 0x0001, 0xC001,
  0xC001, 0xC001, 0xC001, 0xC001, 0xC001, 0xC001, 0xC001, 0xC001, 0xC001, 0xC001,
  0xC001, 0xC001, 0xC001, 0xC001, 0xC001, 0xC001, 0xC001, 0xC001, 0xC001, 0xC001,
  0xC001, 0xC001, 0xC001, 0xC001, 0xC001, 0xC001, 0xC001, 0xC001, 0xC001, 0xC001,
  0xC001, 0xC001, 0xC001, 0xC001, 0xC001, 0xC001, 0xC001, 0xC001, 0xC001, 0xC001,
  0xC001, 0xC001, 0xC001, 0xC001, 0xC001, 0xC001, 0xC001, 0xC001, 0xC001, 0xC001,
  0xC001, 0xC001, 0xC001, 0xC001, 0xC001, 0xC001, 0xC001, 0xC001, 0xC001, 0xC001,
  0xC001, 0xC001, 0xC001, 0x0001, 0x0001, 0x0001, 0x0001, 0x0001, 0x0001, 0x0001,
  0x0001, 0x0001, 0x0001, 0x0001, 0x0001, 0x0001, 0x0001, 0x0001, 0x0001, 0x0001,
  0x0001, 0x0001, 0x0001, 0x0001, 0x0001, 0x0001, 0x0001, 0x0001, 0x0001, 0x0001,
  0x0001, 0x0001, 0x0001, 0x0001, 0x0001, 0x0001, 0x0001, 0x0001, 0x0001, 0x0001,
  0x0001, 0x0001, 0x0001, 0x0001, 0x7681, 0x7901, 0x7A01, 0x7781, 0x7801, 0x7801,
  0x0001, 0x0001, 0x0001, 0x0001, 0x0001, 0x0001, 0xC001, 0x0001, 0xC001, 0xC001,
  0xC001, 0x0001, 0x0001, 0x0001, 0x0001, 0x0001, 0x0001, 0x0001, 0x0001, 0x0001,
  0x0001, 0x0001, 0x0001, 0x0002, 0x0001, 0x0002, 0x0001, 0x0002, 0x0001, 0x0002,
  0x0001, 0x0002, 0x0001, 0x0002, 0x0001, 0x0002, 0x0001, 0x0002, 0x0001, 0x0002,
  0x0001, 0x0002, 0x0001, 0x0002, 0x0001, 0x0002, 0x0001, 0x0001, 0x0002, 0x0001,
  0x0002, 0x0001, 0x0002, 0x0001, 0x0001, 0x0001, 0x0001, 0x0001, 0x0001, 0x0002,
  0x0002, 0x0001, 0x0002, 0x0002, 0x0001, 0x0002, 0x0002, 0x0001, 0x0002, 0x0002,
  0x0001, 0x0002, 0x0002, 0x0001, 0x0001, 0x0001, 0x0001, 0x0001, 0x0001, 0x0001,
  0x0001, 0x0001, 0x0001, 0x0001, 0x0001, 0x0001, 0x0001, 0x0001, 0x0001, 0x0001,
  0x0001, 0x0001, 0x0001, 0x0002, 0x0001, 0x0001, 0x0001, 0x0001, 0xC201, 0xC201,
  0xC002, 0xC002, 0x0001, 0x0002, 0xC002, 0x0001, 0x0001, 0x0001, 0x0001, 0x0001,
  0x0001, 0x0001, 0x0001, 0x0001, 0x0001, 0x0001, 0x0001, 0x0002, 0x0001, 0x0002,
  0x0001, 0x0002, 0x0001, 0x0002, 0x0001, 0x0002, 0x0001, 0x0002, 0x0001, 0x0002,
  0x0001, 0x0002, 0x0001, 0x0002, 0x0001, 0x0002, 0x0001, 0x0001, 0x0002, 0x0001,
  0x0002, 0x0001, 0x0002, 0x0001, 0x0001, 0x0001, 0x0001, 0x0001, 0x0001, 0x0002,
  0x0002, 0x0001, 0x0002, 0x0002, 0x0001, 0x0002, 0x0002, 0x0001, 0x0002, 0x0002,
  0x0001, 0x0002, 0x0002, 0x0001, 0x0001, 0x0001, 0x0001, 0x0001, 0x0001, 0x0001,
  0x0001, 0x0001, 0x0001, 0x0001, 0x0001, 0x0001, 0x0001, 0x0001, 0x0001, 0x0001,
  0x0001, 0x0001, 0x0001, 0x0001, 0x0001, 0x0002, 0x0001, 0x0001, 0x0002, 0x0002,
  0x0002, 0x0002, 0x0001, 0x0001, 0x0001, 0x0002, 0xC002, 0xC001, 0xC001, 0xC001,
  0xC001, 0xC001, 0xC001, 0xC001, 0xC001, 0xC001, 0xC001, 0xC001, 0xC001, 0xC001,
  0xC001, 0xC001, 0x0001, 0x0001, 0x0001, 0xC001, 0xC001, 0xC001, 0xC001, 0xC001,
  0xC001, 0xC001, 0xC001, 0xC001, 0xC001, 0xC001, 0xC001, 0xC001, 0xC001, 0x0001,
  0x0001, 0x0001, 0x0001, 0x0001, 0x0001, 0x0001, 0x0001, 0x0001, 0x0001, 0x0001,
  0x0001, 0x0001, 0x0001, 0x0001, 0x0001, 0x0001, 0x0001, 0x0001, 0x0001, 0x0001,
  0x0001, 0x0001, 0x0001, 0x0001, 0x0001, 0x0001, 0x0001, 0x0001, 0x0001, 0x0001,
  0x0001, 0xC003, 0xC003, 0xC003, 0xC003, 0xC003, 0xC003, 0xC003, 0xC003, 0xC003,
  0xC003, 0xC003, 0xC003, 0xC003, 0xC003, 0xC004, 0xC004, 0xC004, 0xC004, 0xC004,
  0xC004, 0xC004, 0xC004, 0xC004, 0xC004, 0xC004, 0xC004, 0xC004, 0xC004, 0xC004,
  0xC007, 0xC006, 0x0001, 0xC003, 0xC003, 0xC003, 0xC003, 0xC003, 0xC003, 0xC003,
  0xC003, 0xC003, 0xC003, 0xC003, 0xC003, 0xC003, 0xC003, 0xC003, 0xC003, 0xC003,
  0xC003, 0xC003, 0xC003, 0xC003, 0xC003, 0xC003, 0xC003, 0xC003, 0xC003, 0xC003,
  0xC003, 0xC003, 0xC003, 0xC003, 0xC003, 0xC001, 0xC001, 0xC001, 0xC001, 0x0001,
  0x0001, 0x0001, 0x0001, 0x0001, 0x0001, 0x0001, 0x0001, 0xC003, 0xC002, 0xC002,
  0xC002, 0xC002, 0xC002, 0xC002, 0xC002, 0xC002, 0xC002, 0xC002, 0xC002, 0xC002,
  0xC002, 0xC002, 0xC002, 0xC001, 0xC001, 0xC001, 0xC001, 0xC001, 0xC001, 0xC001,
  0xC001, 0xC001, 0xC001, 0xC001, 0xC001, 0xC001, 0xC001, 0xC002, 0xC002, 0xC002,
  0xC002, 0xC002, 0xC002, 0xC002, 0xC002, 0xC002, 0xC002, 0xC002, 0xC002, 0xC002,
  0xC002, 0xC005, 0xC004, 0xC002, 0x0001, 0xC001, 0xC001, 0xC001, 0xC001, 0xC001,
  0xC001, 0xC001, 0xC001, 0xC001, 0xC001, 0xC001, 0xC001, 0xC001, 0xC001, 0xC001,
  0xC001, 0xC001, 0xC001, 0xC001, 0xC001, 0xC001, 0xC001, 0xC001, 0xC001, 0xC001,
  0xC001, 0xC001, 0xC001, 0xC001, 0xC001, 0xC001, 0xC001, 0xC001, 0xC001, 0xC001,
  0xC001, 0xC001, 0xC001, 0xC001, 0xC001, 0xC001, 0xC001, 0xC001, 0xC001, 0xC001,
  0xC001, 0xC001, 0xC001, 0xC001, 0xC002, 0xC002, 0xC002, 0xC002, 0xC002, 0xC002,
  0xC002, 0xC002, 0xC002, 0xC002, 0xC002, 0xC002, 0xC002, 0xC002, 0xC002, 0xC003,
  0xC003, 0xC003, 0xC002, 0xC003, 0xC002, 0xC003, 0xC001, 0xC001, 0xC001, 0xC001,
  0xC001, 0xC001, 0xC001, 0xC001, 0xC001, 0xC001, 0xC001, 0xC001, 0xC001, 0xC001,
  0xC001, 0xC001, 0xC001, 0xC001, 0xC001, 0xC001, 0xC001, 0xC001, 0xC001, 0xC001,
  0xC001, 0xC001, 0xC001, 0xC001, 0xC001, 0xC001, 0xC001, 0xC001, 0xC001, 0xC001,
  0xC001, 0xC001, 0xC001, 0xC001, 0xC001, 0xC001, 0xC001, 0xC001, 0xC001, 0xC001,
  0xC001, 0xC001, 0xC001, 0xC002, 0xC005, 0xC004, 0xC005, 0xC003, 0xC005, 0xC003,
  0xC003, 0xC006, 0xC004, 0xC003, 0xC003, 0xC003, 0xC004, 0xC004, 0xC004, 0xC004,
  0xC004, 0xC004, 0xC004, 0xC006, 0xC002, 0xC006, 0xC006, 0xC005, 0xC004, 0xC006,
  0xC006, 0xC004, 0xC003, 0xC003, 0xC004, 0xC004, 0xC005, 0xC005, 0xC003, 0xC003,
  0xC004, 0xC003, 0xC003, 0xC002, 0xC002, 0xC003, 0xC003, 0xC006, 0xC004, 0xC005,
  0xC006, 0xC004, 0xC003, 0xC003, 0xC006, 0xC004, 0xC006, 0xC003, 0xC005, 0xC003,
  0xC004, 0xC003, 0xC004, 0xC005, 0xC004, 0xC005, 0xC004, 0xC002, 0xC005, 0xC003,
  0xC003, 0xC004, 0xC003, 0xC003, 0xC003, 0xC005, 0xC004, 0xC002, 0xC006, 0xC003,
  0xC005, 0xC004, 0xC004, 0xC003, 0xC003, 0xC004, 0xC002, 0xC004, 0xC005, 0xC002,
  0xC006, 0xC003, 0xC002, 0xC002, 0xC002, 0xC002, 0xC002, 0xC002, 0xC002, 0xC002,
  0xC002, 0xC002, 0xC003, 0xC003, 0xC003, 0xC003, 0xC003, 0xC003, 0xC003, 0xC003,
  0xC003, 0xC003, 0xC003, 0xC003, 0xC003, 0xC003, 0xC003, 0xC003, 0xC002, 0xC002,
  0xC003, 0xC002, 0xC002, 0xC002, 0xC003, 0xC003, 0xC002, 0xC002, 0xC002, 0xC002,
  0xC002, 0xC004, 0xC002, 0xC002, 0xC002, 0xC002, 0xC002, 0xC002, 0xC002, 0xC002,
  0xC003, 0xC004, 0xC002, 0xC002, 0xC002, 0xC002, 0xC002, 0xC002, 0xC002, 0xC003,
  0xC003, 0xC003, 0xC003, 0xC002, 0xC002, 0xC002, 0xC002, 0xC002, 0xC002, 0xC002,
  0xC002, 0xC002, 0xC002, 0xC003, 0xC003, 0xC002, 0xC003, 0xC003, 0xC003, 0xC002,
  0xC003, 0xC003, 0xC004, 0xC002, 0xC003, 0xC003, 0xC003, 0xC003, 0xC005, 0xC006,
  0xC002, 0xC002, 0xC002, 0xC002, 0xC002, 0xC002, 0xC002, 0xC002, 0xC002, 0xC002,
  0xC002, 0xC002, 0xC002, 0xC002, 0xC002, 0xC002, 0xC004, 0xC002, 0xC002, 0xC002,
  0xC004, 0xC003, 0xC002, 0xC002, 0xC002, 0xC002, 0xC002, 0xC002, 0xC002, 0xC002,
  0xC002, 0xC002, 0xC003, 0xC002, 0xC002, 0xC003, 0xC003, 0xC002, 0xC004, 0xC003,
  0xC002, 0xC002, 0xC002, 0xC002, 0xC003, 0xC003, 0xC002, 0xC002, 0xC002, 0xC002,
  0xC002, 0xC002, 0xC002, 0xC002, 0xC002, 0xC003, 0xC003, 0xC003, 0xC003, 0xC003,
  0xC003, 0xC003, 0xC003, 0xC003, 0xC003, 0xC003, 0xC003, 0xC003, 0xC003, 0xC003,
  0xC003, 0xC003, 0xC003, 0xC003, 0xC003, 0xC003, 0xC003, 0xC003, 0x0001, 0x0001,
  0x0001, 0x0001, 0x0001, 0x0001, 0x0001, 0x0001, 0x0001, 0x0001, 0x0001, 0x0001,
  0x0001, 0x0001, 0x0001, 0x0001, 0x0001, 0x0001, 0x0001, 0x0001, 0x0001, 0x0001,
  0x0001, 0x0001, 0x0001, 0x0001, 0x0001, 0x0001, 0x0001, 0x0001, 0x0001, 0x0001,
  0x0001, 0x0001, 0x0001, 0x0001, 0x0001, 0x0001, 0x0001, 0x0001, 0x0001, 0x0001,
  0x0001, 0x0001, 0x0001, 0x0001, 0x0001, 0x7981, 0x0001, 0x0001, 0x0001, 0x0001,
  0x7981, 0x7981, 0x7981, 0x7981, 0x7981, 0x7981, 0x7981, 0x7981, 0x7981, 0x7981,
  0x0001, 0x0001, 0x0001, 0x0001, 0x0001, 0x0001, 0x0001, 0x0001, 0x0001, 0x0001,
  0x0001, 0x0001, 0x0001, 0x0001, 0x0001, 0x0001, 0x0001, 0x0001, 0x0001, 0x0001,
  0x0001, 0x0001, 0x0001, 0x0001, 0x0001, 0x0001, 0x0001, 0x0001, 0xC001, 0xC001,
  0x7981, 0x7981, 0x0001, 0x0001, 0x0001, 0x0001, 0x0001, 0x0001, 0x0001, 0x0001,
  0x0001, 0x0001, 0x0001, 0x0001, 0x0001, 0x0001, 0x0001, 0x0001, 0x0001, 0x0001,
  0x0001, 0x0001, 0x0001, 0x0001, 0x0001, 0x0001, 0x0001, 0x0001, 0x0001, 0x0001,
  0x0001, 0x0001, 0x0001, 0x0001, 0x0001, 0x0001, 0x0001, 0x0001, 0x0001, 0x0001,
  0x0001, 0x0001, 0x0001, 0x0001, 0x0001, 0x0001, 0x0001, 0x0001, 0x0001, 0x0001,
  0x7981, 0x7981, 0x0001, 0x0001, 0x0001, 0x0001, 0x0001, 0x0001, 0x0001, 0x0001,
  0x0001, 0x0001, 0x0001, 0x0001, 0x0001, 0x0001, 0x0001, 0x0001, 0x0001, 0x0001,
  0x0001, 0x0001, 0x0001, 0x0001, 0x0001, 0x0001, 0x0001, 0x0001, 0x0001, 0x0001,
  0x0001, 0x0001, 0x0001, 0x0001, 0x0001, 0x0001, 0x0001, 0x0001, 0x0001, 0x0001,
  0x0001, 0x0001, 0x0001, 0x0001, 0x0001, 0x0001, 0x0001, 0x0001, 0x0001, 0x0001,
  0xC001, 0x0001, 0x0001, 0x0001, 0x0001, 0x0001, 0x0001, 0x0001, 0x0001, 0x0001,
  0x0001, 0x0001, 0x0001, 0x0001, 0x0001, 0x0001, 0x0001, 0x0001, 0x0001, 0x0001,
  0x0001, 0x0001, 0x0001, 0x0001, 0x0001, 0x0001, 0x0001, 0x0001, 0x0001, 0x0001,
  0x0001, 0x0001, 0x0001, 0x0001, 0x0001, 0x0001, 0x0001, 0x0001, 0x0001, 0x0001,
  0x0001, 0x0001, 0x0001, 0x0001, 0x0001, 0x0001, 0x0001, 0x0001, 0x0001, 0x0001,
  0xC001, 0xC001, 0xC001, 0xC001, 0x0001, 0x0001, 0x0001, 0xC001, 0xC001, 0x0001,
  0x0001, 0x0001, 0x0001, 0x0001, 0x0001, 0x4241, 0x0001, 0x0001, 0x0001, 0x0001,
  0x0001, 0x0001, 0x0001, 0x0001, 0x0001, 0x0001, 0x0001, 0x0001, 0x0001, 0x0001,
  0x0001, 0x0001, 0x0001, 0x0001, 0x0001, 0x0001, 0x0001, 0x0001, 0x0001, 0x0001,
  0x0001, 0x0001, 0x0001, 0x0001, 0x0001, 0x0001, 0x0001, 0x0001, 0x0001, 0x0001,
  0x0001, 0x0001, 0x0001, 0x4241, 0x0001, 0x0001, 0x0001, 0x0001, 0x0001, 0x0001,
  0x0001, 0x0001, 0x0001, 0x0001, 0x0001, 0x0001, 0x0001, 0x0001, 0x0001, 0x0001,
  0x0001, 0x0001, 0x0001, 0x0001, 0x0001, 0x0001, 0x0001, 0x0001, 0x0001, 0x0001,
  0x0001, 0x7981, 0x7981, 0x7981, 0x7981, 0x7981, 0x7981, 0x7981, 0x7981, 0x7981,
  0x7981, 0x7981, 0x7981, 0x7981, 0x7981, 0x7981, 0x7981, 0x7981, 0x7981, 0x0001,
  0x0001, 0x0001, 0x0001, 0x0001, 0x0001, 0x0001, 0x0001, 0x0001, 0x0001, 0x0001,
  0x0001, 0x0001, 0x0001, 0x0001, 0x0001, 0x0001, 0x0001, 0x0001, 0x0001, 0x0001,
  0x0001, 0x0001, 0x0001, 0x0001, 0x0001, 0x0001, 0x0001, 0x0001, 0x0001, 0x0001,
  0x0001, 0x0001, 0x0001, 0x0001, 0x0001, 0x0001, 0x0001, 0x0001, 0x0001, 0x0001,
  0x0001, 0x0001, 0x7701, 0x7701, 0x7701, 0x0001, 0x0001, 0x0001, 0x0001, 0x0001,
  0x0001, 0x0001, 0x0001, 0x0001, 0x0001, 0x0001, 0x0001, 0x0001, 0x0001, 0x0001,
  0x0001, 0x0001, 0x0001, 0x0001, 0x4241, 0x0001, 0x0001, 0x0001, 0x0001, 0x0001,
  0x0001, 0x0001, 0x0001, 0x0001, 0x0001, 0x0001, 0x0001, 0x0001, 0x0001, 0x0001,
  0x0001, 0x0001, 0x0001, 0x0001, 0x0001, 0x0001, 0x0001, 0x0001, 0x0001, 0x0001,
  0x0001, 0x0001, 0x0001, 0x0001, 0x0001, 0x0001, 0x0001, 0x0001, 0x0001, 0x0001,
  0x0001, 0x0001, 0x0001, 0x0001, 0x0001, 0x0001, 0x0001, 0x0001, 0x0001, 0x0001,
  0x0001, 0x0001, 0x0001, 0x0001, 0x0001, 0x0001, 0x0001, 0x0001, 0x0001, 0x0001,
  0x0001, 0x0001, 0x0001, 0x0001, 0x0001, 0x0001, 0x0001, 0x0001, 0x7981, 0x0001,
  0x7981, 0x7981, 0x7701, 0x0001, 0x0001, 0x7981, 0x7981, 0x0001, 0x0001, 0x0001,
  0x0001, 0x0001, 0x7981, 0x7981, 0x0001, 0x7981, 0x0001, 0x0001, 0x0001, 0x0001,
  0x0001, 0x0001, 0x0001, 0x0001, 0x0001, 0x0001, 0x0001, 0x0001, 0x0001, 0x0001,
  0x0001, 0x0001, 0x0001, 0x0001, 0x0001, 0x0001, 0x0001, 0x0001, 0x0001, 0x0001,
  0x0001, 0x0001, 0x0001, 0x0001, 0x0001, 0x0001, 0x0001, 0x0001, 0x0001, 0x0001,
  0x0001, 0x0001, 0x0001, 0x0001, 0x0001, 0x0001, 0x0001, 0x0001, 0x0001, 0x0001,
  0x0001, 0x0001, 0x0001, 0x0001, 0x0001, 0x0001, 0x0001, 0x0001, 0x4241, 0x0001,
  0x0001, 0x0001, 0x0001, 0x0001, 0x0001, 0x0001, 0x0001, 0x0001, 0x0001, 0x0001,
  0x0001, 0x0001, 0x0001, 0x0001, 0x0001, 0x0001, 0x0001, 0x0001, 0x0001, 0x0001,
  0x0001, 0x0001, 0x0001, 0x0001, 0x0001, 0x0001, 0x0001, 0xC001, 0xC001, 0xC001,
  0xC001, 0x0001, 0x0001, 0x0001, 0x0001, 0x0001, 0x0001, 0x0001, 0x0001, 0x0001,
  0xC001, 0x0001, 0x0001, 0x0001, 0x0001, 0x0001, 0x0001, 0x0001, 0x0001, 0x0001,
  0x0001, 0x0001, 0x0001, 0x0001, 0x0001, 0x0001, 0x0001, 0x0001, 0x0001, 0x0001,
  0x0001, 0x0001, 0x0001, 0x0002, 0x0003, 0x0003, 0x0003, 0x0003, 0x0003, 0x0003,
  0x0003, 0x0003, 0x0003, 0x0003, 0x0003, 0x0003, 0x0003, 0x0003, 0x0003, 0x0003,
  0x0003, 0x0003, 0x0003, 0x0003, 0x0003, 0x0003, 0x0003, 0x0003, 0x0003, 0x0003,
  0x0003, 0x0002, 0x0003, 0x0003, 0x0003, 0x0003, 0x0003, 0x0003, 0x0003, 0x0003,
  0x0003, 0x0003, 0x0003, 0x0003, 0x0003, 0x0003, 0x0003, 0x0003, 0x0003, 0x0003,
  0x0003, 0x0003, 0x0003, 0x0003, 0x0003, 0x0003, 0x0003, 0x0003, 0x0003, 0x0002,
  0x0003, 0x0003, 0x0003, 0x0003, 0x0003, 0x0003, 0x0003, 0x0003, 0x0003, 0x0003,
  0x0003, 0x0003, 0x0003, 0x0003, 0x0003, 0x0003, 0x0003, 0x0003, 0x0003, 0x0003,
  0x0003, 0x0003, 0x0003, 0x0003, 0x0003, 0x0003, 0x0003, 0x0002, 0x0003, 0x0003,
  0x0003, 0x0003, 0x0003, 0x0003, 0x0003, 0x0003, 0x0003, 0x0003, 0x0003, 0x0003,
  0x0003, 0x0003, 0x0003, 0x0003, 0x0003, 0x0003, 0x0003, 0x0003, 0x0003, 0x0003,
  0x0003, 0x0003, 0x0003, 0x0003, 0x0003, 0x0001, 0x0001, 0x0001, 0x0001, 0x0001,
  0x0001, 0x0001, 0x0001, 0x0001, 0x0001, 0x0001, 0x0001, 0x0001, 0x0001, 0x0001,
  0x0001, 0x0001, 0x0001, 0x0001, 0x0001, 0x0001, 0x0001, 0x0001, 0x0001, 0x0001,
  0x0001, 0x0001, 0x0001, 0x0000, 0x0000, 0x0000, 0x0000, 0x0000, 0x0000, 0x0000,
  0x0000, 0x0000, 0x0000, 0x0000, 0x0000, 0x0000, 0x0000, 0x0000, 0x0000, 0x0000,
  0x0000, 0x0000, 0x0000, 0x0000, 0x0000, 0x0000, 0x0000, 0x0000, 0x0000, 0x0000,
  0x0000, 0x0000, 0x0000, 0x0000, 0x0000, 0x0000, 0x0000, 0x0000, 0x0000, 0x0000,
  0x0000, 0x0000, 0x0000, 0x0000, 0x0000, 0x0000, 0x0000, 0x0000, 0x0000, 0x0000,
  0x0000, 0x0000, 0x0000, 0x0000, 0x0000, 0x0000, 0x0000, 0x0000, 0x0000, 0x0000,
  0x0000, 0x0000, 0x0000, 0x0000, 0x0000, 0x0000, 0x0000, 0xC001, 0xC001, 0xC001,
  0xC001, 0xC001, 0xC001, 0xC001, 0xC001, 0xC001, 0xC001, 0xC001, 0xC001, 0xC001,
  0xC001, 0x0001, 0x0001, 0xC001, 0x0001, 0xC001, 0x0001, 0x0001, 0xC001, 0xC001,
  0xC001, 0xC001, 0xC001, 0xC001, 0xC001, 0xC001, 0xC001, 0xC001, 0x0001, 0xC001,
  0x0001, 0xC001, 0x0001, 0x0001, 0xC001, 0xC001, 0x0001, 0x0001, 0x0001, 0xC001,
  0xC001, 0xC001, 0xC001, 0xC001, 0xC001, 0xC001, 0xC001, 0xC001, 0xC001, 0xC001,
  0xC001, 0xC001, 0xC001, 0xC001, 0xC001, 0xC001, 0xC001, 0xC001, 0xC001, 0xC001,
  0xC001, 0xC001, 0xC001, 0xC001, 0xC001, 0xC001, 0xC001, 0xC001, 0xC001, 0xC001,
  0xC001, 0xC001, 0xC001, 0xC001, 0xC001, 0xC001, 0xC001, 0xC001, 0xC001, 0xC001,
  0xC001, 0xC001, 0xC001, 0xC002, 0xC001, 0x0001, 0x0001, 0xC001, 0xC001, 0xC001,
  0xC001, 0xC001, 0xC001, 0xC001, 0xC001, 0xC001, 0xC001, 0xC001, 0xC001, 0xC001,
  0xC001, 0xC001, 0xC001, 0xC002, 0xC002, 0xC002, 0xC001, 0xC001, 0xC001, 0xC002,
  0xC002, 0xC002, 0xC001, 0xC001, 0x0001, 0x0001, 0x0001, 0x0001, 0x0001, 0x0001,
  0x0001, 0x0001, 0x0001, 0x0001, 0x0001, 0x0001, 0x0001, 0x0001, 0x0001, 0x0001,
  0x0001, 0x0001, 0x0001, 0x0001, 0x0001, 0x0001, 0x0001, 0x0001, 0x0001, 0x0001,
  0x0001, 0x0001, 0x0001, 0x0001, 0x0001, 0x0001, 0x0001, 0x0001, 0x0001, 0x0001,
  0x0001, 0x0001, 0xC002, 0xC002, 0xC002, 0xC003, 0xC003, 0xC002, 0xC002, 0x0001,
  0x0001, 0x0001, 0x0001, 0x0001, 0x0001, 0x0001, 0x0001, 0x0001, 0x0001, 0x0001,
  0x0001, 0xC002, 0xC002, 0xC002, 0xC002, 0xC002, 0x0001, 0x0001, 0x0001, 0x0001,
  0x0001, 0xC002, 0x4681, 0xC002, 0xC001, 0xC001, 0xC001, 0xC001, 0xC001, 0xC001,
  0xC001, 0xC001, 0xC001, 0xC001, 0xC002, 0xC002, 0xC003, 0xC003, 0xC002, 0xC002,
  0xC002, 0xC002, 0xC002, 0xC002, 0xC002, 0xC002, 0xC002, 0x0001, 0xC002, 0xC002,
  0xC002, 0xC002, 0xC002, 0x0001, 0xC002, 0x0001, 0xC002, 0xC002, 0x0001, 0xC002,
  0xC002, 0x0001, 0xC002, 0xC002, 0xC002, 0xC002, 0xC002, 0xC002, 0xC002, 0xC002,
  0xC002, 0xC002, 0xC001, 0xC001, 0xC001, 0xC001, 0xC001, 0xC001, 0xC001, 0xC001,
  0xC001, 0xC001, 0xC001, 0xC001, 0xC001, 0xC001, 0xC001, 0xC001, 0xC001, 0xC001,
  0xC001, 0xC001, 0xC001, 0xC001, 0xC001, 0xC001, 0xC001, 0xC001, 0xC001, 0xC001,
  0xC001, 0xC001, 0xC001, 0xC001, 0xC001, 0xC001, 0xC001, 0xC001, 0xC001, 0xC001,
  0xC001, 0xC001, 0xC001, 0xC001, 0xC001, 0xC001, 0xC001, 0xC001, 0xC001, 0xC001,
  0xC002, 0xC002, 0xC001, 0xC001, 0xC001, 0xC001, 0xC001, 0xC001, 0xC001, 0xC001,
  0xC001, 0xC001, 0xC002, 0xC002, 0x0001, 0x0001, 0x0001, 0x0001, 0x0001, 0x0001,
  0x0001, 0x0001, 0x0001, 0x0001, 0x0001, 0x0001, 0x0001, 0x0001, 0x0001, 0x0001,
  0x0001, 0x0001, 0x0001, 0xC001, 0xC001, 0xC001, 0xC001, 0xC001, 0xC001, 0xC001,
  0xC001, 0xC001, 0xC001, 0xC002, 0xC001, 0xC001, 0xC001, 0xC001, 0xC001, 0xC001,
  0xC001, 0xC001, 0xC001, 0xC001, 0xC001, 0xC001, 0xC003, 0xC003, 0xC003, 0xC003,
  0xC003, 0xC003, 0xC003, 0xC003, 0xC003, 0xC003, 0xC003, 0xC003, 0xC003, 0xC003,
  0xC003, 0xC003, 0xC003, 0xC003, 0xC001, 0xC001, 0xC001, 0xC001, 0xC003, 0xC003,
  0xC003, 0xC003, 0xC003, 0xC002, 0xC002, 0xC002, 0xC002, 0xC002, 0xC002, 0xC002,
  0xC002, 0xC002, 0xC002, 0xC002, 0xC002, 0xC002, 0xC002, 0xC002, 0xC002, 0xC002,
  0xC002, 0xC002, 0xC002, 0xC002, 0xC002, 0xC002, 0xC002, 0xC002, 0xC002, 0xC002,
  0xC002, 0xC002, 0xC002, 0xC002, 0xC002, 0xC002, 0xC002, 0xC002, 0xC002, 0xC002,
  0xC002, 0xC002, 0xC002, 0xC002, 0xC002, 0xC002, 0xC002, 0xC002, 0xC002, 0xC002,
  0xC002, 0xC002, 0xC002, 0xC002, 0xC002, 0xC002, 0xC002, 0xC002, 0xC002, 0xC002,
  0xC002, 0xC002, 0xC003, 0xC003, 0xC003, 0xC003, 0xC003, 0xC003, 0xC003, 0xC003,
  0xC003, 0xC003, 0xC003, 0xC003, 0xC002, 0xC002, 0xC002, 0xC002, 0xC002, 0xC002,
  0xC002, 0xC002, 0xC002, 0xC002, 0xC002, 0xC002, 0xC002, 0xC002, 0xC002, 0xC002,
  0xC002, 0xC002, 0xC002, 0xC002, 0xC002, 0xC002, 0xC002, 0xC003, 0xC003, 0xC003,
  0xC003, 0xC003, 0xC002, 0xC002, 0xC002, 0xC002, 0xC002, 0xC002, 0xC002, 0xC002,
  0xC002, 0xC002, 0xC002, 0xC002, 0xC002, 0xC002, 0xC002, 0xC002, 0xC002, 0xC002,
  0xC002, 0xC002, 0xC002, 0xC002, 0xC002, 0xC002, 0xC002, 0xC002, 0xC002, 0xC002,
  0xC002, 0xC002, 0xC002, 0xC002, 0xC002, 0xC002, 0xC002, 0xC002, 0xC003, 0xC003,
  0xC002, 0xC002, 0xC002, 0xC002, 0xC002, 0xC002, 0xC002, 0xC002, 0xC002, 0xC002,
  0xC002, 0xC002, 0xC002, 0xC002, 0xC002, 0xC002, 0xC002, 0xC003, 0xC003, 0xC003,
  0xC002, 0xC002, 0xC002, 0xC002, 0xC002, 0xC002, 0xC002, 0xC002, 0xC002, 0xC002,
  0xC002, 0xC002, 0xC002, 0xC002, 0xC002, 0xC002, 0xC002, 0xC002, 0xC002, 0xC002,
  0xC002, 0xC002, 0xC002, 0xC002, 0xC002, 0xC002, 0xC002, 0xC002, 0xC002, 0xC002,
  0xC002, 0xC002, 0xC002, 0xC002, 0xC002, 0xC002, 0xC002, 0xC002, 0xC002, 0xC002,
  0xC002, 0xC002, 0xC002, 0xC002, 0xC002, 0xC002, 0xC002, 0xC002, 0xC002, 0xC002,
  0xC002, 0xC002, 0xC002, 0xC002, 0xC002, 0xC002, 0xC002, 0xC002, 0xC002, 0xC002,
  0xC002, 0xC002, 0x0001, 0x0001, 0x0001, 0x0001, 0x0001, 0x0001, 0x0001, 0x0001,
  0x0001, 0x0001, 0x0001, 0x0001, 0x0001, 0x0001, 0x0001, 0x0001, 0xC003, 0xC003,
  0xC003, 0xC003, 0xC003, 0xC003, 0xC003, 0xC003, 0xC003, 0xC003, 0xC003, 0xC003,
  0xC003, 0xC003, 0xC003, 0xC003, 0xC003, 0xC003, 0xC003, 0xC003, 0xC003, 0xC003,
  0xC003, 0xC003, 0xC003, 0xC003, 0xC003, 0xC003, 0xC003, 0xC003, 0xC003, 0xC003,
  0xC003, 0xC003, 0xC003, 0xC003, 0xC003, 0xC003, 0xC003, 0xC003, 0xC003, 0xC003,
  0xC003, 0xC003, 0xC003, 0xC003, 0xC003, 0xC003, 0x0001, 0x0001, 0xC003, 0xC003,
  0xC003, 0xC003, 0xC003, 0xC003, 0xC003, 0xC003, 0xC003, 0xC003, 0xC003, 0xC003,
  0xC003, 0xC003, 0xC003, 0xC003, 0xC003, 0xC003, 0xC003, 0xC003, 0xC003, 0xC003,
  0xC003, 0xC003, 0xC003, 0xC003, 0xC003, 0xC003, 0xC003, 0xC003, 0xC003, 0xC003,
  0xC003, 0xC003, 0xC003, 0xC003, 0xC003, 0xC003, 0xC003, 0xC003, 0xC003, 0xC003,
  0xC003, 0xC003, 0xC003, 0xC003, 0x0001, 0x0001, 0x0001, 0x0001, 0x0001, 0x0001,
  0x0001, 0x0001, 0x0001, 0x0001, 0x0001, 0x0001, 0x0001, 0x0001, 0x0001, 0x0001,
  0x0001, 0x0001, 0x0001, 0x0001, 0x0001, 0x0001, 0x0001, 0x0001, 0x0001, 0x0001,
  0x0001, 0x0001, 0x0001, 0x0001, 0x0001, 0x0001, 0x0001, 0x0001, 0x0001, 0x0001,
  0x0001, 0x0001, 0x0001, 0x0001, 0xC003, 0xC003, 0xC004, 0xC004, 0xC004, 0xC004,
  0xC004, 0xC004, 0xC004, 0xC003, 0xC012, 0xC008, 0xC004, 0x0001, 0x0001, 0x0001,
  0x0001, 0x0001, 0x0001, 0x0001, 0x0001, 0x0001, 0x0001, 0x0001, 0x0001, 0x0001,
  0x0001, 0x0001, 0x0001, 0xC001, 0xC001, 0xC001, 0xC001, 0xC001, 0xC001, 0xC001,
  0xC001, 0xC001, 0xC003, 0x0001, 0x0001, 0x0001, 0x0001, 0x0001, 0x0001, 0x7981,
  0x7981, 0x7981, 0x7981, 0x7981, 0x7981, 0x7981, 0x7701, 0x7701, 0x7701, 0x7701,
  0x7701, 0x7701, 0x7701, 0x7981, 0x7981, 0xC002, 0xC001, 0xC001, 0xC001, 0xC001,
  0xC001, 0xC001, 0xC001, 0xC001, 0xC001, 0xC001, 0xC001, 0xC001, 0xC001, 0xC001,
  0xC001, 0x0001, 0x0001, 0xC001, 0xC001, 0xC002, 0xC002, 0xC002, 0xC002, 0xC001,
  0xC001, 0xC001, 0xC001, 0xC001, 0xC001, 0x0001, 0xC001, 0xC001, 0xC001, 0xC001,
  0xC001, 0xC001, 0xC001, 0xC001, 0xC001, 0xC001, 0xC001, 0xC001, 0xC001, 0xC001,
  0xC001, 0xC001, 0xC001, 0xC001, 0xC001, 0x0001, 0xC001, 0xC001, 0xC001, 0xC001,
  0x0001, 0x0001, 0x0001, 0x0001, 0xC002, 0xC002, 0xC002, 0x0001, 0xC002, 0x0001,
  0xC002, 0xC002, 0xC002, 0xC002, 0xC002, 0xC002, 0xC002, 0xC002, 0xC002, 0xC002,
  0xC001, 0xC002, 0xC002, 0xC002, 0xC002, 0xC002, 0xC002, 0xC002, 0xC002, 0xC002,
  0xC002, 0xC002, 0xC002, 0xC001, 0xC001, 0xC001, 0xC001, 0xC001, 0xC001, 0xC001,
  0xC001, 0xC001, 0xC001, 0xC001, 0xC001, 0xC001, 0xC001, 0xC001, 0xC001, 0xC001,
  0xC001, 0xC001, 0xC001, 0xC001, 0xC001, 0xC001, 0xC001, 0xC001, 0xC001, 0xC001,
  0xC001, 0xC001, 0xC001, 0xC001, 0xC001, 0xC001, 0xC001, 0xC001, 0xC001, 0xC001,
  0xC001, 0xC001, 0xC001, 0xC001, 0xC001, 0xC001, 0xC001, 0xC001, 0xC001, 0xC001,
  0xC001, 0xC001, 0xC001, 0xC001, 0xC001, 0xC001, 0xC003, 0xC003, 0xC003, 0xC003,
  0xC003, 0xC003, 0xC002, 0xC002, 0x0001, 0x0001, 0x0001, 0xC001, 0xC001, 0xC001,
  0xC001, 0xC001, 0xC001, 0xC001, 0xC001, 0xC001, 0xC001, 0xC001, 0xC001, 0xC001,
  0xC001, 0xC001, 0xC001, 0xC001, 0xC001, 0xC001, 0xC001, 0xC001, 0xC001, 0xC001,
  0xC001, 0xC001, 0xC001, 0xC001, 0xC001, 0xC001, 0xC001, 0xC041, 0xC041, 0xC001,
  0xC001, 0xC001, 0xC001, 0xC001, 0xC001, 0xC001, 0xC001, 0xC001, 0xC001, 0xC001,
  0xC001, 0xC001, 0xC001, 0xC001, 0xC001, 0xC001, 0xC001, 0xC001, 0xC001, 0xC001,
  0xC001, 0xC001, 0xC001, 0xC001, 0xC001, 0xC001, 0xC001, 0xC001, 0xC001, 0xC001,
  0x0001, 0x0001, 0xC001, 0xC001, 0xC001, 0xC001, 0xC001, 0xC001, 0x0001, 0x0001,
  0xC001, 0xC001, 0xC001, 0xC001, 0xC001, 0xC001, 0x0001, 0x0001, 0xC001, 0xC001,
  0xC001, 0xC001, 0xC001, 0xC001, 0x0001, 0x0001, 0xC001, 0xC001, 0xC001, 0x0001,
  0x0001, 0x0001, 0xC001, 0xC001, 0xC001, 0xC002, 0xC001, 0xC001, 0xC001, 0x0001,
  0xC001, 0xC001, 0xC001, 0xC001, 0xC001, 0xC001, 0xC001, 0x0001, 0x0001, 0x0001,
  0x0001, 0x0001, 0x0001, 0x0001, 0x0001, 0x0001, 0x0001, 0x0001, 0x0001, 0x0001,
  0x0001, 0x0001, 0x0001, 0x0001, 0x0002, 0x0002, 0x0002, 0x0002, 0x0002, 0x0002,
  0x0002, 0x0002, 0x0002, 0x0002, 0x0002, 0x0002, 0x0002, 0x0002, 0x0002, 0x0002,
  0x0002, 0x0002, 0x0002, 0x0002, 0x0002, 0x0002, 0x0002, 0x0002, 0x0002, 0x0002,
  0x0002, 0x0002, 0x0002, 0x0002, 0x0002, 0x0002, 0x0002, 0x0002, 0x0002, 0x0002,
  0x0002, 0x0002, 0x0002, 0x0002, 0x0002, 0x0002, 0x0002, 0x0002, 0x0002, 0x0002,
  0x0002, 0x0002, 0x0002, 0x0002, 0x0002, 0x0002, 0x0002, 0x0002, 0x0002, 0x0002,
  0x0002, 0x0002, 0x0002, 0x0002, 0x0002, 0x0002, 0x0002, 0x0002, 0x7702, 0x0002,
  0x0002, 0x0002, 0x0002, 0x0002, 0x0002, 0x0002, 0x0002, 0x0002, 0x0002, 0x0002,
  0x0002, 0x0002, 0x0002, 0x0002, 0x0002, 0x0002, 0x0002, 0x0002, 0x0002, 0x0002,
  0x0002, 0x0002, 0x0002, 0x0002, 0x0002, 0x0002, 0x0002, 0x0002, 0x0002, 0x0002,
  0x0002, 0x0002, 0x0002, 0x0002, 0x0002, 0x0002, 0x0002, 0x0002, 0x0002, 0x0002,
  0x0002, 0x0002, 0x0002, 0x0002, 0x0002, 0x0002, 0x0002, 0x0002, 0x0002, 0x0002,
  0x0002, 0x0002, 0x0002, 0x7982, 0x7982, 0x7982, 0x7982, 0x7982, 0x0002, 0x0002,
  0x0002, 0x0002, 0x0002, 0x0002, 0x0002, 0x0002, 0x0002, 0x0003, 0x0002, 0x0002,
  0x0002, 0x0002, 0x0002, 0x0002, 0x0002, 0x0002, 0x0002, 0x0002, 0x0002, 0x0002,
  0x0002, 0x0002, 0x0002, 0x0002, 0x0002, 0x0002, 0x0002, 0x0002, 0x0002, 0x0002,
  0x0002, 0x0002, 0x0002, 0x0002, 0x0003, 0x0002, 0x0002, 0x0002, 0x0002, 0x0002,
  0x0002, 0x0002, 0x0002, 0x0002, 0x0002, 0x0002, 0x0002, 0x0002, 0x0002, 0x0002,
  0x0002, 0x0002, 0x0002, 0x0002, 0x0002, 0x0002, 0x0002, 0x0002, 0x0002, 0x0002,
  0x0002, 0x0002, 0xC001, 0xC001, 0xC001, 0xC001, 0xC001, 0x0002, 0xC001, 0xC001,
  0xC001, 0xC001, 0xC001, 0xC001, 0xC001, 0xC001, 0xC001, 0xC001, 0xC001, 0xC001,
  0xC001, 0xC001, 0xC001, 0xC001, 0xC001, 0xC001, 0xC001, 0xC001, 0xC001, 0xC002,
  0xC001, 0xC001, 0xC002, 0xC001, 0xC002, 0xC001, 0xC001, 0xC001, 0xC001, 0xC001,
  0xC002, 0xC001, 0xC001, 0xC001, 0xC001, 0xC001, 0xC001, 0xC001, 0xC001, 0xC001,
  0x0002, 0xC001, 0xC001, 0xC001, 0xC001, 0xC001, 0xC001, 0xC001, 0xC002, 0xC002,
  0x0002, 0x0002, 0x0002, 0x0002, 0x0002, 0x0002, 0x0002, 0x0002, 0x0002, 0x0002,
  0x0002, 0x0002, 0x0002, 0x7702, 0x0002, 0x7982, 0x0002, 0x0002, 0x0002, 0x0002,
  0x0002, 0x0002, 0x0002, 0x0002, 0x0002, 0x0002, 0x0002, 0x0002, 0x0002, 0x0002,
  0x0002, 0x0002, 0x0002, 0x0002, 0x0002, 0x0002, 0x0002, 0x0002, 0x0002, 0x0002,
  0x0002, 0x0002, 0x0002, 0x0002, 0x0002, 0x0002, 0x0002, 0x0002, 0x0002, 0x0002,
  0x0002, 0x0002, 0x0002, 0x0002, 0x0002, 0x0002, 0x7982, 0x4042, 0x7702, 0x0002,
  0x0002, 0x0002, 0x0002, 0x4242, 0x0002, 0x0002, 0x0002, 0x0002, 0x0002, 0x0002,
  0x0002, 0x0002, 0x0002, 0x0002, 0x0002, 0x0002, 0x0002, 0x0002, 0x0002, 0x0002,
  0x0002, 0x0002, 0x0002, 0x0002, 0x0002, 0x0002, 0x0002, 0x0002, 0x0002, 0x0002,
  0x0002, 0x0002, 0x0002, 0x0002, 0x0002, 0x0002, 0x0002, 0x0002, 0x0002, 0x0002,
  0x0002, 0x7982, 0x7702, 0x0002, 0x0002, 0x0002, 0x0002, 0x0002, 0x0002, 0x0002,
  0x0002, 0x0002, 0x0002, 0x0002, 0x0002, 0x0002, 0x0002, 0x0002, 0x0002, 0x0002,
  0x0002, 0x0002, 0x0002, 0x0002, 0x0002, 0x0002, 0x0002, 0x0002, 0x0002, 0x0002,
  0x0002, 0x0002, 0x0002, 0x0002, 0x0002, 0x0002, 0x0002, 0x0002, 0x0002, 0x7982,
  0x7982, 0x7982, 0x7982, 0x0002, 0x0002, 0x0002, 0x0002, 0x0002, 0x0002, 0x0002,
  0x0002, 0x0002, 0x0002, 0x0002, 0x0002, 0x0002, 0x0002, 0x0002, 0x0002, 0x0002,
  0x0002, 0x0002, 0x0002, 0x0002, 0x0002, 0x0002, 0x0002, 0x0002, 0x0002, 0x0002,
  0x0002, 0x0002, 0x0002, 0x0002, 0x0002, 0x0002, 0x0002, 0x0002, 0x0002, 0x0002,
  0x0002, 0x0002, 0x0002, 0x0002, 0x7982, 0x7982, 0x7982, 0x7982, 0x7982, 0x0002,
  0x0002, 0x0002, 0x0002, 0x0002, 0x0002, 0x0002, 0x0002, 0x0002, 0x0002, 0x0002,
  0x0002, 0x0002, 0x0002, 0x0002, 0x0002, 0x0002, 0x0002, 0x0002, 0x0002, 0x0002,
  0x0002, 0x0002, 0x0002, 0x0002, 0x0002, 0x0002, 0x0002, 0x0002, 0x0002, 0x0002,
  0x0002, 0x0002, 0x0002, 0x0002, 0x0002, 0x0002, 0x0002, 0x0002, 0x0002, 0x0002,
  0x0002, 0x0002, 0x7982, 0x7982, 0x0002, 0x0002, 0x0002, 0x0002, 0x0002, 0x0002,
  0x0002, 0x0002, 0x0002, 0x0002, 0x0002, 0x0002, 0x0002, 0x0002, 0x0002, 0x0002,
  0x0002, 0x0002, 0x0002, 0x0002, 0x0002, 0x0002, 0x0002, 0x0002, 0x0002, 0x0002,
  0x0002, 0x0002, 0x0002, 0x0002, 0x0002, 0x0002, 0x0002, 0x0002, 0x0002, 0x0002,
  0x0002, 0x0002, 0x0002, 0x0002, 0x0002, 0x0002, 0x0002, 0x0002, 0x0002, 0x0002,
  0x0002, 0x0002, 0x0002, 0x0002, 0x0002, 0x0002, 0x0002, 0x0002, 0x0002, 0x0002,
  0x0002, 0x0002, 0x7702, 0x7702, 0x0002, 0x7702, 0x7702, 0x7702, 0x0002, 0x0002,
  0x0002, 0x0002, 0x0002, 0x0002, 0x7702, 0x7702, 0x7982, 0x7982, 0x7982, 0x7702,
  0x7982, 0x7702, 0x7702, 0x7702, 0x7702, 0x0002, 0x0002, 0x0002, 0x0002, 0x0002,
  0x0002, 0x0002, 0x0002, 0x0002, 0x0002, 0x0002, 0x0002, 0x0002, 0x0002, 0x0002,
  0x0002, 0x0002, 0x0002, 0x0002, 0x0002, 0x0002, 0x0002, 0x0002, 0x0002, 0x0002,
  0x0002, 0x0002, 0x0002, 0x0002, 0x0002, 0x0002, 0x0002, 0x0002, 0x0002, 0x0002,
  0x0002, 0x0002, 0x0002, 0x0002, 0x0002, 0x0002, 0x0002, 0x0002, 0x0002, 0x0002,
  0x0002, 0x0002, 0x7982, 0x7702, 0x7982, 0x7702, 0x0002, 0x0002, 0x0002, 0x0002,
  0x0002, 0x0002, 0x0002, 0x0002, 0x0002, 0x0002, 0x0002, 0x0002, 0x0002, 0x0002,
  0x0002, 0x0002, 0x0002, 0x0002, 0x0002, 0x0002, 0x0002, 0x0002, 0x0002, 0x0002,
  0x0002, 0x0002, 0x0002, 0x0002, 0x0002, 0x0002, 0x0002, 0x0002, 0x0002, 0x0002,
  0x0002, 0x0002, 0x0002, 0x0002, 0x0002, 0x0002, 0x0002, 0x0002, 0x0002, 0x0002,
  0x0002, 0x0002, 0x0002, 0x0002, 0x0002, 0x0002, 0x0002, 0x0002, 0x0002, 0x0002,
  0x0002, 0x0002, 0x0002, 0x0002, 0x4242, 0x0002, 0x0002, 0x0002, 0x0002, 0x0002,
  0x0002, 0x0002, 0x0002, 0x0002, 0x0002, 0x0002, 0x0002, 0x0002, 0x0002, 0x0002,
  0x0002, 0x0002, 0x0002, 0x0002, 0x0002, 0x0002, 0x0002, 0x0002, 0x0002, 0x0002,
  0x0002, 0x0002, 0x0002, 0x0002, 0x0002, 0x0002, 0x0002, 0x0002, 0x0002, 0x0002,
  0x0002, 0x0002, 0x0002, 0x0002, 0x0002, 0x0002, 0x4242, 0x0002, 0x0002, 0x0002,
  0x0002, 0x0002, 0x0002, 0x0002, 0x0002, 0x0002, 0x0002, 0x0002, 0x0002, 0x0002,
  0x0002, 0x4242, 0x0002, 0x0002, 0x0002, 0x0002, 0x0002, 0x0002, 0x0002, 0x0002,
  0x0002, 0x0002, 0x0002, 0x0002, 0x0002, 0x0002, 0x0002, 0x0002, 0x0002, 0x0002,
  0x0002, 0x0002, 0x0002, 0x0002, 0x0002, 0x0002, 0x0002, 0x0002, 0x0004, 0x0002,
  0x0004, 0x0002, 0x0002, 0x0002, 0x0002, 0x0002, 0x0002, 0x0002, 0x0002, 0x0002,
  0x0002, 0x0002, 0x0002, 0x0002, 0x0002, 0x0004, 0x0002, 0x0002, 0x0002, 0x0002,
  0x0002, 0x0002, 0x0002, 0x0002, 0x0002, 0x0002, 0x0002, 0x0002, 0x0002, 0x4242,
  0xC1C2, 0x0002, 0x0002, 0x0002, 0x0002, 0x0002, 0x7982, 0x7982, 0x7982, 0x0002,
  0x0002, 0x0002, 0x0002, 0x0002, 0x0002, 0x0002, 0x0002, 0x0002, 0x0002, 0x0002,
  0x0002, 0x0002, 0x0002, 0x0002, 0x0002, 0x0002, 0x0002, 0x0002, 0x0002, 0x0002,
  0x0002, 0x0002, 0x0002, 0x0002, 0x0002, 0x0002, 0x0002, 0x0002, 0x0002, 0x0002,
  0x0002, 0x0002, 0x0002, 0x0002, 0x0002, 0xC002, 0x0002, 0x0002, 0x0002, 0x0002,
  0x0002, 0x0002, 0x0004, 0x0004, 0x0002, 0x0002, 0x0002, 0x4242, 0x4242, 0x0002,
  0x0002, 0x0002, 0x0002, 0x0002, 0x0002, 0x0002, 0x0002, 0x0002, 0x0002, 0x0002,
  0x0002, 0x0002, 0x0002, 0x0002, 0x0002, 0x0002, 0x0002, 0x0002, 0x0002, 0x0002,
  0x0002, 0x0002, 0x0002, 0x0002, 0x0002, 0x0002, 0x0002, 0x0002, 0x0002, 0x0002,
  0x0002, 0x0002, 0x0002, 0x0002, 0x0002, 0x0002, 0x0002, 0x0002, 0x0002, 0x0002,
  0x0002, 0x0002, 0x0002, 0x0002, 0x0002, 0x0002, 0x0002, 0x0002, 0x0002, 0x0002,
  0x41C2, 0x0002, 0x0002, 0x0002, 0x0002, 0x0002, 0x0002, 0x0002, 0x0002, 0x0002,
  0x0002, 0x0002, 0x0002, 0x4242, 0x0002, 0x0002, 0x0002, 0x0002, 0x0002, 0x0002,
  0x0002, 0x0002, 0x0002, 0x41C2, 0x0002, 0x0002, 0x0002, 0x0002, 0x0002, 0x0002,
  0x0002, 0x0002, 0x0002, 0x0002, 0x0002, 0x0002, 0x0002, 0x0002, 0x0002, 0x0002,
  0x0002, 0x0002, 0x0002, 0x0002, 0x0002, 0x0002, 0x0002, 0x0002, 0x0002, 0x0002,
  0x0002, 0x0002, 0x0002, 0x0002, 0x0002, 0x0002, 0x0002, 0x0002, 0x0002, 0x0002,
  0x0002, 0x0002, 0x0002, 0x0002, 0x0002, 0x0002, 0x0002, 0x0002, 0x0002, 0x0002,
  0x0002, 0x0002, 0x0002, 0x0002, 0x0002, 0x0002, 0x0002, 0x4242, 0x41C2, 0x0002,
  0x0002, 0x0002, 0x0002, 0x0002, 0x0002, 0x0002, 0x0002, 0x0002, 0x0002, 0x0002,
  0x0002, 0x0002, 0x0002, 0x0002, 0x0002, 0x0002, 0x0002, 0x0002, 0x0002, 0x0002,
  0x0002, 0x0002, 0x0002, 0x0002, 0x0002, 0x0002, 0x0002, 0x0002, 0x0002, 0x0002,
  0x0002, 0x0002, 0x0002, 0x0002, 0x0002, 0x0002, 0x0002, 0x0002, 0x0002, 0x0002,
  0x41C2, 0x4242, 0x0002, 0x0002, 0x0002, 0x0002, 0x0002, 0x0002, 0x0002, 0x0002,
  0x0002, 0x0002, 0x0002, 0x0002, 0x0002, 0x0002, 0x0002, 0x0002, 0x0002, 0x0002,
  0x0002, 0x0002, 0x0002, 0x0002, 0x0002, 0x0002, 0x0002, 0x0002, 0x0002, 0x0002,
  0x0002, 0x0002, 0x0002, 0x0002, 0x0002, 0x0002, 0x0002, 0x0002, 0x0002, 0x0002,
  0x0002, 0x0002, 0x0002, 0x0002, 0x0002, 0x0002, 0x0002, 0x0002, 0x0002, 0x0002,
  0x0002, 0x0002, 0x0002, 0x0002, 0x0002, 0x0002, 0x0002, 0x0002, 0x0002, 0x0002,
  0x0002, 0x41C2, 0x41C2, 0x0002, 0xC002, 0x0002, 0x0002, 0x0002, 0x0002, 0x0002,
  0x0002, 0x0002, 0x0002, 0x0002, 0x0002, 0x0002, 0x0004, 0x0004, 0x4242, 0x0002,
  0x0002, 0x0002, 0x0002, 0x0002, 0x0002, 0x0002, 0x0002, 0x0002, 0xC002, 0x0002,
  0x0002, 0x0002, 0x0002, 0x0002, 0x0002, 0x0002, 0x0002, 0x0002, 0x0002, 0x0002,
  0x0002, 0x0002, 0x0002, 0x7982, 0x7982, 0x7982, 0x7982, 0x7982, 0x7982, 0x7982,
  0x0002, 0x0002, 0x0002, 0x7982, 0x7982, 0x7982, 0x7982, 0x7982, 0x0002, 0x0002,
  0x0002, 0x0002, 0x0002, 0x0002, 0x0002, 0x0002, 0x0002, 0x0002, 0x0002, 0x0004,
  0x0002, 0x0004, 0x0002, 0x0002, 0x0002, 0x0002, 0x0002, 0x0002, 0x0002, 0x0002,
  0x0004, 0x0002, 0x0002, 0x0004, 0x0002, 0x0002, 0x0002, 0x0002, 0x0002, 0x0002,
  0x0002, 0x0002, 0x0002, 0x0002, 0x0002, 0x0002, 0x0002, 0x0002, 0x0002, 0x0002,
  0x0002, 0x0002, 0x0002, 0x0002, 0x0002, 0x0002, 0x0002, 0x0002, 0x0002, 0x0002,
  0x0002, 0x0002, 0x0002, 0x0002, 0x0002, 0x0002, 0x0002, 0x0002, 0x0002, 0x0002,
  0x0002, 0x0002, 0xC002, 0x0002, 0x0002, 0xC002, 0x0002, 0x0002, 0x0002, 0x0002,
  0xC002, 0x0002, 0x0002, 0xC004, 0x0002, 0xC004, 0xC004, 0xC002, 0x0002, 0x0002,
  0x0002, 0x0002, 0x4242, 0x4242, 0x4242, 0x0002, 0x0002, 0x0002, 0x0002, 0x0002,
  0x0002, 0x0002, 0x0002, 0x0002, 0x0002, 0x0002, 0x0002, 0x0002, 0x0002, 0x0002,
  0x0002, 0x0002, 0x0002, 0x0002, 0x0002, 0x0002, 0x0002, 0x0002, 0x0002, 0x0002,
  0x0002, 0x0002, 0x0002, 0x0002, 0x0002, 0x0002, 0x0002, 0x0002, 0x0002, 0x0002,
  0x0002, 0x0002, 0x0002, 0x0002, 0x0002, 0x0002, 0x0002, 0x0002, 0x0002, 0x0002,
  0x0002, 0x0002, 0x4242, 0x0002, 0x0002, 0x0002, 0x41C2, 0x0002, 0x0002, 0x0002,
  0x0002, 0x0002, 0x0002, 0x0002, 0x0002, 0x0002, 0x0002, 0x0002, 0x0002, 0x0002,
  0x0002, 0x0002, 0x0002, 0x0002, 0x0002, 0x0002, 0x0002, 0x0002, 0x0002, 0x0002,
  0x7982, 0x0002, 0x0002, 0x0002, 0x0002, 0x0002, 0x0002, 0x0002, 0x0002, 0x0002,
  0x0002, 0x0002, 0x0002, 0x0002, 0x0002, 0x0002, 0x0002, 0x0002, 0x0002, 0x0002,
  0x0002, 0x0002, 0x0002, 0x0002, 0x0002, 0x0002, 0x0002, 0x0002, 0x0002, 0x0002,
  0x0002, 0x0002, 0x0002, 0x0002, 0x0002, 0x0002, 0x0002, 0x0002, 0x0002, 0x0002,
  0x0002, 0x0002, 0x0002, 0x0002, 0x0002, 0x0002, 0x0002, 0x0002, 0x0002, 0xC002,
  0x0002, 0x0002, 0x0002, 0x0002, 0x0002, 0x0002, 0x0002, 0x0002, 0x0002, 0xC002,
  0x0004, 0x0004, 0xC002, 0x0004, 0x0002, 0x0002, 0x4242, 0x41C2, 0x0002, 0x0002,
  0x0002, 0x0002, 0x0002, 0x0002, 0x0002, 0x0002, 0x0002, 0x0002, 0x0002, 0x0002,
  0x0002, 0x0002, 0x0002, 0x0002, 0x0002, 0x0002, 0x0002, 0x0002, 0x0002, 0x0002,
  0x0002, 0x0002, 0x0002, 0x0002, 0x0002, 0x0002, 0x0002, 0x0002, 0x0002, 0x0002,
  0x0002, 0x0002, 0x0002, 0x0002, 0x0002, 0x0002, 0x0002, 0x0002, 0x0002, 0x0002,
  0x0002, 0x0002, 0x0002, 0x0002, 0x0002, 0x0002, 0x0002, 0x0002, 0x0002, 0x0002,
  0x0002, 0x0002, 0x0002, 0x0002, 0x0002, 0x0002, 0x0002, 0x0002, 0xC002, 0x0002,
  0x0002, 0x0002, 0x0002, 0x0002, 0x0002, 0x0002, 0x0002, 0x0002, 0x0002, 0x0004,
  0x0004, 0x0002, 0x0002, 0x0002, 0x4242, 0x41C2, 0x0002, 0x0002, 0x0002, 0x0002,
  0x0002, 0x0002, 0x0002, 0x0002, 0x0002, 0x0002, 0x0002, 0x0002, 0x0002, 0x0002,
  0x0002, 0x0002, 0x0002, 0x0002, 0x0002, 0x0002, 0x0002, 0x0002, 0x0002, 0x0002,
  0x0002, 0x0002, 0x0002, 0x0002, 0x0002, 0x0002, 0x0002, 0x0002, 0x0002, 0x0002,
  0x0002, 0x0002, 0x0002, 0x0002, 0x0002, 0x0002, 0x0002, 0x0002, 0x0002, 0x0002,
  0x0002, 0x0002, 0x0002, 0x0002, 0x0002, 0x0002, 0x0002, 0x0002, 0x0002, 0x0002,
  0x0002, 0x0002, 0x0002, 0x0002, 0x0002, 0x0002, 0x0002, 0x0002, 0x0002, 0x4242,
  0x41C2, 0x0002, 0x0002, 0x0002, 0x0002, 0x0002, 0x0002, 0x0002, 0x0002, 0x0002,
  0x0002, 0x0002, 0x0002, 0x0002, 0x0002, 0x0002, 0x0002, 0x0002, 0x0002, 0x0002,
  0x0002, 0x0002, 0x0002, 0x0002, 0x0002, 0x0002, 0x0002, 0x0002, 0x0002, 0x0002,
  0x0002, 0x0002, 0x0002, 0x0002, 0x0002, 0x0002, 0x0002, 0x0002, 0x0002, 0x0002,
  0x0002, 0x0002, 0x0002, 0x0002, 0x0002, 0x0002, 0x0002, 0x0002, 0x0002, 0xC002,
  0x0002, 0x0002, 0x0002, 0x0002, 0x0002, 0x0002, 0x0002, 0x0004, 0x0002, 0x0002,
  0x0002, 0x0002, 0x4242, 0x4242, 0x0002, 0x0002, 0x0002, 0x41C2, 0x0002, 0x0002,
  0x0002, 0x0002, 0x0002, 0x0002, 0x0002, 0x0002, 0x0002, 0x0002, 0x0002, 0x0002,
  0x0002, 0x0002, 0x0002, 0x0002, 0x0002, 0x0002, 0x0002, 0x0002, 0x0002, 0x0002,
  0x0002, 0x0002, 0x0002, 0x0002, 0x0002, 0x0002, 0x0002, 0x0002, 0x0002, 0x0002,
  0x0002, 0x0002, 0x0002, 0x0002, 0x0002, 0x0002, 0x0002, 0x0002, 0x0002, 0x0002,
  0x0002, 0x0002, 0x0002, 0x0002, 0x0002, 0x0002, 0x0002, 0x0002, 0x0002, 0x0002,
  0x0002, 0x0002, 0x0002, 0x0002, 0x0002, 0x0002, 0x0002, 0x0002, 0x4242, 0x0002,
  0x0002, 0x0002, 0x0002, 0x0002, 0x0002, 0x0002, 0x0002, 0x0002, 0x0002, 0x0002,
  0x0002, 0x0002, 0x0002, 0x0002, 0x0002, 0x0002, 0x0002, 0x0002, 0x0002, 0x0002,
  0x0002, 0x0002, 0x0002, 0x0002, 0x0002, 0x0002, 0x0002, 0x0002, 0x0002, 0x0002,
  0x0002, 0x0002, 0x0002, 0x0002, 0x0002, 0x0002, 0x0002, 0x0002, 0x0002, 0x0002,
  0x0002, 0x0002, 0x0002, 0x0002, 0x0002, 0x0002, 0x0002, 0x0002, 0x0002, 0x0002,
  0x0002, 0x0002, 0x0002, 0x0002, 0x0002, 0x41C2, 0x0002, 0x4242, 0x4242, 0x0002,
  0x0002, 0x0002, 0x0002, 0x0002, 0x0002, 0x0002, 0x0002, 0x0002, 0x0002, 0x0002,
  0x0002, 0x0002, 0x0002, 0x0002, 0x0002, 0x0002, 0x0002, 0x0002, 0x0002, 0x0002,
  0x0002, 0x0002, 0x0002, 0x0002, 0x0002, 0x0002, 0x0002, 0x0002, 0x0002, 0x0002,
  0x0002, 0x0002, 0x0002, 0x0002, 0x0002, 0x0002, 0x0002, 0x0002, 0x0002, 0x0002,
  0x0002, 0x0002, 0x0002, 0x0002, 0x0002, 0x0002, 0x0002, 0x0002, 0x0002, 0x0002,
  0x0002, 0x0002, 0x0002, 0x0002, 0x0002, 0x0002, 0x0002, 0x0002, 0x0002, 0x0002,
  0xC002, 0xC002, 0xC002, 0xC004, 0xC004, 0xC004, 0xC004, 0xC004, 0xC006, 0xC006,
  0xC006, 0xC002, 0x0002, 0x0002, 0x0002, 0x0002, 0x0002, 0x4242, 0x0002, 0x0002,
  0x0002, 0x0002, 0x0002, 0x0002, 0x0002, 0x0002, 0x0002, 0x0002, 0x0002, 0x0002,
  0x0002, 0x0002, 0x0002, 0x0002, 0x0002, 0x0002, 0x0002, 0x0002, 0x0002, 0x0002,
  0x0002, 0x0002, 0x0002, 0x0002, 0x0002, 0x0002, 0x0002, 0x0002, 0x0002, 0x0002,
  0x0002, 0x0002, 0x0002, 0x0002, 0x0002, 0x0002, 0x0002, 0x0002, 0x0002, 0x0002,
  0x0002, 0x0002, 0x0002, 0x0002, 0x0002, 0x0002, 0x4042, 0x4042, 0x4042, 0x4042,
  0x4042, 0x0002, 0x0002, 0x0002, 0x0002, 0x0002, 0x0002, 0x0002, 0x0002, 0x0002,
  0x0002, 0x0002, 0x0002, 0x0002, 0x0002, 0x0002, 0x0002, 0x0002, 0x0002, 0x0002,
  0x0002, 0x0002, 0x0002, 0x0002, 0x0002, 0x0002, 0x0002, 0x0002, 0x0002, 0x0002,
  0x0002, 0x0002, 0x0002, 0x0002, 0x0002, 0x0002, 0x0002, 0x0002, 0x0002, 0x0002,
  0x0002, 0x0002, 0x0002, 0x0002, 0x0002, 0x0002, 0x0002, 0x0002, 0x0002, 0x7982,
  0x7982, 0x7982, 0x7982, 0x7982, 0x7982, 0x7982, 0x0002, 0x0002, 0x0002, 0x0002,
  0x0002, 0x0002, 0x0002, 0x0002, 0x0002, 0x0002, 0x0002, 0x0002, 0x0002, 0x0002,
  0x0002, 0x0002, 0x0002, 0x0002, 0x0002, 0x0002, 0x0002, 0x0002, 0x0002, 0x0002,
  0x0002, 0x0002, 0x0002, 0x0002, 0x0002, 0x0002, 0x0002, 0x0002, 0x0002, 0x0002,
  0x0002, 0x0002, 0x0002, 0x0002, 0x0002, 0xC002, 0xC004, 0x0004, 0x0006, 0x0002,
  0x0002, 0x0002, 0x0002, 0x0002, 0x0002, 0x0002, 0x0002, 0x0002, 0x0002, 0x0002,
  0x0002, 0x0002, 0x0002, 0x0002, 0x0002, 0x0002, 0x0002, 0x0002, 0x0002, 0x0002,
  0x0002, 0x0002, 0x0002, 0x0002, 0x0002, 0x0002, 0x0002, 0x0002, 0x0002, 0x0002,
  0x0002, 0x0002, 0x0002, 0x0002, 0x0002, 0x0002, 0x0002, 0x0002, 0x0002, 0x0002,
  0x0002, 0x0002, 0x0002, 0x0002, 0x0002, 0x0002, 0x0002, 0x4182, 0x4182, 0x0002,
  0x0002, 0x0002, 0x0002, 0x0002, 0x0002, 0x0002, 0x0002, 0x0002, 0x0002, 0x0002,
  0x0002, 0x0002, 0x0002, 0x0002, 0x0002, 0x0002, 0x0002, 0x0002, 0x0002, 0x0002,
  0x0002, 0x0002, 0x0002, 0x0002, 0x0002, 0x0002, 0x0002, 0x0002, 0x0002, 0x4042,
  0x0002, 0x0002, 0x0002, 0x0002, 0x0002, 0x0002, 0x0002, 0x0002, 0x0002, 0x0002,
  0x0002, 0x0002, 0x0002, 0x0002, 0x0002, 0x0002, 0x0002, 0x0002, 0x0002, 0x0002,
  0x0002, 0x0002, 0x0002, 0x0002, 0x0002, 0x0002, 0x0002, 0x0002, 0x0002, 0x0002,
  0x0002, 0x0002, 0x0002, 0xC001, 0xC001, 0xC001, 0xC001, 0xC001, 0xC001, 0xC001,
  0xC001, 0xC001, 0xC001, 0xC001, 0xC001, 0xC001, 0xC001, 0xC001, 0xC001, 0xC001,
  0xC001, 0xC001, 0xC001, 0xC001, 0xC001, 0xC001, 0xC001, 0xC001, 0xC001, 0xC001,
  0xC001, 0xC001, 0xC001, 0xC001, 0xC001, 0xC001, 0xC001, 0xC001, 0xC001, 0x0002,
  0x0002, 0x0002, 0x0002, 0x0002, 0x0002, 0x0002, 0x0002, 0x0002, 0x0002, 0x0002,
  0x0002, 0x0002, 0x0002, 0x0002, 0x0002, 0x0002, 0x0002, 0x0002, 0x0002, 0x0002,
  0x0002, 0x0002, 0x0002, 0x0002, 0x0002, 0x0002, 0x0002, 0x0002, 0x0002, 0xC004,
  0xC004, 0xC006, 0xC006, 0xC006, 0xC006, 0xC006, 0x7602, 0x7602, 0x4042, 0x4042,
  0x4042, 0x0002, 0x0002, 0x0002, 0x7882, 0x7602, 0x7602, 0x7602, 0x7602, 0x7602,
  0x0002, 0x0002, 0x0002, 0x0002, 0x0002, 0x0002, 0x0002, 0x0002, 0x7702, 0x7702,
  0x7702, 0x7702, 0x7702, 0x0002, 0x0002, 0x7982, 0x7982, 0x7982, 0x7982, 0x7982,
  0x7702, 0x7702, 0x0002, 0x0002, 0x0002, 0x0002, 0x0002, 0x0002, 0x0002, 0x0002,
  0x0002, 0x0002, 0x0002, 0x0002, 0x0002, 0x0002, 0x0002, 0x0002, 0x0002, 0x0002,
  0x0002, 0x0002, 0x0002, 0x0002, 0x0002, 0x0002, 0x0002, 0x0002, 0x0002, 0x0002,
  0x0002, 0x0002, 0x7982, 0x7982, 0x7982, 0x7982, 0x0002, 0x0002, 0x0002, 0x0002,
  0x0002, 0x0002, 0x0002, 0x0002, 0x0002, 0x0002, 0x0002, 0x0002, 0x0002, 0xC004,
  0xC004, 0xC006, 0xC006, 0xC006, 0x0002, 0x0002, 0x0002, 0x0002, 0x0002, 0x0002,
  0x0002, 0x0002, 0x0002, 0x0002, 0x0002, 0x0002, 0x0002, 0x0002, 0x0002, 0x0002,
  0x0002, 0x0002, 0x0002, 0x0002, 0x0002, 0x0002, 0x0002, 0x0002, 0x0002, 0x0002,
  0x0002, 0x0002, 0x0002, 0x0002, 0x0002, 0x0002, 0x0002, 0x0002, 0x0002, 0x0002,
  0x0002, 0x0002, 0x0002, 0x0002, 0x0002, 0x0002, 0x0002, 0x0002, 0x0002, 0x0002,
  0x0002, 0x0002, 0x0002, 0x0002, 0x0002, 0x0002, 0x0002, 0x0002, 0x0002, 0x0002,
  0x0002, 0x0002, 0x0002, 0x0002, 0x0002, 0x0002, 0x0002, 0x7982, 0x7982, 0x7982,
  0x0002, 0x0002, 0x0002, 0x0002, 0x0002, 0x0002, 0x0002, 0x0002, 0x0002, 0x0002,
  0x0002, 0x0002, 0x0002, 0x0002, 0x0002, 0x0002, 0x0002, 0x0002, 0x0002, 0x0002,
  0x0002, 0x0002, 0x0002, 0x0002, 0x0002, 0x0002, 0x0002, 0x0002, 0x0002, 0x0002,
  0x0002, 0x0002, 0x0002, 0x0002, 0x0002, 0x0002, 0x0002, 0x0002, 0x0002, 0x0002,
  0x0002, 0x0002, 0x0002, 0x0002, 0x0002, 0x0002, 0x0002, 0x0002, 0x0002, 0x0002,
  0x0002, 0x0002, 0x0002, 0x0002, 0x0002, 0x0002, 0x0002, 0x0002, 0x0002, 0xC001,
  0xC001, 0xC001, 0xC001, 0xC001, 0xC001, 0xC001, 0xC001, 0xC001, 0xC001, 0xC001,
  0xC001, 0xC001, 0xC001, 0xC001, 0xC001, 0xC001, 0xC001, 0xC001, 0xC001, 0xC001,
  0x0002, 0xC001, 0xC001, 0xC001, 0xC001, 0xC001, 0xC001, 0xC001, 0xC001, 0xC001,
  0xC001, 0xC001, 0xC001, 0xC001, 0xC001, 0xC001, 0xC001, 0xC001, 0xC001, 0xC001,
  0xC001, 0xC001, 0xC001, 0xC001, 0xC001, 0xC001, 0xC001, 0xC001, 0xC001, 0xC001,
  0xC001, 0xC001, 0xC001, 0xC001, 0xC001, 0xC001, 0xC001, 0xC001, 0xC001, 0xC001,
  0xC001, 0xC001, 0xC001, 0x0002, 0xC001, 0xC001, 0x0002, 0x0002, 0xC001, 0x0002,
  0x0002, 0xC001, 0xC001, 0x0002, 0x0002, 0xC001, 0xC001, 0xC001, 0xC001, 0x0002,
  0xC001, 0xC001, 0xC001, 0xC001, 0xC001, 0xC001, 0xC001, 0xC001, 0xC001, 0xC001,
  0xC001, 0xC001, 0x0002, 0xC001, 0x0002, 0xC001, 0xC001, 0xC001, 0xC001, 0x0002,
  0xC001, 0xC001, 0xC001, 0xC001, 0xC001, 0xC001, 0xC001, 0xC001, 0xC001, 0xC001,
  0xC001, 0xC001, 0xC001, 0xC001, 0xC001, 0xC001, 0xC001, 0xC001, 0xC001, 0xC001,
  0xC001, 0xC001, 0xC001, 0xC001, 0xC001, 0xC001, 0xC001, 0xC001, 0xC001, 0xC001,
  0xC001, 0xC001, 0xC001, 0xC001, 0xC001, 0xC001, 0xC001, 0xC001, 0xC001, 0xC001,
  0xC001, 0xC001, 0xC001, 0xC001, 0xC001, 0xC001, 0xC001, 0xC001, 0xC001, 0xC001,
  0xC001, 0xC001, 0xC001, 0xC001, 0xC001, 0xC001, 0xC001, 0xC001, 0xC001, 0x0002,
  0xC001, 0xC001, 0xC001, 0xC001, 0x0002, 0x0002, 0xC001, 0xC001, 0xC001, 0xC001,
  0xC001, 0xC001, 0xC001, 0xC001, 0x0002, 0xC001, 0xC001, 0xC001, 0xC001, 0xC001,
  0xC001, 0xC001, 0x0002, 0xC001, 0xC001, 0xC001, 0xC001, 0xC001, 0xC001, 0xC001,
  0xC001, 0xC001, 0xC001, 0xC001, 0xC001, 0xC001, 0xC001, 0xC001, 0xC001, 0xC001,
  0xC001, 0xC001, 0xC001, 0xC001, 0xC001, 0xC001, 0xC001, 0xC001, 0xC001, 0xC001,
  0xC001, 0x0002, 0xC001, 0xC001, 0xC001, 0xC001, 0x0002, 0xC001, 0xC001, 0xC001,
  0xC001, 0xC001, 0x0002, 0xC001, 0x0002, 0x0002, 0x0002, 0xC001, 0xC001, 0xC001,
  0xC001, 0xC001, 0xC001, 0xC001, 0x0002, 0xC001, 0xC001, 0xC001, 0xC001, 0xC001,
  0xC001, 0xC001, 0xC001, 0xC001, 0xC001, 0xC001, 0xC001, 0xC001, 0xC001, 0xC001,
  0xC001, 0xC001, 0xC001, 0xC001, 0xC001, 0xC001, 0xC001, 0xC001, 0xC001, 0xC001,
  0xC001, 0xC001, 0xC001, 0xC001, 0xC001, 0xC001, 0xC001, 0xC001, 0xC001, 0xC001,
  0xC001, 0xC001, 0xC001, 0xC001, 0xC001, 0xC001, 0xC001, 0xC001, 0xC001, 0xC001,
  0xC001, 0x0002, 0x0002, 0xC001, 0xC001, 0xC001, 0xC001, 0xC001, 0xC001, 0xC001,
  0xC001, 0xC001, 0xC001, 0xC001, 0xC001, 0xC001, 0xC001, 0xC001, 0xC001, 0xC001,
  0xC001, 0xC001, 0xC001, 0xC001, 0xC001, 0xC001, 0xC001, 0xC001, 0xC001, 0xC001,
  0xC001, 0xC001, 0xC001, 0xC001, 0xC001, 0xC001, 0xC001, 0xC001, 0xC001, 0xC001,
  0xC001, 0xC001, 0xC001, 0xC001, 0xC001, 0xC001, 0xC001, 0xC001, 0xC001, 0xC001,
  0xC001, 0xC001, 0xC001, 0x7982, 0x7982, 0x7982, 0x7982, 0x7982, 0x7982, 0x7982,
  0x0002, 0x7982, 0x7982, 0x7982, 0x7982, 0x7982, 0x7982, 0x7982, 0x7982, 0x7982,
  0x7982, 0x7982, 0x7982, 0x7982, 0x7982, 0x7982, 0x7982, 0x7982, 0x0002, 0x0002,
  0x7982, 0x7982, 0x7982, 0x7982, 0x7982, 0x7982, 0x7982, 0x0002, 0x7982, 0x7982,
  0x0002, 0x7982, 0x7982, 0x7982, 0x7982, 0x7982, 0x0002, 0x0002, 0x0002, 0x0002,
  0x0002, 0xC001, 0xC001, 0xC001, 0xC001, 0xC001, 0xC001, 0xC001, 0xC001, 0xC001,
  0xC001, 0xC001, 0xC001, 0xC001, 0xC001, 0xC001, 0xC001, 0xC001, 0xC001, 0xC001,
  0xC001, 0xC001, 0xC001, 0xC001, 0xC001, 0xC001, 0xC001, 0xC001, 0xC001, 0xC001,
  0xC001, 0xC001, 0xC001, 0xC001, 0xC001, 0xC001, 0xC001, 0xC001, 0xC001, 0xC001,
  0xC001, 0xC001, 0xC001, 0xC001, 0xC001, 0xC001, 0xC001, 0x0002, 0x0002, 0x0002,
  0x0002, 0x0002, 0x0002, 0x0002, 0x0002, 0x0002, 0x0002, 0x0002, 0x0002, 0x0002,
  0x0002, 0x0002, 0x0002, 0x0002, 0x0002, 0x0002, 0x0002, 0x0002, 0x0002, 0x0002,
  0x0002, 0x0002, 0x0002, 0x0002, 0x0002, 0x0002, 0x0002, 0x0002, 0x0002, 0x0002,
  0x0002, 0x0002, 0x0002, 0x0002, 0x0002, 0x0002, 0x0002, 0x0002, 0x0002, 0x0002,
  0x0002, 0x0002, 0x0002, 0x7982, 0x0002, 0x0002, 0x0002, 0x0002, 0x0002, 0x0002,
  0x0002, 0x0002, 0x0002, 0x0002, 0x0002, 0x0002, 0x0002, 0x0002, 0x0002, 0x0002,
  0x0002, 0x0002, 0x0002, 0x0002, 0x0002, 0x0002, 0x0002, 0x0002, 0x0002, 0x0002,
  0x0002, 0x0002, 0x0002, 0x0002, 0x0002, 0x0002, 0x0002, 0x0002, 0x0002, 0x0002,
  0x0002, 0x0002, 0x0002, 0x0002, 0x0002, 0x0002, 0x0002, 0x0002, 0x7982, 0x7982,
  0x7982, 0x7982, 0x0002, 0x0002, 0x0002, 0x0002, 0x0002, 0x0002, 0x0002, 0x0002,
  0x0002, 0x0002, 0x0002, 0x0002, 0x0002, 0x0002, 0x0002, 0x0002, 0x0002, 0x0002,
  0x0002, 0x0002, 0x0002, 0x0002, 0x0002, 0x0002, 0x0002, 0x0002, 0x0002, 0x0002,
  0x0002, 0x0002, 0x0002, 0x0002, 0x0002, 0x0002, 0x0002, 0x0002, 0x0002, 0x0002,
  0x0002, 0x0002, 0x0002, 0x0002, 0x0002, 0x0002, 0x7A02, 0x7A02, 0x7702, 0x7982,
  0x0002, 0x0002, 0x0002, 0x0002, 0x0002, 0x0002, 0x0002, 0x0002, 0x0002, 0x0002,
  0x0002, 0x0002, 0x0002, 0x0002, 0x0002, 0x0002, 0x0002, 0x0002, 0x0002, 0x0002,
  0x0002, 0x0002, 0x0002, 0x0002, 0x0002, 0x0002, 0x0002, 0x0002, 0x0002, 0x0002,
  0x0002, 0x0002, 0x0002, 0x0002, 0x0002, 0x0002, 0x0002, 0x0002, 0x0002, 0x0002,
  0x0002, 0x0002, 0x0002, 0x0002, 0x0002, 0x0002, 0x7982, 0x7702, 0x0002, 0x0002,
  0x0002, 0x0002, 0x0002, 0x0002, 0x0002, 0x0002, 0x0002, 0x0002, 0x0002, 0x0002,
  0x0002, 0x0002, 0x0002, 0x0002, 0x0002, 0x0002, 0x0002, 0x0002, 0x0002, 0x0002,
  0x0002, 0x0002, 0x0002, 0x0002, 0x0002, 0x0002, 0x0002, 0x0002, 0x0002, 0x0002,
  0x0002, 0x0002, 0x0002, 0x7982, 0x0002, 0x0002, 0x7982, 0x0002, 0x0002, 0x0002,
  0x0002, 0x0002, 0x0002, 0x0002, 0x7982, 0x7982, 0x0002, 0x0002, 0x0002, 0x0002,
  0x0002, 0x7982, 0x0002, 0x0002, 0x0002, 0x0002, 0x0002, 0x0002, 0x0002, 0x0002,
  0x0002, 0x0002, 0x0002, 0x0002, 0x0002, 0x0002, 0x0002, 0x0002, 0x7702, 0x7702,
  0x7702, 0x7702, 0x7702, 0x7702, 0x7702, 0x0002, 0x0002, 0x0002, 0x0002, 0x0002,
  0x0002, 0x0002, 0x0002, 0x0002, 0x0002, 0x0002, 0x0002, 0x0002, 0x0002, 0x0002,
  0x0002, 0x0002, 0x0002, 0x0002, 0x0002, 0x0002, 0x0002, 0x0002, 0x0002, 0x0002,
  0x0002, 0x0002, 0x0002, 0x0002, 0x0002, 0x0002, 0x0002, 0x0002, 0x0002, 0x0002,
  0x0002, 0x0002, 0x0002, 0x0002, 0x0002, 0x0002, 0x7982, 0x7982, 0x7982, 0x7982,
  0x7982, 0x7982, 0x41C2, 0x0002, 0x0002, 0x0002, 0x0002, 0x0002, 0x0002, 0x0002,
  0x0002, 0x0002, 0x0002, 0x0002, 0x0002, 0x0002, 0x0002, 0x0002, 0x0002, 0x0002,
  0x0002, 0x0002, 0x0002, 0x0002, 0x0002, 0x0002, 0x0002, 0x0002, 0x0002, 0x0002,
  0x0002, 0x0002, 0x0002, 0x0002, 0x0002, 0x0002, 0x0002, 0x0002, 0x0002, 0x0002,
  0x0002, 0x0002, 0x0002, 0x0002, 0x0002, 0x0002, 0x0002, 0x0002, 0x0002, 0x0002,
  0x0002, 0x0002, 0x0002, 0x0002, 0x0002, 0x0002, 0xC001, 0xC001, 0xC001, 0xC001,
  0x0002, 0xC001, 0xC001, 0xC001, 0xC001, 0xC001, 0xC001, 0xC001, 0xC001, 0xC001,
  0xC001, 0xC001, 0xC001, 0xC001, 0xC001, 0xC001, 0xC001, 0xC001, 0xC001, 0xC001,
  0xC001, 0xC001, 0xC001, 0xC001, 0xC001, 0xC001, 0xC001, 0xC001, 0x0002, 0xC001,
  0xC001, 0x0002, 0xC001, 0x0002, 0x0002, 0xC001, 0x0002, 0xC001, 0xC001, 0xC001,
  0xC001, 0xC001, 0xC001, 0xC001, 0xC001, 0xC001, 0xC001, 0x0002, 0xC001, 0xC001,
  0xC001, 0xC001, 0x0002, 0xC001, 0x0002, 0xC001, 0x0002, 0x0002, 0x0002, 0x0002,
  0xC001, 0x0002, 0x0002, 0x0002, 0x0002, 0xC001, 0x0002, 0xC001, 0x0002, 0xC001,
  0x0002, 0xC001, 0xC001, 0xC001, 0x0002, 0xC001, 0xC001, 0x0002, 0xC001, 0x0002,
  0x0002, 0xC001, 0x0002, 0xC001, 0x0002, 0xC001, 0x0002, 0xC001, 0x0002, 0xC001,
  0x0002, 0xC001, 0xC001, 0x0002, 0xC001, 0x0002, 0x0002, 0xC001, 0xC001, 0xC001,
  0xC001, 0x0002, 0xC001, 0xC001, 0xC001, 0xC001, 0xC001, 0xC001, 0xC001, 0x0002,
  0xC001, 0xC001, 0xC001, 0xC001, 0x0002, 0xC001, 0xC001, 0xC001, 0xC001, 0x0002,
  0xC001, 0x0002, 0xC001, 0xC001, 0xC001, 0xC001, 0xC001, 0xC001, 0xC001, 0xC001,
  0xC001, 0xC001, 0x0002, 0xC001, 0xC001, 0xC001, 0xC001, 0xC001, 0xC001, 0xC001,
  0xC001, 0xC001, 0xC001, 0xC001, 0xC001, 0xC001, 0xC001, 0xC001, 0xC001, 0xC001,
  0x0002, 0x0002, 0x0002, 0x0002, 0x0002, 0xC001, 0xC001, 0xC001, 0x0002, 0xC001,
  0xC001, 0xC001, 0xC001, 0xC001, 0x0002, 0xC001, 0xC001, 0xC001, 0xC001, 0xC001,
  0xC001, 0xC001, 0xC001, 0xC001, 0xC001, 0xC001, 0xC001, 0xC001, 0xC001, 0xC001,
  0xC001, 0xC001, 0x0002, 0x0002, 0x0002, 0x0002, 0xC002, 0xC002, 0xC002, 0xC002,
  0xC002, 0xC002, 0xC002, 0xC002, 0xC002, 0xC002, 0xC002, 0x0002, 0x0002, 0x0002,
  0x0002, 0x0002, 0xC003, 0xC003, 0xC003, 0xC003, 0xC003, 0xC003, 0xC003, 0xC003,
  0xC003, 0xC003, 0xC003, 0xC003, 0xC003, 0xC003, 0xC003, 0xC003, 0xC003, 0xC003,
  0xC003, 0xC003, 0xC003, 0xC003, 0xC003, 0xC003, 0xC003, 0xC003, 0xC003, 0xC001,
  0xC001, 0xC002, 0xC002, 0x0002, 0xC001, 0xC001, 0xC001, 0xC001, 0xC001, 0xC001,
  0xC001, 0xC001, 0xC001, 0xC001, 0xC001, 0xC001, 0xC001, 0xC001, 0xC001, 0xC001,
  0xC002, 0xC002, 0xC002, 0xC002, 0xC003, 0xC002, 0x0002, 0x0002, 0x0002, 0x0002,
  0x0002, 0x0002, 0x0002, 0x0002, 0x0002, 0x0002, 0x0002, 0x0002, 0x0002, 0x0002,
  0x0002, 0x0002, 0x0002, 0x0002, 0x0002, 0x0002, 0x0002, 0x0002, 0x0002, 0x0002,
  0x0002, 0x0002, 0xC002, 0xC002, 0xC002, 0x0002, 0x0002, 0x0002, 0x0002, 0x0002,
  0x0002, 0x0002, 0x0002, 0x0002, 0x0002, 0x0002, 0x0002, 0x0002, 0x0002, 0x0002,
  0x0002, 0x0002, 0x0002, 0x0002, 0xC002, 0x0002, 0x0002, 0x0002, 0x0002, 0x0002,
  0x0002, 0x0002, 0x0002, 0x0002, 0x0002, 0x0002, 0x0002, 0x0002, 0x0002, 0x0002,
  0x0002, 0x0002, 0x0002, 0x0002, 0x0002, 0x0002, 0x0002, 0x0002, 0x0002, 0x0002,
  0x0002, 0x0002, 0x0002, 0x0002, 0x0002, 0x0002, 0x0002, 0x0002, 0x0002, 0x0002,
  0x0002, 0x0002, 0x0002, 0x0002, 0x0002, 0x0002, 0x0002, 0x0002, 0x0002, 0x0002,
  0x0002, 0x0002, 0xC002, 0xC002, 0xC001, 0x0002, 0x0002, 0x0002, 0x0002, 0x0002,
  0x0002, 0x0002, 0x0002, 0x0002, 0x0002, 0x0002, 0x0002, 0x0002, 0xC001, 0xC001,
  0xC001, 0xC002, 0xC001, 0xC001, 0xC001, 0xC001, 0xC001, 0xC001, 0xC001, 0xC001,
  0xC001, 0xC001, 0xC001, 0xC001, 0xC001, 0xC001, 0xC001, 0xC001, 0xC001, 0xC001,
  0xC001, 0xC001, 0xC001, 0xC001, 0xC001, 0xC001, 0xC001, 0xC001, 0xC001, 0xC001,
  0xC001, 0xC001, 0xC001, 0xC001, 0xC001, 0xC001, 0xC001, 0xC001, 0xC001, 0xC001,
  0xC001, 0xC001, 0x0002, 0x0002, 0x0002, 0x0002, 0xC003, 0xC003, 0xC003, 0xC003,
  0xC003, 0xC003, 0xC003, 0xC003, 0xC003, 0x0002, 0x0002, 0x0002, 0x0002, 0x0002,
  0x0002, 0x0002, 0xC001, 0xC001, 0x0002, 0x0002, 0x0002, 0x0002, 0x0002, 0x0002,
  0x0002, 0x0002, 0x0002, 0x0002, 0x0002, 0x0002, 0x0002, 0x0002, 0x0002, 0x0002,
  0x0002, 0x0002, 0x0002, 0x0002, 0x0002, 0x0002, 0x0002, 0x0002, 0x0002, 0x0002,
  0x0002, 0x0002, 0x0002, 0x0002, 0x0002, 0x0002, 0x0002, 0x0002, 0x0002, 0x0002,
  0x0002, 0x0002, 0x0002, 0x0002, 0x0002, 0x0002, 0x0002, 0x0002, 0x0002, 0x0002,
  0x0002, 0x0002, 0xC001, 0xC001, 0xC001, 0xC001, 0xC001, 0xC001, 0xC001, 0xC001,
  0xC001, 0xC001, 0x0002, 0x0002, 0x0002, 0x0002, 0x0002, 0x0002, 0xC001, 0xC001,
  0xC001, 0xC002, 0xC001, 0xC001, 0xC001, 0xC001, 0xC001, 0xC001, 0xC001, 0xC001,
  0xC001, 0xC002, 0xC001, 0xC001, 0xC001, 0xC001, 0xC002, 0xC001, 0xC001, 0xC001,
  0xC002, 0xC001, 0xC001, 0xC001, 0xC001, 0xC001, 0xC002, 0xC001, 0xC001, 0xC001,
  0xC001, 0xC001, 0xC001, 0xC001, 0xC001, 0xC001, 0xC001, 0xC001, 0xC001, 0xC001,
  0xC001, 0xC001, 0xC001, 0xC001, 0xC001, 0xC001, 0xC001, 0xC001, 0xC001, 0xC001,
  0xC002, 0xC001, 0xC001, 0xC001, 0xC002, 0xC001, 0xC001, 0xC001, 0xC001, 0xC001,
  0xC001, 0xC001, 0xC001, 0xC001, 0xC001, 0xC001, 0xC001, 0xC001, 0xC001, 0xC001,
  0xC001, 0xC001, 0xC001, 0xC001, 0xC001, 0xC001, 0xC001, 0xC001, 0xC001, 0xC001,
  0xC002, 0xC001, 0xC001, 0xC001, 0xC001, 0xC001, 0xC001, 0xC002, 0xC002, 0xC001,
  0xC001, 0xC001, 0xC001, 0xC001, 0xC001, 0xC001, 0xC001, 0xC001, 0xC001, 0xC002,
  0xC001, 0xC001, 0xC001, 0xC001, 0xC002, 0xC001, 0xC001, 0xC001, 0xC001, 0xC001,
  0xC001, 0xC001, 0xC001, 0xC001, 0xC002, 0xC001, 0xC002, 0xC001, 0xC001, 0xC001,
  0xC001, 0xC001, 0xC001, 0xC001, 0xC001, 0xC001, 0xC002, 0xC001, 0xC001, 0xC001,
  0xC001, 0xC001, 0xC002, 0xC001, 0xC002, 0xC002, 0xC001, 0xC001, 0xC001, 0xC001,
  0xC002, 0xC002, 0xC001, 0xC001, 0xC001, 0xC001, 0xC001, 0xC001, 0xC001, 0xC001,
  0xC001, 0xC001, 0xC001, 0xC002, 0xC001, 0xC001, 0xC001, 0xC001, 0xC001, 0xC001,
  0xC001, 0xC001, 0xC001, 0xC001, 0xC001, 0xC001, 0xC001, 0xC001, 0xC001, 0xC001,
  0xC001, 0xC001, 0xC001, 0xC002, 0xC001, 0xC001, 0xC001, 0xC001, 0xC001, 0xC002,
  0xC001, 0xC001, 0xC001, 0xC001, 0xC001, 0xC001, 0xC001, 0xC001, 0xC001, 0xC001,
  0xC002, 0xC001, 0xC001, 0xC001, 0xC001, 0xC001, 0xC001, 0xC001, 0xC001, 0xC001,
  0xC001, 0xC001, 0xC001, 0xC001, 0xC001, 0xC001, 0xC001, 0xC001, 0xC001, 0xC002,
  0xC001, 0xC001, 0xC001, 0xC001, 0xC001, 0xC002, 0xC001, 0xC001, 0xC001, 0xC001,
  0xC001, 0xC001, 0xC001, 0xC001, 0xC002, 0xC001, 0xC001, 0xC001, 0xC002, 0xC001,
  0xC001, 0xC001, 0xC001, 0xC001, 0xC001, 0xC002, 0xC002, 0xC002, 0xC001, 0xC002,
  0xC001, 0xC001, 0xC001, 0xC001, 0xC001, 0xC001, 0xC002, 0xC001, 0xC001, 0xC001,
  0xC001, 0xC001, 0xC001, 0xC002, 0xC001, 0xC001, 0xC002, 0xC002, 0xC001, 0xC001,
  0xC001, 0xC001, 0xC001, 0xC001, 0xC001, 0xC001, 0xC001, 0xC002, 0xC001, 0xC002,
  0xC001, 0xC002, 0xC001, 0xC001, 0xC001, 0xC002, 0xC001, 0xC001, 0xC002, 0xC002,
  0xC001, 0xC001, 0xC001, 0xC001, 0xC001, 0xC001, 0xC001, 0xC001, 0xC001, 0xC001,
  0xC001, 0xC001, 0xC001, 0xC002, 0xC001, 0xC002, 0xC001, 0xC002, 0xC001, 0xC002,
  0xC002, 0xC002, 0xC001, 0xC001, 0xC002, 0xC002, 0xC002, 0xC002, 0xC001, 0xC001,
  0xC001, 0xC001, 0xC001, 0xC001, 0xC001, 0xC001, 0xC002, 0xC001, 0xC001, 0xC001,
  0xC001, 0xC002, 0xC001, 0xC002, 0xC002, 0xC001, 0xC001, 0xC001, 0xC001, 0xC001,
  0xC001, 0xC002, 0xC002, 0xC002, 0xC001, 0xC001, 0xC002, 0xC001, 0xC001, 0xC001,
  0xC002, 0xC001, 0xC001, 0xC001, 0xC001, 0xC001, 0xC002, 0xC001, 0xC001, 0xC001,
  0xC001, 0xC001, 0xC001, 0xC002, 0xC002, 0xC001, 0xC002, 0xC001, 0xC002, 0xC001,
  0xC001, 0xC001, 0xC002, 0xC002, 0xC001, 0xC002, 0xC001, 0xC001, 0xC001, 0xC001,
  0xC001, 0xC001, 0xC002, 0xC002, 0xC002, 0xC002, 0xC001, 0xC001, 0xC001, 0xC001,
  0xC001, 0xC001, 0xC001, 0xC001, 0xC001, 0xC001, 0xC001, 0xC001, 0xC002, 0xC001,
  0xC001, 0xC001, 0xC001, 0xC001, 0xC001, 0xC001, 0xC001, 0xC001, 0xC001, 0xC001,
  0xC001, 0xC002, 0xC002, 0xC002, 0xC001, 0xC001, 0xC001, 0xC001, 0xC002, 0xC001,
  0xC002, 0xC001, 0xC001, 0xC002, 0xC002, 0xC001, 0xC001, 0xC001, 0xC001, 0xC001,
  0xC001, 0xC001, 0xC001, 0xC001, 0xC001, 0xC001, 0xC001, 0xC001, 0xC001, 0xC002,
  0xC001, 0xC001, 0xC001, 0xC001, 0xC001, 0xC002, 0xC002, 0xC001, 0xC001, 0xC001,
  0xC001, 0xC001, 0xC001, 0xC002, 0xC001, 0xC001, 0xC001, 0xC001, 0xC002, 0xC002,
  0xC001, 0xC001, 0xC001, 0xC002, 0xC001, 0xC001, 0xC002, 0xC002, 0xC001, 0xC001,
  0xC001, 0xC002, 0xC001, 0xC001, 0xC001, 0xC001, 0xC001, 0xC001, 0xC001, 0xC002,
  0xC001, 0xC001, 0xC001, 0xC002, 0xC001, 0xC001, 0xC001, 0xC001, 0xC002, 0xC002,
  0xC001, 0xC001, 0xC001, 0xC002, 0xC001, 0xC002, 0xC001, 0xC001, 0xC001, 0xC001,
  0xC001, 0xC001, 0xC001, 0xC002, 0xC001, 0xC001, 0xC001, 0xC001, 0xC001, 0xC001,
  0xC002, 0xC001, 0xC002, 0xC002, 0xC002, 0xC001, 0xC001, 0xC001, 0xC001, 0xC001,
  0xC001, 0xC001, 0xC001, 0xC002, 0x0002, 0x0002, 0x0002, 0x0002, 0x0002, 0x0002,
  0x0002, 0x0002, 0x0002, 0x0002, 0x0002, 0x0002, 0x0002, 0x0002, 0x0002, 0x0002,
  0x0002, 0x0002, 0x0002, 0x0002, 0x0002, 0x0002, 0x0002, 0x0002, 0x0002, 0x0002,
  0x0002, 0x0002, 0x0002, 0x0002, 0x0002, 0x0002, 0x0002, 0x0002,
};
} // namespace nfkc
} // namespace utf16_to_composed
} // namespace tables
} // unnamed namespace
} // namespace simdutf

#endif // SIMDUTF_UTF16_TO_COMPOSED_TABLES_H
