// This file was generated by scripts/normalization.py
#ifndef SIMDUTF_UTF16_TO_DECOMPOSED_TABLES_H
#define SIMDUTF_UTF16_TO_DECOMPOSED_TABLES_H

namespace simdutf {
namespace {
namespace tables {
namespace utf16_to_decomposed {


const uint16_t decompositions[10649] = {
  0x0000, 0x0020, 0x0020, 0x0308, 0x0061, 0x0020, 0x0304, 0x0032, 0x0033, 0x0020,
  0x0301, 0x03BC, 0x0020, 0x0327, 0x0031, 0x006F, 0x0031, 0x2044, 0x0034, 0x0031,
  0x2044, 0x0032, 0x0033, 0x2044, 0x0034, 0x0041, 0x0300, 0x0041, 0x0301, 0x0041,
  0x0302, 0x0041, 0x0303, 0x0041, 0x0308, 0x0041, 0x030A, 0x0043, 0x0327, 0x0045,
  0x0300, 0x0045, 0x0301, 0x0045, 0x0302, 0x0045, 0x0308, 0x0049, 0x0300, 0x0049,
  0x0301, 0x0049, 0x0302, 0x0049, 0x0308, 0x004E, 0x0303, 0x004F, 0x0300, 0x004F,
  0x0301, 0x004F, 0x0302, 0x004F, 0x0303, 0x004F, 0x0308, 0x0055, 0x0300, 0x0055,
  0x0301, 0x0055, 0x0302, 0x0055, 0x0308, 0x0059, 0x0301, 0x0061, 0x0300, 0x0061,
  0x0301, 0x0061, 0x0302, 0x0061, 0x0303, 0x0061, 0x0308, 0x0061, 0x030A, 0x0063,
  0x0327, 0x0065, 0x0300, 0x0065, 0x0301, 0x0065, 0x0302, 0x0065, 0x0308, 0x0069,
  0x0300, 0x0069, 0x0301, 0x0069, 0x0302, 0x0069, 0x0308, 0x006E, 0x0303, 0x006F,
  0x0300, 0x006F, 0x0301, 0x006F, 0x0302, 0x006F, 0x0303, 0x006F, 0x0308, 0x0075,
  0x0300, 0x0075, 0x0301, 0x0075, 0x0302, 0x0075, 0x0308, 0x0079, 0x0301, 0x0079,
  0x0308, 0x0041, 0x0304, 0x0061, 0x0304, 0x0041, 0x0306, 0x0061, 0x0306, 0x0041,
  0x0328, 0x0061, 0x0328, 0x0043, 0x0301, 0x0063, 0x0301, 0x0043, 0x0302, 0x0063,
  0x0302, 0x0043, 0x0307, 0x0063, 0x0307, 0x0043, 0x030C, 0x0063, 0x030C, 0x0044,
  0x030C, 0x0064, 0x030C, 0x0045, 0x0304, 0x0065, 0x0304, 0x0045, 0x0306, 0x0065,
  0x0306, 0x0045, 0x0307, 0x0065, 0x0307, 0x0045, 0x0328, 0x0065, 0x0328, 0x0045,
  0x030C, 0x0065, 0x030C, 0x0047, 0x0302, 0x0067, 0x0302, 0x0047, 0x0306, 0x0067,
  0x0306, 0x0047, 0x0307, 0x0067, 0x0307, 0x0047, 0x0327, 0x0067, 0x0327, 0x0048,
  0x0302, 0x0068, 0x0302, 0x0049, 0x0303, 0x0069, 0x0303, 0x0049, 0x0304, 0x0069,
  0x0304, 0x0049, 0x0306, 0x0069, 0x0306, 0x0049, 0x0328, 0x0069, 0x0328, 0x0049,
  0x0307, 0x0049, 0x004A, 0x0069, 0x006A, 0x004A, 0x0302, 0x006A, 0x0302, 0x004B,
  0x0327, 0x006B, 0x0327, 0x004C, 0x0301, 0x006C, 0x0301, 0x004C, 0x0327, 0x006C,
  0x0327, 0x004C, 0x030C, 0x006C, 0x030C, 0x004C, 0x00B7, 0x006C, 0x00B7, 0x004E,
  0x0301, 0x006E, 0x0301, 0x004E, 0x0327, 0x006E, 0x0327, 0x004E, 0x030C, 0x006E,
  0x030C, 0x02BC, 0x006E, 0x004F, 0x0304, 0x006F, 0x0304, 0x004F, 0x0306, 0x006F,
  0x0306, 0x004F, 0x030B, 0x006F, 0x030B, 0x0052, 0x0301, 0x0072, 0x0301, 0x0052,
  0x0327, 0x0072, 0x0327, 0x0052, 0x030C, 0x0072, 0x030C, 0x0053, 0x0301, 0x0073,
  0x0301, 0x0053, 0x0302, 0x0073, 0x0302, 0x0053, 0x0327, 0x0073, 0x0327, 0x0053,
  0x030C, 0x0073, 0x030C, 0x0054, 0x0327, 0x0074, 0x0327, 0x0054, 0x030C, 0x0074,
  0x030C, 0x0055, 0x0303, 0x0075, 0x0303, 0x0055, 0x0304, 0x0075, 0x0304, 0x0055,
  0x0306, 0x0075, 0x0306, 0x0055, 0x030A, 0x0075, 0x030A, 0x0055, 0x030B, 0x0075,
  0x030B, 0x0055, 0x0328, 0x0075, 0x0328, 0x0057, 0x0302, 0x0077, 0x0302, 0x0059,
  0x0302, 0x0079, 0x0302, 0x0059, 0x0308, 0x005A, 0x0301, 0x007A, 0x0301, 0x005A,
  0x0307, 0x007A, 0x0307, 0x005A, 0x030C, 0x007A, 0x030C, 0x0073, 0x004F, 0x031B,
  0x006F, 0x031B, 0x0055, 0x031B, 0x0075, 0x031B, 0x0044, 0x005A, 0x030C, 0x0044,
  0x007A, 0x030C, 0x0064, 0x007A, 0x030C, 0x004C, 0x004A, 0x004C, 0x006A, 0x006C,
  0x006A, 0x004E, 0x004A, 0x004E, 0x006A, 0x006E, 0x006A, 0x0041, 0x030C, 0x0061,
  0x030C, 0x0049, 0x030C, 0x0069, 0x030C, 0x004F, 0x030C, 0x006F, 0x030C, 0x0055,
  0x030C, 0x0075, 0x030C, 0x0055, 0x0308, 0x0304, 0x0075, 0x0308, 0x0304, 0x0055,
  0x0308, 0x0301, 0x0075, 0x0308, 0x0301, 0x0055, 0x0308, 0x030C, 0x0075, 0x0308,
  0x030C, 0x0055, 0x0308, 0x0300, 0x0075, 0x0308, 0x0300, 0x0041, 0x0308, 0x0304,
  0x0061, 0x0308, 0x0304, 0x0041, 0x0307, 0x0304, 0x0061, 0x0307, 0x0304, 0x00C6,
  0x0304, 0x00E6, 0x0304, 0x0047, 0x030C, 0x0067, 0x030C, 0x004B, 0x030C, 0x006B,
  0x030C, 0x004F, 0x0328, 0x006F, 0x0328, 0x004F, 0x0328, 0x0304, 0x006F, 0x0328,
  0x0304, 0x01B7, 0x030C, 0x0292, 0x030C, 0x006A, 0x030C, 0x0044, 0x005A, 0x0044,
  0x007A, 0x0064, 0x007A, 0x0047, 0x0301, 0x0067, 0x0301, 0x004E, 0x0300, 0x006E,
  0x0300, 0x0041, 0x030A, 0x0301, 0x0061, 0x030A, 0x0301, 0x00C6, 0x0301, 0x00E6,
  0x0301, 0x00D8, 0x0301, 0x00F8, 0x0301, 0x0041, 0x030F, 0x0061, 0x030F, 0x0041,
  0x0311, 0x0061, 0x0311, 0x0045, 0x030F, 0x0065, 0x030F, 0x0045, 0x0311, 0x0065,
  0x0311, 0x0049, 0x030F, 0x0069, 0x030F, 0x0049, 0x0311, 0x0069, 0x0311, 0x004F,
  0x030F, 0x006F, 0x030F, 0x004F, 0x0311, 0x006F, 0x0311, 0x0052, 0x030F, 0x0072,
  0x030F, 0x0052, 0x0311, 0x0072, 0x0311, 0x0055, 0x030F, 0x0075, 0x030F, 0x0055,
  0x0311, 0x0075, 0x0311, 0x0053, 0x0326, 0x0073, 0x0326, 0x0054, 0x0326, 0x0074,
  0x0326, 0x0048, 0x030C, 0x0068, 0x030C, 0x0041, 0x0307, 0x0061, 0x0307, 0x0045,
  0x0327, 0x0065, 0x0327, 0x004F, 0x0308, 0x0304, 0x006F, 0x0308, 0x0304, 0x004F,
  0x0303, 0x0304, 0x006F, 0x0303, 0x0304, 0x004F, 0x0307, 0x006F, 0x0307, 0x004F,
  0x0307, 0x0304, 0x006F, 0x0307, 0x0304, 0x0059, 0x0304, 0x0079, 0x0304, 0x0068,
  0x0266, 0x006A, 0x0072, 0x0279, 0x027B, 0x0281, 0x0077, 0x0079, 0x0020, 0x0306,
  0x0020, 0x0307, 0x0020, 0x030A, 0x0020, 0x0328, 0x0020, 0x0303, 0x0020, 0x030B,
  0x0263, 0x006C, 0x0073, 0x0078, 0x0295, 0x0300, 0x0301, 0x0302, 0x0303, 0x0304,
  0x0305, 0x0306, 0x0307, 0x0308, 0x0309, 0x030A, 0x030B, 0x030C, 0x030D, 0x030E,
  0x030F, 0x0310, 0x0311, 0x0312, 0x0313, 0x0314, 0x0315, 0x0316, 0x0317, 0x0318,
  0x0319, 0x031A, 0x031B, 0x031C, 0x031D, 0x031E, 0x031F, 0x0320, 0x0321, 0x0322,
  0x0323, 0x0324, 0x0325, 0x0326, 0x0327, 0x0328, 0x0329, 0x032A, 0x032B, 0x032C,
  0x032D, 0x032E, 0x032F, 0x0330, 0x0331, 0x0332, 0x0333, 0x0334, 0x0335, 0x0336,
  0x0337, 0x0338, 0x0339, 0x033A, 0x033B, 0x033C, 0x033D, 0x033E, 0x033F, 0x0300,
  0x0301, 0x0342, 0x0313, 0x0308, 0x0301, 0x0345, 0x0346, 0x0347, 0x0348, 0x0349,
  0x034A, 0x034B, 0x034C, 0x034D, 0x034E, 0x0350, 0x0351, 0x0352, 0x0353, 0x0354,
  0x0355, 0x0356, 0x0357, 0x0358, 0x0359, 0x035A, 0x035B, 0x035C, 0x035D, 0x035E,
  0x035F, 0x0360, 0x0361, 0x0362, 0x0363, 0x0364, 0x0365, 0x0366, 0x0367, 0x0368,
  0x0369, 0x036A, 0x036B, 0x036C, 0x036D, 0x036E, 0x036F, 0x02B9, 0x0020, 0x0345,
  0x003B, 0x0020, 0x0301, 0x0020, 0x0308, 0x0301, 0x00A8, 0x0301, 0x0391, 0x0301,
  0x00B7, 0x0395, 0x0301, 0x0397, 0x0301, 0x0399, 0x0301, 0x039F, 0x0301, 0x03A5,
  0x0301, 0x03A9, 0x0301, 0x03B9, 0x0308, 0x0301, 0x0399, 0x0308, 0x03A5, 0x0308,
  0x03B1, 0x0301, 0x03B5, 0x0301, 0x03B7, 0x0301, 0x03B9, 0x0301, 0x03C5, 0x0308,
  0x0301, 0x03B9, 0x0308, 0x03C5, 0x0308, 0x03BF, 0x0301, 0x03C5, 0x0301, 0x03C9,
  0x0301, 0x03B2, 0x03B8, 0x03A5, 0x03A5, 0x0301, 0x03D2, 0x0301, 0x03A5, 0x0308,
  0x03D2, 0x0308, 0x03C6, 0x03C0, 0x03BA, 0x03C1, 0x03C2, 0x0398, 0x03B5, 0x03A3,
  0x0415, 0x0300, 0x0415, 0x0308, 0x0413, 0x0301, 0x0406, 0x0308, 0x041A, 0x0301,
  0x0418, 0x0300, 0x0423, 0x0306, 0x0418, 0x0306, 0x0438, 0x0306, 0x0435, 0x0300,
  0x0435, 0x0308, 0x0433, 0x0301, 0x0456, 0x0308, 0x043A, 0x0301, 0x0438, 0x0300,
  0x0443, 0x0306, 0x0474, 0x030F, 0x0475, 0x030F, 0x0483, 0x0484, 0x0485, 0x0486,
  0x0487, 0x0416, 0x0306, 0x0436, 0x0306, 0x0410, 0x0306, 0x0430, 0x0306, 0x0410,
  0x0308, 0x0430, 0x0308, 0x0415, 0x0306, 0x0435, 0x0306, 0x04D8, 0x0308, 0x04D9,
  0x0308, 0x0416, 0x0308, 0x0436, 0x0308, 0x0417, 0x0308, 0x0437, 0x0308, 0x0418,
  0x0304, 0x0438, 0x0304, 0x0418, 0x0308, 0x0438, 0x0308, 0x041E, 0x0308, 0x043E,
  0x0308, 0x04E8, 0x0308, 0x04E9, 0x0308, 0x042D, 0x0308, 0x044D, 0x0308, 0x0423,
  0x0304, 0x0443, 0x0304, 0x0423, 0x0308, 0x0443, 0x0308, 0x0423, 0x030B, 0x0443,
  0x030B, 0x0427, 0x0308, 0x0447, 0x0308, 0x042B, 0x0308, 0x044B, 0x0308, 0x0565,
  0x0582, 0x0591, 0x0592, 0x0593, 0x0594, 0x0595, 0x0596, 0x0597, 0x0598, 0x0599,
  0x059A, 0x059B, 0x059C, 0x059D, 0x059E, 0x059F, 0x05A0, 0x05A1, 0x05A2, 0x05A3,
  0x05A4, 0x05A5, 0x05A6, 0x05A7, 0x05A8, 0x05A9, 0x05AA, 0x05AB, 0x05AC, 0x05AD,
  0x05AE, 0x05AF, 0x05B0, 0x05B1, 0x05B2, 0x05B3, 0x05B4, 0x05B5, 0x05B6, 0x05B7,
  0x05B8, 0x05B9, 0x05BA, 0x05BB, 0x05BC, 0x05BD, 0x05BF, 0x05C1, 0x05C2, 0x05C4,
  0x05C5, 0x05C7, 0x0610, 0x0611, 0x0612, 0x0613, 0x0614, 0x0615, 0x0616, 0x0617,
  0x0618, 0x0619, 0x061A, 0x0627, 0x0653, 0x0627, 0x0654, 0x0648, 0x0654, 0x0627,
  0x0655, 0x064A, 0x0654, 0x064B, 0x064C, 0x064D, 0x064E, 0x064F, 0x0650, 0x0651,
  0x0652, 0x0653, 0x0654, 0x0655, 0x0656, 0x0657, 0x0658, 0x0659, 0x065A, 0x065B,
  0x065C, 0x065D, 0x065E, 0x065F, 0x0670, 0x0627, 0x0674, 0x0648, 0x0674, 0x06C7,
  0x0674, 0x064A, 0x0674, 0x06D5, 0x0654, 0x06C1, 0x0654, 0x06D2, 0x0654, 0x06D6,
  0x06D7, 0x06D8, 0x06D9, 0x06DA, 0x06DB, 0x06DC, 0x06DF, 0x06E0, 0x06E1, 0x06E2,
  0x06E3, 0x06E4, 0x06E7, 0x06E8, 0x06EA, 0x06EB, 0x06EC, 0x06ED, 0x0711, 0x0730,
  0x0731, 0x0732, 0x0733, 0x0734, 0x0735, 0x0736, 0x0737, 0x0738, 0x0739, 0x073A,
  0x073B, 0x073C, 0x073D, 0x073E, 0x073F, 0x0740, 0x0741, 0x0742, 0x0743, 0x0744,
  0x0745, 0x0746, 0x0747, 0x0748, 0x0749, 0x074A, 0x07EB, 0x07EC, 0x07ED, 0x07EE,
  0x07EF, 0x07F0, 0x07F1, 0x07F2, 0x07F3, 0x07FD, 0x0816, 0x0817, 0x0818, 0x0819,
  0x081B, 0x081C, 0x081D, 0x081E, 0x081F, 0x0820, 0x0821, 0x0822, 0x0823, 0x0825,
  0x0826, 0x0827, 0x0829, 0x082A, 0x082B, 0x082C, 0x082D, 0x0859, 0x085A, 0x085B,
  0x0897, 0x0898, 0x0899, 0x089A, 0x089B, 0x089C, 0x089D, 0x089E, 0x089F, 0x08CA,
  0x08CB, 0x08CC, 0x08CD, 0x08CE, 0x08CF, 0x08D0, 0x08D1, 0x08D2, 0x08D3, 0x08D4,
  0x08D5, 0x08D6, 0x08D7, 0x08D8, 0x08D9, 0x08DA, 0x08DB, 0x08DC, 0x08DD, 0x08DE,
  0x08DF, 0x08E0, 0x08E1, 0x08E3, 0x08E4, 0x08E5, 0x08E6, 0x08E7, 0x08E8, 0x08E9,
  0x08EA, 0x08EB, 0x08EC, 0x08ED, 0x08EE, 0x08EF, 0x08F0, 0x08F1, 0x08F2, 0x08F3,
  0x08F4, 0x08F5, 0x08F6, 0x08F7, 0x08F8, 0x08F9, 0x08FA, 0x08FB, 0x08FC, 0x08FD,
  0x08FE, 0x08FF, 0x0928, 0x093C, 0x0930, 0x093C, 0x0933, 0x093C, 0x093C, 0x094D,
  0x0951, 0x0952, 0x0953, 0x0954, 0x0915, 0x093C, 0x0916, 0x093C, 0x0917, 0x093C,
  0x091C, 0x093C, 0x0921, 0x093C, 0x0922, 0x093C, 0x092B, 0x093C, 0x092F, 0x093C,
  0x09BC, 0x09C7, 0x09BE, 0x09C7, 0x09D7, 0x09CD, 0x09A1, 0x09BC, 0x09A2, 0x09BC,
  0x09AF, 0x09BC, 0x09FE, 0x0A32, 0x0A3C, 0x0A38, 0x0A3C, 0x0A3C, 0x0A4D, 0x0A16,
  0x0A3C, 0x0A17, 0x0A3C, 0x0A1C, 0x0A3C, 0x0A2B, 0x0A3C, 0x0ABC, 0x0ACD, 0x0B3C,
  0x0B47, 0x0B56, 0x0B47, 0x0B3E, 0x0B47, 0x0B57, 0x0B4D, 0x0B21, 0x0B3C, 0x0B22,
  0x0B3C, 0x0B92, 0x0BD7, 0x0BC6, 0x0BBE, 0x0BC7, 0x0BBE, 0x0BC6, 0x0BD7, 0x0BCD,
  0x0C3C, 0x0C46, 0x0C56, 0x0C4D, 0x0C55, 0x0C56, 0x0CBC, 0x0CBF, 0x0CD5, 0x0CC6,
  0x0CD5, 0x0CC6, 0x0CD6, 0x0CC6, 0x0CC2, 0x0CC6, 0x0CC2, 0x0CD5, 0x0CCD, 0x0D3B,
  0x0D3C, 0x0D46, 0x0D3E, 0x0D47, 0x0D3E, 0x0D46, 0x0D57, 0x0D4D, 0x0DCA, 0x0DD9,
  0x0DCA, 0x0DD9, 0x0DCF, 0x0DD9, 0x0DCF, 0x0DCA, 0x0DD9, 0x0DDF, 0x0E4D, 0x0E32,
  0x0E38, 0x0E39, 0x0E3A, 0x0E48, 0x0E49, 0x0E4A, 0x0E4B, 0x0ECD, 0x0EB2, 0x0EB8,
  0x0EB9, 0x0EBA, 0x0EC8, 0x0EC9, 0x0ECA, 0x0ECB, 0x0EAB, 0x0E99, 0x0EAB, 0x0EA1,
  0x0F0B, 0x0F18, 0x0F19, 0x0F35, 0x0F37, 0x0F39, 0x0F42, 0x0FB7, 0x0F4C, 0x0FB7,
  0x0F51, 0x0FB7, 0x0F56, 0x0FB7, 0x0F5B, 0x0FB7, 0x0F40, 0x0FB5, 0x0F71, 0x0F72,
  0x0F71, 0x0F72, 0x0F74, 0x0F71, 0x0F74, 0x0FB2, 0x0F80, 0x0FB2, 0x0F71, 0x0F80,
  0x0FB3, 0x0F80, 0x0FB3, 0x0F71, 0x0F80, 0x0F7A, 0x0F7B, 0x0F7C, 0x0F7D, 0x0F80,
  0x0F71, 0x0F80, 0x0F82, 0x0F83, 0x0F84, 0x0F86, 0x0F87, 0x0F92, 0x0FB7, 0x0F9C,
  0x0FB7, 0x0FA1, 0x0FB7, 0x0FA6, 0x0FB7, 0x0FAB, 0x0FB7, 0x0F90, 0x0FB5, 0x0FC6,
  0x1025, 0x102E, 0x1037, 0x1039, 0x103A, 0x108D, 0x10DC, 0x135D, 0x135E, 0x135F,
  0x1714, 0x1715, 0x1734, 0x17D2, 0x17DD, 0x18A9, 0x1939, 0x193A, 0x193B, 0x1A17,
  0x1A18, 0x1A60, 0x1A75, 0x1A76, 0x1A77, 0x1A78, 0x1A79, 0x1A7A, 0x1A7B, 0x1A7C,
  0x1A7F, 0x1AB0, 0x1AB1, 0x1AB2, 0x1AB3, 0x1AB4, 0x1AB5, 0x1AB6, 0x1AB7, 0x1AB8,
  0x1AB9, 0x1ABA, 0x1ABB, 0x1ABC, 0x1ABD, 0x1ABF, 0x1AC0, 0x1AC1, 0x1AC2, 0x1AC3,
  0x1AC4, 0x1AC5, 0x1AC6, 0x1AC7, 0x1AC8, 0x1AC9, 0x1ACA, 0x1ACB, 0x1ACC, 0x1ACD,
  0x1ACE, 0x1ACF, 0x1AD0, 0x1AD1, 0x1AD2, 0x1AD3, 0x1AD4, 0x1AD5, 0x1AD6, 0x1AD7,
  0x1AD8, 0x1AD9, 0x1ADA, 0x1ADB, 0x1ADC, 0x1ADD, 0x1AE0, 0x1AE1, 0x1AE2, 0x1AE3,
  0x1AE4, 0x1AE5, 0x1AE6, 0x1AE7, 0x1AE8, 0x1AE9, 0x1AEA, 0x1AEB, 0x1B05, 0x1B35,
  0x1B07, 0x1B35, 0x1B09, 0x1B35, 0x1B0B, 0x1B35, 0x1B0D, 0x1B35, 0x1B11, 0x1B35,
  0x1B34, 0x1B3A, 0x1B35, 0x1B3C, 0x1B35, 0x1B3E, 0x1B35, 0x1B3F, 0x1B35, 0x1B42,
  0x1B35, 0x1B44, 0x1B6B, 0x1B6C, 0x1B6D, 0x1B6E, 0x1B6F, 0x1B70, 0x1B71, 0x1B72,
  0x1B73, 0x1BAA, 0x1BAB, 0x1BE6, 0x1BF2, 0x1BF3, 0x1C37, 0x1CD0, 0x1CD1, 0x1CD2,
  0x1CD4, 0x1CD5, 0x1CD6, 0x1CD7, 0x1CD8, 0x1CD9, 0x1CDA, 0x1CDB, 0x1CDC, 0x1CDD,
  0x1CDE, 0x1CDF, 0x1CE0, 0x1CE2, 0x1CE3, 0x1CE4, 0x1CE5, 0x1CE6, 0x1CE7, 0x1CE8,
  0x1CED, 0x1CF4, 0x1CF8, 0x1CF9, 0x0041, 0x00C6, 0x0042, 0x0044, 0x0045, 0x018E,
  0x0047, 0x0048, 0x0049, 0x004A, 0x004B, 0x004C, 0x004D, 0x004E, 0x004F, 0x0222,
  0x0050, 0x0052, 0x0054, 0x0055, 0x0057, 0x0061, 0x0250, 0x0251, 0x1D02, 0x0062,
  0x0064, 0x0065, 0x0259, 0x025B, 0x025C, 0x0067, 0x006B, 0x006D, 0x014B, 0x006F,
  0x0254, 0x1D16, 0x1D17, 0x0070, 0x0074, 0x0075, 0x1D1D, 0x026F, 0x0076, 0x1D25,
  0x03B2, 0x03B3, 0x03B4, 0x03C6, 0x03C7, 0x0069, 0x0072, 0x0075, 0x0076, 0x03B2,
  0x03B3, 0x03C1, 0x03C6, 0x03C7, 0x043D, 0x0252, 0x0063, 0x0255, 0x00F0, 0x025C,
  0x0066, 0x025F, 0x0261, 0x0265, 0x0268, 0x0269, 0x026A, 0x1D7B, 0x029D, 0x026D,
  0x1D85, 0x029F, 0x0271, 0x0270, 0x0272, 0x0273, 0x0274, 0x0275, 0x0278, 0x0282,
  0x0283, 0x01AB, 0x0289, 0x028A, 0x1D1C, 0x028B, 0x028C, 0x007A, 0x0290, 0x0291,
  0x0292, 0x03B8, 0x1DC0, 0x1DC1, 0x1DC2, 0x1DC3, 0x1DC4, 0x1DC5, 0x1DC6, 0x1DC7,
  0x1DC8, 0x1DC9, 0x1DCA, 0x1DCB, 0x1DCC, 0x1DCD, 0x1DCE, 0x1DCF, 0x1DD0, 0x1DD1,
  0x1DD2, 0x1DD3, 0x1DD4, 0x1DD5, 0x1DD6, 0x1DD7, 0x1DD8, 0x1DD9, 0x1DDA, 0x1DDB,
  0x1DDC, 0x1DDD, 0x1DDE, 0x1DDF, 0x1DE0, 0x1DE1, 0x1DE2, 0x1DE3, 0x1DE4, 0x1DE5,
  0x1DE6, 0x1DE7, 0x1DE8, 0x1DE9, 0x1DEA, 0x1DEB, 0x1DEC, 0x1DED, 0x1DEE, 0x1DEF,
  0x1DF0, 0x1DF1, 0x1DF2, 0x1DF3, 0x1DF4, 0x1DF5, 0x1DF6, 0x1DF7, 0x1DF8, 0x1DF9,
  0x1DFA, 0x1DFB, 0x1DFC, 0x1DFD, 0x1DFE, 0x1DFF, 0x0041, 0x0325, 0x0061, 0x0325,
  0x0042, 0x0307, 0x0062, 0x0307, 0x0042, 0x0323, 0x0062, 0x0323, 0x0042, 0x0331,
  0x0062, 0x0331, 0x0043, 0x0327, 0x0301, 0x0063, 0x0327, 0x0301, 0x0044, 0x0307,
  0x0064, 0x0307, 0x0044, 0x0323, 0x0064, 0x0323, 0x0044, 0x0331, 0x0064, 0x0331,
  0x0044, 0x0327, 0x0064, 0x0327, 0x0044, 0x032D, 0x0064, 0x032D, 0x0045, 0x0304,
  0x0300, 0x0065, 0x0304, 0x0300, 0x0045, 0x0304, 0x0301, 0x0065, 0x0304, 0x0301,
  0x0045, 0x032D, 0x0065, 0x032D, 0x0045, 0x0330, 0x0065, 0x0330, 0x0045, 0x0327,
  0x0306, 0x0065, 0x0327, 0x0306, 0x0046, 0x0307, 0x0066, 0x0307, 0x0047, 0x0304,
  0x0067, 0x0304, 0x0048, 0x0307, 0x0068, 0x0307, 0x0048, 0x0323, 0x0068, 0x0323,
  0x0048, 0x0308, 0x0068, 0x0308, 0x0048, 0x0327, 0x0068, 0x0327, 0x0048, 0x032E,
  0x0068, 0x032E, 0x0049, 0x0330, 0x0069, 0x0330, 0x0049, 0x0308, 0x0301, 0x0069,
  0x0308, 0x0301, 0x004B, 0x0301, 0x006B, 0x0301, 0x004B, 0x0323, 0x006B, 0x0323,
  0x004B, 0x0331, 0x006B, 0x0331, 0x004C, 0x0323, 0x006C, 0x0323, 0x004C, 0x0323,
  0x0304, 0x006C, 0x0323, 0x0304, 0x004C, 0x0331, 0x006C, 0x0331, 0x004C, 0x032D,
  0x006C, 0x032D, 0x004D, 0x0301, 0x006D, 0x0301, 0x004D, 0x0307, 0x006D, 0x0307,
  0x004D, 0x0323, 0x006D, 0x0323, 0x004E, 0x0307, 0x006E, 0x0307, 0x004E, 0x0323,
  0x006E, 0x0323, 0x004E, 0x0331, 0x006E, 0x0331, 0x004E, 0x032D, 0x006E, 0x032D,
  0x004F, 0x0303, 0x0301, 0x006F, 0x0303, 0x0301, 0x004F, 0x0303, 0x0308, 0x006F,
  0x0303, 0x0308, 0x004F, 0x0304, 0x0300, 0x006F, 0x0304, 0x0300, 0x004F, 0x0304,
  0x0301, 0x006F, 0x0304, 0x0301, 0x0050, 0x0301, 0x0070, 0x0301, 0x0050, 0x0307,
  0x0070, 0x0307, 0x0052, 0x0307, 0x0072, 0x0307, 0x0052, 0x0323, 0x0072, 0x0323,
  0x0052, 0x0323, 0x0304, 0x0072, 0x0323, 0x0304, 0x0052, 0x0331, 0x0072, 0x0331,
  0x0053, 0x0307, 0x0073, 0x0307, 0x0053, 0x0323, 0x0073, 0x0323, 0x0053, 0x0301,
  0x0307, 0x0073, 0x0301, 0x0307, 0x0053, 0x030C, 0x0307, 0x0073, 0x030C, 0x0307,
  0x0053, 0x0323, 0x0307, 0x0073, 0x0323, 0x0307, 0x0054, 0x0307, 0x0074, 0x0307,
  0x0054, 0x0323, 0x0074, 0x0323, 0x0054, 0x0331, 0x0074, 0x0331, 0x0054, 0x032D,
  0x0074, 0x032D, 0x0055, 0x0324, 0x0075, 0x0324, 0x0055, 0x0330, 0x0075, 0x0330,
  0x0055, 0x032D, 0x0075, 0x032D, 0x0055, 0x0303, 0x0301, 0x0075, 0x0303, 0x0301,
  0x0055, 0x0304, 0x0308, 0x0075, 0x0304, 0x0308, 0x0056, 0x0303, 0x0076, 0x0303,
  0x0056, 0x0323, 0x0076, 0x0323, 0x0057, 0x0300, 0x0077, 0x0300, 0x0057, 0x0301,
  0x0077, 0x0301, 0x0057, 0x0308, 0x0077, 0x0308, 0x0057, 0x0307, 0x0077, 0x0307,
  0x0057, 0x0323, 0x0077, 0x0323, 0x0058, 0x0307, 0x0078, 0x0307, 0x0058, 0x0308,
  0x0078, 0x0308, 0x0059, 0x0307, 0x0079, 0x0307, 0x005A, 0x0302, 0x007A, 0x0302,
  0x005A, 0x0323, 0x007A, 0x0323, 0x005A, 0x0331, 0x007A, 0x0331, 0x0068, 0x0331,
  0x0074, 0x0308, 0x0077, 0x030A, 0x0079, 0x030A, 0x0061, 0x02BE, 0x0073, 0x0307,
  0x017F, 0x0307, 0x0041, 0x0323, 0x0061, 0x0323, 0x0041, 0x0309, 0x0061, 0x0309,
  0x0041, 0x0302, 0x0301, 0x0061, 0x0302, 0x0301, 0x0041, 0x0302, 0x0300, 0x0061,
  0x0302, 0x0300, 0x0041, 0x0302, 0x0309, 0x0061, 0x0302, 0x0309, 0x0041, 0x0302,
  0x0303, 0x0061, 0x0302, 0x0303, 0x0041, 0x0323, 0x0302, 0x0061, 0x0323, 0x0302,
  0x0041, 0x0306, 0x0301, 0x0061, 0x0306, 0x0301, 0x0041, 0x0306, 0x0300, 0x0061,
  0x0306, 0x0300, 0x0041, 0x0306, 0x0309, 0x0061, 0x0306, 0x0309, 0x0041, 0x0306,
  0x0303, 0x0061, 0x0306, 0x0303, 0x0041, 0x0323, 0x0306, 0x0061, 0x0323, 0x0306,
  0x0045, 0x0323, 0x0065, 0x0323, 0x0045, 0x0309, 0x0065, 0x0309, 0x0045, 0x0303,
  0x0065, 0x0303, 0x0045, 0x0302, 0x0301, 0x0065, 0x0302, 0x0301, 0x0045, 0x0302,
  0x0300, 0x0065, 0x0302, 0x0300, 0x0045, 0x0302, 0x0309, 0x0065, 0x0302, 0x0309,
  0x0045, 0x0302, 0x0303, 0x0065, 0x0302, 0x0303, 0x0045, 0x0323, 0x0302, 0x0065,
  0x0323, 0x0302, 0x0049, 0x0309, 0x0069, 0x0309, 0x0049, 0x0323, 0x0069, 0x0323,
  0x004F, 0x0323, 0x006F, 0x0323, 0x004F, 0x0309, 0x006F, 0x0309, 0x004F, 0x0302,
  0x0301, 0x006F, 0x0302, 0x0301, 0x004F, 0x0302, 0x0300, 0x006F, 0x0302, 0x0300,
  0x004F, 0x0302, 0x0309, 0x006F, 0x0302, 0x0309, 0x004F, 0x0302, 0x0303, 0x006F,
  0x0302, 0x0303, 0x004F, 0x0323, 0x0302, 0x006F, 0x0323, 0x0302, 0x004F, 0x031B,
  0x0301, 0x006F, 0x031B, 0x0301, 0x004F, 0x031B, 0x0300, 0x006F, 0x031B, 0x0300,
  0x004F, 0x031B, 0x0309, 0x006F, 0x031B, 0x0309, 0x004F, 0x031B, 0x0303, 0x006F,
  0x031B, 0x0303, 0x004F, 0x031B, 0x0323, 0x006F, 0x031B, 0x0323, 0x0055, 0x0323,
  0x0075, 0x0323, 0x0055, 0x0309, 0x0075, 0x0309, 0x0055, 0x031B, 0x0301, 0x0075,
  0x031B, 0x0301, 0x0055, 0x031B, 0x0300, 0x0075, 0x031B, 0x0300, 0x0055, 0x031B,
  0x0309, 0x0075, 0x031B, 0x0309, 0x0055, 0x031B, 0x0303, 0x0075, 0x031B, 0x0303,
  0x0055, 0x031B, 0x0323, 0x0075, 0x031B, 0x0323, 0x0059, 0x0300, 0x0079, 0x0300,
  0x0059, 0x0323, 0x0079, 0x0323, 0x0059, 0x0309, 0x0079, 0x0309, 0x0059, 0x0303,
  0x0079, 0x0303, 0x03B1, 0x0313, 0x03B1, 0x0314, 0x03B1, 0x0313, 0x0300, 0x03B1,
  0x0314, 0x0300, 0x03B1, 0x0313, 0x0301, 0x03B1, 0x0314, 0x0301, 0x03B1, 0x0313,
  0x0342, 0x03B1, 0x0314, 0x0342, 0x0391, 0x0313, 0x0391, 0x0314, 0x0391, 0x0313,
  0x0300, 0x0391, 0x0314, 0x0300, 0x0391, 0x0313, 0x0301, 0x0391, 0x0314, 0x0301,
  0x0391, 0x0313, 0x0342, 0x0391, 0x0314, 0x0342, 0x03B5, 0x0313, 0x03B5, 0x0314,
  0x03B5, 0x0313, 0x0300, 0x03B5, 0x0314, 0x0300, 0x03B5, 0x0313, 0x0301, 0x03B5,
  0x0314, 0x0301, 0x0395, 0x0313, 0x0395, 0x0314, 0x0395, 0x0313, 0x0300, 0x0395,
  0x0314, 0x0300, 0x0395, 0x0313, 0x0301, 0x0395, 0x0314, 0x0301, 0x03B7, 0x0313,
  0x03B7, 0x0314, 0x03B7, 0x0313, 0x0300, 0x03B7, 0x0314, 0x0300, 0x03B7, 0x0313,
  0x0301, 0x03B7, 0x0314, 0x0301, 0x03B7, 0x0313, 0x0342, 0x03B7, 0x0314, 0x0342,
  0x0397, 0x0313, 0x0397, 0x0314, 0x0397, 0x0313, 0x0300, 0x0397, 0x0314, 0x0300,
  0x0397, 0x0313, 0x0301, 0x0397, 0x0314, 0x0301, 0x0397, 0x0313, 0x0342, 0x0397,
  0x0314, 0x0342, 0x03B9, 0x0313, 0x03B9, 0x0314, 0x03B9, 0x0313, 0x0300, 0x03B9,
  0x0314, 0x0300, 0x03B9, 0x0313, 0x0301, 0x03B9, 0x0314, 0x0301, 0x03B9, 0x0313,
  0x0342, 0x03B9, 0x0314, 0x0342, 0x0399, 0x0313, 0x0399, 0x0314, 0x0399, 0x0313,
  0x0300, 0x0399, 0x0314, 0x0300, 0x0399, 0x0313, 0x0301, 0x0399, 0x0314, 0x0301,
  0x0399, 0x0313, 0x0342, 0x0399, 0x0314, 0x0342, 0x03BF, 0x0313, 0x03BF, 0x0314,
  0x03BF, 0x0313, 0x0300, 0x03BF, 0x0314, 0x0300, 0x03BF, 0x0313, 0x0301, 0x03BF,
  0x0314, 0x0301, 0x039F, 0x0313, 0x039F, 0x0314, 0x039F, 0x0313, 0x0300, 0x039F,
  0x0314, 0x0300, 0x039F, 0x0313, 0x0301, 0x039F, 0x0314, 0x0301, 0x03C5, 0x0313,
  0x03C5, 0x0314, 0x03C5, 0x0313, 0x0300, 0x03C5, 0x0314, 0x0300, 0x03C5, 0x0313,
  0x0301, 0x03C5, 0x0314, 0x0301, 0x03C5, 0x0313, 0x0342, 0x03C5, 0x0314, 0x0342,
  0x03A5, 0x0314, 0x03A5, 0x0314, 0x0300, 0x03A5, 0x0314, 0x0301, 0x03A5, 0x0314,
  0x0342, 0x03C9, 0x0313, 0x03C9, 0x0314, 0x03C9, 0x0313, 0x0300, 0x03C9, 0x0314,
  0x0300, 0x03C9, 0x0313, 0x0301, 0x03C9, 0x0314, 0x0301, 0x03C9, 0x0313, 0x0342,
  0x03C9, 0x0314, 0x0342, 0x03A9, 0x0313, 0x03A9, 0x0314, 0x03A9, 0x0313, 0x0300,
  0x03A9, 0x0314, 0x0300, 0x03A9, 0x0313, 0x0301, 0x03A9, 0x0314, 0x0301, 0x03A9,
  0x0313, 0x0342, 0x03A9, 0x0314, 0x0342, 0x03B1, 0x0300, 0x03B1, 0x0301, 0x03B5,
  0x0300, 0x03B5, 0x0301, 0x03B7, 0x0300, 0x03B7, 0x0301, 0x03B9, 0x0300, 0x03B9,
  0x0301, 0x03BF, 0x0300, 0x03BF, 0x0301, 0x03C5, 0x0300, 0x03C5, 0x0301, 0x03C9,
  0x0300, 0x03C9, 0x0301, 0x03B1, 0x0313, 0x0345, 0x03B1, 0x0314, 0x0345, 0x03B1,
  0x0313, 0x0300, 0x0345, 0x03B1, 0x0314, 0x0300, 0x0345, 0x03B1, 0x0313, 0x0301,
  0x0345, 0x03B1, 0x0314, 0x0301, 0x0345, 0x03B1, 0x0313, 0x0342, 0x0345, 0x03B1,
  0x0314, 0x0342, 0x0345, 0x0391, 0x0313, 0x0345, 0x0391, 0x0314, 0x0345, 0x0391,
  0x0313, 0x0300, 0x0345, 0x0391, 0x0314, 0x0300, 0x0345, 0x0391, 0x0313, 0x0301,
  0x0345, 0x0391, 0x0314, 0x0301, 0x0345, 0x0391, 0x0313, 0x0342, 0x0345, 0x0391,
  0x0314, 0x0342, 0x0345, 0x03B7, 0x0313, 0x0345, 0x03B7, 0x0314, 0x0345, 0x03B7,
  0x0313, 0x0300, 0x0345, 0x03B7, 0x0314, 0x0300, 0x0345, 0x03B7, 0x0313, 0x0301,
  0x0345, 0x03B7, 0x0314, 0x0301, 0x0345, 0x03B7, 0x0313, 0x0342, 0x0345, 0x03B7,
  0x0314, 0x0342, 0x0345, 0x0397, 0x0313, 0x0345, 0x0397, 0x0314, 0x0345, 0x0397,
  0x0313, 0x0300, 0x0345, 0x0397, 0x0314, 0x0300, 0x0345, 0x0397, 0x0313, 0x0301,
  0x0345, 0x0397, 0x0314, 0x0301, 0x0345, 0x0397, 0x0313, 0x0342, 0x0345, 0x0397,
  0x0314, 0x0342, 0x0345, 0x03C9, 0x0313, 0x0345, 0x03C9, 0x0314, 0x0345, 0x03C9,
  0x0313, 0x0300, 0x0345, 0x03C9, 0x0314, 0x0300, 0x0345, 0x03C9, 0x0313, 0x0301,
  0x0345, 0x03C9, 0x0314, 0x0301, 0x0345, 0x03C9, 0x0313, 0x0342, 0x0345, 0x03C9,
  0x0314, 0x0342, 0x0345, 0x03A9, 0x0313, 0x0345, 0x03A9, 0x0314, 0x0345, 0x03A9,
  0x0313, 0x0300, 0x0345, 0x03A9, 0x0314, 0x0300, 0x0345, 0x03A9, 0x0313, 0x0301,
  0x0345, 0x03A9, 0x0314, 0x0301, 0x0345, 0x03A9, 0x0313, 0x0342, 0x0345, 0x03A9,
  0x0314, 0x0342, 0x0345, 0x03B1, 0x0306, 0x03B1, 0x0304, 0x03B1, 0x0300, 0x0345,
  0x03B1, 0x0345, 0x03B1, 0x0301, 0x0345, 0x03B1, 0x0342, 0x03B1, 0x0342, 0x0345,
  0x0391, 0x0306, 0x0391, 0x0304, 0x0391, 0x0300, 0x0391, 0x0301, 0x0391, 0x0345,
  0x0020, 0x0313, 0x03B9, 0x0020, 0x0313, 0x0020, 0x0342, 0x0020, 0x0308, 0x0342,
  0x00A8, 0x0342, 0x03B7, 0x0300, 0x0345, 0x03B7, 0x0345, 0x03B7, 0x0301, 0x0345,
  0x03B7, 0x0342, 0x03B7, 0x0342, 0x0345, 0x0395, 0x0300, 0x0395, 0x0301, 0x0397,
  0x0300, 0x0397, 0x0301, 0x0397, 0x0345, 0x0020, 0x0313, 0x0300, 0x1FBF, 0x0300,
  0x0020, 0x0313, 0x0301, 0x1FBF, 0x0301, 0x0020, 0x0313, 0x0342, 0x1FBF, 0x0342,
  0x03B9, 0x0306, 0x03B9, 0x0304, 0x03B9, 0x0308, 0x0300, 0x03B9, 0x0308, 0x0301,
  0x03B9, 0x0342, 0x03B9, 0x0308, 0x0342, 0x0399, 0x0306, 0x0399, 0x0304, 0x0399,
  0x0300, 0x0399, 0x0301, 0x0020, 0x0314, 0x0300, 0x1FFE, 0x0300, 0x0020, 0x0314,
  0x0301, 0x1FFE, 0x0301, 0x0020, 0x0314, 0x0342, 0x1FFE, 0x0342, 0x03C5, 0x0306,
  0x03C5, 0x0304, 0x03C5, 0x0308, 0x0300, 0x03C5, 0x0308, 0x0301, 0x03C1, 0x0313,
  0x03C1, 0x0314, 0x03C5, 0x0342, 0x03C5, 0x0308, 0x0342, 0x03A5, 0x0306, 0x03A5,
  0x0304, 0x03A5, 0x0300, 0x03A5, 0x0301, 0x03A1, 0x0314, 0x0020, 0x0308, 0x0300,
  0x00A8, 0x0300, 0x0020, 0x0308, 0x0301, 0x00A8, 0x0301, 0x0060, 0x03C9, 0x0300,
  0x0345, 0x03C9, 0x0345, 0x03C9, 0x0301, 0x0345, 0x03C9, 0x0342, 0x03C9, 0x0342,
  0x0345, 0x039F, 0x0300, 0x039F, 0x0301, 0x03A9, 0x0300, 0x03A9, 0x0301, 0x03A9,
  0x0345, 0x0020, 0x0301, 0x00B4, 0x0020, 0x0314, 0x0020, 0x2002, 0x0020, 0x2003,
  0x0020, 0x0020, 0x0020, 0x0020, 0x0020, 0x0020, 0x0020, 0x0020, 0x0020, 0x2010,
  0x0020, 0x0333, 0x002E, 0x002E, 0x002E, 0x002E, 0x002E, 0x002E, 0x0020, 0x2032,
  0x2032, 0x2032, 0x2032, 0x2032, 0x2035, 0x2035, 0x2035, 0x2035, 0x2035, 0x0021,
  0x0021, 0x0020, 0x0305, 0x003F, 0x003F, 0x003F, 0x0021, 0x0021, 0x003F, 0x2032,
  0x2032, 0x2032, 0x2032, 0x0020, 0x0030, 0x0069, 0x0034, 0x0035, 0x0036, 0x0037,
  0x0038, 0x0039, 0x002B, 0x2212, 0x003D, 0x0028, 0x0029, 0x006E, 0x0030, 0x0031,
  0x0032, 0x0033, 0x0034, 0x0035, 0x0036, 0x0037, 0x0038, 0x0039, 0x002B, 0x2212,
  0x003D, 0x0028, 0x0029, 0x0061, 0x0065, 0x006F, 0x0078, 0x0259, 0x0068, 0x006B,
  0x006C, 0x006D, 0x006E, 0x0070, 0x0073, 0x0074, 0x0052, 0x0073, 0x20D0, 0x20D1,
  0x20D2, 0x20D3, 0x20D4, 0x20D5, 0x20D6, 0x20D7, 0x20D8, 0x20D9, 0x20DA, 0x20DB,
  0x20DC, 0x20E1, 0x20E5, 0x20E6, 0x20E7, 0x20E8, 0x20E9, 0x20EA, 0x20EB, 0x20EC,
  0x20ED, 0x20EE, 0x20EF, 0x20F0, 0x0061, 0x002F, 0x0063, 0x0061, 0x002F, 0x0073,
  0x0043, 0x00B0, 0x0043, 0x0063, 0x002F, 0x006F, 0x0063, 0x002F, 0x0075, 0x0190,
  0x00B0, 0x0046, 0x0067, 0x0048, 0x0048, 0x0048, 0x0068, 0x0127, 0x0049, 0x0049,
  0x004C, 0x006C, 0x004E, 0x004E, 0x006F, 0x0050, 0x0051, 0x0052, 0x0052, 0x0052,
  0x0053, 0x004D, 0x0054, 0x0045, 0x004C, 0x0054, 0x004D, 0x005A, 0x03A9, 0x005A,
  0x004B, 0x0041, 0x030A, 0x0042, 0x0043, 0x0065, 0x0045, 0x0046, 0x004D, 0x006F,
  0x05D0, 0x05D1, 0x05D2, 0x05D3, 0x0069, 0x0046, 0x0041, 0x0058, 0x03C0, 0x03B3,
  0x0393, 0x03A0, 0x2211, 0x0044, 0x0064, 0x0065, 0x0069, 0x006A, 0x0031, 0x2044,
  0x0037, 0x0031, 0x2044, 0x0039, 0x0031, 0x2044, 0x0031, 0x0030, 0x0031, 0x2044,
  0x0033, 0x0032, 0x2044, 0x0033, 0x0031, 0x2044, 0x0035, 0x0032, 0x2044, 0x0035,
  0x0033, 0x2044, 0x0035, 0x0034, 0x2044, 0x0035, 0x0031, 0x2044, 0x0036, 0x0035,
  0x2044, 0x0036, 0x0031, 0x2044, 0x0038, 0x0033, 0x2044, 0x0038, 0x0035, 0x2044,
  0x0038, 0x0037, 0x2044, 0x0038, 0x0031, 0x2044, 0x0049, 0x0049, 0x0049, 0x0049,
  0x0049, 0x0049, 0x0049, 0x0056, 0x0056, 0x0056, 0x0049, 0x0056, 0x0049, 0x0049,
  0x0056, 0x0049, 0x0049, 0x0049, 0x0049, 0x0058, 0x0058, 0x0058, 0x0049, 0x0058,
  0x0049, 0x0049, 0x004C, 0x0043, 0x0044, 0x004D, 0x0069, 0x0069, 0x0069, 0x0069,
  0x0069, 0x0069, 0x0069, 0x0076, 0x0076, 0x0076, 0x0069, 0x0076, 0x0069, 0x0069,
  0x0076, 0x0069, 0x0069, 0x0069, 0x0069, 0x0078, 0x0078, 0x0078, 0x0069, 0x0078,
  0x0069, 0x0069, 0x006C, 0x0063, 0x0064, 0x006D, 0x0030, 0x2044, 0x0033, 0x2190,
  0x0338, 0x2192, 0x0338, 0x2194, 0x0338, 0x21D0, 0x0338, 0x21D4, 0x0338, 0x21D2,
  0x0338, 0x2203, 0x0338, 0x2208, 0x0338, 0x220B, 0x0338, 0x2223, 0x0338, 0x2225,
  0x0338, 0x222B, 0x222B, 0x222B, 0x222B, 0x222B, 0x222E, 0x222E, 0x222E, 0x222E,
  0x222E, 0x223C, 0x0338, 0x2243, 0x0338, 0x2245, 0x0338, 0x2248, 0x0338, 0x003D,
  0x0338, 0x2261, 0x0338, 0x224D, 0x0338, 0x003C, 0x0338, 0x003E, 0x0338, 0x2264,
  0x0338, 0x2265, 0x0338, 0x2272, 0x0338, 0x2273, 0x0338, 0x2276, 0x0338, 0x2277,
  0x0338, 0x227A, 0x0338, 0x227B, 0x0338, 0x2282, 0x0338, 0x2283, 0x0338, 0x2286,
  0x0338, 0x2287, 0x0338, 0x22A2, 0x0338, 0x22A8, 0x0338, 0x22A9, 0x0338, 0x22AB,
  0x0338, 0x227C, 0x0338, 0x227D, 0x0338, 0x2291, 0x0338, 0x2292, 0x0338, 0x22B2,
  0x0338, 0x22B3, 0x0338, 0x22B4, 0x0338, 0x22B5, 0x0338, 0x3008, 0x3009, 0x0031,
  0x0032, 0x0033, 0x0034, 0x0035, 0x0036, 0x0037, 0x0038, 0x0039, 0x0031, 0x0030,
  0x0031, 0x0031, 0x0031, 0x0032, 0x0031, 0x0033, 0x0031, 0x0034, 0x0031, 0x0035,
  0x0031, 0x0036, 0x0031, 0x0037, 0x0031, 0x0038, 0x0031, 0x0039, 0x0032, 0x0030,
  0x0028, 0x0031, 0x0029, 0x0028, 0x0032, 0x0029, 0x0028, 0x0033, 0x0029, 0x0028,
  0x0034, 0x0029, 0x0028, 0x0035, 0x0029, 0x0028, 0x0036, 0x0029, 0x0028, 0x0037,
  0x0029, 0x0028, 0x0038, 0x0029, 0x0028, 0x0039, 0x0029, 0x0028, 0x0031, 0x0030,
  0x0029, 0x0028, 0x0031, 0x0031, 0x0029, 0x0028, 0x0031, 0x0032, 0x0029, 0x0028,
  0x0031, 0x0033, 0x0029, 0x0028, 0x0031, 0x0034, 0x0029, 0x0028, 0x0031, 0x0035,
  0x0029, 0x0028, 0x0031, 0x0036, 0x0029, 0x0028, 0x0031, 0x0037, 0x0029, 0x0028,
  0x0031, 0x0038, 0x0029, 0x0028, 0x0031, 0x0039, 0x0029, 0x0028, 0x0032, 0x0030,
  0x0029, 0x0031, 0x002E, 0x0032, 0x002E, 0x0033, 0x002E, 0x0034, 0x002E, 0x0035,
  0x002E, 0x0036, 0x002E, 0x0037, 0x002E, 0x0038, 0x002E, 0x0039, 0x002E, 0x0031,
  0x0030, 0x002E, 0x0031, 0x0031, 0x002E, 0x0031, 0x0032, 0x002E, 0x0031, 0x0033,
  0x002E, 0x0031, 0x0034, 0x002E, 0x0031, 0x0035, 0x002E, 0x0031, 0x0036, 0x002E,
  0x0031, 0x0037, 0x002E, 0x0031, 0x0038, 0x002E, 0x0031, 0x0039, 0x002E, 0x0032,
  0x0030, 0x002E, 0x0028, 0x0061, 0x0029, 0x0028, 0x0062, 0x0029, 0x0028, 0x0063,
  0x0029, 0x0028, 0x0064, 0x0029, 0x0028, 0x0065, 0x0029, 0x0028, 0x0066, 0x0029,
  0x0028, 0x0067, 0x0029, 0x0028, 0x0068, 0x0029, 0x0028, 0x0069, 0x0029, 0x0028,
  0x006A, 0x0029, 0x0028, 0x006B, 0x0029, 0x0028, 0x006C, 0x0029, 0x0028, 0x006D,
  0x0029, 0x0028, 0x006E, 0x0029, 0x0028, 0x006F, 0x0029, 0x0028, 0x0070, 0x0029,
  0x0028, 0x0071, 0x0029, 0x0028, 0x0072, 0x0029, 0x0028, 0x0073, 0x0029, 0x0028,
  0x0074, 0x0029, 0x0028, 0x0075, 0x0029, 0x0028, 0x0076, 0x0029, 0x0028, 0x0077,
  0x0029, 0x0028, 0x0078, 0x0029, 0x0028, 0x0079, 0x0029, 0x0028, 0x007A, 0x0029,
  0x0041, 0x0042, 0x0043, 0x0044, 0x0045, 0x0046, 0x0047, 0x0048, 0x0049, 0x004A,
  0x004B, 0x004C, 0x004D, 0x004E, 0x004F, 0x0050, 0x0051, 0x0052, 0x0053, 0x0054,
  0x0055, 0x0056, 0x0057, 0x0058, 0x0059, 0x005A, 0x0061, 0x0062, 0x0063, 0x0064,
  0x0065, 0x0066, 0x0067, 0x0068, 0x0069, 0x006A, 0x006B, 0x006C, 0x006D, 0x006E,
  0x006F, 0x0070, 0x0071, 0x0072, 0x0073, 0x0074, 0x0075, 0x0076, 0x0077, 0x0078,
  0x0079, 0x007A, 0x0030, 0x222B, 0x222B, 0x222B, 0x222B, 0x003A, 0x003A, 0x003D,
  0x003D, 0x003D, 0x003D, 0x003D, 0x003D, 0x2ADD, 0x0338, 0x006A, 0x0056, 0x2CEF,
  0x2CF0, 0x2CF1, 0x2D61, 0x2D7F, 0x2DE0, 0x2DE1, 0x2DE2, 0x2DE3, 0x2DE4, 0x2DE5,
  0x2DE6, 0x2DE7, 0x2DE8, 0x2DE9, 0x2DEA, 0x2DEB, 0x2DEC, 0x2DED, 0x2DEE, 0x2DEF,
  0x2DF0, 0x2DF1, 0x2DF2, 0x2DF3, 0x2DF4, 0x2DF5, 0x2DF6, 0x2DF7, 0x2DF8, 0x2DF9,
  0x2DFA, 0x2DFB, 0x2DFC, 0x2DFD, 0x2DFE, 0x2DFF, 0x6BCD, 0x9F9F, 0x4E00, 0x4E28,
  0x4E36, 0x4E3F, 0x4E59, 0x4E85, 0x4E8C, 0x4EA0, 0x4EBA, 0x513F, 0x5165, 0x516B,
  0x5182, 0x5196, 0x51AB, 0x51E0, 0x51F5, 0x5200, 0x529B, 0x52F9, 0x5315, 0x531A,
  0x5338, 0x5341, 0x535C, 0x5369, 0x5382, 0x53B6, 0x53C8, 0x53E3, 0x56D7, 0x571F,
  0x58EB, 0x5902, 0x590A, 0x5915, 0x5927, 0x5973, 0x5B50, 0x5B80, 0x5BF8, 0x5C0F,
  0x5C22, 0x5C38, 0x5C6E, 0x5C71, 0x5DDB, 0x5DE5, 0x5DF1, 0x5DFE, 0x5E72, 0x5E7A,
  0x5E7F, 0x5EF4, 0x5EFE, 0x5F0B, 0x5F13, 0x5F50, 0x5F61, 0x5F73, 0x5FC3, 0x6208,
  0x6236, 0x624B, 0x652F, 0x6534, 0x6587, 0x6597, 0x65A4, 0x65B9, 0x65E0, 0x65E5,
  0x66F0, 0x6708, 0x6728, 0x6B20, 0x6B62, 0x6B79, 0x6BB3, 0x6BCB, 0x6BD4, 0x6BDB,
  0x6C0F, 0x6C14, 0x6C34, 0x706B, 0x722A, 0x7236, 0x723B, 0x723F, 0x7247, 0x7259,
  0x725B, 0x72AC, 0x7384, 0x7389, 0x74DC, 0x74E6, 0x7518, 0x751F, 0x7528, 0x7530,
  0x758B, 0x7592, 0x7676, 0x767D, 0x76AE, 0x76BF, 0x76EE, 0x77DB, 0x77E2, 0x77F3,
  0x793A, 0x79B8, 0x79BE, 0x7A74, 0x7ACB, 0x7AF9, 0x7C73, 0x7CF8, 0x7F36, 0x7F51,
  0x7F8A, 0x7FBD, 0x8001, 0x800C, 0x8012, 0x8033, 0x807F, 0x8089, 0x81E3, 0x81EA,
  0x81F3, 0x81FC, 0x820C, 0x821B, 0x821F, 0x826E, 0x8272, 0x8278, 0x864D, 0x866B,
  0x8840, 0x884C, 0x8863, 0x897E, 0x898B, 0x89D2, 0x8A00, 0x8C37, 0x8C46, 0x8C55,
  0x8C78, 0x8C9D, 0x8D64, 0x8D70, 0x8DB3, 0x8EAB, 0x8ECA, 0x8F9B, 0x8FB0, 0x8FB5,
  0x9091, 0x9149, 0x91C6, 0x91CC, 0x91D1, 0x9577, 0x9580, 0x961C, 0x96B6, 0x96B9,
  0x96E8, 0x9751, 0x975E, 0x9762, 0x9769, 0x97CB, 0x97ED, 0x97F3, 0x9801, 0x98A8,
  0x98DB, 0x98DF, 0x9996, 0x9999, 0x99AC, 0x9AA8, 0x9AD8, 0x9ADF, 0x9B25, 0x9B2F,
  0x9B32, 0x9B3C, 0x9B5A, 0x9CE5, 0x9E75, 0x9E7F, 0x9EA5, 0x9EBB, 0x9EC3, 0x9ECD,
  0x9ED1, 0x9EF9, 0x9EFD, 0x9F0E, 0x9F13, 0x9F20, 0x9F3B, 0x9F4A, 0x9F52, 0x9F8D,
  0x9F9C, 0x9FA0, 0x0020, 0x302A, 0x302B, 0x302C, 0x302D, 0x302E, 0x302F, 0x3012,
  0x5341, 0x5344, 0x5345, 0x304B, 0x3099, 0x304D, 0x3099, 0x304F, 0x3099, 0x3051,
  0x3099, 0x3053, 0x3099, 0x3055, 0x3099, 0x3057, 0x3099, 0x3059, 0x3099, 0x305B,
  0x3099, 0x305D, 0x3099, 0x305F, 0x3099, 0x3061, 0x3099, 0x3064, 0x3099, 0x3066,
  0x3099, 0x3068, 0x3099, 0x306F, 0x3099, 0x306F, 0x309A, 0x3072, 0x3099, 0x3072,
  0x309A, 0x3075, 0x3099, 0x3075, 0x309A, 0x3078, 0x3099, 0x3078, 0x309A, 0x307B,
  0x3099, 0x307B, 0x309A, 0x3046, 0x3099, 0x3099, 0x309A, 0x0020, 0x3099, 0x0020,
  0x309A, 0x309D, 0x3099, 0x3088, 0x308A, 0x30AB, 0x3099, 0x30AD, 0x3099, 0x30AF,
  0x3099, 0x30B1, 0x3099, 0x30B3, 0x3099, 0x30B5, 0x3099, 0x30B7, 0x3099, 0x30B9,
  0x3099, 0x30BB, 0x3099, 0x30BD, 0x3099, 0x30BF, 0x3099, 0x30C1, 0x3099, 0x30C4,
  0x3099, 0x30C6, 0x3099, 0x30C8, 0x3099, 0x30CF, 0x3099, 0x30CF, 0x309A, 0x30D2,
  0x3099, 0x30D2, 0x309A, 0x30D5, 0x3099, 0x30D5, 0x309A, 0x30D8, 0x3099, 0x30D8,
  0x309A, 0x30DB, 0x3099, 0x30DB, 0x309A, 0x30A6, 0x3099, 0x30EF, 0x3099, 0x30F0,
  0x3099, 0x30F1, 0x3099, 0x30F2, 0x3099, 0x30FD, 0x3099, 0x30B3, 0x30C8, 0x1100,
  0x1101, 0x11AA, 0x1102, 0x11AC, 0x11AD, 0x1103, 0x1104, 0x1105, 0x11B0, 0x11B1,
  0x11B2, 0x11B3, 0x11B4, 0x11B5, 0x111A, 0x1106, 0x1107, 0x1108, 0x1121, 0x1109,
  0x110A, 0x110B, 0x110C, 0x110D, 0x110E, 0x110F, 0x1110, 0x1111, 0x1112, 0x1161,
  0x1162, 0x1163, 0x1164, 0x1165, 0x1166, 0x1167, 0x1168, 0x1169, 0x116A, 0x116B,
  0x116C, 0x116D, 0x116E, 0x116F, 0x1170, 0x1171, 0x1172, 0x1173, 0x1174, 0x1175,
  0x1160, 0x1114, 0x1115, 0x11C7, 0x11C8, 0x11CC, 0x11CE, 0x11D3, 0x11D7, 0x11D9,
  0x111C, 0x11DD, 0x11DF, 0x111D, 0x111E, 0x1120, 0x1122, 0x1123, 0x1127, 0x1129,
  0x112B, 0x112C, 0x112D, 0x112E, 0x112F, 0x1132, 0x1136, 0x1140, 0x1147, 0x114C,
  0x11F1, 0x11F2, 0x1157, 0x1158, 0x1159, 0x1184, 0x1185, 0x1188, 0x1191, 0x1192,
  0x1194, 0x119E, 0x11A1, 0x4E00, 0x4E8C, 0x4E09, 0x56DB, 0x4E0A, 0x4E2D, 0x4E0B,
  0x7532, 0x4E59, 0x4E19, 0x4E01, 0x5929, 0x5730, 0x4EBA, 0x0028, 0x1100, 0x0029,
  0x0028, 0x1102, 0x0029, 0x0028, 0x1103, 0x0029, 0x0028, 0x1105, 0x0029, 0x0028,
  0x1106, 0x0029, 0x0028, 0x1107, 0x0029, 0x0028, 0x1109, 0x0029, 0x0028, 0x110B,
  0x0029, 0x0028, 0x110C, 0x0029, 0x0028, 0x110E, 0x0029, 0x0028, 0x110F, 0x0029,
  0x0028, 0x1110, 0x0029, 0x0028, 0x1111, 0x0029, 0x0028, 0x1112, 0x0029, 0x0028,
  0x1100, 0x1161, 0x0029, 0x0028, 0x1102, 0x1161, 0x0029, 0x0028, 0x1103, 0x1161,
  0x0029, 0x0028, 0x1105, 0x1161, 0x0029, 0x0028, 0x1106, 0x1161, 0x0029, 0x0028,
  0x1107, 0x1161, 0x0029, 0x0028, 0x1109, 0x1161, 0x0029, 0x0028, 0x110B, 0x1161,
  0x0029, 0x0028, 0x110C, 0x1161, 0x0029, 0x0028, 0x110E, 0x1161, 0x0029, 0x0028,
  0x110F, 0x1161, 0x0029, 0x0028, 0x1110, 0x1161, 0x0029, 0x0028, 0x1111, 0x1161,
  0x0029, 0x0028, 0x1112, 0x1161, 0x0029, 0x0028, 0x110C, 0x116E, 0x0029, 0x0028,
  0x110B, 0x1169, 0x110C, 0x1165, 0x11AB, 0x0029, 0x0028, 0x110B, 0x1169, 0x1112,
  0x116E, 0x0029, 0x0028, 0x4E00, 0x0029, 0x0028, 0x4E8C, 0x0029, 0x0028, 0x4E09,
  0x0029, 0x0028, 0x56DB, 0x0029, 0x0028, 0x4E94, 0x0029, 0x0028, 0x516D, 0x0029,
  0x0028, 0x4E03, 0x0029, 0x0028, 0x516B, 0x0029, 0x0028, 0x4E5D, 0x0029, 0x0028,
  0x5341, 0x0029, 0x0028, 0x6708, 0x0029, 0x0028, 0x706B, 0x0029, 0x0028, 0x6C34,
  0x0029, 0x0028, 0x6728, 0x0029, 0x0028, 0x91D1, 0x0029, 0x0028, 0x571F, 0x0029,
  0x0028, 0x65E5, 0x0029, 0x0028, 0x682A, 0x0029, 0x0028, 0x6709, 0x0029, 0x0028,
  0x793E, 0x0029, 0x0028, 0x540D, 0x0029, 0x0028, 0x7279, 0x0029, 0x0028, 0x8CA1,
  0x0029, 0x0028, 0x795D, 0x0029, 0x0028, 0x52B4, 0x0029, 0x0028, 0x4EE3, 0x0029,
  0x0028, 0x547C, 0x0029, 0x0028, 0x5B66, 0x0029, 0x0028, 0x76E3, 0x0029, 0x0028,
  0x4F01, 0x0029, 0x0028, 0x8CC7, 0x0029, 0x0028, 0x5354, 0x0029, 0x0028, 0x796D,
  0x0029, 0x0028, 0x4F11, 0x0029, 0x0028, 0x81EA, 0x0029, 0x0028, 0x81F3, 0x0029,
  0x554F, 0x5E7C, 0x6587, 0x7B8F, 0x0050, 0x0054, 0x0045, 0x0032, 0x0031, 0x0032,
  0x0032, 0x0032, 0x0033, 0x0032, 0x0034, 0x0032, 0x0035, 0x0032, 0x0036, 0x0032,
  0x0037, 0x0032, 0x0038, 0x0032, 0x0039, 0x0033, 0x0030, 0x0033, 0x0031, 0x0033,
  0x0032, 0x0033, 0x0033, 0x0033, 0x0034, 0x0033, 0x0035, 0x1100, 0x1102, 0x1103,
  0x1105, 0x1106, 0x1107, 0x1109, 0x110B, 0x110C, 0x110E, 0x110F, 0x1110, 0x1111,
  0x1112, 0x1100, 0x1161, 0x1102, 0x1161, 0x1103, 0x1161, 0x1105, 0x1161, 0x1106,
  0x1161, 0x1107, 0x1161, 0x1109, 0x1161, 0x110B, 0x1161, 0x110C, 0x1161, 0x110E,
  0x1161, 0x110F, 0x1161, 0x1110, 0x1161, 0x1111, 0x1161, 0x1112, 0x1161, 0x110E,
  0x1161, 0x11B7, 0x1100, 0x1169, 0x110C, 0x116E, 0x110B, 0x1174, 0x110B, 0x116E,
  0x4E00, 0x4E8C, 0x4E09, 0x56DB, 0x4E94, 0x516D, 0x4E03, 0x516B, 0x4E5D, 0x5341,
  0x6708, 0x706B, 0x6C34, 0x6728, 0x91D1, 0x571F, 0x65E5, 0x682A, 0x6709, 0x793E,
  0x540D, 0x7279, 0x8CA1, 0x795D, 0x52B4, 0x79D8, 0x7537, 0x5973, 0x9069, 0x512A,
  0x5370, 0x6CE8, 0x9805, 0x4F11, 0x5199, 0x6B63, 0x4E0A, 0x4E2D, 0x4E0B, 0x5DE6,
  0x53F3, 0x533B, 0x5B97, 0x5B66, 0x76E3, 0x4F01, 0x8CC7, 0x5354, 0x591C, 0x0033,
  0x0036, 0x0033, 0x0037, 0x0033, 0x0038, 0x0033, 0x0039, 0x0034, 0x0030, 0x0034,
  0x0031, 0x0034, 0x0032, 0x0034, 0x0033, 0x0034, 0x0034, 0x0034, 0x0035, 0x0034,
  0x0036, 0x0034, 0x0037, 0x0034, 0x0038, 0x0034, 0x0039, 0x0035, 0x0030, 0x0031,
  0x6708, 0x0032, 0x6708, 0x0033, 0x6708, 0x0034, 0x6708, 0x0035, 0x6708, 0x0036,
  0x6708, 0x0037, 0x6708, 0x0038, 0x6708, 0x0039, 0x6708, 0x0031, 0x0030, 0x6708,
  0x0031, 0x0031, 0x6708, 0x0031, 0x0032, 0x6708, 0x0048, 0x0067, 0x0065, 0x0072,
  0x0067, 0x0065, 0x0056, 0x004C, 0x0054, 0x0044, 0x30A2, 0x30A4, 0x30A6, 0x30A8,
  0x30AA, 0x30AB, 0x30AD, 0x30AF, 0x30B1, 0x30B3, 0x30B5, 0x30B7, 0x30B9, 0x30BB,
  0x30BD, 0x30BF, 0x30C1, 0x30C4, 0x30C6, 0x30C8, 0x30CA, 0x30CB, 0x30CC, 0x30CD,
  0x30CE, 0x30CF, 0x30D2, 0x30D5, 0x30D8, 0x30DB, 0x30DE, 0x30DF, 0x30E0, 0x30E1,
  0x30E2, 0x30E4, 0x30E6, 0x30E8, 0x30E9, 0x30EA, 0x30EB, 0x30EC, 0x30ED, 0x30EF,
  0x30F0, 0x30F1, 0x30F2, 0x4EE4, 0x548C, 0x30A2, 0x30CF, 0x309A, 0x30FC, 0x30C8,
  0x30A2, 0x30EB, 0x30D5, 0x30A1, 0x30A2, 0x30F3, 0x30D8, 0x309A, 0x30A2, 0x30A2,
  0x30FC, 0x30EB, 0x30A4, 0x30CB, 0x30F3, 0x30AF, 0x3099, 0x30A4, 0x30F3, 0x30C1,
  0x30A6, 0x30A9, 0x30F3, 0x30A8, 0x30B9, 0x30AF, 0x30FC, 0x30C8, 0x3099, 0x30A8,
  0x30FC, 0x30AB, 0x30FC, 0x30AA, 0x30F3, 0x30B9, 0x30AA, 0x30FC, 0x30E0, 0x30AB,
  0x30A4, 0x30EA, 0x30AB, 0x30E9, 0x30C3, 0x30C8, 0x30AB, 0x30ED, 0x30EA, 0x30FC,
  0x30AB, 0x3099, 0x30ED, 0x30F3, 0x30AB, 0x3099, 0x30F3, 0x30DE, 0x30AD, 0x3099,
  0x30AB, 0x3099, 0x30AD, 0x3099, 0x30CB, 0x30FC, 0x30AD, 0x30E5, 0x30EA, 0x30FC,
  0x30AD, 0x3099, 0x30EB, 0x30BF, 0x3099, 0x30FC, 0x30AD, 0x30ED, 0x30AD, 0x30ED,
  0x30AF, 0x3099, 0x30E9, 0x30E0, 0x30AD, 0x30ED, 0x30E1, 0x30FC, 0x30C8, 0x30EB,
  0x30AD, 0x30ED, 0x30EF, 0x30C3, 0x30C8, 0x30AF, 0x3099, 0x30E9, 0x30E0, 0x30AF,
  0x3099, 0x30E9, 0x30E0, 0x30C8, 0x30F3, 0x30AF, 0x30EB, 0x30BB, 0x3099, 0x30A4,
  0x30ED, 0x30AF, 0x30ED, 0x30FC, 0x30CD, 0x30B1, 0x30FC, 0x30B9, 0x30B3, 0x30EB,
  0x30CA, 0x30B3, 0x30FC, 0x30DB, 0x309A, 0x30B5, 0x30A4, 0x30AF, 0x30EB, 0x30B5,
  0x30F3, 0x30C1, 0x30FC, 0x30E0, 0x30B7, 0x30EA, 0x30F3, 0x30AF, 0x3099, 0x30BB,
  0x30F3, 0x30C1, 0x30BB, 0x30F3, 0x30C8, 0x30BF, 0x3099, 0x30FC, 0x30B9, 0x30C6,
  0x3099, 0x30B7, 0x30C8, 0x3099, 0x30EB, 0x30C8, 0x30F3, 0x30CA, 0x30CE, 0x30CE,
  0x30C3, 0x30C8, 0x30CF, 0x30A4, 0x30C4, 0x30CF, 0x309A, 0x30FC, 0x30BB, 0x30F3,
  0x30C8, 0x30CF, 0x309A, 0x30FC, 0x30C4, 0x30CF, 0x3099, 0x30FC, 0x30EC, 0x30EB,
  0x30D2, 0x309A, 0x30A2, 0x30B9, 0x30C8, 0x30EB, 0x30D2, 0x309A, 0x30AF, 0x30EB,
  0x30D2, 0x309A, 0x30B3, 0x30D2, 0x3099, 0x30EB, 0x30D5, 0x30A1, 0x30E9, 0x30C3,
  0x30C8, 0x3099, 0x30D5, 0x30A3, 0x30FC, 0x30C8, 0x30D5, 0x3099, 0x30C3, 0x30B7,
  0x30A7, 0x30EB, 0x30D5, 0x30E9, 0x30F3, 0x30D8, 0x30AF, 0x30BF, 0x30FC, 0x30EB,
  0x30D8, 0x309A, 0x30BD, 0x30D8, 0x309A, 0x30CB, 0x30D2, 0x30D8, 0x30EB, 0x30C4,
  0x30D8, 0x309A, 0x30F3, 0x30B9, 0x30D8, 0x309A, 0x30FC, 0x30B7, 0x3099, 0x30D8,
  0x3099, 0x30FC, 0x30BF, 0x30DB, 0x309A, 0x30A4, 0x30F3, 0x30C8, 0x30DB, 0x3099,
  0x30EB, 0x30C8, 0x30DB, 0x30F3, 0x30DB, 0x309A, 0x30F3, 0x30C8, 0x3099, 0x30DB,
  0x30FC, 0x30EB, 0x30DB, 0x30FC, 0x30F3, 0x30DE, 0x30A4, 0x30AF, 0x30ED, 0x30DE,
  0x30A4, 0x30EB, 0x30DE, 0x30C3, 0x30CF, 0x30DE, 0x30EB, 0x30AF, 0x30DE, 0x30F3,
  0x30B7, 0x30E7, 0x30F3, 0x30DF, 0x30AF, 0x30ED, 0x30F3, 0x30DF, 0x30EA, 0x30DF,
  0x30EA, 0x30CF, 0x3099, 0x30FC, 0x30EB, 0x30E1, 0x30AB, 0x3099, 0x30E1, 0x30AB,
  0x3099, 0x30C8, 0x30F3, 0x30E1, 0x30FC, 0x30C8, 0x30EB, 0x30E4, 0x30FC, 0x30C8,
  0x3099, 0x30E4, 0x30FC, 0x30EB, 0x30E6, 0x30A2, 0x30F3, 0x30EA, 0x30C3, 0x30C8,
  0x30EB, 0x30EA, 0x30E9, 0x30EB, 0x30D2, 0x309A, 0x30FC, 0x30EB, 0x30FC, 0x30D5,
  0x3099, 0x30EB, 0x30EC, 0x30E0, 0x30EC, 0x30F3, 0x30C8, 0x30B1, 0x3099, 0x30F3,
  0x30EF, 0x30C3, 0x30C8, 0x0030, 0x70B9, 0x0031, 0x70B9, 0x0032, 0x70B9, 0x0033,
  0x70B9, 0x0034, 0x70B9, 0x0035, 0x70B9, 0x0036, 0x70B9, 0x0037, 0x70B9, 0x0038,
  0x70B9, 0x0039, 0x70B9, 0x0031, 0x0030, 0x70B9, 0x0031, 0x0031, 0x70B9, 0x0031,
  0x0032, 0x70B9, 0x0031, 0x0033, 0x70B9, 0x0031, 0x0034, 0x70B9, 0x0031, 0x0035,
  0x70B9, 0x0031, 0x0036, 0x70B9, 0x0031, 0x0037, 0x70B9, 0x0031, 0x0038, 0x70B9,
  0x0031, 0x0039, 0x70B9, 0x0032, 0x0030, 0x70B9, 0x0032, 0x0031, 0x70B9, 0x0032,
  0x0032, 0x70B9, 0x0032, 0x0033, 0x70B9, 0x0032, 0x0034, 0x70B9, 0x0068, 0x0050,
  0x0061, 0x0064, 0x0061, 0x0041, 0x0055, 0x0062, 0x0061, 0x0072, 0x006F, 0x0056,
  0x0070, 0x0063, 0x0064, 0x006D, 0x0064, 0x006D, 0x0032, 0x0064, 0x006D, 0x0033,
  0x0049, 0x0055, 0x5E73, 0x6210, 0x662D, 0x548C, 0x5927, 0x6B63, 0x660E, 0x6CBB,
  0x682A, 0x5F0F, 0x4F1A, 0x793E, 0x0070, 0x0041, 0x006E, 0x0041, 0x03BC, 0x0041,
  0x006D, 0x0041, 0x006B, 0x0041, 0x004B, 0x0042, 0x004D, 0x0042, 0x0047, 0x0042,
  0x0063, 0x0061, 0x006C, 0x006B, 0x0063, 0x0061, 0x006C, 0x0070, 0x0046, 0x006E,
  0x0046, 0x03BC, 0x0046, 0x03BC, 0x0067, 0x006D, 0x0067, 0x006B, 0x0067, 0x0048,
  0x007A, 0x006B, 0x0048, 0x007A, 0x004D, 0x0048, 0x007A, 0x0047, 0x0048, 0x007A,
  0x0054, 0x0048, 0x007A, 0x03BC, 0x006C, 0x006D, 0x006C, 0x0064, 0x006C, 0x006B,
  0x006C, 0x0066, 0x006D, 0x006E, 0x006D, 0x03BC, 0x006D, 0x006D, 0x006D, 0x0063,
  0x006D, 0x006B, 0x006D, 0x006D, 0x006D, 0x0032, 0x0063, 0x006D, 0x0032, 0x006D,
  0x0032, 0x006B, 0x006D, 0x0032, 0x006D, 0x006D, 0x0033, 0x0063, 0x006D, 0x0033,
  0x006D, 0x0033, 0x006B, 0x006D, 0x0033, 0x006D, 0x2215, 0x0073, 0x006D, 0x2215,
  0x0073, 0x0032, 0x0050, 0x0061, 0x006B, 0x0050, 0x0061, 0x004D, 0x0050, 0x0061,
  0x0047, 0x0050, 0x0061, 0x0072, 0x0061, 0x0064, 0x0072, 0x0061, 0x0064, 0x2215,
  0x0073, 0x0072, 0x0061, 0x0064, 0x2215, 0x0073, 0x0032, 0x0070, 0x0073, 0x006E,
  0x0073, 0x03BC, 0x0073, 0x006D, 0x0073, 0x0070, 0x0056, 0x006E, 0x0056, 0x03BC,
  0x0056, 0x006D, 0x0056, 0x006B, 0x0056, 0x004D, 0x0056, 0x0070, 0x0057, 0x006E,
  0x0057, 0x03BC, 0x0057, 0x006D, 0x0057, 0x006B, 0x0057, 0x004D, 0x0057, 0x006B,
  0x03A9, 0x004D, 0x03A9, 0x0061, 0x002E, 0x006D, 0x002E, 0x0042, 0x0071, 0x0063,
  0x0063, 0x0063, 0x0064, 0x0043, 0x2215, 0x006B, 0x0067, 0x0043, 0x006F, 0x002E,
  0x0064, 0x0042, 0x0047, 0x0079, 0x0068, 0x0061, 0x0048, 0x0050, 0x0069, 0x006E,
  0x004B, 0x004B, 0x004B, 0x004D, 0x006B, 0x0074, 0x006C, 0x006D, 0x006C, 0x006E,
  0x006C, 0x006F, 0x0067, 0x006C, 0x0078, 0x006D, 0x0062, 0x006D, 0x0069, 0x006C,
  0x006D, 0x006F, 0x006C, 0x0050, 0x0048, 0x0070, 0x002E, 0x006D, 0x002E, 0x0050,
  0x0050, 0x004D, 0x0050, 0x0052, 0x0073, 0x0072, 0x0053, 0x0076, 0x0057, 0x0062,
  0x0056, 0x2215, 0x006D, 0x0041, 0x2215, 0x006D, 0x0031, 0x65E5, 0x0032, 0x65E5,
  0x0033, 0x65E5, 0x0034, 0x65E5, 0x0035, 0x65E5, 0x0036, 0x65E5, 0x0037, 0x65E5,
  0x0038, 0x65E5, 0x0039, 0x65E5, 0x0031, 0x0030, 0x65E5, 0x0031, 0x0031, 0x65E5,
  0x0031, 0x0032, 0x65E5, 0x0031, 0x0033, 0x65E5, 0x0031, 0x0034, 0x65E5, 0x0031,
  0x0035, 0x65E5, 0x0031, 0x0036, 0x65E5, 0x0031, 0x0037, 0x65E5, 0x0031, 0x0038,
  0x65E5, 0x0031, 0x0039, 0x65E5, 0x0032, 0x0030, 0x65E5, 0x0032, 0x0031, 0x65E5,
  0x0032, 0x0032, 0x65E5, 0x0032, 0x0033, 0x65E5, 0x0032, 0x0034, 0x65E5, 0x0032,
  0x0035, 0x65E5, 0x0032, 0x0036, 0x65E5, 0x0032, 0x0037, 0x65E5, 0x0032, 0x0038,
  0x65E5, 0x0032, 0x0039, 0x65E5, 0x0033, 0x0030, 0x65E5, 0x0033, 0x0031, 0x65E5,
  0x0067, 0x0061, 0x006C, 0xA66F, 0xA674, 0xA675, 0xA676, 0xA677, 0xA678, 0xA679,
  0xA67A, 0xA67B, 0xA67C, 0xA67D, 0x044A, 0x044C, 0xA69E, 0xA69F, 0xA6F0, 0xA6F1,
  0xA76F, 0x0053, 0x0043, 0x0046, 0x0051, 0x0126, 0x0153, 0xA806, 0xA82C, 0xA8C4,
  0xA8E0, 0xA8E1, 0xA8E2, 0xA8E3, 0xA8E4, 0xA8E5, 0xA8E6, 0xA8E7, 0xA8E8, 0xA8E9,
  0xA8EA, 0xA8EB, 0xA8EC, 0xA8ED, 0xA8EE, 0xA8EF, 0xA8F0, 0xA8F1, 0xA92B, 0xA92C,
  0xA92D, 0xA953, 0xA9B3, 0xA9C0, 0xAAB0, 0xAAB2, 0xAAB3, 0xAAB4, 0xAAB7, 0xAAB8,
  0xAABE, 0xAABF, 0xAAC1, 0xAAF6, 0xA727, 0xAB37, 0x026B, 0xAB52, 0x028D, 0xABED,
  0x8C48, 0x66F4, 0x8ECA, 0x8CC8, 0x6ED1, 0x4E32, 0x53E5, 0x9F9C, 0x9F9C, 0x5951,
  0x91D1, 0x5587, 0x5948, 0x61F6, 0x7669, 0x7F85, 0x863F, 0x87BA, 0x88F8, 0x908F,
  0x6A02, 0x6D1B, 0x70D9, 0x73DE, 0x843D, 0x916A, 0x99F1, 0x4E82, 0x5375, 0x6B04,
  0x721B, 0x862D, 0x9E1E, 0x5D50, 0x6FEB, 0x85CD, 0x8964, 0x62C9, 0x81D8, 0x881F,
  0x5ECA, 0x6717, 0x6D6A, 0x72FC, 0x90CE, 0x4F86, 0x51B7, 0x52DE, 0x64C4, 0x6AD3,
  0x7210, 0x76E7, 0x8001, 0x8606, 0x865C, 0x8DEF, 0x9732, 0x9B6F, 0x9DFA, 0x788C,
  0x797F, 0x7DA0, 0x83C9, 0x9304, 0x9E7F, 0x8AD6, 0x58DF, 0x5F04, 0x7C60, 0x807E,
  0x7262, 0x78CA, 0x8CC2, 0x96F7, 0x58D8, 0x5C62, 0x6A13, 0x6DDA, 0x6F0F, 0x7D2F,
  0x7E37, 0x964B, 0x52D2, 0x808B, 0x51DC, 0x51CC, 0x7A1C, 0x7DBE, 0x83F1, 0x9675,
  0x8B80, 0x62CF, 0x6A02, 0x8AFE, 0x4E39, 0x5BE7, 0x6012, 0x7387, 0x7570, 0x5317,
  0x78FB, 0x4FBF, 0x5FA9, 0x4E0D, 0x6CCC, 0x6578, 0x7D22, 0x53C3, 0x585E, 0x7701,
  0x8449, 0x8AAA, 0x6BBA, 0x8FB0, 0x6C88, 0x62FE, 0x82E5, 0x63A0, 0x7565, 0x4EAE,
  0x5169, 0x51C9, 0x6881, 0x7CE7, 0x826F, 0x8AD2, 0x91CF, 0x52F5, 0x5442, 0x5973,
  0x5EEC, 0x65C5, 0x6FFE, 0x792A, 0x95AD, 0x9A6A, 0x9E97, 0x9ECE, 0x529B, 0x66C6,
  0x6B77, 0x8F62, 0x5E74, 0x6190, 0x6200, 0x649A, 0x6F23, 0x7149, 0x7489, 0x79CA,
  0x7DF4, 0x806F, 0x8F26, 0x84EE, 0x9023, 0x934A, 0x5217, 0x52A3, 0x54BD, 0x70C8,
  0x88C2, 0x8AAA, 0x5EC9, 0x5FF5, 0x637B, 0x6BAE, 0x7C3E, 0x7375, 0x4EE4, 0x56F9,
  0x5BE7, 0x5DBA, 0x601C, 0x73B2, 0x7469, 0x7F9A, 0x8046, 0x9234, 0x96F6, 0x9748,
  0x9818, 0x4F8B, 0x79AE, 0x91B4, 0x96B8, 0x60E1, 0x4E86, 0x50DA, 0x5BEE, 0x5C3F,
  0x6599, 0x6A02, 0x71CE, 0x7642, 0x84FC, 0x907C, 0x9F8D, 0x6688, 0x962E, 0x5289,
  0x677B, 0x67F3, 0x6D41, 0x6E9C, 0x7409, 0x7559, 0x786B, 0x7D10, 0x985E, 0x516D,
  0x622E, 0x9678, 0x502B, 0x5D19, 0x6DEA, 0x8F2A, 0x5F8B, 0x6144, 0x6817, 0x7387,
  0x9686, 0x5229, 0x540F, 0x5C65, 0x6613, 0x674E, 0x68A8, 0x6CE5, 0x7406, 0x75E2,
  0x7F79, 0x88CF, 0x88E1, 0x91CC, 0x96E2, 0x533F, 0x6EBA, 0x541D, 0x71D0, 0x7498,
  0x85FA, 0x96A3, 0x9C57, 0x9E9F, 0x6797, 0x6DCB, 0x81E8, 0x7ACB, 0x7B20, 0x7C92,
  0x72C0, 0x7099, 0x8B58, 0x4EC0, 0x8336, 0x523A, 0x5207, 0x5EA6, 0x62D3, 0x7CD6,
  0x5B85, 0x6D1E, 0x66B4, 0x8F3B, 0x884C, 0x964D, 0x898B, 0x5ED3, 0x5140, 0x55C0,
  0x585A, 0x6674, 0x51DE, 0x732A, 0x76CA, 0x793C, 0x795E, 0x7965, 0x798F, 0x9756,
  0x7CBE, 0x7FBD, 0x8612, 0x8AF8, 0x9038, 0x90FD, 0x98EF, 0x98FC, 0x9928, 0x9DB4,
  0x90DE, 0x96B7, 0x4FAE, 0x50E7, 0x514D, 0x52C9, 0x52E4, 0x5351, 0x559D, 0x5606,
  0x5668, 0x5840, 0x58A8, 0x5C64, 0x5C6E, 0x6094, 0x6168, 0x618E, 0x61F2, 0x654F,
  0x65E2, 0x6691, 0x6885, 0x6D77, 0x6E1A, 0x6F22, 0x716E, 0x722B, 0x7422, 0x7891,
  0x793E, 0x7949, 0x7948, 0x7950, 0x7956, 0x795D, 0x798D, 0x798E, 0x7A40, 0x7A81,
  0x7BC0, 0x7DF4, 0x7E09, 0x7E41, 0x7F72, 0x8005, 0x81ED, 0x8279, 0x8279, 0x8457,
  0x8910, 0x8996, 0x8B01, 0x8B39, 0x8CD3, 0x8D08, 0x8FB6, 0x9038, 0x96E3, 0x97FF,
  0x983B, 0x6075, 0xD850, 0xDEEE, 0x8218, 0x4E26, 0x51B5, 0x5168, 0x4F80, 0x5145,
  0x5180, 0x52C7, 0x52FA, 0x559D, 0x5555, 0x5599, 0x55E2, 0x585A, 0x58B3, 0x5944,
  0x5954, 0x5A62, 0x5B28, 0x5ED2, 0x5ED9, 0x5F69, 0x5FAD, 0x60D8, 0x614E, 0x6108,
  0x618E, 0x6160, 0x61F2, 0x6234, 0x63C4, 0x641C, 0x6452, 0x6556, 0x6674, 0x6717,
  0x671B, 0x6756, 0x6B79, 0x6BBA, 0x6D41, 0x6EDB, 0x6ECB, 0x6F22, 0x701E, 0x716E,
  0x77A7, 0x7235, 0x72AF, 0x732A, 0x7471, 0x7506, 0x753B, 0x761D, 0x761F, 0x76CA,
  0x76DB, 0x76F4, 0x774A, 0x7740, 0x78CC, 0x7AB1, 0x7BC0, 0x7C7B, 0x7D5B, 0x7DF4,
  0x7F3E, 0x8005, 0x8352, 0x83EF, 0x8779, 0x8941, 0x8986, 0x8996, 0x8ABF, 0x8AF8,
  0x8ACB, 0x8B01, 0x8AFE, 0x8AED, 0x8B39, 0x8B8A, 0x8D08, 0x8F38, 0x9072, 0x9199,
  0x9276, 0x967C, 0x96E3, 0x9756, 0x97DB, 0x97FF, 0x980B, 0x983B, 0x9B12, 0x9F9C,
  0xD84A, 0xDC4A, 0xD84A, 0xDC44, 0xD84C, 0xDFD5, 0x3B9D, 0x4018, 0x4039, 0xD854,
  0xDE49, 0xD857, 0xDCD0, 0xD85F, 0xDED3, 0x9F43, 0x9F8E, 0x0066, 0x0066, 0x0066,
  0x0069, 0x0066, 0x006C, 0x0066, 0x0066, 0x0069, 0x0066, 0x0066, 0x006C, 0x0073,
  0x0074, 0x0073, 0x0074, 0x0574, 0x0576, 0x0574, 0x0565, 0x0574, 0x056B, 0x057E,
  0x0576, 0x0574, 0x056D, 0x05D9, 0x05B4, 0xFB1E, 0x05F2, 0x05B7, 0x05E2, 0x05D0,
  0x05D3, 0x05D4, 0x05DB, 0x05DC, 0x05DD, 0x05E8, 0x05EA, 0x002B, 0x05E9, 0x05C1,
  0x05E9, 0x05C2, 0x05E9, 0x05BC, 0x05C1, 0x05E9, 0x05BC, 0x05C2, 0x05D0, 0x05B7,
  0x05D0, 0x05B8, 0x05D0, 0x05BC, 0x05D1, 0x05BC, 0x05D2, 0x05BC, 0x05D3, 0x05BC,
  0x05D4, 0x05BC, 0x05D5, 0x05BC, 0x05D6, 0x05BC, 0x05D8, 0x05BC, 0x05D9, 0x05BC,
  0x05DA, 0x05BC, 0x05DB, 0x05BC, 0x05DC, 0x05BC, 0x05DE, 0x05BC, 0x05E0, 0x05BC,
  0x05E1, 0x05BC, 0x05E3, 0x05BC, 0x05E4, 0x05BC, 0x05E6, 0x05BC, 0x05E7, 0x05BC,
  0x05E8, 0x05BC, 0x05E9, 0x05BC, 0x05EA, 0x05BC, 0x05D5, 0x05B9, 0x05D1, 0x05BF,
  0x05DB, 0x05BF, 0x05E4, 0x05BF, 0x05D0, 0x05DC, 0x0671, 0x0671, 0x067B, 0x067B,
  0x067B, 0x067B, 0x067E, 0x067E, 0x067E, 0x067E, 0x0680, 0x0680, 0x0680, 0x0680,
  0x067A, 0x067A, 0x067A, 0x067A, 0x067F, 0x067F, 0x067F, 0x067F, 0x0679, 0x0679,
  0x0679, 0x0679, 0x06A4, 0x06A4, 0x06A4, 0x06A4, 0x06A6, 0x06A6, 0x06A6, 0x06A6,
  0x0684, 0x0684, 0x0684, 0x0684, 0x0683, 0x0683, 0x0683, 0x0683, 0x0686, 0x0686,
  0x0686, 0x0686, 0x0687, 0x0687, 0x0687, 0x0687, 0x068D, 0x068D, 0x068C, 0x068C,
  0x068E, 0x068E, 0x0688, 0x0688, 0x0698, 0x0698, 0x0691, 0x0691, 0x06A9, 0x06A9,
  0x06A9, 0x06A9, 0x06AF, 0x06AF, 0x06AF, 0x06AF, 0x06B3, 0x06B3, 0x06B3, 0x06B3,
  0x06B1, 0x06B1, 0x06B1, 0x06B1, 0x06BA, 0x06BA, 0x06BB, 0x06BB, 0x06BB, 0x06BB,
  0x06D5, 0x0654, 0x06D5, 0x0654, 0x06C1, 0x06C1, 0x06C1, 0x06C1, 0x06BE, 0x06BE,
  0x06BE, 0x06BE, 0x06D2, 0x06D2, 0x06D2, 0x0654, 0x06D2, 0x0654, 0x06AD, 0x06AD,
  0x06AD, 0x06AD, 0x06C7, 0x06C7, 0x06C6, 0x06C6, 0x06C8, 0x06C8, 0x06C7, 0x0674,
  0x06CB, 0x06CB, 0x06C5, 0x06C5, 0x06C9, 0x06C9, 0x06D0, 0x06D0, 0x06D0, 0x06D0,
  0x0649, 0x0649, 0x064A, 0x0654, 0x0627, 0x064A, 0x0654, 0x0627, 0x064A, 0x0654,
  0x06D5, 0x064A, 0x0654, 0x06D5, 0x064A, 0x0654, 0x0648, 0x064A, 0x0654, 0x0648,
  0x064A, 0x0654, 0x06C7, 0x064A, 0x0654, 0x06C7, 0x064A, 0x0654, 0x06C6, 0x064A,
  0x0654, 0x06C6, 0x064A, 0x0654, 0x06C8, 0x064A, 0x0654, 0x06C8, 0x064A, 0x0654,
  0x06D0, 0x064A, 0x0654, 0x06D0, 0x064A, 0x0654, 0x06D0, 0x064A, 0x0654, 0x0649,
  0x064A, 0x0654, 0x0649, 0x064A, 0x0654, 0x0649, 0x06CC, 0x06CC, 0x06CC, 0x06CC,
  0x064A, 0x0654, 0x062C, 0x064A, 0x0654, 0x062D, 0x064A, 0x0654, 0x0645, 0x064A,
  0x0654, 0x0649, 0x064A, 0x0654, 0x064A, 0x0628, 0x062C, 0x0628, 0x062D, 0x0628,
  0x062E, 0x0628, 0x0645, 0x0628, 0x0649, 0x0628, 0x064A, 0x062A, 0x062C, 0x062A,
  0x062D, 0x062A, 0x062E, 0x062A, 0x0645, 0x062A, 0x0649, 0x062A, 0x064A, 0x062B,
  0x062C, 0x062B, 0x0645, 0x062B, 0x0649, 0x062B, 0x064A, 0x062C, 0x062D, 0x062C,
  0x0645, 0x062D, 0x062C, 0x062D, 0x0645, 0x062E, 0x062C, 0x062E, 0x062D, 0x062E,
  0x0645, 0x0633, 0x062C, 0x0633, 0x062D, 0x0633, 0x062E, 0x0633, 0x0645, 0x0635,
  0x062D, 0x0635, 0x0645, 0x0636, 0x062C, 0x0636, 0x062D, 0x0636, 0x062E, 0x0636,
  0x0645, 0x0637, 0x062D, 0x0637, 0x0645, 0x0638, 0x0645, 0x0639, 0x062C, 0x0639,
  0x0645, 0x063A, 0x062C, 0x063A, 0x0645, 0x0641, 0x062C, 0x0641, 0x062D, 0x0641,
  0x062E, 0x0641, 0x0645, 0x0641, 0x0649, 0x0641, 0x064A, 0x0642, 0x062D, 0x0642,
  0x0645, 0x0642, 0x0649, 0x0642, 0x064A, 0x0643, 0x0627, 0x0643, 0x062C, 0x0643,
  0x062D, 0x0643, 0x062E, 0x0643, 0x0644, 0x0643, 0x0645, 0x0643, 0x0649, 0x0643,
  0x064A, 0x0644, 0x062C, 0x0644, 0x062D, 0x0644, 0x062E, 0x0644, 0x0645, 0x0644,
  0x0649, 0x0644, 0x064A, 0x0645, 0x062C, 0x0645, 0x062D, 0x0645, 0x062E, 0x0645,
  0x0645, 0x0645, 0x0649, 0x0645, 0x064A, 0x0646, 0x062C, 0x0646, 0x062D, 0x0646,
  0x062E, 0x0646, 0x0645, 0x0646, 0x0649, 0x0646, 0x064A, 0x0647, 0x062C, 0x0647,
  0x0645, 0x0647, 0x0649, 0x0647, 0x064A, 0x064A, 0x062C, 0x064A, 0x062D, 0x064A,
  0x062E, 0x064A, 0x0645, 0x064A, 0x0649, 0x064A, 0x064A, 0x0630, 0x0670, 0x0631,
  0x0670, 0x0649, 0x0670, 0x0020, 0x064C, 0x0651, 0x0020, 0x064D, 0x0651, 0x0020,
  0x064E, 0x0651, 0x0020, 0x064F, 0x0651, 0x0020, 0x0650, 0x0651, 0x0020, 0x0651,
  0x0670, 0x064A, 0x0654, 0x0631, 0x064A, 0x0654, 0x0632, 0x064A, 0x0654, 0x0645,
  0x064A, 0x0654, 0x0646, 0x064A, 0x0654, 0x0649, 0x064A, 0x0654, 0x064A, 0x0628,
  0x0631, 0x0628, 0x0632, 0x0628, 0x0645, 0x0628, 0x0646, 0x0628, 0x0649, 0x0628,
  0x064A, 0x062A, 0x0631, 0x062A, 0x0632, 0x062A, 0x0645, 0x062A, 0x0646, 0x062A,
  0x0649, 0x062A, 0x064A, 0x062B, 0x0631, 0x062B, 0x0632, 0x062B, 0x0645, 0x062B,
  0x0646, 0x062B, 0x0649, 0x062B, 0x064A, 0x0641, 0x0649, 0x0641, 0x064A, 0x0642,
  0x0649, 0x0642, 0x064A, 0x0643, 0x0627, 0x0643, 0x0644, 0x0643, 0x0645, 0x0643,
  0x0649, 0x0643, 0x064A, 0x0644, 0x0645, 0x0644, 0x0649, 0x0644, 0x064A, 0x0645,
  0x0627, 0x0645, 0x0645, 0x0646, 0x0631, 0x0646, 0x0632, 0x0646, 0x0645, 0x0646,
  0x0646, 0x0646, 0x0649, 0x0646, 0x064A, 0x0649, 0x0670, 0x064A, 0x0631, 0x064A,
  0x0632, 0x064A, 0x0645, 0x064A, 0x0646, 0x064A, 0x0649, 0x064A, 0x064A, 0x064A,
  0x0654, 0x062C, 0x064A, 0x0654, 0x062D, 0x064A, 0x0654, 0x062E, 0x064A, 0x0654,
  0x0645, 0x064A, 0x0654, 0x0647, 0x0628, 0x062C, 0x0628, 0x062D, 0x0628, 0x062E,
  0x0628, 0x0645, 0x0628, 0x0647, 0x062A, 0x062C, 0x062A, 0x062D, 0x062A, 0x062E,
  0x062A, 0x0645, 0x062A, 0x0647, 0x062B, 0x0645, 0x062C, 0x062D, 0x062C, 0x0645,
  0x062D, 0x062C, 0x062D, 0x0645, 0x062E, 0x062C, 0x062E, 0x0645, 0x0633, 0x062C,
  0x0633, 0x062D, 0x0633, 0x062E, 0x0633, 0x0645, 0x0635, 0x062D, 0x0635, 0x062E,
  0x0635, 0x0645, 0x0636, 0x062C, 0x0636, 0x062D, 0x0636, 0x062E, 0x0636, 0x0645,
  0x0637, 0x062D, 0x0638, 0x0645, 0x0639, 0x062C, 0x0639, 0x0645, 0x063A, 0x062C,
  0x063A, 0x0645, 0x0641, 0x062C, 0x0641, 0x062D, 0x0641, 0x062E, 0x0641, 0x0645,
  0x0642, 0x062D, 0x0642, 0x0645, 0x0643, 0x062C, 0x0643, 0x062D, 0x0643, 0x062E,
  0x0643, 0x0644, 0x0643, 0x0645, 0x0644, 0x062C, 0x0644, 0x062D, 0x0644, 0x062E,
  0x0644, 0x0645, 0x0644, 0x0647, 0x0645, 0x062C, 0x0645, 0x062D, 0x0645, 0x062E,
  0x0645, 0x0645, 0x0646, 0x062C, 0x0646, 0x062D, 0x0646, 0x062E, 0x0646, 0x0645,
  0x0646, 0x0647, 0x0647, 0x062C, 0x0647, 0x0645, 0x0647, 0x0670, 0x064A, 0x062C,
  0x064A, 0x062D, 0x064A, 0x062E, 0x064A, 0x0645, 0x064A, 0x0647, 0x064A, 0x0654,
  0x0645, 0x064A, 0x0654, 0x0647, 0x0628, 0x0645, 0x0628, 0x0647, 0x062A, 0x0645,
  0x062A, 0x0647, 0x062B, 0x0645, 0x062B, 0x0647, 0x0633, 0x0645, 0x0633, 0x0647,
  0x0634, 0x0645, 0x0634, 0x0647, 0x0643, 0x0644, 0x0643, 0x0645, 0x0644, 0x0645,
  0x0646, 0x0645, 0x0646, 0x0647, 0x064A, 0x0645, 0x064A, 0x0647, 0x0640, 0x064E,
  0x0651, 0x0640, 0x064F, 0x0651, 0x0640, 0x0650, 0x0651, 0x0637, 0x0649, 0x0637,
  0x064A, 0x0639, 0x0649, 0x0639, 0x064A, 0x063A, 0x0649, 0x063A, 0x064A, 0x0633,
  0x0649, 0x0633, 0x064A, 0x0634, 0x0649, 0x0634, 0x064A, 0x062D, 0x0649, 0x062D,
  0x064A, 0x062C, 0x0649, 0x062C, 0x064A, 0x062E, 0x0649, 0x062E, 0x064A, 0x0635,
  0x0649, 0x0635, 0x064A, 0x0636, 0x0649, 0x0636, 0x064A, 0x0634, 0x062C, 0x0634,
  0x062D, 0x0634, 0x062E, 0x0634, 0x0645, 0x0634, 0x0631, 0x0633, 0x0631, 0x0635,
  0x0631, 0x0636, 0x0631, 0x0637, 0x0649, 0x0637, 0x064A, 0x0639, 0x0649, 0x0639,
  0x064A, 0x063A, 0x0649, 0x063A, 0x064A, 0x0633, 0x0649, 0x0633, 0x064A, 0x0634,
  0x0649, 0x0634, 0x064A, 0x062D, 0x0649, 0x062D, 0x064A, 0x062C, 0x0649, 0x062C,
  0x064A, 0x062E, 0x0649, 0x062E, 0x064A, 0x0635, 0x0649, 0x0635, 0x064A, 0x0636,
  0x0649, 0x0636, 0x064A, 0x0634, 0x062C, 0x0634, 0x062D, 0x0634, 0x062E, 0x0634,
  0x0645, 0x0634, 0x0631, 0x0633, 0x0631, 0x0635, 0x0631, 0x0636, 0x0631, 0x0634,
  0x062C, 0x0634, 0x062D, 0x0634, 0x062E, 0x0634, 0x0645, 0x0633, 0x0647, 0x0634,
  0x0647, 0x0637, 0x0645, 0x0633, 0x062C, 0x0633, 0x062D, 0x0633, 0x062E, 0x0634,
  0x062C, 0x0634, 0x062D, 0x0634, 0x062E, 0x0637, 0x0645, 0x0638, 0x0645, 0x0627,
  0x064B, 0x0627, 0x064B, 0x062A, 0x062C, 0x0645, 0x062A, 0x062D, 0x062C, 0x062A,
  0x062D, 0x062C, 0x062A, 0x062D, 0x0645, 0x062A, 0x062E, 0x0645, 0x062A, 0x0645,
  0x062C, 0x062A, 0x0645, 0x062D, 0x062A, 0x0645, 0x062E, 0x062C, 0x0645, 0x062D,
  0x062C, 0x0645, 0x062D, 0x062D, 0x0645, 0x064A, 0x062D, 0x0645, 0x0649, 0x0633,
  0x062D, 0x062C, 0x0633, 0x062C, 0x062D, 0x0633, 0x062C, 0x0649, 0x0633, 0x0645,
  0x062D, 0x0633, 0x0645, 0x062D, 0x0633, 0x0645, 0x062C, 0x0633, 0x0645, 0x0645,
  0x0633, 0x0645, 0x0645, 0x0635, 0x062D, 0x062D, 0x0635, 0x062D, 0x062D, 0x0635,
  0x0645, 0x0645, 0x0634, 0x062D, 0x0645, 0x0634, 0x062D, 0x0645, 0x0634, 0x062C,
  0x064A, 0x0634, 0x0645, 0x062E, 0x0634, 0x0645, 0x062E, 0x0634, 0x0645, 0x0645,
  0x0634, 0x0645, 0x0645, 0x0636, 0x062D, 0x0649, 0x0636, 0x062E, 0x0645, 0x0636,
  0x062E, 0x0645, 0x0637, 0x0645, 0x062D, 0x0637, 0x0645, 0x062D, 0x0637, 0x0645,
  0x0645, 0x0637, 0x0645, 0x064A, 0x0639, 0x062C, 0x0645, 0x0639, 0x0645, 0x0645,
  0x0639, 0x0645, 0x0645, 0x0639, 0x0645, 0x0649, 0x063A, 0x0645, 0x0645, 0x063A,
  0x0645, 0x064A, 0x063A, 0x0645, 0x0649, 0x0641, 0x062E, 0x0645, 0x0641, 0x062E,
  0x0645, 0x0642, 0x0645, 0x062D, 0x0642, 0x0645, 0x0645, 0x0644, 0x062D, 0x0645,
  0x0644, 0x062D, 0x064A, 0x0644, 0x062D, 0x0649, 0x0644, 0x062C, 0x062C, 0x0644,
  0x062C, 0x062C, 0x0644, 0x062E, 0x0645, 0x0644, 0x062E, 0x0645, 0x0644, 0x0645,
  0x062D, 0x0644, 0x0645, 0x062D, 0x0645, 0x062D, 0x062C, 0x0645, 0x062D, 0x0645,
  0x0645, 0x062D, 0x064A, 0x0645, 0x062C, 0x062D, 0x0645, 0x062C, 0x0645, 0x0645,
  0x062E, 0x062C, 0x0645, 0x062E, 0x0645, 0x0645, 0x062C, 0x062E, 0x0647, 0x0645,
  0x062C, 0x0647, 0x0645, 0x0645, 0x0646, 0x062D, 0x0645, 0x0646, 0x062D, 0x0649,
  0x0646, 0x062C, 0x0645, 0x0646, 0x062C, 0x0645, 0x0646, 0x062C, 0x0649, 0x0646,
  0x0645, 0x064A, 0x0646, 0x0645, 0x0649, 0x064A, 0x0645, 0x0645, 0x064A, 0x0645,
  0x0645, 0x0628, 0x062E, 0x064A, 0x062A, 0x062C, 0x064A, 0x062A, 0x062C, 0x0649,
  0x062A, 0x062E, 0x064A, 0x062A, 0x062E, 0x0649, 0x062A, 0x0645, 0x064A, 0x062A,
  0x0645, 0x0649, 0x062C, 0x0645, 0x064A, 0x062C, 0x062D, 0x0649, 0x062C, 0x0645,
  0x0649, 0x0633, 0x062E, 0x0649, 0x0635, 0x062D, 0x064A, 0x0634, 0x062D, 0x064A,
  0x0636, 0x062D, 0x064A, 0x0644, 0x062C, 0x064A, 0x0644, 0x0645, 0x064A, 0x064A,
  0x062D, 0x064A, 0x064A, 0x062C, 0x064A, 0x064A, 0x0645, 0x064A, 0x0645, 0x0645,
  0x064A, 0x0642, 0x0645, 0x064A, 0x0646, 0x062D, 0x064A, 0x0642, 0x0645, 0x062D,
  0x0644, 0x062D, 0x0645, 0x0639, 0x0645, 0x064A, 0x0643, 0x0645, 0x064A, 0x0646,
  0x062C, 0x062D, 0x0645, 0x062E, 0x064A, 0x0644, 0x062C, 0x0645, 0x0643, 0x0645,
  0x0645, 0x0644, 0x062C, 0x0645, 0x0646, 0x062C, 0x062D, 0x062C, 0x062D, 0x064A,
  0x062D, 0x062C, 0x064A, 0x0645, 0x062C, 0x064A, 0x0641, 0x0645, 0x064A, 0x0628,
  0x062D, 0x064A, 0x0643, 0x0645, 0x0645, 0x0639, 0x062C, 0x0645, 0x0635, 0x0645,
  0x0645, 0x0633, 0x062E, 0x064A, 0x0646, 0x062C, 0x064A, 0x0635, 0x0644, 0x06D2,
  0x0642, 0x0644, 0x06D2, 0x0627, 0x0644, 0x0644, 0x0647, 0x0627, 0x0643, 0x0628,
  0x0631, 0x0645, 0x062D, 0x0645, 0x062F, 0x0635, 0x0644, 0x0639, 0x0645, 0x0631,
  0x0633, 0x0648, 0x0644, 0x0639, 0x0644, 0x064A, 0x0647, 0x0648, 0x0633, 0x0644,
  0x0645, 0x0635, 0x0644, 0x0649, 0x0635, 0x0644, 0x0649, 0x0020, 0x0627, 0x0644,
  0x0644, 0x0647, 0x0020, 0x0639, 0x0644, 0x064A, 0x0647, 0x0020, 0x0648, 0x0633,
  0x0644, 0x0645, 0x062C, 0x0644, 0x0020, 0x062C, 0x0644, 0x0627, 0x0644, 0x0647,
  0x0631, 0x06CC, 0x0627, 0x0644, 0x002C, 0x3001, 0x3002, 0x003A, 0x003B, 0x0021,
  0x003F, 0x3016, 0x3017, 0x002E, 0x002E, 0x002E, 0xFE20, 0xFE21, 0xFE22, 0xFE23,
  0xFE24, 0xFE25, 0xFE26, 0xFE27, 0xFE28, 0xFE29, 0xFE2A, 0xFE2B, 0xFE2C, 0xFE2D,
  0xFE2E, 0xFE2F, 0x002E, 0x002E, 0x2014, 0x2013, 0x005F, 0x005F, 0x0028, 0x0029,
  0x007B, 0x007D, 0x3014, 0x3015, 0x3010, 0x3011, 0x300A, 0x300B, 0x3008, 0x3009,
  0x300C, 0x300D, 0x300E, 0x300F, 0x005B, 0x005D, 0x0020, 0x0305, 0x0020, 0x0305,
  0x0020, 0x0305, 0x0020, 0x0305, 0x005F, 0x005F, 0x005F, 0x002C, 0x3001, 0x002E,
  0x003B, 0x003A, 0x003F, 0x0021, 0x2014, 0x0028, 0x0029, 0x007B, 0x007D, 0x3014,
  0x3015, 0x0023, 0x0026, 0x002A, 0x002B, 0x002D, 0x003C, 0x003E, 0x003D, 0x005C,
  0x0024, 0x0025, 0x0040, 0x0020, 0x064B, 0x0640, 0x064B, 0x0020, 0x064C, 0x0020,
  0x064D, 0x0020, 0x064E, 0x0640, 0x064E, 0x0020, 0x064F, 0x0640, 0x064F, 0x0020,
  0x0650, 0x0640, 0x0650, 0x0020, 0x0651, 0x0640, 0x0651, 0x0020, 0x0652, 0x0640,
  0x0652, 0x0621, 0x0627, 0x0653, 0x0627, 0x0653, 0x0627, 0x0654, 0x0627, 0x0654,
  0x0648, 0x0654, 0x0648, 0x0654, 0x0627, 0x0655, 0x0627, 0x0655, 0x064A, 0x0654,
  0x064A, 0x0654, 0x064A, 0x0654, 0x064A, 0x0654, 0x0627, 0x0627, 0x0628, 0x0628,
  0x0628, 0x0628, 0x0629, 0x0629, 0x062A, 0x062A, 0x062A, 0x062A, 0x062B, 0x062B,
  0x062B, 0x062B, 0x062C, 0x062C, 0x062C, 0x062C, 0x062D, 0x062D, 0x062D, 0x062D,
  0x062E, 0x062E, 0x062E, 0x062E, 0x062F, 0x062F, 0x0630, 0x0630, 0x0631, 0x0631,
  0x0632, 0x0632, 0x0633, 0x0633, 0x0633, 0x0633, 0x0634, 0x0634, 0x0634, 0x0634,
  0x0635, 0x0635, 0x0635, 0x0635, 0x0636, 0x0636, 0x0636, 0x0636, 0x0637, 0x0637,
  0x0637, 0x0637, 0x0638, 0x0638, 0x0638, 0x0638, 0x0639, 0x0639, 0x0639, 0x0639,
  0x063A, 0x063A, 0x063A, 0x063A, 0x0641, 0x0641, 0x0641, 0x0641, 0x0642, 0x0642,
  0x0642, 0x0642, 0x0643, 0x0643, 0x0643, 0x0643, 0x0644, 0x0644, 0x0644, 0x0644,
  0x0645, 0x0645, 0x0645, 0x0645, 0x0646, 0x0646, 0x0646, 0x0646, 0x0647, 0x0647,
  0x0647, 0x0647, 0x0648, 0x0648, 0x0649, 0x0649, 0x064A, 0x064A, 0x064A, 0x064A,
  0x0644, 0x0627, 0x0653, 0x0644, 0x0627, 0x0653, 0x0644, 0x0627, 0x0654, 0x0644,
  0x0627, 0x0654, 0x0644, 0x0627, 0x0655, 0x0644, 0x0627, 0x0655, 0x0644, 0x0627,
  0x0644, 0x0627, 0x0021, 0x0022, 0x0023, 0x0024, 0x0025, 0x0026, 0x0027, 0x0028,
  0x0029, 0x002A, 0x002B, 0x002C, 0x002D, 0x002E, 0x002F, 0x0030, 0x0031, 0x0032,
  0x0033, 0x0034, 0x0035, 0x0036, 0x0037, 0x0038, 0x0039, 0x003A, 0x003B, 0x003C,
  0x003D, 0x003E, 0x003F, 0x0040, 0x0041, 0x0042, 0x0043, 0x0044, 0x0045, 0x0046,
  0x0047, 0x0048, 0x0049, 0x004A, 0x004B, 0x004C, 0x004D, 0x004E, 0x004F, 0x0050,
  0x0051, 0x0052, 0x0053, 0x0054, 0x0055, 0x0056, 0x0057, 0x0058, 0x0059, 0x005A,
  0x005B, 0x005C, 0x005D, 0x005E, 0x005F, 0x0060, 0x0061, 0x0062, 0x0063, 0x0064,
  0x0065, 0x0066, 0x0067, 0x0068, 0x0069, 0x006A, 0x006B, 0x006C, 0x006D, 0x006E,
  0x006F, 0x0070, 0x0071, 0x0072, 0x0073, 0x0074, 0x0075, 0x0076, 0x0077, 0x0078,
  0x0079, 0x007A, 0x007B, 0x007C, 0x007D, 0x007E, 0x2985, 0x2986, 0x3002, 0x300C,
  0x300D, 0x3001, 0x30FB, 0x30F2, 0x30A1, 0x30A3, 0x30A5, 0x30A7, 0x30A9, 0x30E3,
  0x30E5, 0x30E7, 0x30C3, 0x30FC, 0x30A2, 0x30A4, 0x30A6, 0x30A8, 0x30AA, 0x30AB,
  0x30AD, 0x30AF, 0x30B1, 0x30B3, 0x30B5, 0x30B7, 0x30B9, 0x30BB, 0x30BD, 0x30BF,
  0x30C1, 0x30C4, 0x30C6, 0x30C8, 0x30CA, 0x30CB, 0x30CC, 0x30CD, 0x30CE, 0x30CF,
  0x30D2, 0x30D5, 0x30D8, 0x30DB, 0x30DE, 0x30DF, 0x30E0, 0x30E1, 0x30E2, 0x30E4,
  0x30E6, 0x30E8, 0x30E9, 0x30EA, 0x30EB, 0x30EC, 0x30ED, 0x30EF, 0x30F3, 0x3099,
  0x309A, 0x1160, 0x1100, 0x1101, 0x11AA, 0x1102, 0x11AC, 0x11AD, 0x1103, 0x1104,
  0x1105, 0x11B0, 0x11B1, 0x11B2, 0x11B3, 0x11B4, 0x11B5, 0x111A, 0x1106, 0x1107,
  0x1108, 0x1121, 0x1109, 0x110A, 0x110B, 0x110C, 0x110D, 0x110E, 0x110F, 0x1110,
  0x1111, 0x1112, 0x1161, 0x1162, 0x1163, 0x1164, 0x1165, 0x1166, 0x1167, 0x1168,
  0x1169, 0x116A, 0x116B, 0x116C, 0x116D, 0x116E, 0x116F, 0x1170, 0x1171, 0x1172,
  0x1173, 0x1174, 0x1175, 0x00A2, 0x00A3, 0x00AC, 0x0020, 0x0304, 0x00A6, 0x00A5,
  0x20A9, 0x2502, 0x2190, 0x2191, 0x2192, 0x2193, 0x25A0, 0x25CB, 0xD800, 0xDDFD,
  0xD800, 0xDEE0, 0xD800, 0xDF76, 0xD800, 0xDF77, 0xD800, 0xDF78, 0xD800, 0xDF79,
  0xD800, 0xDF7A, 0xD801, 0xDDD2, 0x0307, 0xD801, 0xDDDA, 0x0307, 0x02D0, 0x02D1,
  0x00E6, 0x0299, 0x0253, 0x02A3, 0xAB66, 0x02A5, 0x02A4, 0x0256, 0x0257, 0x1D91,
  0x0258, 0x025E, 0x02A9, 0x0264, 0x0262, 0x0260, 0x029B, 0x0127, 0x029C, 0x0267,
  0x0284, 0x02AA, 0x02AB, 0x026C, 0xD837, 0xDF04, 0xA78E, 0x026E, 0xD837, 0xDF05,
  0x028E, 0xD837, 0xDF06, 0x00F8, 0x0276, 0x0277, 0x0071, 0x027A, 0xD837, 0xDF08,
  0x027D, 0x027E, 0x0280, 0x02A8, 0x02A6, 0xAB67, 0x02A7, 0x0288, 0x2C71, 0x028F,
  0x02A1, 0x02A2, 0x0298, 0x01C0, 0x01C1, 0x01C2, 0xD837, 0xDF0A, 0xD837, 0xDF1E,
  0xD802, 0xDE0D, 0xD802, 0xDE0F, 0xD802, 0xDE38, 0xD802, 0xDE39, 0xD802, 0xDE3A,
  0xD802, 0xDE3F, 0xD802, 0xDEE5, 0xD802, 0xDEE6, 0xD803, 0xDD24, 0xD803, 0xDD25,
  0xD803, 0xDD26, 0xD803, 0xDD27, 0xD803, 0xDD69, 0xD803, 0xDD6A, 0xD803, 0xDD6B,
  0xD803, 0xDD6C, 0xD803, 0xDD6D, 0xD803, 0xDEAB, 0xD803, 0xDEAC, 0xD803, 0xDEFA,
  0xD803, 0xDEFB, 0xD803, 0xDEFD, 0xD803, 0xDEFE, 0xD803, 0xDEFF, 0xD803, 0xDF46,
  0xD803, 0xDF47, 0xD803, 0xDF48, 0xD803, 0xDF49, 0xD803, 0xDF4A, 0xD803, 0xDF4B,
  0xD803, 0xDF4C, 0xD803, 0xDF4D, 0xD803, 0xDF4E, 0xD803, 0xDF4F, 0xD803, 0xDF50,
  0xD803, 0xDF82, 0xD803, 0xDF83, 0xD803, 0xDF84, 0xD803, 0xDF85, 0xD804, 0xDC46,
  0xD804, 0xDC70, 0xD804, 0xDC7F, 0xD804, 0xDC99, 0xD804, 0xDCBA, 0xD804, 0xDC9B,
  0xD804, 0xDCBA, 0xD804, 0xDCA5, 0xD804, 0xDCBA, 0xD804, 0xDCB9, 0xD804, 0xDCBA,
  0xD804, 0xDD00, 0xD804, 0xDD01, 0xD804, 0xDD02, 0xD804, 0xDD31, 0xD804, 0xDD27,
  0xD804, 0xDD32, 0xD804, 0xDD27, 0xD804, 0xDD33, 0xD804, 0xDD34, 0xD804, 0xDD73,
  0xD804, 0xDDC0, 0xD804, 0xDDCA, 0xD804, 0xDE35, 0xD804, 0xDE36, 0xD804, 0xDEE9,
  0xD804, 0xDEEA, 0xD804, 0xDF3B, 0xD804, 0xDF3C, 0xD804, 0xDF47, 0xD804, 0xDF3E,
  0xD804, 0xDF47, 0xD804, 0xDF57, 0xD804, 0xDF4D, 0xD804, 0xDF66, 0xD804, 0xDF67,
  0xD804, 0xDF68, 0xD804, 0xDF69, 0xD804, 0xDF6A, 0xD804, 0xDF6B, 0xD804, 0xDF6C,
  0xD804, 0xDF70, 0xD804, 0xDF71, 0xD804, 0xDF72, 0xD804, 0xDF73, 0xD804, 0xDF74,
  0xD804, 0xDF82, 0xD804, 0xDFC9, 0xD804, 0xDF84, 0xD804, 0xDFBB, 0xD804, 0xDF8B,
  0xD804, 0xDFC2, 0xD804, 0xDF90, 0xD804, 0xDFC9, 0xD804, 0xDFC2, 0xD804, 0xDFC2,
  0xD804, 0xDFC2, 0xD804, 0xDFB8, 0xD804, 0xDFC2, 0xD804, 0xDFC9, 0xD804, 0xDFCE,
  0xD804, 0xDFCF, 0xD804, 0xDFD0, 0xD805, 0xDC42, 0xD805, 0xDC46, 0xD805, 0xDC5E,
  0xD805, 0xDCB9, 0xD805, 0xDCBA, 0xD805, 0xDCB9, 0xD805, 0xDCB0, 0xD805, 0xDCB9,
  0xD805, 0xDCBD, 0xD805, 0xDCC2, 0xD805, 0xDCC3, 0xD805, 0xDDB8, 0xD805, 0xDDAF,
  0xD805, 0xDDB9, 0xD805, 0xDDAF, 0xD805, 0xDDBF, 0xD805, 0xDDC0, 0xD805, 0xDE3F,
  0xD805, 0xDEB6, 0xD805, 0xDEB7, 0xD805, 0xDF2B, 0xD806, 0xDC39, 0xD806, 0xDC3A,
  0xD806, 0xDD35, 0xD806, 0xDD30, 0xD806, 0xDD3D, 0xD806, 0xDD3E, 0xD806, 0xDD43,
  0xD806, 0xDDE0, 0xD806, 0xDE34, 0xD806, 0xDE47, 0xD806, 0xDE99, 0xD807, 0xDC3F,
  0xD807, 0xDD42, 0xD807, 0xDD44, 0xD807, 0xDD45, 0xD807, 0xDD97, 0xD807, 0xDF41,
  0xD807, 0xDF42, 0xD818, 0xDD1E, 0xD818, 0xDD1E, 0xD818, 0xDD1E, 0xD818, 0xDD29,
  0xD818, 0xDD1E, 0xD818, 0xDD1F, 0xD818, 0xDD29, 0xD818, 0xDD1F, 0xD818, 0xDD1E,
  0xD818, 0xDD20, 0xD818, 0xDD1E, 0xD818, 0xDD1E, 0xD818, 0xDD1F, 0xD818, 0xDD1E,
  0xD818, 0xDD29, 0xD818, 0xDD1F, 0xD818, 0xDD1E, 0xD818, 0xDD1E, 0xD818, 0xDD20,
  0xD818, 0xDD2F, 0xD81A, 0xDEF0, 0xD81A, 0xDEF1, 0xD81A, 0xDEF2, 0xD81A, 0xDEF3,
  0xD81A, 0xDEF4, 0xD81A, 0xDF30, 0xD81A, 0xDF31, 0xD81A, 0xDF32, 0xD81A, 0xDF33,
  0xD81A, 0xDF34, 0xD81A, 0xDF35, 0xD81A, 0xDF36, 0xD81B, 0xDD67, 0xD81B, 0xDD67,
  0xD81B, 0xDD63, 0xD81B, 0xDD67, 0xD81B, 0xDD63, 0xD81B, 0xDD67, 0xD81B, 0xDD67,
  0xD81B, 0xDFF0, 0xD81B, 0xDFF1, 0xD82F, 0xDC9E, 0x0041, 0x0042, 0x0043, 0x0044,
  0x0045, 0x0046, 0x0047, 0x0048, 0x0049, 0x004A, 0x004B, 0x004C, 0x004D, 0x004E,
  0x004F, 0x0050, 0x0051, 0x0052, 0x0053, 0x0054, 0x0055, 0x0056, 0x0057, 0x0058,
  0x0059, 0x005A, 0x0030, 0x0031, 0x0032, 0x0033, 0x0034, 0x0035, 0x0036, 0x0037,
  0x0038, 0x0039, 0xD834, 0xDD57, 0xD834, 0xDD65, 0xD834, 0xDD58, 0xD834, 0xDD65,
  0xD834, 0xDD58, 0xD834, 0xDD65, 0xD834, 0xDD6E, 0xD834, 0xDD58, 0xD834, 0xDD65,
  0xD834, 0xDD6F, 0xD834, 0xDD58, 0xD834, 0xDD65, 0xD834, 0xDD70, 0xD834, 0xDD58,
  0xD834, 0xDD65, 0xD834, 0xDD71, 0xD834, 0xDD58, 0xD834, 0xDD65, 0xD834, 0xDD72,
  0xD834, 0xDD65, 0xD834, 0xDD66, 0xD834, 0xDD67, 0xD834, 0xDD68, 0xD834, 0xDD69,
  0xD834, 0xDD6D, 0xD834, 0xDD6E, 0xD834, 0xDD6F, 0xD834, 0xDD70, 0xD834, 0xDD71,
  0xD834, 0xDD72, 0xD834, 0xDD7B, 0xD834, 0xDD7C, 0xD834, 0xDD7D, 0xD834, 0xDD7E,
  0xD834, 0xDD7F, 0xD834, 0xDD80, 0xD834, 0xDD81, 0xD834, 0xDD82, 0xD834, 0xDD85,
  0xD834, 0xDD86, 0xD834, 0xDD87, 0xD834, 0xDD88, 0xD834, 0xDD89, 0xD834, 0xDD8A,
  0xD834, 0xDD8B, 0xD834, 0xDDAA, 0xD834, 0xDDAB, 0xD834, 0xDDAC, 0xD834, 0xDDAD,
  0xD834, 0xDDB9, 0xD834, 0xDD65, 0xD834, 0xDDBA, 0xD834, 0xDD65, 0xD834, 0xDDB9,
  0xD834, 0xDD65, 0xD834, 0xDD6E, 0xD834, 0xDDBA, 0xD834, 0xDD65, 0xD834, 0xDD6E,
  0xD834, 0xDDB9, 0xD834, 0xDD65, 0xD834, 0xDD6F, 0xD834, 0xDDBA, 0xD834, 0xDD65,
  0xD834, 0xDD6F, 0xD834, 0xDE42, 0xD834, 0xDE43, 0xD834, 0xDE44, 0x0041, 0x0042,
  0x0043, 0x0044, 0x0045, 0x0046, 0x0047, 0x0048, 0x0049, 0x004A, 0x004B, 0x004C,
  0x004D, 0x004E, 0x004F, 0x0050, 0x0051, 0x0052, 0x0053, 0x0054, 0x0055, 0x0056,
  0x0057, 0x0058, 0x0059, 0x005A, 0x0061, 0x0062, 0x0063, 0x0064, 0x0065, 0x0066,
  0x0067, 0x0068, 0x0069, 0x006A, 0x006B, 0x006C, 0x006D, 0x006E, 0x006F, 0x0070,
  0x0071, 0x0072, 0x0073, 0x0074, 0x0075, 0x0076, 0x0077, 0x0078, 0x0079, 0x007A,
  0x0041, 0x0042, 0x0043, 0x0044, 0x0045, 0x0046, 0x0047, 0x0048, 0x0049, 0x004A,
  0x004B, 0x004C, 0x004D, 0x004E, 0x004F, 0x0050, 0x0051, 0x0052, 0x0053, 0x0054,
  0x0055, 0x0056, 0x0057, 0x0058, 0x0059, 0x005A, 0x0061, 0x0062, 0x0063, 0x0064,
  0x0065, 0x0066, 0x0067, 0x0069, 0x006A, 0x006B, 0x006C, 0x006D, 0x006E, 0x006F,
  0x0070, 0x0071, 0x0072, 0x0073, 0x0074, 0x0075, 0x0076, 0x0077, 0x0078, 0x0079,
  0x007A, 0x0041, 0x0042, 0x0043, 0x0044, 0x0045, 0x0046, 0x0047, 0x0048, 0x0049,
  0x004A, 0x004B, 0x004C, 0x004D, 0x004E, 0x004F, 0x0050, 0x0051, 0x0052, 0x0053,
  0x0054, 0x0055, 0x0056, 0x0057, 0x0058, 0x0059, 0x005A, 0x0061, 0x0062, 0x0063,
  0x0064, 0x0065, 0x0066, 0x0067, 0x0068, 0x0069, 0x006A, 0x006B, 0x006C, 0x006D,
  0x006E, 0x006F, 0x0070, 0x0071, 0x0072, 0x0073, 0x0074, 0x0075, 0x0076, 0x0077,
  0x0078, 0x0079, 0x007A, 0x0041, 0x0043, 0x0044, 0x0047, 0x004A, 0x004B, 0x004E,
  0x004F, 0x0050, 0x0051, 0x0053, 0x0054, 0x0055, 0x0056, 0x0057, 0x0058, 0x0059,
  0x005A, 0x0061, 0x0062, 0x0063, 0x0064, 0x0066, 0x0068, 0x0069, 0x006A, 0x006B,
  0x006C, 0x006D, 0x006E, 0x0070, 0x0071, 0x0072, 0x0073, 0x0074, 0x0075, 0x0076,
  0x0077, 0x0078, 0x0079, 0x007A, 0x0041, 0x0042, 0x0043, 0x0044, 0x0045, 0x0046,
  0x0047, 0x0048, 0x0049, 0x004A, 0x004B, 0x004C, 0x004D, 0x004E, 0x004F, 0x0050,
  0x0051, 0x0052, 0x0053, 0x0054, 0x0055, 0x0056, 0x0057, 0x0058, 0x0059, 0x005A,
  0x0061, 0x0062, 0x0063, 0x0064, 0x0065, 0x0066, 0x0067, 0x0068, 0x0069, 0x006A,
  0x006B, 0x006C, 0x006D, 0x006E, 0x006F, 0x0070, 0x0071, 0x0072, 0x0073, 0x0074,
  0x0075, 0x0076, 0x0077, 0x0078, 0x0079, 0x007A, 0x0041, 0x0042, 0x0044, 0x0045,
  0x0046, 0x0047, 0x004A, 0x004B, 0x004C, 0x004D, 0x004E, 0x004F, 0x0050, 0x0051,
  0x0053, 0x0054, 0x0055, 0x0056, 0x0057, 0x0058, 0x0059, 0x0061, 0x0062, 0x0063,
  0x0064, 0x0065, 0x0066, 0x0067, 0x0068, 0x0069, 0x006A, 0x006B, 0x006C, 0x006D,
  0x006E, 0x006F, 0x0070, 0x0071, 0x0072, 0x0073, 0x0074, 0x0075, 0x0076, 0x0077,
  0x0078, 0x0079, 0x007A, 0x0041, 0x0042, 0x0044, 0x0045, 0x0046, 0x0047, 0x0049,
  0x004A, 0x004B, 0x004C, 0x004D, 0x004F, 0x0053, 0x0054, 0x0055, 0x0056, 0x0057,
  0x0058, 0x0059, 0x0061, 0x0062, 0x0063, 0x0064, 0x0065, 0x0066, 0x0067, 0x0068,
  0x0069, 0x006A, 0x006B, 0x006C, 0x006D, 0x006E, 0x006F, 0x0070, 0x0071, 0x0072,
  0x0073, 0x0074, 0x0075, 0x0076, 0x0077, 0x0078, 0x0079, 0x007A, 0x0041, 0x0042,
  0x0043, 0x0044, 0x0045, 0x0046, 0x0047, 0x0048, 0x0049, 0x004A, 0x004B, 0x004C,
  0x004D, 0x004E, 0x004F, 0x0050, 0x0051, 0x0052, 0x0053, 0x0054, 0x0055, 0x0056,
  0x0057, 0x0058, 0x0059, 0x005A, 0x0061, 0x0062, 0x0063, 0x0064, 0x0065, 0x0066,
  0x0067, 0x0068, 0x0069, 0x006A, 0x006B, 0x006C, 0x006D, 0x006E, 0x006F, 0x0070,
  0x0071, 0x0072, 0x0073, 0x0074, 0x0075, 0x0076, 0x0077, 0x0078, 0x0079, 0x007A,
  0x0041, 0x0042, 0x0043, 0x0044, 0x0045, 0x0046, 0x0047, 0x0048, 0x0049, 0x004A,
  0x004B, 0x004C, 0x004D, 0x004E, 0x004F, 0x0050, 0x0051, 0x0052, 0x0053, 0x0054,
  0x0055, 0x0056, 0x0057, 0x0058, 0x0059, 0x005A, 0x0061, 0x0062, 0x0063, 0x0064,
  0x0065, 0x0066, 0x0067, 0x0068, 0x0069, 0x006A, 0x006B, 0x006C, 0x006D, 0x006E,
  0x006F, 0x0070, 0x0071, 0x0072, 0x0073, 0x0074, 0x0075, 0x0076, 0x0077, 0x0078,
  0x0079, 0x007A, 0x0041, 0x0042, 0x0043, 0x0044, 0x0045, 0x0046, 0x0047, 0x0048,
  0x0049, 0x004A, 0x004B, 0x004C, 0x004D, 0x004E, 0x004F, 0x0050, 0x0051, 0x0052,
  0x0053, 0x0054, 0x0055, 0x0056, 0x0057, 0x0058, 0x0059, 0x005A, 0x0061, 0x0062,
  0x0063, 0x0064, 0x0065, 0x0066, 0x0067, 0x0068, 0x0069, 0x006A, 0x006B, 0x006C,
  0x006D, 0x006E, 0x006F, 0x0070, 0x0071, 0x0072, 0x0073, 0x0074, 0x0075, 0x0076,
  0x0077, 0x0078, 0x0079, 0x007A, 0x0041, 0x0042, 0x0043, 0x0044, 0x0045, 0x0046,
  0x0047, 0x0048, 0x0049, 0x004A, 0x004B, 0x004C, 0x004D, 0x004E, 0x004F, 0x0050,
  0x0051, 0x0052, 0x0053, 0x0054, 0x0055, 0x0056, 0x0057, 0x0058, 0x0059, 0x005A,
  0x0061, 0x0062, 0x0063, 0x0064, 0x0065, 0x0066, 0x0067, 0x0068, 0x0069, 0x006A,
  0x006B, 0x006C, 0x006D, 0x006E, 0x006F, 0x0070, 0x0071, 0x0072, 0x0073, 0x0074,
  0x0075, 0x0076, 0x0077, 0x0078, 0x0079, 0x007A, 0x0041, 0x0042, 0x0043, 0x0044,
  0x0045, 0x0046, 0x0047, 0x0048, 0x0049, 0x004A, 0x004B, 0x004C, 0x004D, 0x004E,
  0x004F, 0x0050, 0x0051, 0x0052, 0x0053, 0x0054, 0x0055, 0x0056, 0x0057, 0x0058,
  0x0059, 0x005A, 0x0061, 0x0062, 0x0063, 0x0064, 0x0065, 0x0066, 0x0067, 0x0068,
  0x0069, 0x006A, 0x006B, 0x006C, 0x006D, 0x006E, 0x006F, 0x0070, 0x0071, 0x0072,
  0x0073, 0x0074, 0x0075, 0x0076, 0x0077, 0x0078, 0x0079, 0x007A, 0x0041, 0x0042,
  0x0043, 0x0044, 0x0045, 0x0046, 0x0047, 0x0048, 0x0049, 0x004A, 0x004B, 0x004C,
  0x004D, 0x004E, 0x004F, 0x0050, 0x0051, 0x0052, 0x0053, 0x0054, 0x0055, 0x0056,
  0x0057, 0x0058, 0x0059, 0x005A, 0x0061, 0x0062, 0x0063, 0x0064, 0x0065, 0x0066,
  0x0067, 0x0068, 0x0069, 0x006A, 0x006B, 0x006C, 0x006D, 0x006E, 0x006F, 0x0070,
  0x0071, 0x0072, 0x0073, 0x0074, 0x0075, 0x0076, 0x0077, 0x0078, 0x0079, 0x007A,
  0x0131, 0x0237, 0x0391, 0x0392, 0x0393, 0x0394, 0x0395, 0x0396, 0x0397, 0x0398,
  0x0399, 0x039A, 0x039B, 0x039C, 0x039D, 0x039E, 0x039F, 0x03A0, 0x03A1, 0x0398,
  0x03A3, 0x03A4, 0x03A5, 0x03A6, 0x03A7, 0x03A8, 0x03A9, 0x2207, 0x03B1, 0x03B2,
  0x03B3, 0x03B4, 0x03B5, 0x03B6, 0x03B7, 0x03B8, 0x03B9, 0x03BA, 0x03BB, 0x03BC,
  0x03BD, 0x03BE, 0x03BF, 0x03C0, 0x03C1, 0x03C2, 0x03C3, 0x03C4, 0x03C5, 0x03C6,
  0x03C7, 0x03C8, 0x03C9, 0x2202, 0x03B5, 0x03B8, 0x03BA, 0x03C6, 0x03C1, 0x03C0,
  0x0391, 0x0392, 0x0393, 0x0394, 0x0395, 0x0396, 0x0397, 0x0398, 0x0399, 0x039A,
  0x039B, 0x039C, 0x039D, 0x039E, 0x039F, 0x03A0, 0x03A1, 0x0398, 0x03A3, 0x03A4,
  0x03A5, 0x03A6, 0x03A7, 0x03A8, 0x03A9, 0x2207, 0x03B1, 0x03B2, 0x03B3, 0x03B4,
  0x03B5, 0x03B6, 0x03B7, 0x03B8, 0x03B9, 0x03BA, 0x03BB, 0x03BC, 0x03BD, 0x03BE,
  0x03BF, 0x03C0, 0x03C1, 0x03C2, 0x03C3, 0x03C4, 0x03C5, 0x03C6, 0x03C7, 0x03C8,
  0x03C9, 0x2202, 0x03B5, 0x03B8, 0x03BA, 0x03C6, 0x03C1, 0x03C0, 0x0391, 0x0392,
  0x0393, 0x0394, 0x0395, 0x0396, 0x0397, 0x0398, 0x0399, 0x039A, 0x039B, 0x039C,
  0x039D, 0x039E, 0x039F, 0x03A0, 0x03A1, 0x0398, 0x03A3, 0x03A4, 0x03A5, 0x03A6,
  0x03A7, 0x03A8, 0x03A9, 0x2207, 0x03B1, 0x03B2, 0x03B3, 0x03B4, 0x03B5, 0x03B6,
  0x03B7, 0x03B8, 0x03B9, 0x03BA, 0x03BB, 0x03BC, 0x03BD, 0x03BE, 0x03BF, 0x03C0,
  0x03C1, 0x03C2, 0x03C3, 0x03C4, 0x03C5, 0x03C6, 0x03C7, 0x03C8, 0x03C9, 0x2202,
  0x03B5, 0x03B8, 0x03BA, 0x03C6, 0x03C1, 0x03C0, 0x0391, 0x0392, 0x0393, 0x0394,
  0x0395, 0x0396, 0x0397, 0x0398, 0x0399, 0x039A, 0x039B, 0x039C, 0x039D, 0x039E,
  0x039F, 0x03A0, 0x03A1, 0x0398, 0x03A3, 0x03A4, 0x03A5, 0x03A6, 0x03A7, 0x03A8,
  0x03A9, 0x2207, 0x03B1, 0x03B2, 0x03B3, 0x03B4, 0x03B5, 0x03B6, 0x03B7, 0x03B8,
  0x03B9, 0x03BA, 0x03BB, 0x03BC, 0x03BD, 0x03BE, 0x03BF, 0x03C0, 0x03C1, 0x03C2,
  0x03C3, 0x03C4, 0x03C5, 0x03C6, 0x03C7, 0x03C8, 0x03C9, 0x2202, 0x03B5, 0x03B8,
  0x03BA, 0x03C6, 0x03C1, 0x03C0, 0x0391, 0x0392, 0x0393, 0x0394, 0x0395, 0x0396,
  0x0397, 0x0398, 0x0399, 0x039A, 0x039B, 0x039C, 0x039D, 0x039E, 0x039F, 0x03A0,
  0x03A1, 0x0398, 0x03A3, 0x03A4, 0x03A5, 0x03A6, 0x03A7, 0x03A8, 0x03A9, 0x2207,
  0x03B1, 0x03B2, 0x03B3, 0x03B4, 0x03B5, 0x03B6, 0x03B7, 0x03B8, 0x03B9, 0x03BA,
  0x03BB, 0x03BC, 0x03BD, 0x03BE, 0x03BF, 0x03C0, 0x03C1, 0x03C2, 0x03C3, 0x03C4,
  0x03C5, 0x03C6, 0x03C7, 0x03C8, 0x03C9, 0x2202, 0x03B5, 0x03B8, 0x03BA, 0x03C6,
  0x03C1, 0x03C0, 0x03DC, 0x03DD, 0x0030, 0x0031, 0x0032, 0x0033, 0x0034, 0x0035,
  0x0036, 0x0037, 0x0038, 0x0039, 0x0030, 0x0031, 0x0032, 0x0033, 0x0034, 0x0035,
  0x0036, 0x0037, 0x0038, 0x0039, 0x0030, 0x0031, 0x0032, 0x0033, 0x0034, 0x0035,
  0x0036, 0x0037, 0x0038, 0x0039, 0x0030, 0x0031, 0x0032, 0x0033, 0x0034, 0x0035,
  0x0036, 0x0037, 0x0038, 0x0039, 0x0030, 0x0031, 0x0032, 0x0033, 0x0034, 0x0035,
  0x0036, 0x0037, 0x0038, 0x0039, 0xD838, 0xDC00, 0xD838, 0xDC01, 0xD838, 0xDC02,
  0xD838, 0xDC03, 0xD838, 0xDC04, 0xD838, 0xDC05, 0xD838, 0xDC06, 0xD838, 0xDC08,
  0xD838, 0xDC09, 0xD838, 0xDC0A, 0xD838, 0xDC0B, 0xD838, 0xDC0C, 0xD838, 0xDC0D,
  0xD838, 0xDC0E, 0xD838, 0xDC0F, 0xD838, 0xDC10, 0xD838, 0xDC11, 0xD838, 0xDC12,
  0xD838, 0xDC13, 0xD838, 0xDC14, 0xD838, 0xDC15, 0xD838, 0xDC16, 0xD838, 0xDC17,
  0xD838, 0xDC18, 0xD838, 0xDC1B, 0xD838, 0xDC1C, 0xD838, 0xDC1D, 0xD838, 0xDC1E,
  0xD838, 0xDC1F, 0xD838, 0xDC20, 0xD838, 0xDC21, 0xD838, 0xDC23, 0xD838, 0xDC24,
  0xD838, 0xDC26, 0xD838, 0xDC27, 0xD838, 0xDC28, 0xD838, 0xDC29, 0xD838, 0xDC2A,
  0x0430, 0x0431, 0x0432, 0x0433, 0x0434, 0x0435, 0x0436, 0x0437, 0x0438, 0x043A,
  0x043B, 0x043C, 0x043E, 0x043F, 0x0440, 0x0441, 0x0442, 0x0443, 0x0444, 0x0445,
  0x0446, 0x0447, 0x0448, 0x044B, 0x044D, 0x044E, 0xA689, 0x04D9, 0x0456, 0x0458,
  0x04E9, 0x04AF, 0x04CF, 0x0430, 0x0431, 0x0432, 0x0433, 0x0434, 0x0435, 0x0436,
  0x0437, 0x0438, 0x043A, 0x043B, 0x043E, 0x043F, 0x0441, 0x0443, 0x0444, 0x0445,
  0x0446, 0x0447, 0x0448, 0x044A, 0x044B, 0x0491, 0x0456, 0x0455, 0x045F, 0x04AB,
  0xA651, 0x04B1, 0xD838, 0xDC8F, 0xD838, 0xDD30, 0xD838, 0xDD31, 0xD838, 0xDD32,
  0xD838, 0xDD33, 0xD838, 0xDD34, 0xD838, 0xDD35, 0xD838, 0xDD36, 0xD838, 0xDEAE,
  0xD838, 0xDEEC, 0xD838, 0xDEED, 0xD838, 0xDEEE, 0xD838, 0xDEEF, 0xD839, 0xDCEC,
  0xD839, 0xDCED, 0xD839, 0xDCEE, 0xD839, 0xDCEF, 0xD839, 0xDDEE, 0xD839, 0xDDEF,
  0xD839, 0xDEE3, 0xD839, 0xDEE6, 0xD839, 0xDEEE, 0xD839, 0xDEEF, 0xD839, 0xDEF5,
  0xD83A, 0xDCD0, 0xD83A, 0xDCD1, 0xD83A, 0xDCD2, 0xD83A, 0xDCD3, 0xD83A, 0xDCD4,
  0xD83A, 0xDCD5, 0xD83A, 0xDCD6, 0xD83A, 0xDD44, 0xD83A, 0xDD45, 0xD83A, 0xDD46,
  0xD83A, 0xDD47, 0xD83A, 0xDD48, 0xD83A, 0xDD49, 0xD83A, 0xDD4A, 0x0627, 0x0628,
  0x062C, 0x062F, 0x0648, 0x0632, 0x062D, 0x0637, 0x064A, 0x0643, 0x0644, 0x0645,
  0x0646, 0x0633, 0x0639, 0x0641, 0x0635, 0x0642, 0x0631, 0x0634, 0x062A, 0x062B,
  0x062E, 0x0630, 0x0636, 0x0638, 0x063A, 0x066E, 0x06BA, 0x06A1, 0x066F, 0x0628,
  0x062C, 0x0647, 0x062D, 0x064A, 0x0643, 0x0644, 0x0645, 0x0646, 0x0633, 0x0639,
  0x0641, 0x0635, 0x0642, 0x0634, 0x062A, 0x062B, 0x062E, 0x0636, 0x063A, 0x062C,
  0x062D, 0x064A, 0x0644, 0x0646, 0x0633, 0x0639, 0x0635, 0x0642, 0x0634, 0x062E,
  0x0636, 0x063A, 0x06BA, 0x066F, 0x0628, 0x062C, 0x0647, 0x062D, 0x0637, 0x064A,
  0x0643, 0x0645, 0x0646, 0x0633, 0x0639, 0x0641, 0x0635, 0x0642, 0x0634, 0x062A,
  0x062B, 0x062E, 0x0636, 0x0638, 0x063A, 0x066E, 0x06A1, 0x0627, 0x0628, 0x062C,
  0x062F, 0x0647, 0x0648, 0x0632, 0x062D, 0x0637, 0x064A, 0x0644, 0x0645, 0x0646,
  0x0633, 0x0639, 0x0641, 0x0635, 0x0642, 0x0631, 0x0634, 0x062A, 0x062B, 0x062E,
  0x0630, 0x0636, 0x0638, 0x063A, 0x0628, 0x062C, 0x062F, 0x0648, 0x0632, 0x062D,
  0x0637, 0x064A, 0x0644, 0x0645, 0x0646, 0x0633, 0x0639, 0x0641, 0x0635, 0x0642,
  0x0631, 0x0634, 0x062A, 0x062B, 0x062E, 0x0630, 0x0636, 0x0638, 0x063A, 0x0030,
  0x002E, 0x0030, 0x002C, 0x0031, 0x002C, 0x0032, 0x002C, 0x0033, 0x002C, 0x0034,
  0x002C, 0x0035, 0x002C, 0x0036, 0x002C, 0x0037, 0x002C, 0x0038, 0x002C, 0x0039,
  0x002C, 0x0028, 0x0041, 0x0029, 0x0028, 0x0042, 0x0029, 0x0028, 0x0043, 0x0029,
  0x0028, 0x0044, 0x0029, 0x0028, 0x0045, 0x0029, 0x0028, 0x0046, 0x0029, 0x0028,
  0x0047, 0x0029, 0x0028, 0x0048, 0x0029, 0x0028, 0x0049, 0x0029, 0x0028, 0x004A,
  0x0029, 0x0028, 0x004B, 0x0029, 0x0028, 0x004C, 0x0029, 0x0028, 0x004D, 0x0029,
  0x0028, 0x004E, 0x0029, 0x0028, 0x004F, 0x0029, 0x0028, 0x0050, 0x0029, 0x0028,
  0x0051, 0x0029, 0x0028, 0x0052, 0x0029, 0x0028, 0x0053, 0x0029, 0x0028, 0x0054,
  0x0029, 0x0028, 0x0055, 0x0029, 0x0028, 0x0056, 0x0029, 0x0028, 0x0057, 0x0029,
  0x0028, 0x0058, 0x0029, 0x0028, 0x0059, 0x0029, 0x0028, 0x005A, 0x0029, 0x3014,
  0x0053, 0x3015, 0x0043, 0x0052, 0x0043, 0x0044, 0x0057, 0x005A, 0x0041, 0x0042,
  0x0043, 0x0044, 0x0045, 0x0046, 0x0047, 0x0048, 0x0049, 0x004A, 0x004B, 0x004C,
  0x004D, 0x004E, 0x004F, 0x0050, 0x0051, 0x0052, 0x0053, 0x0054, 0x0055, 0x0056,
  0x0057, 0x0058, 0x0059, 0x005A, 0x0048, 0x0056, 0x004D, 0x0056, 0x0053, 0x0044,
  0x0053, 0x0053, 0x0050, 0x0050, 0x0056, 0x0057, 0x0043, 0x004D, 0x0043, 0x004D,
  0x0044, 0x004D, 0x0052, 0x0044, 0x004A, 0x307B, 0x304B, 0x30B3, 0x30B3, 0x30B5,
  0x624B, 0x5B57, 0x53CC, 0x30C6, 0x3099, 0x4E8C, 0x591A, 0x89E3, 0x5929, 0x4EA4,
  0x6620, 0x7121, 0x6599, 0x524D, 0x5F8C, 0x518D, 0x65B0, 0x521D, 0x7D42, 0x751F,
  0x8CA9, 0x58F0, 0x5439, 0x6F14, 0x6295, 0x6355, 0x4E00, 0x4E09, 0x904A, 0x5DE6,
  0x4E2D, 0x53F3, 0x6307, 0x8D70, 0x6253, 0x7981, 0x7A7A, 0x5408, 0x6E80, 0x6709,
  0x6708, 0x7533, 0x5272, 0x55B6, 0x914D, 0x3014, 0x672C, 0x3015, 0x3014, 0x4E09,
  0x3015, 0x3014, 0x4E8C, 0x3015, 0x3014, 0x5B89, 0x3015, 0x3014, 0x70B9, 0x3015,
  0x3014, 0x6253, 0x3015, 0x3014, 0x76D7, 0x3015, 0x3014, 0x52DD, 0x3015, 0x3014,
  0x6557, 0x3015, 0x5F97, 0x53EF, 0x0030, 0x0031, 0x0032, 0x0033, 0x0034, 0x0035,
  0x0036, 0x0037, 0x0038, 0x0039, 0x4E3D, 0x4E38, 0x4E41, 0xD840, 0xDD22, 0x4F60,
  0x4FAE, 0x4FBB, 0x5002, 0x507A, 0x5099, 0x50E7, 0x50CF, 0x349E, 0xD841, 0xDE3A,
  0x514D, 0x5154, 0x5164, 0x5177, 0xD841, 0xDD1C, 0x34B9, 0x5167, 0x518D, 0xD841,
  0xDD4B, 0x5197, 0x51A4, 0x4ECC, 0x51AC, 0x51B5, 0xD864, 0xDDDF, 0x51F5, 0x5203,
  0x34DF, 0x523B, 0x5246, 0x5272, 0x5277, 0x3515, 0x52C7, 0x52C9, 0x52E4, 0x52FA,
  0x5305, 0x5306, 0x5317, 0x5349, 0x5351, 0x535A, 0x5373, 0x537D, 0x537F, 0x537F,
  0x537F, 0xD842, 0xDE2C, 0x7070, 0x53CA, 0x53DF, 0xD842, 0xDF63, 0x53EB, 0x53F1,
  0x5406, 0x549E, 0x5438, 0x5448, 0x5468, 0x54A2, 0x54F6, 0x5510, 0x5553, 0x5563,
  0x5584, 0x5584, 0x5599, 0x55AB, 0x55B3, 0x55C2, 0x5716, 0x5606, 0x5717, 0x5651,
  0x5674, 0x5207, 0x58EE, 0x57CE, 0x57F4, 0x580D, 0x578B, 0x5832, 0x5831, 0x58AC,
  0xD845, 0xDCE4, 0x58F2, 0x58F7, 0x5906, 0x591A, 0x5922, 0x5962, 0xD845, 0xDEA8,
  0xD845, 0xDEEA, 0x59EC, 0x5A1B, 0x5A27, 0x59D8, 0x5A66, 0x36EE, 0x36FC, 0x5B08,
  0x5B3E, 0x5B3E, 0xD846, 0xDDC8, 0x5BC3, 0x5BD8, 0x5BE7, 0x5BF3, 0xD846, 0xDF18,
  0x5BFF, 0x5C06, 0x5F53, 0x5C22, 0x3781, 0x5C60, 0x5C6E, 0x5CC0, 0x5C8D, 0xD847,
  0xDDE4, 0x5D43, 0xD847, 0xDDE6, 0x5D6E, 0x5D6B, 0x5D7C, 0x5DE1, 0x5DE2, 0x382F,
  0x5DFD, 0x5E28, 0x5E3D, 0x5E69, 0x3862, 0xD848, 0xDD83, 0x387C, 0x5EB0, 0x5EB3,
  0x5EB6, 0x5ECA, 0xD868, 0xDF92, 0x5EFE, 0xD848, 0xDF31, 0xD848, 0xDF31, 0x8201,
  0x5F22, 0x5F22, 0x38C7, 0xD84C, 0xDEB8, 0xD858, 0xDDDA, 0x5F62, 0x5F6B, 0x38E3,
  0x5F9A, 0x5FCD, 0x5FD7, 0x5FF9, 0x6081, 0x393A, 0x391C, 0x6094, 0xD849, 0xDED4,
  0x60C7, 0x6148, 0x614C, 0x614E, 0x614C, 0x617A, 0x618E, 0x61B2, 0x61A4, 0x61AF,
  0x61DE, 0x61F2, 0x61F6, 0x6210, 0x621B, 0x625D, 0x62B1, 0x62D4, 0x6350, 0xD84A,
  0xDF0C, 0x633D, 0x62FC, 0x6368, 0x6383, 0x63E4, 0xD84A, 0xDFF1, 0x6422, 0x63C5,
  0x63A9, 0x3A2E, 0x6469, 0x647E, 0x649D, 0x6477, 0x3A6C, 0x654F, 0x656C, 0xD84C,
  0xDC0A, 0x65E3, 0x66F8, 0x6649, 0x3B19, 0x6691, 0x3B08, 0x3AE4, 0x5192, 0x5195,
  0x6700, 0x669C, 0x80AD, 0x43D9, 0x6717, 0x671B, 0x6721, 0x675E, 0x6753, 0xD84C,
  0xDFC3, 0x3B49, 0x67FA, 0x6785, 0x6852, 0x6885, 0xD84D, 0xDC6D, 0x688E, 0x681F,
  0x6914, 0x3B9D, 0x6942, 0x69A3, 0x69EA, 0x6AA8, 0xD84D, 0xDEA3, 0x6ADB, 0x3C18,
  0x6B21, 0xD84E, 0xDCA7, 0x6B54, 0x3C4E, 0x6B72, 0x6B9F, 0x6BBA, 0x6BBB, 0xD84E,
  0xDE8D, 0xD847, 0xDD0B, 0xD84E, 0xDEFA, 0x6C4E, 0xD84F, 0xDCBC, 0x6CBF, 0x6CCD,
  0x6C67, 0x6D16, 0x6D3E, 0x6D77, 0x6D41, 0x6D69, 0x6D78, 0x6D85, 0xD84F, 0xDD1E,
  0x6D34, 0x6E2F, 0x6E6E, 0x3D33, 0x6ECB, 0x6EC7, 0xD84F, 0xDED1, 0x6DF9, 0x6F6E,
  0xD84F, 0xDF5E, 0xD84F, 0xDF8E, 0x6FC6, 0x7039, 0x701E, 0x701B, 0x3D96, 0x704A,
  0x707D, 0x7077, 0x70AD, 0xD841, 0xDD25, 0x7145, 0xD850, 0xDE63, 0x719C, 0xD850,
  0xDFAB, 0x7228, 0x7235, 0x7250, 0xD851, 0xDE08, 0x7280, 0x7295, 0xD851, 0xDF35,
  0xD852, 0xDC14, 0x737A, 0x738B, 0x3EAC, 0x73A5, 0x3EB8, 0x3EB8, 0x7447, 0x745C,
  0x7471, 0x7485, 0x74CA, 0x3F1B, 0x7524, 0xD853, 0xDC36, 0x753E, 0xD853, 0xDC92,
  0x7570, 0xD848, 0xDD9F, 0x7610, 0xD853, 0xDFA1, 0xD853, 0xDFB8, 0xD854, 0xDC44,
  0x3FFC, 0x4008, 0x76F4, 0xD854, 0xDCF3, 0xD854, 0xDCF2, 0xD854, 0xDD19, 0xD854,
  0xDD33, 0x771E, 0x771F, 0x771F, 0x774A, 0x4039, 0x778B, 0x4046, 0x4096, 0xD855,
  0xDC1D, 0x784E, 0x788C, 0x78CC, 0x40E3, 0xD855, 0xDE26, 0x7956, 0xD855, 0xDE9A,
  0xD855, 0xDEC5, 0x798F, 0x79EB, 0x412F, 0x7A40, 0x7A4A, 0x7A4F, 0xD856, 0xDD7C,
  0xD856, 0xDEA7, 0xD856, 0xDEA7, 0x7AEE, 0x4202, 0xD856, 0xDFAB, 0x7BC6, 0x7BC9,
  0x4227, 0xD857, 0xDC80, 0x7CD2, 0x42A0, 0x7CE8, 0x7CE3, 0x7D00, 0xD857, 0xDF86,
  0x7D63, 0x4301, 0x7DC7, 0x7E02, 0x7E45, 0x4334, 0xD858, 0xDE28, 0xD858, 0xDE47,
  0x4359, 0xD858, 0xDED9, 0x7F7A, 0xD858, 0xDF3E, 0x7F95, 0x7FFA, 0x8005, 0xD859,
  0xDCDA, 0xD859, 0xDD23, 0x8060, 0xD859, 0xDDA8, 0x8070, 0xD84C, 0xDF5F, 0x43D5,
  0x80B2, 0x8103, 0x440B, 0x813E, 0x5AB5, 0xD859, 0xDFA7, 0xD859, 0xDFB5, 0xD84C,
  0xDF93, 0xD84C, 0xDF9C, 0x8201, 0x8204, 0x8F9E, 0x446B, 0x8291, 0x828B, 0x829D,
  0x52B3, 0x82B1, 0x82B3, 0x82BD, 0x82E6, 0xD85A, 0xDF3C, 0x82E5, 0x831D, 0x8363,
  0x83AD, 0x8323, 0x83BD, 0x83E7, 0x8457, 0x8353, 0x83CA, 0x83CC, 0x83DC, 0xD85B,
  0xDC36, 0xD85B, 0xDD6B, 0xD85B, 0xDCD5, 0x452B, 0x84F1, 0x84F3, 0x8516, 0xD85C,
  0xDFCA, 0x8564, 0xD85B, 0xDF2C, 0x455D, 0x4561, 0xD85B, 0xDFB1, 0xD85C, 0xDCD2,
  0x456B, 0x8650, 0x865C, 0x8667, 0x8669, 0x86A9, 0x8688, 0x870E, 0x86E2, 0x8779,
  0x8728, 0x876B, 0x8786, 0x45D7, 0x87E1, 0x8801, 0x45F9, 0x8860, 0x8863, 0xD85D,
  0xDE67, 0x88D7, 0x88DE, 0x4635, 0x88FA, 0x34BB, 0xD85E, 0xDCAE, 0xD85E, 0xDD66,
  0x46BE, 0x46C7, 0x8AA0, 0x8AED, 0x8B8A, 0x8C55, 0xD85F, 0xDCA8, 0x8CAB, 0x8CC1,
  0x8D1B, 0x8D77, 0xD85F, 0xDF2F, 0xD842, 0xDC04, 0x8DCB, 0x8DBC, 0x8DF0, 0xD842,
  0xDCDE, 0x8ED4, 0x8F38, 0xD861, 0xDDD2, 0xD861, 0xDDED, 0x9094, 0x90F1, 0x9111,
  0xD861, 0xDF2E, 0x911B, 0x9238, 0x92D7, 0x92D8, 0x927C, 0x93F9, 0x9415, 0xD862,
  0xDFFA, 0x958B, 0x4995, 0x95B7, 0xD863, 0xDD77, 0x49E6, 0x96C3, 0x5DB2, 0x9723,
  0xD864, 0xDD45, 0xD864, 0xDE1A, 0x4A6E, 0x4A76, 0x97E0, 0xD865, 0xDC0A, 0x4AB2,
  0xD865, 0xDC96, 0x980B, 0x980B, 0x9829, 0xD865, 0xDDB6, 0x98E2, 0x4B33, 0x9929,
  0x99A7, 0x99C2, 0x99FE, 0x4BCE, 0xD866, 0xDF30, 0x9B12, 0x9C40, 0x9CFD, 0x4CCE,
  0x4CED, 0x9D67, 0xD868, 0xDCCE, 0x4CF8, 0xD868, 0xDD05, 0xD868, 0xDE0E, 0xD868,
  0xDE91, 0x9EBB, 0x4D56, 0x9EF9, 0x9EFE, 0x9F05, 0x9F0F, 0x9F16, 0x9F3B, 0xD869,
  0xDE00, 0x0000, 0x0000, 0x0000, 0x0000, 0x0000, 0x0000, 0x0000, 0x0000,
};

const uint8_t shuf_utf16[256][16] = {
  {16, 17, 24, 25, 32, 33, 40, 41, 8, 9, 10, 11, 12, 13, 14, 15},
  {16, 17, 18, 19, 24, 25, 32, 33, 40, 41, 8, 9, 10, 11, 12, 13},
  {16, 17, 18, 19, 20, 21, 24, 25, 32, 33, 40, 41, 8, 9, 10, 11},
  {0, 1, 24, 25, 32, 33, 40, 41, 8, 9, 10, 11, 12, 13, 14, 15},
  {16, 17, 24, 25, 26, 27, 32, 33, 40, 41, 8, 9, 10, 11, 12, 13},
  {16, 17, 18, 19, 24, 25, 26, 27, 32, 33, 40, 41, 8, 9, 10, 11},
  {16, 17, 18, 19, 20, 21, 24, 25, 26, 27, 32, 33, 40, 41, 8, 9},
  {0, 1, 24, 25, 26, 27, 32, 33, 40, 41, 8, 9, 10, 11, 12, 13},
  {16, 17, 24, 25, 26, 27, 28, 29, 32, 33, 40, 41, 8, 9, 10, 11},
  {16, 17, 18, 19, 24, 25, 26, 27, 28, 29, 32, 33, 40, 41, 8, 9},
  {16, 17, 18, 19, 20, 21, 24, 25, 26, 27, 28, 29, 32, 33, 40, 41},
  {0, 1, 24, 25, 26, 27, 28, 29, 32, 33, 40, 41, 8, 9, 10, 11},
  {16, 17, 2, 3, 32, 33, 40, 41, 8, 9, 10, 11, 12, 13, 14, 15},
  {16, 17, 18, 19, 2, 3, 32, 33, 40, 41, 8, 9, 10, 11, 12, 13},
  {16, 17, 18, 19, 20, 21, 2, 3, 32, 33, 40, 41, 8, 9, 10, 11},
  {0, 1, 2, 3, 32, 33, 40, 41, 8, 9, 10, 11, 12, 13, 14, 15},
  {16, 17, 24, 25, 32, 33, 34, 35, 40, 41, 8, 9, 10, 11, 12, 13},
  {16, 17, 18, 19, 24, 25, 32, 33, 34, 35, 40, 41, 8, 9, 10, 11},
  {16, 17, 18, 19, 20, 21, 24, 25, 32, 33, 34, 35, 40, 41, 8, 9},
  {0, 1, 24, 25, 32, 33, 34, 35, 40, 41, 8, 9, 10, 11, 12, 13},
  {16, 17, 24, 25, 26, 27, 32, 33, 34, 35, 40, 41, 8, 9, 10, 11},
  {16, 17, 18, 19, 24, 25, 26, 27, 32, 33, 34, 35, 40, 41, 8, 9},
  {16, 17, 18, 19, 20, 21, 24, 25, 26, 27, 32, 33, 34, 35, 40, 41},
  {0, 1, 24, 25, 26, 27, 32, 33, 34, 35, 40, 41, 8, 9, 10, 11},
  {16, 17, 24, 25, 26, 27, 28, 29, 32, 33, 34, 35, 40, 41, 8, 9},
  {16, 17, 18, 19, 24, 25, 26, 27, 28, 29, 32, 33, 34, 35, 40, 41},
  {255, 255, 255, 255, 255, 255, 255, 255, 255, 255, 255, 255, 255, 255, 255, 255},
  {0, 1, 24, 25, 26, 27, 28, 29, 32, 33, 34, 35, 40, 41, 8, 9},
  {16, 17, 2, 3, 32, 33, 34, 35, 40, 41, 8, 9, 10, 11, 12, 13},
  {16, 17, 18, 19, 2, 3, 32, 33, 34, 35, 40, 41, 8, 9, 10, 11},
  {16, 17, 18, 19, 20, 21, 2, 3, 32, 33, 34, 35, 40, 41, 8, 9},
  {0, 1, 2, 3, 32, 33, 34, 35, 40, 41, 8, 9, 10, 11, 12, 13},
  {16, 17, 24, 25, 32, 33, 34, 35, 36, 37, 40, 41, 8, 9, 10, 11},
  {16, 17, 18, 19, 24, 25, 32, 33, 34, 35, 36, 37, 40, 41, 8, 9},
  {16, 17, 18, 19, 20, 21, 24, 25, 32, 33, 34, 35, 36, 37, 40, 41},
  {0, 1, 24, 25, 32, 33, 34, 35, 36, 37, 40, 41, 8, 9, 10, 11},
  {16, 17, 24, 25, 26, 27, 32, 33, 34, 35, 36, 37, 40, 41, 8, 9},
  {16, 17, 18, 19, 24, 25, 26, 27, 32, 33, 34, 35, 36, 37, 40, 41},
  {255, 255, 255, 255, 255, 255, 255, 255, 255, 255, 255, 255, 255, 255, 255, 255},
  {0, 1, 24, 25, 26, 27, 32, 33, 34, 35, 36, 37, 40, 41, 8, 9},
  {16, 17, 24, 25, 26, 27, 28, 29, 32, 33, 34, 35, 36, 37, 40, 41},
  {255, 255, 255, 255, 255, 255, 255, 255, 255, 255, 255, 255, 255, 255, 255, 255},
  {255, 255, 255, 255, 255, 255, 255, 255, 255, 255, 255, 255, 255, 255, 255, 255},
  {0, 1, 24, 25, 26, 27, 28, 29, 32, 33, 34, 35, 36, 37, 40, 41},
  {16, 17, 2, 3, 32, 33, 34, 35, 36, 37, 40, 41, 8, 9, 10, 11},
  {16, 17, 18, 19, 2, 3, 32, 33, 34, 35, 36, 37, 40, 41, 8, 9},
  {16, 17, 18, 19, 20, 21, 2, 3, 32, 33, 34, 35, 36, 37, 40, 41},
  {0, 1, 2, 3, 32, 33, 34, 35, 36, 37, 40, 41, 8, 9, 10, 11},
  {16, 17, 24, 25, 4, 5, 40, 41, 8, 9, 10, 11, 12, 13, 14, 15},
  {16, 17, 18, 19, 24, 25, 4, 5, 40, 41, 8, 9, 10, 11, 12, 13},
  {16, 17, 18, 19, 20, 21, 24, 25, 4, 5, 40, 41, 8, 9, 10, 11},
  {0, 1, 24, 25, 4, 5, 40, 41, 8, 9, 10, 11, 12, 13, 14, 15},
  {16, 17, 24, 25, 26, 27, 4, 5, 40, 41, 8, 9, 10, 11, 12, 13},
  {16, 17, 18, 19, 24, 25, 26, 27, 4, 5, 40, 41, 8, 9, 10, 11},
  {16, 17, 18, 19, 20, 21, 24, 25, 26, 27, 4, 5, 40, 41, 8, 9},
  {0, 1, 24, 25, 26, 27, 4, 5, 40, 41, 8, 9, 10, 11, 12, 13},
  {16, 17, 24, 25, 26, 27, 28, 29, 4, 5, 40, 41, 8, 9, 10, 11},
  {16, 17, 18, 19, 24, 25, 26, 27, 28, 29, 4, 5, 40, 41, 8, 9},
  {16, 17, 18, 19, 20, 21, 24, 25, 26, 27, 28, 29, 4, 5, 40, 41},
  {0, 1, 24, 25, 26, 27, 28, 29, 4, 5, 40, 41, 8, 9, 10, 11},
  {16, 17, 2, 3, 4, 5, 40, 41, 8, 9, 10, 11, 12, 13, 14, 15},
  {16, 17, 18, 19, 2, 3, 4, 5, 40, 41, 8, 9, 10, 11, 12, 13},
  {16, 17, 18, 19, 20, 21, 2, 3, 4, 5, 40, 41, 8, 9, 10, 11},
  {0, 1, 2, 3, 4, 5, 40, 41, 8, 9, 10, 11, 12, 13, 14, 15},
  {16, 17, 24, 25, 32, 33, 40, 41, 42, 43, 8, 9, 10, 11, 12, 13},
  {16, 17, 18, 19, 24, 25, 32, 33, 40, 41, 42, 43, 8, 9, 10, 11},
  {16, 17, 18, 19, 20, 21, 24, 25, 32, 33, 40, 41, 42, 43, 8, 9},
  {0, 1, 24, 25, 32, 33, 40, 41, 42, 43, 8, 9, 10, 11, 12, 13},
  {16, 17, 24, 25, 26, 27, 32, 33, 40, 41, 42, 43, 8, 9, 10, 11},
  {16, 17, 18, 19, 24, 25, 26, 27, 32, 33, 40, 41, 42, 43, 8, 9},
  {16, 17, 18, 19, 20, 21, 24, 25, 26, 27, 32, 33, 40, 41, 42, 43},
  {0, 1, 24, 25, 26, 27, 32, 33, 40, 41, 42, 43, 8, 9, 10, 11},
  {16, 17, 24, 25, 26, 27, 28, 29, 32, 33, 40, 41, 42, 43, 8, 9},
  {16, 17, 18, 19, 24, 25, 26, 27, 28, 29, 32, 33, 40, 41, 42, 43},
  {255, 255, 255, 255, 255, 255, 255, 255, 255, 255, 255, 255, 255, 255, 255, 255},
  {0, 1, 24, 25, 26, 27, 28, 29, 32, 33, 40, 41, 42, 43, 8, 9},
  {16, 17, 2, 3, 32, 33, 40, 41, 42, 43, 8, 9, 10, 11, 12, 13},
  {16, 17, 18, 19, 2, 3, 32, 33, 40, 41, 42, 43, 8, 9, 10, 11},
  {16, 17, 18, 19, 20, 21, 2, 3, 32, 33, 40, 41, 42, 43, 8, 9},
  {0, 1, 2, 3, 32, 33, 40, 41, 42, 43, 8, 9, 10, 11, 12, 13},
  {16, 17, 24, 25, 32, 33, 34, 35, 40, 41, 42, 43, 8, 9, 10, 11},
  {16, 17, 18, 19, 24, 25, 32, 33, 34, 35, 40, 41, 42, 43, 8, 9},
  {16, 17, 18, 19, 20, 21, 24, 25, 32, 33, 34, 35, 40, 41, 42, 43},
  {0, 1, 24, 25, 32, 33, 34, 35, 40, 41, 42, 43, 8, 9, 10, 11},
  {16, 17, 24, 25, 26, 27, 32, 33, 34, 35, 40, 41, 42, 43, 8, 9},
  {16, 17, 18, 19, 24, 25, 26, 27, 32, 33, 34, 35, 40, 41, 42, 43},
  {255, 255, 255, 255, 255, 255, 255, 255, 255, 255, 255, 255, 255, 255, 255, 255},
  {0, 1, 24, 25, 26, 27, 32, 33, 34, 35, 40, 41, 42, 43, 8, 9},
  {16, 17, 24, 25, 26, 27, 28, 29, 32, 33, 34, 35, 40, 41, 42, 43},
  {255, 255, 255, 255, 255, 255, 255, 255, 255, 255, 255, 255, 255, 255, 255, 255},
  {255, 255, 255, 255, 255, 255, 255, 255, 255, 255, 255, 255, 255, 255, 255, 255},
  {0, 1, 24, 25, 26, 27, 28, 29, 32, 33, 34, 35, 40, 41, 42, 43},
  {16, 17, 2, 3, 32, 33, 34, 35, 40, 41, 42, 43, 8, 9, 10, 11},
  {16, 17, 18, 19, 2, 3, 32, 33, 34, 35, 40, 41, 42, 43, 8, 9},
  {16, 17, 18, 19, 20, 21, 2, 3, 32, 33, 34, 35, 40, 41, 42, 43},
  {0, 1, 2, 3, 32, 33, 34, 35, 40, 41, 42, 43, 8, 9, 10, 11},
  {16, 17, 24, 25, 32, 33, 34, 35, 36, 37, 40, 41, 42, 43, 8, 9},
  {16, 17, 18, 19, 24, 25, 32, 33, 34, 35, 36, 37, 40, 41, 42, 43},
  {255, 255, 255, 255, 255, 255, 255, 255, 255, 255, 255, 255, 255, 255, 255, 255},
  {0, 1, 24, 25, 32, 33, 34, 35, 36, 37, 40, 41, 42, 43, 8, 9},
  {16, 17, 24, 25, 26, 27, 32, 33, 34, 35, 36, 37, 40, 41, 42, 43},
  {255, 255, 255, 255, 255, 255, 255, 255, 255, 255, 255, 255, 255, 255, 255, 255},
  {255, 255, 255, 255, 255, 255, 255, 255, 255, 255, 255, 255, 255, 255, 255, 255},
  {0, 1, 24, 25, 26, 27, 32, 33, 34, 35, 36, 37, 40, 41, 42, 43},
  {255, 255, 255, 255, 255, 255, 255, 255, 255, 255, 255, 255, 255, 255, 255, 255},
  {255, 255, 255, 255, 255, 255, 255, 255, 255, 255, 255, 255, 255, 255, 255, 255},
  {255, 255, 255, 255, 255, 255, 255, 255, 255, 255, 255, 255, 255, 255, 255, 255},
  {255, 255, 255, 255, 255, 255, 255, 255, 255, 255, 255, 255, 255, 255, 255, 255},
  {16, 17, 2, 3, 32, 33, 34, 35, 36, 37, 40, 41, 42, 43, 8, 9},
  {16, 17, 18, 19, 2, 3, 32, 33, 34, 35, 36, 37, 40, 41, 42, 43},
  {255, 255, 255, 255, 255, 255, 255, 255, 255, 255, 255, 255, 255, 255, 255, 255},
  {0, 1, 2, 3, 32, 33, 34, 35, 36, 37, 40, 41, 42, 43, 8, 9},
  {16, 17, 24, 25, 4, 5, 40, 41, 42, 43, 8, 9, 10, 11, 12, 13},
  {16, 17, 18, 19, 24, 25, 4, 5, 40, 41, 42, 43, 8, 9, 10, 11},
  {16, 17, 18, 19, 20, 21, 24, 25, 4, 5, 40, 41, 42, 43, 8, 9},
  {0, 1, 24, 25, 4, 5, 40, 41, 42, 43, 8, 9, 10, 11, 12, 13},
  {16, 17, 24, 25, 26, 27, 4, 5, 40, 41, 42, 43, 8, 9, 10, 11},
  {16, 17, 18, 19, 24, 25, 26, 27, 4, 5, 40, 41, 42, 43, 8, 9},
  {16, 17, 18, 19, 20, 21, 24, 25, 26, 27, 4, 5, 40, 41, 42, 43},
  {0, 1, 24, 25, 26, 27, 4, 5, 40, 41, 42, 43, 8, 9, 10, 11},
  {16, 17, 24, 25, 26, 27, 28, 29, 4, 5, 40, 41, 42, 43, 8, 9},
  {16, 17, 18, 19, 24, 25, 26, 27, 28, 29, 4, 5, 40, 41, 42, 43},
  {255, 255, 255, 255, 255, 255, 255, 255, 255, 255, 255, 255, 255, 255, 255, 255},
  {0, 1, 24, 25, 26, 27, 28, 29, 4, 5, 40, 41, 42, 43, 8, 9},
  {16, 17, 2, 3, 4, 5, 40, 41, 42, 43, 8, 9, 10, 11, 12, 13},
  {16, 17, 18, 19, 2, 3, 4, 5, 40, 41, 42, 43, 8, 9, 10, 11},
  {16, 17, 18, 19, 20, 21, 2, 3, 4, 5, 40, 41, 42, 43, 8, 9},
  {0, 1, 2, 3, 4, 5, 40, 41, 42, 43, 8, 9, 10, 11, 12, 13},
  {16, 17, 24, 25, 32, 33, 40, 41, 42, 43, 44, 45, 8, 9, 10, 11},
  {16, 17, 18, 19, 24, 25, 32, 33, 40, 41, 42, 43, 44, 45, 8, 9},
  {16, 17, 18, 19, 20, 21, 24, 25, 32, 33, 40, 41, 42, 43, 44, 45},
  {0, 1, 24, 25, 32, 33, 40, 41, 42, 43, 44, 45, 8, 9, 10, 11},
  {16, 17, 24, 25, 26, 27, 32, 33, 40, 41, 42, 43, 44, 45, 8, 9},
  {16, 17, 18, 19, 24, 25, 26, 27, 32, 33, 40, 41, 42, 43, 44, 45},
  {255, 255, 255, 255, 255, 255, 255, 255, 255, 255, 255, 255, 255, 255, 255, 255},
  {0, 1, 24, 25, 26, 27, 32, 33, 40, 41, 42, 43, 44, 45, 8, 9},
  {16, 17, 24, 25, 26, 27, 28, 29, 32, 33, 40, 41, 42, 43, 44, 45},
  {255, 255, 255, 255, 255, 255, 255, 255, 255, 255, 255, 255, 255, 255, 255, 255},
  {255, 255, 255, 255, 255, 255, 255, 255, 255, 255, 255, 255, 255, 255, 255, 255},
  {0, 1, 24, 25, 26, 27, 28, 29, 32, 33, 40, 41, 42, 43, 44, 45},
  {16, 17, 2, 3, 32, 33, 40, 41, 42, 43, 44, 45, 8, 9, 10, 11},
  {16, 17, 18, 19, 2, 3, 32, 33, 40, 41, 42, 43, 44, 45, 8, 9},
  {16, 17, 18, 19, 20, 21, 2, 3, 32, 33, 40, 41, 42, 43, 44, 45},
  {0, 1, 2, 3, 32, 33, 40, 41, 42, 43, 44, 45, 8, 9, 10, 11},
  {16, 17, 24, 25, 32, 33, 34, 35, 40, 41, 42, 43, 44, 45, 8, 9},
  {16, 17, 18, 19, 24, 25, 32, 33, 34, 35, 40, 41, 42, 43, 44, 45},
  {255, 255, 255, 255, 255, 255, 255, 255, 255, 255, 255, 255, 255, 255, 255, 255},
  {0, 1, 24, 25, 32, 33, 34, 35, 40, 41, 42, 43, 44, 45, 8, 9},
  {16, 17, 24, 25, 26, 27, 32, 33, 34, 35, 40, 41, 42, 43, 44, 45},
  {255, 255, 255, 255, 255, 255, 255, 255, 255, 255, 255, 255, 255, 255, 255, 255},
  {255, 255, 255, 255, 255, 255, 255, 255, 255, 255, 255, 255, 255, 255, 255, 255},
  {0, 1, 24, 25, 26, 27, 32, 33, 34, 35, 40, 41, 42, 43, 44, 45},
  {255, 255, 255, 255, 255, 255, 255, 255, 255, 255, 255, 255, 255, 255, 255, 255},
  {255, 255, 255, 255, 255, 255, 255, 255, 255, 255, 255, 255, 255, 255, 255, 255},
  {255, 255, 255, 255, 255, 255, 255, 255, 255, 255, 255, 255, 255, 255, 255, 255},
  {255, 255, 255, 255, 255, 255, 255, 255, 255, 255, 255, 255, 255, 255, 255, 255},
  {16, 17, 2, 3, 32, 33, 34, 35, 40, 41, 42, 43, 44, 45, 8, 9},
  {16, 17, 18, 19, 2, 3, 32, 33, 34, 35, 40, 41, 42, 43, 44, 45},
  {255, 255, 255, 255, 255, 255, 255, 255, 255, 255, 255, 255, 255, 255, 255, 255},
  {0, 1, 2, 3, 32, 33, 34, 35, 40, 41, 42, 43, 44, 45, 8, 9},
  {16, 17, 24, 25, 32, 33, 34, 35, 36, 37, 40, 41, 42, 43, 44, 45},
  {255, 255, 255, 255, 255, 255, 255, 255, 255, 255, 255, 255, 255, 255, 255, 255},
  {255, 255, 255, 255, 255, 255, 255, 255, 255, 255, 255, 255, 255, 255, 255, 255},
  {0, 1, 24, 25, 32, 33, 34, 35, 36, 37, 40, 41, 42, 43, 44, 45},
  {255, 255, 255, 255, 255, 255, 255, 255, 255, 255, 255, 255, 255, 255, 255, 255},
  {255, 255, 255, 255, 255, 255, 255, 255, 255, 255, 255, 255, 255, 255, 255, 255},
  {255, 255, 255, 255, 255, 255, 255, 255, 255, 255, 255, 255, 255, 255, 255, 255},
  {255, 255, 255, 255, 255, 255, 255, 255, 255, 255, 255, 255, 255, 255, 255, 255},
  {255, 255, 255, 255, 255, 255, 255, 255, 255, 255, 255, 255, 255, 255, 255, 255},
  {255, 255, 255, 255, 255, 255, 255, 255, 255, 255, 255, 255, 255, 255, 255, 255},
  {255, 255, 255, 255, 255, 255, 255, 255, 255, 255, 255, 255, 255, 255, 255, 255},
  {255, 255, 255, 255, 255, 255, 255, 255, 255, 255, 255, 255, 255, 255, 255, 255},
  {16, 17, 2, 3, 32, 33, 34, 35, 36, 37, 40, 41, 42, 43, 44, 45},
  {255, 255, 255, 255, 255, 255, 255, 255, 255, 255, 255, 255, 255, 255, 255, 255},
  {255, 255, 255, 255, 255, 255, 255, 255, 255, 255, 255, 255, 255, 255, 255, 255},
  {0, 1, 2, 3, 32, 33, 34, 35, 36, 37, 40, 41, 42, 43, 44, 45},
  {16, 17, 24, 25, 4, 5, 40, 41, 42, 43, 44, 45, 8, 9, 10, 11},
  {16, 17, 18, 19, 24, 25, 4, 5, 40, 41, 42, 43, 44, 45, 8, 9},
  {16, 17, 18, 19, 20, 21, 24, 25, 4, 5, 40, 41, 42, 43, 44, 45},
  {0, 1, 24, 25, 4, 5, 40, 41, 42, 43, 44, 45, 8, 9, 10, 11},
  {16, 17, 24, 25, 26, 27, 4, 5, 40, 41, 42, 43, 44, 45, 8, 9},
  {16, 17, 18, 19, 24, 25, 26, 27, 4, 5, 40, 41, 42, 43, 44, 45},
  {255, 255, 255, 255, 255, 255, 255, 255, 255, 255, 255, 255, 255, 255, 255, 255},
  {0, 1, 24, 25, 26, 27, 4, 5, 40, 41, 42, 43, 44, 45, 8, 9},
  {16, 17, 24, 25, 26, 27, 28, 29, 4, 5, 40, 41, 42, 43, 44, 45},
  {255, 255, 255, 255, 255, 255, 255, 255, 255, 255, 255, 255, 255, 255, 255, 255},
  {255, 255, 255, 255, 255, 255, 255, 255, 255, 255, 255, 255, 255, 255, 255, 255},
  {0, 1, 24, 25, 26, 27, 28, 29, 4, 5, 40, 41, 42, 43, 44, 45},
  {16, 17, 2, 3, 4, 5, 40, 41, 42, 43, 44, 45, 8, 9, 10, 11},
  {16, 17, 18, 19, 2, 3, 4, 5, 40, 41, 42, 43, 44, 45, 8, 9},
  {16, 17, 18, 19, 20, 21, 2, 3, 4, 5, 40, 41, 42, 43, 44, 45},
  {0, 1, 2, 3, 4, 5, 40, 41, 42, 43, 44, 45, 8, 9, 10, 11},
  {16, 17, 24, 25, 32, 33, 6, 7, 8, 9, 10, 11, 12, 13, 14, 15},
  {16, 17, 18, 19, 24, 25, 32, 33, 6, 7, 8, 9, 10, 11, 12, 13},
  {16, 17, 18, 19, 20, 21, 24, 25, 32, 33, 6, 7, 8, 9, 10, 11},
  {0, 1, 24, 25, 32, 33, 6, 7, 8, 9, 10, 11, 12, 13, 14, 15},
  {16, 17, 24, 25, 26, 27, 32, 33, 6, 7, 8, 9, 10, 11, 12, 13},
  {16, 17, 18, 19, 24, 25, 26, 27, 32, 33, 6, 7, 8, 9, 10, 11},
  {16, 17, 18, 19, 20, 21, 24, 25, 26, 27, 32, 33, 6, 7, 8, 9},
  {0, 1, 24, 25, 26, 27, 32, 33, 6, 7, 8, 9, 10, 11, 12, 13},
  {16, 17, 24, 25, 26, 27, 28, 29, 32, 33, 6, 7, 8, 9, 10, 11},
  {16, 17, 18, 19, 24, 25, 26, 27, 28, 29, 32, 33, 6, 7, 8, 9},
  {16, 17, 18, 19, 20, 21, 24, 25, 26, 27, 28, 29, 32, 33, 6, 7},
  {0, 1, 24, 25, 26, 27, 28, 29, 32, 33, 6, 7, 8, 9, 10, 11},
  {16, 17, 2, 3, 32, 33, 6, 7, 8, 9, 10, 11, 12, 13, 14, 15},
  {16, 17, 18, 19, 2, 3, 32, 33, 6, 7, 8, 9, 10, 11, 12, 13},
  {16, 17, 18, 19, 20, 21, 2, 3, 32, 33, 6, 7, 8, 9, 10, 11},
  {0, 1, 2, 3, 32, 33, 6, 7, 8, 9, 10, 11, 12, 13, 14, 15},
  {16, 17, 24, 25, 32, 33, 34, 35, 6, 7, 8, 9, 10, 11, 12, 13},
  {16, 17, 18, 19, 24, 25, 32, 33, 34, 35, 6, 7, 8, 9, 10, 11},
  {16, 17, 18, 19, 20, 21, 24, 25, 32, 33, 34, 35, 6, 7, 8, 9},
  {0, 1, 24, 25, 32, 33, 34, 35, 6, 7, 8, 9, 10, 11, 12, 13},
  {16, 17, 24, 25, 26, 27, 32, 33, 34, 35, 6, 7, 8, 9, 10, 11},
  {16, 17, 18, 19, 24, 25, 26, 27, 32, 33, 34, 35, 6, 7, 8, 9},
  {16, 17, 18, 19, 20, 21, 24, 25, 26, 27, 32, 33, 34, 35, 6, 7},
  {0, 1, 24, 25, 26, 27, 32, 33, 34, 35, 6, 7, 8, 9, 10, 11},
  {16, 17, 24, 25, 26, 27, 28, 29, 32, 33, 34, 35, 6, 7, 8, 9},
  {16, 17, 18, 19, 24, 25, 26, 27, 28, 29, 32, 33, 34, 35, 6, 7},
  {255, 255, 255, 255, 255, 255, 255, 255, 255, 255, 255, 255, 255, 255, 255, 255},
  {0, 1, 24, 25, 26, 27, 28, 29, 32, 33, 34, 35, 6, 7, 8, 9},
  {16, 17, 2, 3, 32, 33, 34, 35, 6, 7, 8, 9, 10, 11, 12, 13},
  {16, 17, 18, 19, 2, 3, 32, 33, 34, 35, 6, 7, 8, 9, 10, 11},
  {16, 17, 18, 19, 20, 21, 2, 3, 32, 33, 34, 35, 6, 7, 8, 9},
  {0, 1, 2, 3, 32, 33, 34, 35, 6, 7, 8, 9, 10, 11, 12, 13},
  {16, 17, 24, 25, 32, 33, 34, 35, 36, 37, 6, 7, 8, 9, 10, 11},
  {16, 17, 18, 19, 24, 25, 32, 33, 34, 35, 36, 37, 6, 7, 8, 9},
  {16, 17, 18, 19, 20, 21, 24, 25, 32, 33, 34, 35, 36, 37, 6, 7},
  {0, 1, 24, 25, 32, 33, 34, 35, 36, 37, 6, 7, 8, 9, 10, 11},
  {16, 17, 24, 25, 26, 27, 32, 33, 34, 35, 36, 37, 6, 7, 8, 9},
  {16, 17, 18, 19, 24, 25, 26, 27, 32, 33, 34, 35, 36, 37, 6, 7},
  {255, 255, 255, 255, 255, 255, 255, 255, 255, 255, 255, 255, 255, 255, 255, 255},
  {0, 1, 24, 25, 26, 27, 32, 33, 34, 35, 36, 37, 6, 7, 8, 9},
  {16, 17, 24, 25, 26, 27, 28, 29, 32, 33, 34, 35, 36, 37, 6, 7},
  {255, 255, 255, 255, 255, 255, 255, 255, 255, 255, 255, 255, 255, 255, 255, 255},
  {255, 255, 255, 255, 255, 255, 255, 255, 255, 255, 255, 255, 255, 255, 255, 255},
  {0, 1, 24, 25, 26, 27, 28, 29, 32, 33, 34, 35, 36, 37, 6, 7},
  {16, 17, 2, 3, 32, 33, 34, 35, 36, 37, 6, 7, 8, 9, 10, 11},
  {16, 17, 18, 19, 2, 3, 32, 33, 34, 35, 36, 37, 6, 7, 8, 9},
  {16, 17, 18, 19, 20, 21, 2, 3, 32, 33, 34, 35, 36, 37, 6, 7},
  {0, 1, 2, 3, 32, 33, 34, 35, 36, 37, 6, 7, 8, 9, 10, 11},
  {16, 17, 24, 25, 4, 5, 6, 7, 8, 9, 10, 11, 12, 13, 14, 15},
  {16, 17, 18, 19, 24, 25, 4, 5, 6, 7, 8, 9, 10, 11, 12, 13},
  {16, 17, 18, 19, 20, 21, 24, 25, 4, 5, 6, 7, 8, 9, 10, 11},
  {0, 1, 24, 25, 4, 5, 6, 7, 8, 9, 10, 11, 12, 13, 14, 15},
  {16, 17, 24, 25, 26, 27, 4, 5, 6, 7, 8, 9, 10, 11, 12, 13},
  {16, 17, 18, 19, 24, 25, 26, 27, 4, 5, 6, 7, 8, 9, 10, 11},
  {16, 17, 18, 19, 20, 21, 24, 25, 26, 27, 4, 5, 6, 7, 8, 9},
  {0, 1, 24, 25, 26, 27, 4, 5, 6, 7, 8, 9, 10, 11, 12, 13},
  {16, 17, 24, 25, 26, 27, 28, 29, 4, 5, 6, 7, 8, 9, 10, 11},
  {16, 17, 18, 19, 24, 25, 26, 27, 28, 29, 4, 5, 6, 7, 8, 9},
  {16, 17, 18, 19, 20, 21, 24, 25, 26, 27, 28, 29, 4, 5, 6, 7},
  {0, 1, 24, 25, 26, 27, 28, 29, 4, 5, 6, 7, 8, 9, 10, 11},
  {16, 17, 2, 3, 4, 5, 6, 7, 8, 9, 10, 11, 12, 13, 14, 15},
  {16, 17, 18, 19, 2, 3, 4, 5, 6, 7, 8, 9, 10, 11, 12, 13},
  {16, 17, 18, 19, 20, 21, 2, 3, 4, 5, 6, 7, 8, 9, 10, 11},
  {0, 1, 2, 3, 4, 5, 6, 7, 8, 9, 10, 11, 12, 13, 14, 15},
};
namespace nfd {

const uint16_t trie_index[1024] = {
  0x0000, 0x0000, 0x0000, 0x0040, 0x0080, 0x00BF, 0x00FE, 0x0131, 0x0171, 0x0000,
  0x0000, 0x0000, 0x01B1, 0x01F1, 0x0230, 0x0266, 0x02A6, 0x02E0, 0x031D, 0x035C,
  0x0000, 0x0000, 0x0396, 0x03D6, 0x0406, 0x043B, 0x0000, 0x047B, 0x04AA, 0x04EA,
  0x0000, 0x04FF, 0x053D, 0x056B, 0x0594, 0x05CA, 0x060A, 0x0647, 0x0667, 0x06A4,
  0x06E3, 0x0720, 0x073F, 0x077C, 0x078A, 0x07C7, 0x07F3, 0x0829, 0x0837, 0x0874,
  0x088B, 0x08CB, 0x08D9, 0x0916, 0x0000, 0x094C, 0x096B, 0x09A6, 0x09B2, 0x09ED,
  0x0A15, 0x0A52, 0x0A92, 0x0ACC, 0x0AE6, 0x0000, 0x0B21, 0x0000, 0x0000, 0x0000,
  0x0000, 0x0000, 0x0000, 0x0000, 0x0000, 0x0000, 0x0000, 0x0B44, 0x0000, 0x0000,
  0x0000, 0x0000, 0x0000, 0x0000, 0x0000, 0x0000, 0x0000, 0x0000, 0x0000, 0x0000,
  0x0000, 0x0000, 0x0B70, 0x0000, 0x0000, 0x0BA5, 0x0000, 0x0000, 0x0BC3, 0x0000,
  0x0BED, 0x0000, 0x0000, 0x0000, 0x0C29, 0x0C49, 0x0C89, 0x0CC9, 0x0D03, 0x0D43,
  0x0D77, 0x0DA3, 0x0DD7, 0x0000, 0x0000, 0x0E0F, 0x0000, 0x0000, 0x0000, 0x0E4F,
  0x0E8F, 0x0ECF, 0x0F0F, 0x0F4F, 0x0F8F, 0x0FCF, 0x100F, 0x104E, 0x108E, 0x0000,
  0x0000, 0x10BE, 0x10EF, 0x0000, 0x111B, 0x114E, 0x118A, 0x11C9, 0x1209, 0x1239,
  0x1267, 0x0000, 0x0000, 0x0000, 0x0000, 0x0000, 0x0000, 0x0000, 0x0000, 0x0000,
  0x0000, 0x0000, 0x0000, 0x0000, 0x0000, 0x0000, 0x0000, 0x0000, 0x0000, 0x0000,
  0x0000, 0x0000, 0x0000, 0x0000, 0x0000, 0x0000, 0x0000, 0x0000, 0x0000, 0x0000,
  0x0000, 0x1292, 0x0000, 0x0000, 0x0000, 0x0000, 0x0000, 0x0000, 0x0000, 0x12AF,
  0x0000, 0x12E1, 0x0000, 0x1321, 0x0000, 0x0000, 0x0000, 0x0000, 0x0000, 0x0000,
  0x0000, 0x0000, 0x1361, 0x1395, 0x13D3, 0x1413, 0x0000, 0x0000, 0x0000, 0x0000,
  0x0000, 0x0000, 0x0000, 0x0000, 0x0000, 0x0000, 0x0000, 0x0000, 0x0000, 0x0000,
  0x0000, 0x0000, 0x0000, 0x0000, 0x0000, 0x0000, 0x0000, 0x0000, 0x0000, 0x0000,
  0x0000, 0x0000, 0x0000, 0x0000, 0x0000, 0x0000, 0x0000, 0x0000, 0x0000, 0x0000,
  0x0000, 0x0000, 0x0000, 0x0000, 0x0000, 0x0000, 0x0000, 0x0000, 0x0000, 0x0000,
  0x0000, 0x0000, 0x0000, 0x0000, 0x0000, 0x0000, 0x0000, 0x0000, 0x0000, 0x0000,
  0x0000, 0x0000, 0x0000, 0x0000, 0x0000, 0x0000, 0x0000, 0x0000, 0x0000, 0x0000,
  0x0000, 0x0000, 0x0000, 0x0000, 0x0000, 0x0000, 0x0000, 0x0000, 0x0000, 0x0000,
  0x0000, 0x0000, 0x0000, 0x0000, 0x0000, 0x0000, 0x0000, 0x0000, 0x0000, 0x0000,
  0x0000, 0x0000, 0x0000, 0x0000, 0x0000, 0x0000, 0x0000, 0x0000, 0x0000, 0x0000,
  0x0000, 0x0000, 0x0000, 0x0000, 0x0000, 0x0000, 0x0000, 0x0000, 0x0000, 0x0000,
  0x0000, 0x0000, 0x0000, 0x0000, 0x0000, 0x0000, 0x0000, 0x0000, 0x0000, 0x0000,
  0x0000, 0x0000, 0x0000, 0x0000, 0x0000, 0x0000, 0x0000, 0x0000, 0x0000, 0x0000,
  0x0000, 0x0000, 0x0000, 0x0000, 0x0000, 0x0000, 0x0000, 0x0000, 0x0000, 0x0000,
  0x0000, 0x0000, 0x0000, 0x0000, 0x0000, 0x0000, 0x0000, 0x0000, 0x0000, 0x0000,
  0x0000, 0x0000, 0x0000, 0x0000, 0x0000, 0x0000, 0x0000, 0x0000, 0x0000, 0x0000,
  0x0000, 0x0000, 0x0000, 0x0000, 0x0000, 0x0000, 0x0000, 0x0000, 0x0000, 0x0000,
  0x0000, 0x0000, 0x0000, 0x0000, 0x0000, 0x0000, 0x0000, 0x0000, 0x0000, 0x0000,
  0x0000, 0x0000, 0x0000, 0x0000, 0x0000, 0x0000, 0x0000, 0x0000, 0x0000, 0x0000,
  0x0000, 0x0000, 0x0000, 0x0000, 0x0000, 0x0000, 0x0000, 0x0000, 0x0000, 0x0000,
  0x0000, 0x0000, 0x0000, 0x0000, 0x0000, 0x0000, 0x0000, 0x0000, 0x0000, 0x0000,
  0x0000, 0x0000, 0x0000, 0x0000, 0x0000, 0x0000, 0x0000, 0x0000, 0x0000, 0x0000,
  0x0000, 0x0000, 0x0000, 0x0000, 0x0000, 0x0000, 0x0000, 0x0000, 0x0000, 0x0000,
  0x0000, 0x0000, 0x0000, 0x0000, 0x0000, 0x0000, 0x0000, 0x0000, 0x0000, 0x0000,
  0x0000, 0x0000, 0x0000, 0x0000, 0x0000, 0x0000, 0x0000, 0x0000, 0x0000, 0x0000,
  0x0000, 0x0000, 0x0000, 0x0000, 0x0000, 0x0000, 0x0000, 0x0000, 0x0000, 0x0000,
  0x0000, 0x0000, 0x0000, 0x0000, 0x0000, 0x0000, 0x0000, 0x0000, 0x0000, 0x0000,
  0x0000, 0x0000, 0x0000, 0x0000, 0x0000, 0x0000, 0x0000, 0x0000, 0x0000, 0x0000,
  0x0000, 0x0000, 0x0000, 0x0000, 0x0000, 0x0000, 0x0000, 0x0000, 0x0000, 0x0000,
  0x0000, 0x0000, 0x0000, 0x0000, 0x0000, 0x0000, 0x0000, 0x0000, 0x0000, 0x0000,
  0x0000, 0x0000, 0x0000, 0x0000, 0x0000, 0x0000, 0x0000, 0x0000, 0x0000, 0x0000,
  0x0000, 0x0000, 0x0000, 0x0000, 0x0000, 0x0000, 0x0000, 0x0000, 0x0000, 0x0000,
  0x0000, 0x0000, 0x0000, 0x0000, 0x0000, 0x0000, 0x0000, 0x0000, 0x0000, 0x0000,
  0x0000, 0x0000, 0x0000, 0x0000, 0x0000, 0x0000, 0x0000, 0x0000, 0x0000, 0x0000,
  0x0000, 0x0000, 0x0000, 0x0000, 0x0000, 0x0000, 0x0000, 0x0000, 0x0000, 0x0000,
  0x0000, 0x0000, 0x0000, 0x0000, 0x0000, 0x0000, 0x0000, 0x0000, 0x0000, 0x0000,
  0x0000, 0x0000, 0x0000, 0x0000, 0x0000, 0x0000, 0x0000, 0x0000, 0x0000, 0x0000,
  0x0000, 0x0000, 0x0000, 0x0000, 0x0000, 0x0000, 0x0000, 0x0000, 0x0000, 0x0000,
  0x0000, 0x0000, 0x0000, 0x0000, 0x0000, 0x0000, 0x0000, 0x0000, 0x0000, 0x0000,
  0x0000, 0x0000, 0x0000, 0x0000, 0x0000, 0x0000, 0x0000, 0x0000, 0x0000, 0x0000,
  0x0000, 0x0000, 0x0000, 0x0000, 0x0000, 0x0000, 0x0000, 0x0000, 0x0000, 0x0000,
  0x0000, 0x0000, 0x0000, 0x0000, 0x0000, 0x0000, 0x0000, 0x0000, 0x0000, 0x0000,
  0x0000, 0x0000, 0x0000, 0x0000, 0x0000, 0x0000, 0x0000, 0x0000, 0x0000, 0x0000,
  0x0000, 0x0000, 0x0000, 0x0000, 0x0000, 0x0000, 0x0000, 0x0000, 0x0000, 0x0000,
  0x0000, 0x0000, 0x0000, 0x0000, 0x0000, 0x0000, 0x0000, 0x0000, 0x0000, 0x0000,
  0x0000, 0x0000, 0x0000, 0x0000, 0x0000, 0x0000, 0x0000, 0x0000, 0x0000, 0x0000,
  0x0000, 0x0000, 0x0000, 0x0000, 0x0000, 0x0000, 0x0000, 0x0000, 0x0000, 0x0000,
  0x0000, 0x0000, 0x0000, 0x0000, 0x0000, 0x1452, 0x1490, 0x14B0, 0x0000, 0x0000,
  0x0000, 0x0000, 0x14EA, 0x0000, 0x0000, 0x1526, 0x1558, 0x1586, 0x159A, 0x15DA,
  0x0000, 0x0000, 0x15EA, 0x162A, 0x0000, 0x0000, 0x0000, 0x1661, 0x0000, 0x0000,
  0x0000, 0x0000, 0x0000, 0x0000, 0x0000, 0x0000, 0x0000, 0x0000, 0x0000, 0x0000,
  0x0000, 0x0000, 0x0000, 0x0000, 0x0000, 0x0000, 0x0000, 0x0000, 0x0000, 0x0000,
  0x0000, 0x0000, 0x0000, 0x0000, 0x0000, 0x0000, 0x0000, 0x0000, 0x0000, 0x0000,
  0x0000, 0x0000, 0x0000, 0x0000, 0x0000, 0x0000, 0x0000, 0x0000, 0x0000, 0x0000,
  0x0000, 0x0000, 0x0000, 0x0000, 0x0000, 0x0000, 0x0000, 0x0000, 0x0000, 0x0000,
  0x0000, 0x0000, 0x0000, 0x0000, 0x0000, 0x0000, 0x0000, 0x0000, 0x0000, 0x0000,
  0x0000, 0x0000, 0x0000, 0x0000, 0x0000, 0x0000, 0x0000, 0x0000, 0x0000, 0x0000,
  0x0000, 0x0000, 0x0000, 0x0000, 0x0000, 0x0000, 0x0000, 0x0000, 0x0000, 0x0000,
  0x0000, 0x0000, 0x0000, 0x0000, 0x0000, 0x0000, 0x0000, 0x0000, 0x0000, 0x0000,
  0x0000, 0x0000, 0x0000, 0x0000, 0x0000, 0x0000, 0x0000, 0x0000, 0x0000, 0x0000,
  0x0000, 0x0000, 0x0000, 0x0000, 0x0000, 0x0000, 0x0000, 0x0000, 0x0000, 0x0000,
  0x0000, 0x0000, 0x0000, 0x0000, 0x0000, 0x0000, 0x0000, 0x0000, 0x0000, 0x0000,
  0x0000, 0x0000, 0x0000, 0x0000, 0x0000, 0x0000, 0x0000, 0x0000, 0x0000, 0x0000,
  0x0000, 0x0000, 0x0000, 0x0000, 0x0000, 0x0000, 0x0000, 0x0000, 0x0000, 0x0000,
  0x0000, 0x0000, 0x0000, 0x0000, 0x0000, 0x0000, 0x0000, 0x0000, 0x0000, 0x0000,
  0x0000, 0x0000, 0x0000, 0x0000, 0x0000, 0x0000, 0x0000, 0x0000, 0x0000, 0x0000,
  0x0000, 0x0000, 0x0000, 0x0000, 0x0000, 0x0000, 0x0000, 0x0000, 0x0000, 0x0000,
  0x0000, 0x0000, 0x0000, 0x0000, 0x0000, 0x0000, 0x0000, 0x0000, 0x0000, 0x0000,
  0x0000, 0x0000, 0x0000, 0x0000, 0x0000, 0x0000, 0x0000, 0x0000, 0x0000, 0x0000,
  0x0000, 0x0000, 0x0000, 0x0000, 0x0000, 0x0000, 0x0000, 0x0000, 0x0000, 0x0000,
  0x0000, 0x0000, 0x0000, 0x0000, 0x0000, 0x0000, 0x0000, 0x0000, 0x0000, 0x0000,
  0x0000, 0x0000, 0x0000, 0x0000, 0x0000, 0x0000, 0x0000, 0x0000, 0x0000, 0x0000,
  0x0000, 0x0000, 0x0000, 0x0000, 0x0000, 0x0000, 0x0000, 0x0000, 0x0000, 0x0000,
  0x0000, 0x0000, 0x0000, 0x0000, 0x0000, 0x0000, 0x0000, 0x0000, 0x0000, 0x0000,
  0x0000, 0x0000, 0x0000, 0x0000, 0x0000, 0x0000, 0x0000, 0x0000, 0x0000, 0x0000,
  0x0000, 0x0000, 0x0000, 0x0000, 0x0000, 0x0000, 0x0000, 0x0000, 0x0000, 0x0000,
  0x0000, 0x0000, 0x0000, 0x0000, 0x0000, 0x0000, 0x0000, 0x0000, 0x0000, 0x0000,
  0x0000, 0x0000, 0x0000, 0x0000, 0x0000, 0x0000, 0x0000, 0x0000, 0x0000, 0x0000,
  0x0000, 0x0000, 0x0000, 0x0000, 0x0000, 0x0000, 0x0000, 0x0000, 0x0000, 0x0000,
  0x0000, 0x0000, 0x0000, 0x0000, 0x0000, 0x0000, 0x0000, 0x0000, 0x0000, 0x0000,
  0x0000, 0x0000, 0x0000, 0x0000, 0x0000, 0x0000, 0x16A1, 0x16E1, 0x1721, 0x1761,
  0x17A1, 0x17E1, 0x1821, 0x1861, 0x1884, 0x18C4, 0x0000, 0x0000, 0x0000, 0x0000,
  0x0000, 0x0000, 0x0000, 0x0000, 0x0000, 0x0000, 0x18E4, 0x0000, 0x0000, 0x0000,
  0x0000, 0x0000, 0x0000, 0x0000,
};

const uint16_t trie_index1[512] = {
  0x0000, 0x0018, 0x0037, 0x0057, 0x0075, 0x0075, 0x0075, 0x0075, 0x0075, 0x0075,
  0x0075, 0x0075, 0x0091, 0x00A6, 0x0075, 0x0075, 0x0075, 0x0075, 0x0075, 0x0075,
  0x0075, 0x0075, 0x0075, 0x00C6, 0x0075, 0x0075, 0x00E1, 0x0075, 0x0101, 0x011E,
  0x0075, 0x0075, 0x0075, 0x0075, 0x0075, 0x0075, 0x0075, 0x0075, 0x0075, 0x0075,
  0x0075, 0x0075, 0x0075, 0x0075, 0x0075, 0x0075, 0x0075, 0x0075, 0x0075, 0x0075,
  0x0075, 0x0075, 0x0075, 0x0075, 0x0075, 0x0075, 0x0075, 0x0075, 0x0075, 0x0075,
  0x0075, 0x0075, 0x0075, 0x013E, 0x0075, 0x0075, 0x0075, 0x0075, 0x0075, 0x0075,
  0x0075, 0x0075, 0x0075, 0x0075, 0x0075, 0x0075, 0x0075, 0x0075, 0x0075, 0x0075,
  0x0075, 0x0075, 0x0075, 0x0075, 0x0075, 0x0075, 0x0075, 0x0075, 0x0075, 0x0075,
  0x0075, 0x0075, 0x0075, 0x0075, 0x0075, 0x0075, 0x0075, 0x0075, 0x0075, 0x0075,
  0x0075, 0x0075, 0x0075, 0x0075, 0x0075, 0x0075, 0x0075, 0x0075, 0x0075, 0x0075,
  0x0075, 0x0075, 0x0075, 0x0075, 0x0075, 0x0075, 0x0075, 0x0075, 0x0075, 0x0075,
  0x0075, 0x0075, 0x0075, 0x0075, 0x0075, 0x0075, 0x0075, 0x0075, 0x0075, 0x0075,
  0x0075, 0x0075, 0x0075, 0x0075, 0x0075, 0x0075, 0x0075, 0x0075, 0x0075, 0x0075,
  0x0075, 0x0075, 0x0075, 0x0075, 0x0075, 0x0075, 0x0075, 0x0075, 0x0075, 0x0075,
  0x0075, 0x0075, 0x0075, 0x0075, 0x0075, 0x0075, 0x0075, 0x0075, 0x0075, 0x0075,
  0x0075, 0x0075, 0x0075, 0x0075, 0x0075, 0x0075, 0x0075, 0x0075, 0x0075, 0x0075,
  0x0075, 0x0075, 0x0075, 0x0075, 0x0075, 0x0075, 0x0075, 0x0075, 0x0075, 0x0075,
  0x0075, 0x0075, 0x0075, 0x0075, 0x0075, 0x0075, 0x0075, 0x0075, 0x0075, 0x0075,
  0x0075, 0x0075, 0x0075, 0x0075, 0x0075, 0x0075, 0x0075, 0x0075, 0x0075, 0x0075,
  0x0075, 0x0075, 0x0075, 0x0075, 0x0075, 0x0075, 0x0075, 0x0075, 0x0075, 0x0075,
  0x0075, 0x0075, 0x0075, 0x0075, 0x0075, 0x0075, 0x0075, 0x0075, 0x0075, 0x0075,
  0x0075, 0x0075, 0x0075, 0x0075, 0x0075, 0x0075, 0x0075, 0x0075, 0x0075, 0x0075,
  0x0075, 0x0075, 0x0075, 0x0075, 0x0075, 0x0075, 0x0075, 0x0075, 0x0075, 0x0075,
  0x0075, 0x0075, 0x0075, 0x0075, 0x0075, 0x0075, 0x0075, 0x0075, 0x0075, 0x0075,
  0x0075, 0x0075, 0x0075, 0x0075, 0x0075, 0x0075, 0x0075, 0x0075, 0x0075, 0x0075,
  0x0075, 0x0075, 0x0075, 0x0075, 0x0075, 0x0075, 0x0075, 0x0075, 0x0075, 0x0075,
  0x0075, 0x0075, 0x0075, 0x0075, 0x0075, 0x0075, 0x0075, 0x0075, 0x0075, 0x0075,
  0x0075, 0x0075, 0x0075, 0x0075, 0x0075, 0x0075, 0x0075, 0x0075, 0x0075, 0x0075,
  0x0075, 0x0075, 0x0075, 0x0075, 0x0075, 0x0075, 0x0075, 0x0075, 0x0075, 0x0075,
  0x0075, 0x0075, 0x0075, 0x0075, 0x0075, 0x0075, 0x0075, 0x0075, 0x0075, 0x0075,
  0x0075, 0x0075, 0x0075, 0x0075, 0x0075, 0x0075, 0x0075, 0x0075, 0x0075, 0x0075,
  0x0075, 0x0075, 0x0075, 0x0075, 0x0075, 0x0075, 0x0075, 0x0075, 0x0075, 0x0075,
  0x0075, 0x0075, 0x0075, 0x0075, 0x0075, 0x0075, 0x0075, 0x0075, 0x0075, 0x0075,
  0x0075, 0x0075, 0x0075, 0x0075, 0x0075, 0x0075, 0x0075, 0x0075, 0x0075, 0x0075,
  0x0075, 0x0075, 0x0075, 0x0075, 0x0075, 0x0075, 0x0075, 0x0075, 0x0075, 0x0075,
  0x0075, 0x0075, 0x0075, 0x0075, 0x0075, 0x0075, 0x0075, 0x0075, 0x0075, 0x0075,
  0x0075, 0x0075, 0x0075, 0x0075, 0x0075, 0x0075, 0x0075, 0x0075, 0x0075, 0x0075,
  0x0075, 0x0075, 0x0075, 0x0075, 0x0075, 0x0075, 0x0075, 0x0075, 0x0075, 0x0075,
  0x0075, 0x0075, 0x0075, 0x0075, 0x0075, 0x0075, 0x0075, 0x0075, 0x0075, 0x0075,
  0x0075, 0x0075, 0x0075, 0x0075, 0x0075, 0x0075, 0x0075, 0x0075, 0x0075, 0x0075,
  0x0075, 0x0075, 0x0075, 0x0075, 0x0075, 0x0075, 0x0075, 0x0075, 0x0075, 0x0075,
  0x0075, 0x0075, 0x0075, 0x0075, 0x0075, 0x0075, 0x0075, 0x0075, 0x0075, 0x0075,
  0x0075, 0x0075, 0x0075, 0x0075, 0x0075, 0x0075, 0x0075, 0x0075, 0x0075, 0x0075,
  0x0075, 0x0075, 0x0075, 0x0075, 0x0075, 0x0075, 0x0075, 0x0075, 0x0075, 0x0075,
  0x0075, 0x0075, 0x0075, 0x0075, 0x0075, 0x0075, 0x0075, 0x0075, 0x0075, 0x0075,
  0x0075, 0x0075, 0x0075, 0x0075, 0x0075, 0x0075, 0x0075, 0x0075, 0x0075, 0x0075,
  0x0075, 0x0075, 0x0075, 0x0075, 0x0075, 0x0075, 0x0075, 0x0075, 0x0075, 0x0075,
  0x0075, 0x0075, 0x0075, 0x0075, 0x0075, 0x0075, 0x0075, 0x0075, 0x0075, 0x0075,
  0x0075, 0x0075, 0x0075, 0x0075, 0x0075, 0x0075, 0x0075, 0x0075, 0x0075, 0x0075,
  0x0075, 0x0075, 0x0075, 0x0075, 0x0075, 0x0075, 0x0075, 0x0075, 0x0075, 0x0075,
  0x0075, 0x0075,
};

const uint16_t trie_index2[350] = {
  0x0000, 0x0000, 0x0000, 0x0000, 0x0000, 0x0000, 0x0000, 0x1914, 0x0000, 0x0000,
  0x0000, 0x1952, 0x0000, 0x1973, 0x0000, 0x0000, 0x0000, 0x0000, 0x0000, 0x0000,
  0x0000, 0x0000, 0x0000, 0x19AE, 0x0000, 0x0000, 0x0000, 0x0000, 0x0000, 0x0000,
  0x0000, 0x0000, 0x19E1, 0x0000, 0x0000, 0x1A21, 0x0000, 0x0000, 0x0000, 0x0000,
  0x0000, 0x0000, 0x0000, 0x0000, 0x1A48, 0x1A70, 0x0000, 0x0000, 0x0000, 0x0000,
  0x1A9E, 0x1ACB, 0x0000, 0x1B0B, 0x1B49, 0x0000, 0x1B83, 0x1BC3, 0x0000, 0x1C03,
  0x1C38, 0x0000, 0x1C78, 0x1C83, 0x0000, 0x0000, 0x1CBA, 0x1CE5, 0x1D22, 0x1D5F,
  0x1D9A, 0x0000, 0x1DD8, 0x1DF7, 0x1E36, 0x0000, 0x0000, 0x1E3C, 0x1E7C, 0x1E7D,
  0x0000, 0x1EBD, 0x0000, 0x1EF5, 0x0000, 0x0000, 0x0000, 0x1F21, 0x0000, 0x0000,
  0x0000, 0x1F5C, 0x1F9B, 0x0000, 0x1FBB, 0x1FDC, 0x2015, 0x203C, 0x0000, 0x0000,
  0x0000, 0x0000, 0x0000, 0x2056, 0x0000, 0x0000, 0x0000, 0x0000, 0x2096, 0x20BF,
  0x0000, 0x0000, 0x0000, 0x0000, 0x0000, 0x0000, 0x20FE, 0x0000, 0x0000, 0x0000,
  0x0000, 0x0000, 0x0000, 0x0000, 0x0000, 0x0000, 0x0000, 0x0000, 0x0000, 0x0000,
  0x0000, 0x0000, 0x0000, 0x0000, 0x0000, 0x0000, 0x0000, 0x0000, 0x0000, 0x0000,
  0x0000, 0x0000, 0x0000, 0x0000, 0x0000, 0x0000, 0x0000, 0x0000, 0x0000, 0x211D,
  0x0000, 0x0000, 0x0000, 0x0000, 0x0000, 0x0000, 0x0000, 0x0000, 0x0000, 0x0000,
  0x0000, 0x0000, 0x0000, 0x0000, 0x0000, 0x0000, 0x0000, 0x0000, 0x0000, 0x0000,
  0x0000, 0x0000, 0x0000, 0x0000, 0x0000, 0x0000, 0x0000, 0x214D, 0x2182, 0x0000,
  0x0000, 0x0000, 0x0000, 0x0000, 0x0000, 0x0000, 0x0000, 0x21B9, 0x0000, 0x0000,
  0x0000, 0x0000, 0x0000, 0x0000, 0x0000, 0x0000, 0x0000, 0x21E4, 0x0000, 0x0000,
  0x0000, 0x0000, 0x0000, 0x0000, 0x0000, 0x0000, 0x0000, 0x0000, 0x0000, 0x0000,
  0x0000, 0x0000, 0x0000, 0x0000, 0x0000, 0x0000, 0x2216, 0x0000, 0x0000, 0x0000,
  0x0000, 0x0000, 0x0000, 0x0000, 0x0000, 0x0000, 0x0000, 0x0000, 0x0000, 0x0000,
  0x2238, 0x2278, 0x22B8, 0x0000, 0x22F6, 0x0000, 0x0000, 0x0000, 0x0000, 0x0000,
  0x0000, 0x0000, 0x0000, 0x0000, 0x0000, 0x0000, 0x0000, 0x0000, 0x0000, 0x0000,
  0x0000, 0x0000, 0x0000, 0x0000, 0x0000, 0x0000, 0x0000, 0x2336, 0x0000, 0x2367,
  0x0000, 0x2377, 0x0000, 0x0000, 0x0000, 0x0000, 0x0000, 0x23AE, 0x23DD, 0x0000,
  0x0000, 0x0000, 0x0000, 0x0000, 0x0000, 0x0000, 0x240D, 0x0000, 0x0000, 0x0000,
  0x243D, 0x0000, 0x0000, 0x0000, 0x246D, 0x0000, 0x0000, 0x0000, 0x0000, 0x24A3,
  0x0000, 0x24DF, 0x0000, 0x0000, 0x0000, 0x0000, 0x0000, 0x0000, 0x0000, 0x0000,
  0x0000, 0x0000, 0x0000, 0x0000, 0x0000, 0x0000, 0x0000, 0x0000, 0x0000, 0x0000,
  0x0000, 0x0000, 0x0000, 0x0000, 0x0000, 0x0000, 0x0000, 0x0000, 0x251F, 0x255F,
  0x259F, 0x25DF, 0x261F, 0x265F, 0x269F, 0x26DF, 0x271F, 0x0000, 0x0000, 0x0000,
  0x0000, 0x0000, 0x0000, 0x0000, 0x0000, 0x0000, 0x0000, 0x0000, 0x0000, 0x0000,
  0x0000, 0x0000, 0x0000, 0x0000, 0x0000, 0x0000, 0x0000, 0x0000, 0x0000, 0x0000,
};

const uint32_t trie_data[10079] = {
  0x00000000, 0x00000000, 0x00000000, 0x00000000, 0x00000000, 0x00000000, 0x00000000, 0x00000000, 0x00000000, 0x00000000,
  0x00000000, 0x00000000, 0x00000000, 0x00000000, 0x00000000, 0x00000000, 0x00000000, 0x00000000, 0x00000000, 0x00000000,
  0x00000000, 0x00000000, 0x00000000, 0x00000000, 0x00000000, 0x00000000, 0x00000000, 0x00000000, 0x00000000, 0x00000000,
  0x00000000, 0x00000000, 0x00000000, 0x00000000, 0x00000000, 0x00000000, 0x00000000, 0x00000000, 0x00000000, 0x00000000,
  0x00000000, 0x00000000, 0x00000000, 0x00000000, 0x00000000, 0x00000000, 0x00000000, 0x00000000, 0x00000000, 0x00000000,
  0x00000000, 0x00000000, 0x00000000, 0x00000000, 0x00000000, 0x00000000, 0x00000000, 0x00000000, 0x00000000, 0x00000000,
  0x00000000, 0x00000000, 0x00000000, 0x00000000, 0xE6804019, 0xE680401B, 0xE680401D, 0xE680401F, 0xE6804021, 0xE6804023,
  0x00000000, 0xCA804025, 0xE6804027, 0xE6804029, 0xE680402B, 0xE680402D, 0xE680402F, 0xE6804031, 0xE6804033, 0xE6804035,
  0x00000000, 0xE6804037, 0xE6804039, 0xE680403B, 0xE680403D, 0xE680403F, 0xE6804041, 0x00000000, 0x00000000, 0xE6804043,
  0xE6804045, 0xE6804047, 0xE6804049, 0xE680404B, 0x00000000, 0x00000000, 0xE680404D, 0xE680404F, 0xE6804051, 0xE6804053,
  0xE6804055, 0xE6804057, 0x00000000, 0xCA804059, 0xE680405B, 0xE680405D, 0xE680405F, 0xE6804061, 0xE6804063, 0xE6804065,
  0xE6804067, 0xE6804069, 0x00000000, 0xE680406B, 0xE680406D, 0xE680406F, 0xE6804071, 0xE6804073, 0xE6804075, 0x00000000,
  0x00000000, 0xE6804077, 0xE6804079, 0xE680407B, 0xE680407D, 0xE680407F, 0x00000000, 0xE6804081, 0xE6804083, 0xE6804085,
  0xE6804087, 0xE6804089, 0xCA80408B, 0xCA80408D, 0xE680408F, 0xE6804091, 0xE6804093, 0xE6804095, 0xE6804097, 0xE6804099,
  0xE680409B, 0xE680409D, 0xE680409F, 0xE68040A1, 0x00000000, 0x00000000, 0xE68040A3, 0xE68040A5, 0xE68040A7, 0xE68040A9,
  0xE68040AB, 0xE68040AD, 0xCA8040AF, 0xCA8040B1, 0xE68040B3, 0xE68040B5, 0xE68040B7, 0xE68040B9, 0xE68040BB, 0xE68040BD,
  0xE68040BF, 0xE68040C1, 0xCA8040C3, 0xCA8040C5, 0xE68040C7, 0xE68040C9, 0x00000000, 0x00000000, 0xE68040CB, 0xE68040CD,
  0xE68040CF, 0xE68040D1, 0xE68040D3, 0xE68040D5, 0xCA8040D7, 0xCA8040D9, 0xE68040DB, 0x00000000, 0x00000000, 0x00000000,
  0xE68040E1, 0xE68040E3, 0xCA8040E5, 0xCA8040E7, 0x00000000, 0xE68040E9, 0xE68040EB, 0xCA8040ED, 0xCA8040EF, 0xE68040F1,
  0xE68040F3, 0x00000000, 0x00000000, 0x00000000, 0xE68040F9, 0xE68040FB, 0xCA8040FD, 0xCA8040FF, 0xE6804101, 0xE6804103,
  0x00000000, 0x00000000, 0x00000000, 0xE6804107, 0xE6804109, 0xE680410B, 0xE680410D, 0xE680410F, 0xE6804111, 0x00000000,
  0x00000000, 0xE6804113, 0xE6804115, 0xCA804117, 0xCA804119, 0xE680411B, 0xE680411D, 0xE680411F, 0xE6804121, 0xE6804123,
  0xE6804125, 0xCA804127, 0xCA804129, 0xE680412B, 0xE680412D, 0xCA80412F, 0xCA804131, 0xE6804133, 0xE6804135, 0x00000000,
  0x00000000, 0xE6804137, 0xE6804139, 0xE680413B, 0xE680413D, 0xE680413F, 0xE6804141, 0xE6804143, 0xE6804145, 0xE6804147,
  0xE6804149, 0xCA80414B, 0xCA80414D, 0xE680414F, 0xE6804151, 0xE6804153, 0xE6804155, 0xE6804157, 0xE6804159, 0xE680415B,
  0xE680415D, 0xE680415F, 0xE6804161, 0xE6804163, 0x00000000, 0x00000000, 0x00000000, 0x00000000, 0x00000000, 0x00000000,
  0x00000000, 0x00000000, 0x00000000, 0x00000000, 0x00000000, 0x00000000, 0x00000000, 0x00000000, 0x00000000, 0x00000000,
  0x00000000, 0x00000000, 0x00000000, 0x00000000, 0x00000000, 0x00000000, 0x00000000, 0x00000000, 0x00000000, 0x00000000,
  0x00000000, 0x00000000, 0x00000000, 0x00000000, 0x00000000, 0x00000000, 0xD8804166, 0xD8804168, 0x00000000, 0x00000000,
  0x00000000, 0x00000000, 0x00000000, 0x00000000, 0x00000000, 0x00000000, 0x00000000, 0x00000000, 0x00000000, 0x00000000,
  0x00000000, 0xD880416A, 0xD880416C, 0x00000000, 0x00000000, 0x00000000, 0x00000000, 0x00000000, 0x00000000, 0x00000000,
  0x00000000, 0x00000000, 0x00000000, 0x00000000, 0x00000000, 0x00000000, 0x00000000, 0x00000000, 0xE6804183, 0xE6804185,
  0xE6804187, 0xE6804189, 0xE680418B, 0xE680418D, 0xE680418F, 0xE6804191, 0xE6808193, 0xE6808196, 0xE6808199, 0xE680819C,
  0xE680819F, 0xE68081A2, 0xE68081A5, 0xE68081A8, 0x00000000, 0xE68081AB, 0xE68081AE, 0xE68081B1, 0xE68081B4, 0xE68041B7,
  0xE68041B9, 0x00000000, 0x00000000, 0xE68041BB, 0xE68041BD, 0xE68041BF, 0xE68041C1, 0xCA8041C3, 0xCA8041C5, 0xE68081C7,
  0xE68081CA, 0xE68041CD, 0xE68041CF, 0xE68041D1, 0x00000000, 0x00000000, 0x00000000, 0xE68041D9, 0xE68041DB, 0x00000000,
  0x00000000, 0xE68041DD, 0xE68041DF, 0xE68081E1, 0xE68081E4, 0xE68041E7, 0xE68041E9, 0xE68041EB, 0xE68041ED, 0xE68041EF,
  0xE68041F1, 0xE68041F3, 0xE68041F5, 0xE68041F7, 0xE68041F9, 0xE68041FB, 0xE68041FD, 0xE68041FF, 0xE6804201, 0xE6804203,
  0xE6804205, 0xE6804207, 0xE6804209, 0xE680420B, 0xE680420D, 0xE680420F, 0xE6804211, 0xE6804213, 0xE6804215, 0xE6804217,
  0xE6804219, 0xE680421B, 0xE680421D, 0xDC80421F, 0xDC804221, 0xDC804223, 0xDC804225, 0x00000000, 0x00000000, 0xE6804227,
  0xE6804229, 0x00000000, 0x00000000, 0x00000000, 0x00000000, 0x00000000, 0x00000000, 0xE680422B, 0xE680422D, 0xCA80422F,
  0xCA804231, 0xE6808233, 0xE6808236, 0xE6808239, 0xE680823C, 0xE680423F, 0xE6804241, 0xE6808243, 0xE6808246, 0xE6804249,
  0xE680424B, 0x00000000, 0x00000000, 0x00000000, 0x00000000, 0x00000000, 0x00000000, 0x00000000, 0x00000000, 0x00000000,
  0x00000000, 0x00000000, 0x00000000, 0xE6000267, 0xE6000268, 0xE6000269, 0xE600026A, 0xE600026B, 0xE600026C, 0xE600026D,
  0xE600026E, 0xE600026F, 0xE6000270, 0xE6000271, 0xE6000272, 0xE6000273, 0xE6000274, 0xE6000275, 0xE6000276, 0xE6000277,
  0xE6000278, 0xE6000279, 0xE600027A, 0xE600027B, 0xE800027C, 0xDC00027D, 0xDC00027E, 0xDC00027F, 0xDC000280, 0xE8000281,
  0xD8000282, 0xDC000283, 0xDC000284, 0xDC000285, 0xDC000286, 0xDC000287, 0xCA000288, 0xCA000289, 0xDC00028A, 0xDC00028B,
  0xDC00028C, 0xDC00028D, 0xCA00028E, 0xCA00028F, 0xDC000290, 0xDC000291, 0xDC000292, 0xDC000293, 0xDC000294, 0xDC000295,
  0xDC000296, 0xDC000297, 0xDC000298, 0xDC000299, 0xDC00029A, 0x0100029B, 0x0100029C, 0x0100029D, 0x0100029E, 0x0100029F,
  0xDC0002A0, 0xDC0002A1, 0xDC0002A2, 0xDC0002A3, 0xE60002A4, 0xE60002A5, 0xE60002A6, 0xE68002A7, 0xE68002A8, 0xE60002A9,
  0xE68002AA, 0xE68042AB, 0xF00002AD, 0xE60002AE, 0xDC0002AF, 0xDC0002B0, 0xDC0002B1, 0xE60002B2, 0xE60002B3, 0xE60002B4,
  0xDC0002B5, 0xDC0002B6, 0x00000000, 0xE60002B7, 0xE60002B8, 0xE60002B9, 0xDC0002BA, 0xDC0002BB, 0xDC0002BC, 0xDC0002BD,
  0xE60002BE, 0xE80002BF, 0xDC0002C0, 0xDC0002C1, 0xE60002C2, 0xE90002C3, 0xEA0002C4, 0xEA0002C5, 0xE90002C6, 0xEA0002C7,
  0xEA0002C8, 0xE90002C9, 0xE60002CA, 0xE60002CB, 0xE60002CC, 0xE60002CD, 0xE60002CE, 0xE60002CF, 0xE60002D0, 0xE60002D1,
  0xE60002D2, 0xE60002D3, 0xE60002D4, 0xE60002D5, 0xE60002D6, 0x00000000, 0x00000000, 0x00000000, 0x00000000, 0x008002D7,
  0x00000000, 0x00000000, 0x00000000, 0x00000000, 0x00000000, 0x00000000, 0x00000000, 0x00000000, 0x00000000, 0x008002DA,
  0x00000000, 0x00000000, 0x00000000, 0x00000000, 0x00000000, 0xE68042E0, 0xE68042E2, 0x008002E4, 0xE68042E5, 0xE68042E7,
  0xE68042E9, 0x00000000, 0xE68042EB, 0x00000000, 0xE68042ED, 0xE68042EF, 0xE68082F1, 0x00000000, 0x00000000, 0x00000000,
  0x00000000, 0x00000000, 0x00000000, 0x00000000, 0x00000000, 0x00000000, 0x00000000, 0x00000000, 0x00000000, 0x00000000,
  0x00000000, 0x00000000, 0x00000000, 0x00000000, 0x00000000, 0x00000000, 0x00000000, 0x00000000, 0x00000000, 0x00000000,
  0x00000000, 0x00000000, 0xE68042F4, 0xE68042F6, 0xE68042F8, 0xE68042FA, 0xE68042FC, 0xE68042FE, 0xE6808300, 0x00000000,
  0x00000000, 0x00000000, 0x00000000, 0x00000000, 0x00000000, 0x00000000, 0x00000000, 0x00000000, 0x00000000, 0x00000000,
  0x00000000, 0x00000000, 0x00000000, 0x00000000, 0xE6804303, 0xE6804305, 0xE6804307, 0xE6804309, 0xE680430B, 0x00000000,
  0x00000000, 0x00000000, 0x00000000, 0xE6804312, 0xE6804316, 0x00000000, 0x00000000, 0x00000000, 0x00000000, 0x00000000,
  0x00000000, 0x00000000, 0x00000000, 0x00000000, 0x00000000, 0x00000000, 0x00000000, 0x00000000, 0x00000000, 0x00000000,
  0x00000000, 0x00000000, 0x00000000, 0x00000000, 0x00000000, 0x00000000, 0x00000000, 0x00000000, 0x00000000, 0x00000000,
  0x00000000, 0x00000000, 0x00000000, 0x00000000, 0x00000000, 0x00000000, 0x00000000, 0x00000000, 0x00000000, 0x00000000,
  0x00000000, 0x00000000, 0x00000000, 0x00000000, 0x00000000, 0x00000000, 0x00000000, 0x00000000, 0xE6804320, 0xE6804322,
  0x00000000, 0xE6804324, 0x00000000, 0x00000000, 0x00000000, 0xE6804326, 0x00000000, 0x00000000, 0x00000000, 0x00000000,
  0xE6804328, 0xE680432A, 0xE680432C, 0x00000000, 0x00000000, 0x00000000, 0x00000000, 0x00000000, 0x00000000, 0x00000000,
  0x00000000, 0x00000000, 0x00000000, 0xE680432E, 0x00000000, 0x00000000, 0x00000000, 0x00000000, 0x00000000, 0x00000000,
  0x00000000, 0x00000000, 0x00000000, 0x00000000, 0x00000000, 0x00000000, 0x00000000, 0x00000000, 0x00000000, 0x00000000,
  0x00000000, 0x00000000, 0x00000000, 0x00000000, 0x00000000, 0x00000000, 0x00000000, 0x00000000, 0x00000000, 0x00000000,
  0x00000000, 0x00000000, 0x00000000, 0x00000000, 0x00000000, 0xE6804330, 0x00000000, 0x00000000, 0x00000000, 0x00000000,
  0x00000000, 0x00000000, 0x00000000, 0x00000000, 0x00000000, 0x00000000, 0x00000000, 0x00000000, 0x00000000, 0x00000000,
  0x00000000, 0x00000000, 0xE6804332, 0xE6804334, 0x00000000, 0xE6804336, 0x00000000, 0x00000000, 0x00000000, 0xE6804338,
  0x00000000, 0x00000000, 0x00000000, 0x00000000, 0xE680433A, 0xE680433C, 0xE680433E, 0x00000000, 0x00000000, 0x00000000,
  0x00000000, 0x00000000, 0x00000000, 0x00000000, 0x00000000, 0x00000000, 0x00000000, 0x00000000, 0x00000000, 0x00000000,
  0x00000000, 0x00000000, 0x00000000, 0x00000000, 0x00000000, 0x00000000, 0x00000000, 0x00000000, 0x00000000, 0x00000000,
  0xE6804340, 0xE6804342, 0x00000000, 0x00000000, 0x00000000, 0x00000000, 0x00000000, 0x00000000, 0x00000000, 0x00000000,
  0xE6000344, 0xE6000345, 0xE6000346, 0xE6000347, 0xE6000348, 0x00000000, 0x00000000, 0x00000000, 0x00000000, 0x00000000,
  0x00000000, 0x00000000, 0x00000000, 0x00000000, 0x00000000, 0x00000000, 0x00000000, 0x00000000, 0x00000000, 0x00000000,
  0x00000000, 0x00000000, 0x00000000, 0x00000000, 0x00000000, 0x00000000, 0x00000000, 0x00000000, 0x00000000, 0x00000000,
  0x00000000, 0x00000000, 0x00000000, 0x00000000, 0x00000000, 0x00000000, 0x00000000, 0x00000000, 0x00000000, 0x00000000,
  0x00000000, 0x00000000, 0x00000000, 0x00000000, 0x00000000, 0x00000000, 0x00000000, 0x00000000, 0x00000000, 0x00000000,
  0x00000000, 0x00000000, 0x00000000, 0x00000000, 0x00000000, 0x00000000, 0x00000000, 0x00000000, 0x00000000, 0x00000000,
  0x00000000, 0xE6804349, 0xE680434B, 0x00000000, 0x00000000, 0x00000000, 0x00000000, 0x00000000, 0x00000000, 0x00000000,
  0x00000000, 0x00000000, 0x00000000, 0x00000000, 0x00000000, 0x00000000, 0xE680434D, 0xE680434F, 0xE6804351, 0xE6804353,
  0x00000000, 0x00000000, 0xE6804355, 0xE6804357, 0x00000000, 0x00000000, 0xE6804359, 0xE680435B, 0xE680435D, 0xE680435F,
  0xE6804361, 0xE6804363, 0x00000000, 0x00000000, 0xE6804365, 0xE6804367, 0xE6804369, 0xE680436B, 0xE680436D, 0xE680436F,
  0x00000000, 0x00000000, 0xE6804371, 0xE6804373, 0xE6804375, 0xE6804377, 0xE6804379, 0xE680437B, 0xE680437D, 0xE680437F,
  0xE6804381, 0xE6804383, 0xE6804385, 0xE6804387, 0x00000000, 0x00000000, 0xE6804389, 0xE680438B, 0x00000000, 0x00000000,
  0x00000000, 0x00000000, 0x00000000, 0x00000000, 0x00000000, 0x00000000, 0x00000000, 0x00000000, 0x00000000, 0x00000000,
  0x00000000, 0x00000000, 0x00000000, 0x00000000, 0x00000000, 0xDC00038F, 0xE6000390, 0xE6000391, 0xE6000392, 0xE6000393,
  0xDC000394, 0xE6000395, 0xE6000396, 0xE6000397, 0xDE000398, 0xDC000399, 0xE600039A, 0xE600039B, 0xE600039C, 0xE600039D,
  0xE600039E, 0xE600039F, 0xDC0003A0, 0xDC0003A1, 0xDC0003A2, 0xDC0003A3, 0xDC0003A4, 0xDC0003A5, 0xE60003A6, 0xE60003A7,
  0xDC0003A8, 0xE60003A9, 0xE60003AA, 0xDE0003AB, 0xE40003AC, 0xE60003AD, 0x0A0003AE, 0x0B0003AF, 0x0C0003B0, 0x0D0003B1,
  0x0E0003B2, 0x0F0003B3, 0x100003B4, 0x110003B5, 0x120003B6, 0x130003B7, 0x130003B8, 0x140003B9, 0x150003BA, 0x160003BB,
  0x00000000, 0x170003BC, 0x00000000, 0x180003BD, 0x190003BE, 0x00000000, 0xE60003BF, 0xDC0003C0, 0x00000000, 0x120003C1,
  0x00000000, 0x00000000, 0x00000000, 0x00000000, 0x00000000, 0x00000000, 0x00000000, 0x00000000, 0x00000000, 0x00000000,
  0x00000000, 0x00000000, 0x00000000, 0x00000000, 0x00000000, 0x00000000, 0x00000000, 0x00000000, 0x00000000, 0x00000000,
  0x00000000, 0x00000000, 0x00000000, 0x00000000, 0x00000000, 0x00000000, 0x00000000, 0x00000000, 0x00000000, 0x00000000,
  0x00000000, 0x00000000, 0x00000000, 0x00000000, 0x00000000, 0x00000000, 0x00000000, 0x00000000, 0x00000000, 0x00000000,
  0x00000000, 0x00000000, 0x00000000, 0x00000000, 0x00000000, 0x00000000, 0x00000000, 0x00000000, 0x00000000, 0x00000000,
  0x00000000, 0x00000000, 0x00000000, 0x00000000, 0x00000000, 0x00000000, 0xE60003C2, 0xE60003C3, 0xE60003C4, 0xE60003C5,
  0xE60003C6, 0xE60003C7, 0xE60003C8, 0xE60003C9, 0x1E0003CA, 0x1F0003CB, 0x200003CC, 0x00000000, 0x00000000, 0x00000000,
  0x00000000, 0x00000000, 0x00000000, 0x00000000, 0xE68043CD, 0xE68043CF, 0xE68043D1, 0xDC8043D3, 0xE68043D5, 0x00000000,
  0x00000000, 0x00000000, 0x00000000, 0x00000000, 0x00000000, 0x00000000, 0x00000000, 0x00000000, 0x00000000, 0x00000000,
  0x00000000, 0x00000000, 0x00000000, 0x00000000, 0x00000000, 0x00000000, 0x00000000, 0x00000000, 0x00000000, 0x00000000,
  0x00000000, 0x00000000, 0x00000000, 0x00000000, 0x1B0003D7, 0x1C0003D8, 0x1D0003D9, 0x1E0003DA, 0x1F0003DB, 0x200003DC,
  0x210003DD, 0x220003DE, 0xE60003DF, 0xE60003E0, 0xDC0003E1, 0xDC0003E2, 0xE60003E3, 0xE60003E4, 0xE60003E5, 0xE60003E6,
  0xE60003E7, 0xDC0003E8, 0xE60003E9, 0xE60003EA, 0xDC0003EB, 0x00000000, 0x00000000, 0x00000000, 0x00000000, 0x00000000,
  0x00000000, 0x00000000, 0x00000000, 0x00000000, 0x00000000, 0x00000000, 0x00000000, 0x00000000, 0x00000000, 0x00000000,
  0x00000000, 0x230003EC, 0x00000000, 0x00000000, 0x00000000, 0x00000000, 0x00000000, 0x00000000, 0x00000000, 0x00000000,
  0x00000000, 0x00000000, 0x00000000, 0x00000000, 0x00000000, 0x00000000, 0x00000000, 0xE68043F5, 0x00000000, 0xE68043F7,
  0x00000000, 0x00000000, 0x00000000, 0x00000000, 0x00000000, 0x00000000, 0x00000000, 0x00000000, 0x00000000, 0x00000000,
  0x00000000, 0x00000000, 0x00000000, 0x00000000, 0x00000000, 0x00000000, 0xE68043F9, 0x00000000, 0x00000000, 0xE60003FB,
  0xE60003FC, 0xE60003FD, 0xE60003FE, 0xE60003FF, 0xE6000400, 0xE6000401, 0x00000000, 0x00000000, 0xE6000402, 0xE6000403,
  0xE6000404, 0xE6000405, 0xDC000406, 0xE6000407, 0x00000000, 0x00000000, 0xE6000408, 0xE6000409, 0x00000000, 0xDC00040A,
  0xE600040B, 0xE600040C, 0xDC00040D, 0x00000000, 0x00000000, 0x00000000, 0x00000000, 0x00000000, 0x00000000, 0x00000000,
  0x00000000, 0x00000000, 0x00000000, 0x00000000, 0x00000000, 0x00000000, 0x00000000, 0x00000000, 0x00000000, 0x00000000,
  0x00000000, 0x2400040E, 0x00000000, 0x00000000, 0x00000000, 0x00000000, 0x00000000, 0x00000000, 0x00000000, 0x00000000,
  0x00000000, 0x00000000, 0x00000000, 0x00000000, 0x00000000, 0x00000000, 0x00000000, 0x00000000, 0x00000000, 0x00000000,
  0x00000000, 0x00000000, 0x00000000, 0x00000000, 0x00000000, 0x00000000, 0x00000000, 0x00000000, 0x00000000, 0x00000000,
  0x00000000, 0x00000000, 0xE600040F, 0xDC000410, 0xE6000411, 0xE6000412, 0xDC000413, 0xE6000414, 0xE6000415, 0xDC000416,
  0xDC000417, 0xDC000418, 0xE6000419, 0xDC00041A, 0xDC00041B, 0xE600041C, 0xDC00041D, 0xE600041E, 0xE600041F, 0xE6000420,
  0xDC000421, 0xE6000422, 0xDC000423, 0xE6000424, 0xDC000425, 0xE6000426, 0xDC000427, 0xE6000428, 0xE6000429, 0x00000000,
  0x00000000, 0x00000000, 0x00000000, 0x00000000, 0x00000000, 0x00000000, 0x00000000, 0x00000000, 0x00000000, 0x00000000,
  0x00000000, 0x00000000, 0x00000000, 0x00000000, 0x00000000, 0x00000000, 0x00000000, 0x00000000, 0x00000000, 0x00000000,
  0x00000000, 0x00000000, 0x00000000, 0x00000000, 0x00000000, 0x00000000, 0x00000000, 0x00000000, 0x00000000, 0x00000000,
  0x00000000, 0x00000000, 0x00000000, 0x00000000, 0x00000000, 0x00000000, 0x00000000, 0x00000000, 0x00000000, 0x00000000,
  0x00000000, 0x00000000, 0x00000000, 0x00000000, 0x00000000, 0x00000000, 0x00000000, 0x00000000, 0x00000000, 0x00000000,
  0x00000000, 0x00000000, 0xE600042A, 0xE600042B, 0xE600042C, 0xE600042D, 0xE600042E, 0xE600042F, 0xE6000430, 0xDC000431,
  0xE6000432, 0x00000000, 0x00000000, 0x00000000, 0x00000000, 0x00000000, 0x00000000, 0x00000000, 0x00000000, 0x00000000,
  0xDC000433, 0x00000000, 0x00000000, 0x00000000, 0x00000000, 0x00000000, 0x00000000, 0x00000000, 0x00000000, 0x00000000,
  0x00000000, 0x00000000, 0x00000000, 0x00000000, 0x00000000, 0x00000000, 0x00000000, 0x00000000, 0x00000000, 0x00000000,
  0x00000000, 0x00000000, 0x00000000, 0xE6000434, 0xE6000435, 0xE6000436, 0xE6000437, 0x00000000, 0xE6000438, 0xE6000439,
  0xE600043A, 0xE600043B, 0xE600043C, 0xE600043D, 0xE600043E, 0xE600043F, 0xE6000440, 0x00000000, 0xE6000441, 0xE6000442,
  0xE6000443, 0x00000000, 0xE6000444, 0xE6000445, 0xE6000446, 0xE6000447, 0xE6000448, 0x00000000, 0x00000000, 0x00000000,
  0x00000000, 0x00000000, 0x00000000, 0x00000000, 0x00000000, 0x00000000, 0x00000000, 0x00000000, 0x00000000, 0x00000000,
  0x00000000, 0x00000000, 0x00000000, 0x00000000, 0x00000000, 0x00000000, 0x00000000, 0x00000000, 0x00000000, 0x00000000,
  0x00000000, 0x00000000, 0xDC000449, 0xDC00044A, 0xDC00044B, 0x00000000, 0x00000000, 0x00000000, 0x00000000, 0x00000000,
  0x00000000, 0x00000000, 0x00000000, 0x00000000, 0x00000000, 0x00000000, 0x00000000, 0x00000000, 0x00000000, 0x00000000,
  0x00000000, 0x00000000, 0x00000000, 0x00000000, 0x00000000, 0x00000000, 0x00000000, 0x00000000, 0x00000000, 0x00000000,
  0x00000000, 0x00000000, 0x00000000, 0x00000000, 0x00000000, 0x00000000, 0x00000000, 0x00000000, 0x00000000, 0x00000000,
  0x00000000, 0xE600044C, 0xE600044D, 0xDC00044E, 0xDC00044F, 0xDC000450, 0xE6000451, 0xE6000452, 0xE6000453, 0xE6000454,
  0x00000000, 0x00000000, 0x00000000, 0x00000000, 0x00000000, 0x00000000, 0x00000000, 0x00000000, 0x00000000, 0x00000000,
  0x00000000, 0x00000000, 0x00000000, 0x00000000, 0x00000000, 0x00000000, 0x00000000, 0x00000000, 0x00000000, 0x00000000,
  0x00000000, 0x00000000, 0x00000000, 0x00000000, 0x00000000, 0x00000000, 0x00000000, 0x00000000, 0x00000000, 0x00000000,
  0x00000000, 0x00000000, 0xE6000455, 0xE6000456, 0xE6000457, 0xE6000458, 0xE6000459, 0xDC00045A, 0xDC00045B, 0xDC00045C,
  0xDC00045D, 0xDC00045E, 0xE600045F, 0xE6000460, 0xE6000461, 0xE6000462, 0xE6000463, 0xE6000464, 0xE6000465, 0xE6000466,
  0xE6000467, 0xE6000468, 0xE6000469, 0xE600046A, 0xE600046B, 0xE600046C, 0x00000000, 0xDC00046D, 0xE600046E, 0xE600046F,
  0xDC000470, 0xE6000471, 0xE6000472, 0xDC000473, 0xE6000474, 0xE6000475, 0xE6000476, 0xDC000477, 0xDC000478, 0xDC000479,
  0x1B00047A, 0x1C00047B, 0x1D00047C, 0xE600047D, 0xE600047E, 0xE600047F, 0xDC000480, 0xE6000481, 0xE6000482, 0xDC000483,
  0xDC000484, 0xE6000485, 0xE6000486, 0xE6000487, 0xE6000488, 0xE6000489, 0x00000000, 0x00000000, 0x00000000, 0x00000000,
  0x00000000, 0x00000000, 0x00000000, 0x00000000, 0x00000000, 0x00000000, 0x00000000, 0x00000000, 0x00000000, 0x00000000,
  0x00000000, 0x00000000, 0x00000000, 0x00000000, 0x00000000, 0x00000000, 0x00000000, 0x00000000, 0x00000000, 0x00000000,
  0x00000000, 0x00000000, 0x00000000, 0x00000000, 0x00000000, 0x00000000, 0x00000000, 0x00000000, 0x00000000, 0x00000000,
  0x00000000, 0x00000000, 0x00000000, 0x00000000, 0x00000000, 0x00000000, 0x00000000, 0x0780448A, 0x00000000, 0x00000000,
  0x00000000, 0x00000000, 0x00000000, 0x00000000, 0x00000000, 0x0780448C, 0x00000000, 0x00000000, 0x0780448E, 0x00000000,
  0x00000000, 0x00000000, 0x00000000, 0x00000000, 0x00000000, 0x00000000, 0x07000490, 0x00000000, 0x00000000, 0x00000000,
  0x00000000, 0x00000000, 0x00000000, 0x00000000, 0x00000000, 0x00000000, 0x00000000, 0x00000000, 0x00000000, 0x00000000,
  0x09000491, 0x00000000, 0x00000000, 0x00000000, 0xE6000492, 0xDC000493, 0xE6000494, 0xE6000495, 0x00000000, 0x00000000,
  0x00000000, 0x07804496, 0x07804498, 0x0780449A, 0x0780449C, 0x0780449E, 0x078044A0, 0x078044A2, 0x078044A4, 0x00000000,
  0x00000000, 0x00000000, 0x00000000, 0x00000000, 0x00000000, 0x00000000, 0x00000000, 0x00000000, 0x00000000, 0x00000000,
  0x00000000, 0x00000000, 0x00000000, 0x00000000, 0x00000000, 0x00000000, 0x00000000, 0x00000000, 0x00000000, 0x00000000,
  0x00000000, 0x00000000, 0x00000000, 0x00000000, 0x00000000, 0x00000000, 0x00000000, 0x00000000, 0x00000000, 0x00000000,
  0x00000000, 0x00000000, 0x00000000, 0x00000000, 0x00000000, 0x00000000, 0x00000000, 0x00000000, 0x00000000, 0x00000000,
  0x00000000, 0x00000000, 0x00000000, 0x00000000, 0x00000000, 0x00000000, 0x00000000, 0x00000000, 0x00000000, 0x00000000,
  0x00000000, 0x00000000, 0x00000000, 0x00000000, 0x00000000, 0x00000000, 0x00000000, 0x00000000, 0x00000000, 0x070004A6,
  0x00000000, 0x00000000, 0x00000000, 0x00000000, 0x00000000, 0x00000000, 0x00000000, 0x00000000, 0x00000000, 0x00000000,
  0x00000000, 0x008044A7, 0x008044A9, 0x090004AB, 0x00000000, 0x00000000, 0x00000000, 0x00000000, 0x00000000, 0x00000000,
  0x00000000, 0x00000000, 0x00000000, 0x00000000, 0x00000000, 0x00000000, 0x00000000, 0x00000000, 0x078044AC, 0x078044AE,
  0x00000000, 0x078044B0, 0x00000000, 0x00000000, 0x00000000, 0x00000000, 0x00000000, 0x00000000, 0x00000000, 0x00000000,
  0x00000000, 0x00000000, 0x00000000, 0x00000000, 0x00000000, 0x00000000, 0x00000000, 0x00000000, 0x00000000, 0x00000000,
  0x00000000, 0x00000000, 0x00000000, 0x00000000, 0x00000000, 0x00000000, 0x00000000, 0x00000000, 0x00000000, 0x00000000,
  0x00000000, 0x00000000, 0xE60004B2, 0x00000000, 0x00000000, 0x00000000, 0x00000000, 0x00000000, 0x00000000, 0x00000000,
  0x00000000, 0x00000000, 0x00000000, 0x00000000, 0x00000000, 0x00000000, 0x00000000, 0x00000000, 0x00000000, 0x00000000,
  0x00000000, 0x00000000, 0x00000000, 0x00000000, 0x00000000, 0x00000000, 0x00000000, 0x00000000, 0x00000000, 0x00000000,
  0x00000000, 0x00000000, 0x00000000, 0x00000000, 0x00000000, 0x00000000, 0x00000000, 0x00000000, 0x00000000, 0x00000000,
  0x00000000, 0x00000000, 0x00000000, 0x00000000, 0x00000000, 0x00000000, 0x00000000, 0x00000000, 0x00000000, 0x00000000,
  0x00000000, 0x00000000, 0x00000000, 0x00000000, 0x078044B3, 0x00000000, 0x00000000, 0x078044B5, 0x00000000, 0x00000000,
  0x00000000, 0x00000000, 0x00000000, 0x070004B7, 0x00000000, 0x00000000, 0x00000000, 0x00000000, 0x00000000, 0x00000000,
  0x00000000, 0x00000000, 0x00000000, 0x00000000, 0x00000000, 0x00000000, 0x00000000, 0x090004B8, 0x00000000, 0x00000000,
  0x00000000, 0x00000000, 0x00000000, 0x00000000, 0x00000000, 0x00000000, 0x00000000, 0x00000000, 0x00000000, 0x078044B9,
  0x078044BB, 0x078044BD, 0x00000000, 0x00000000, 0x078044BF, 0x00000000, 0x00000000, 0x00000000, 0x00000000, 0x00000000,
  0x00000000, 0x00000000, 0x00000000, 0x00000000, 0x00000000, 0x00000000, 0x00000000, 0x00000000, 0x00000000, 0x00000000,
  0x00000000, 0x00000000, 0x00000000, 0x00000000, 0x00000000, 0x00000000, 0x00000000, 0x00000000, 0x00000000, 0x00000000,
  0x00000000, 0x00000000, 0x00000000, 0x00000000, 0x00000000, 0x00000000, 0x00000000, 0x00000000, 0x00000000, 0x00000000,
  0x00000000, 0x00000000, 0x00000000, 0x00000000, 0x00000000, 0x00000000, 0x00000000, 0x00000000, 0x00000000, 0x00000000,
  0x00000000, 0x00000000, 0x00000000, 0x00000000, 0x00000000, 0x00000000, 0x00000000, 0x00000000, 0x00000000, 0x00000000,
  0x00000000, 0x00000000, 0x00000000, 0x00000000, 0x00000000, 0x070004C1, 0x00000000, 0x00000000, 0x00000000, 0x00000000,
  0x00000000, 0x00000000, 0x00000000, 0x00000000, 0x00000000, 0x00000000, 0x00000000, 0x00000000, 0x00000000, 0x090004C2,
  0x00000000, 0x00000000, 0x00000000, 0x00000000, 0x00000000, 0x00000000, 0x00000000, 0x00000000, 0x00000000, 0x00000000,
  0x00000000, 0x00000000, 0x00000000, 0x00000000, 0x00000000, 0x00000000, 0x00000000, 0x00000000, 0x00000000, 0x00000000,
  0x00000000, 0x00000000, 0x00000000, 0x00000000, 0x00000000, 0x00000000, 0x00000000, 0x00000000, 0x00000000, 0x00000000,
  0x00000000, 0x00000000, 0x00000000, 0x00000000, 0x00000000, 0x00000000, 0x00000000, 0x00000000, 0x00000000, 0x00000000,
  0x00000000, 0x00000000, 0x00000000, 0x00000000, 0x00000000, 0x00000000, 0x00000000, 0x00000000, 0x00000000, 0x00000000,
  0x00000000, 0x00000000, 0x00000000, 0x00000000, 0x00000000, 0x00000000, 0x00000000, 0x00000000, 0x00000000, 0x00000000,
  0x070004C3, 0x00000000, 0x00000000, 0x00000000, 0x00000000, 0x00000000, 0x00000000, 0x00000000, 0x00000000, 0x008044C4,
  0x00000000, 0x00000000, 0x008044C6, 0x008044C8, 0x090004CA, 0x00000000, 0x00000000, 0x00000000, 0x00000000, 0x00000000,
  0x00000000, 0x00000000, 0x00000000, 0x00000000, 0x00000000, 0x00000000, 0x00000000, 0x00000000, 0x00000000, 0x078044CB,
  0x078044CD, 0x00000000, 0x00000000, 0x00000000, 0x00000000, 0x00000000, 0x00000000, 0x00000000, 0x00000000, 0x00000000,
  0x00000000, 0x00000000, 0x00000000, 0x00000000, 0x00000000, 0x00000000, 0x00000000, 0x00000000, 0x00000000, 0x00000000,
  0x00000000, 0x00000000, 0x00000000, 0x00000000, 0x00000000, 0x00000000, 0x00000000, 0x00000000, 0x00000000, 0x00000000,
  0x00000000, 0x00000000, 0x00000000, 0x00000000, 0x00000000, 0x008044CF, 0x00000000, 0x00000000, 0x00000000, 0x00000000,
  0x00000000, 0x00000000, 0x00000000, 0x00000000, 0x00000000, 0x00000000, 0x00000000, 0x00000000, 0x00000000, 0x00000000,
  0x00000000, 0x00000000, 0x00000000, 0x00000000, 0x00000000, 0x00000000, 0x00000000, 0x00000000, 0x00000000, 0x00000000,
  0x00000000, 0x00000000, 0x00000000, 0x00000000, 0x00000000, 0x00000000, 0x00000000, 0x00000000, 0x00000000, 0x00000000,
  0x00000000, 0x00000000, 0x00000000, 0x00000000, 0x00000000, 0x00000000, 0x00000000, 0x00000000, 0x00000000, 0x008044D1,
  0x008044D3, 0x008044D5, 0x090004D7, 0x00000000, 0x00000000, 0x00000000, 0x00000000, 0x00000000, 0x00000000, 0x00000000,
  0x00000000, 0x00000000, 0x00000000, 0x00000000, 0x00000000, 0x00000000, 0x00000000, 0x00000000, 0x00000000, 0x00000000,
  0x00000000, 0x00000000, 0x00000000, 0x00000000, 0x00000000, 0x00000000, 0x00000000, 0x00000000, 0x00000000, 0x00000000,
  0x00000000, 0x00000000, 0x00000000, 0x00000000, 0x00000000, 0x00000000, 0x00000000, 0x00000000, 0x00000000, 0x00000000,
  0x00000000, 0x00000000, 0x00000000, 0x00000000, 0x00000000, 0x00000000, 0x00000000, 0x00000000, 0x00000000, 0x00000000,
  0x00000000, 0x00000000, 0x00000000, 0x00000000, 0x00000000, 0x00000000, 0x00000000, 0x00000000, 0x00000000, 0x00000000,
  0x00000000, 0x00000000, 0x00000000, 0x070004D8, 0x00000000, 0x00000000, 0x00000000, 0x00000000, 0x00000000, 0x00000000,
  0x00000000, 0x00000000, 0x5B8044D9, 0x00000000, 0x00000000, 0x00000000, 0x00000000, 0x090004DB, 0x00000000, 0x00000000,
  0x00000000, 0x00000000, 0x00000000, 0x00000000, 0x00000000, 0x540004DC, 0x5B0004DD, 0x00000000, 0x00000000, 0x00000000,
  0x00000000, 0x00000000, 0x00000000, 0x00000000, 0x00000000, 0x00000000, 0x00000000, 0x00000000, 0x00000000, 0x00000000,
  0x00000000, 0x00000000, 0x00000000, 0x00000000, 0x00000000, 0x00000000, 0x00000000, 0x00000000, 0x00000000, 0x00000000,
  0x00000000, 0x00000000, 0x00000000, 0x00000000, 0x00000000, 0x00000000, 0x00000000, 0x00000000, 0x00000000, 0x00000000,
  0x00000000, 0x00000000, 0x00000000, 0x00000000, 0x00000000, 0x00000000, 0x00000000, 0x00000000, 0x00000000, 0x00000000,
  0x00000000, 0x00000000, 0x00000000, 0x00000000, 0x00000000, 0x00000000, 0x00000000, 0x00000000, 0x00000000, 0x00000000,
  0x00000000, 0x00000000, 0x00000000, 0x00000000, 0x00000000, 0x00000000, 0x00000000, 0x070004DE, 0x00000000, 0x00000000,
  0x00000000, 0x008044DF, 0x00000000, 0x00000000, 0x00000000, 0x00000000, 0x00000000, 0x00000000, 0x008044E1, 0x008044E3,
  0x00000000, 0x008044E5, 0x008084E7, 0x00000000, 0x090004EA, 0x00000000, 0x00000000, 0x00000000, 0x00000000, 0x00000000,
  0x00000000, 0x00000000, 0x00000000, 0x00000000, 0x00000000, 0x00000000, 0x00000000, 0x00000000, 0x00000000, 0x00000000,
  0x00000000, 0x00000000, 0x00000000, 0x00000000, 0x00000000, 0x00000000, 0x00000000, 0x00000000, 0x00000000, 0x00000000,
  0x00000000, 0x00000000, 0x00000000, 0x00000000, 0x00000000, 0x00000000, 0x00000000, 0x00000000, 0x00000000, 0x00000000,
  0x00000000, 0x00000000, 0x00000000, 0x00000000, 0x00000000, 0x00000000, 0x00000000, 0x00000000, 0x00000000, 0x00000000,
  0x00000000, 0x00000000, 0x00000000, 0x00000000, 0x00000000, 0x00000000, 0x00000000, 0x00000000, 0x00000000, 0x00000000,
  0x00000000, 0x00000000, 0x00000000, 0x00000000, 0x090004EB, 0x090004EC, 0x00000000, 0x00000000, 0x00000000, 0x00000000,
  0x00000000, 0x00000000, 0x00000000, 0x00000000, 0x00000000, 0x00000000, 0x008044ED, 0x008044EF, 0x008044F1, 0x090004F3,
  0x00000000, 0x00000000, 0x00000000, 0x00000000, 0x00000000, 0x00000000, 0x00000000, 0x00000000, 0x00000000, 0x00000000,
  0x00000000, 0x00000000, 0x00000000, 0x00000000, 0x00000000, 0x00000000, 0x00000000, 0x00000000, 0x00000000, 0x00000000,
  0x00000000, 0x00000000, 0x00000000, 0x00000000, 0x00000000, 0x00000000, 0x00000000, 0x00000000, 0x00000000, 0x00000000,
  0x00000000, 0x00000000, 0x00000000, 0x00000000, 0x00000000, 0x00000000, 0x00000000, 0x00000000, 0x00000000, 0x00000000,
  0x00000000, 0x00000000, 0x00000000, 0x00000000, 0x00000000, 0x00000000, 0x00000000, 0x00000000, 0x00000000, 0x00000000,
  0x090004F4, 0x00000000, 0x00000000, 0x00000000, 0x00000000, 0x00000000, 0x00000000, 0x00000000, 0x00000000, 0x00000000,
  0x00000000, 0x00000000, 0x00000000, 0x00000000, 0x00000000, 0x00000000, 0x098044F5, 0x00000000, 0x008044F7, 0x098084F9,
  0x008044FC, 0x00000000, 0x00000000, 0x00000000, 0x00000000, 0x00000000, 0x00000000, 0x00000000, 0x00000000, 0x00000000,
  0x00000000, 0x00000000, 0x00000000, 0x00000000, 0x00000000, 0x00000000, 0x00000000, 0x00000000, 0x00000000, 0x00000000,
  0x00000000, 0x00000000, 0x00000000, 0x00000000, 0x00000000, 0x00000000, 0x00000000, 0x00000000, 0x00000000, 0x00000000,
  0x00000000, 0x00000000, 0x00000000, 0x00000000, 0x00000000, 0x00000000, 0x00000000, 0x00000000, 0x00000000, 0x00000000,
  0x00000000, 0x00000000, 0x00000000, 0x00000000, 0x00000000, 0x00000000, 0x00000000, 0x00000000, 0x00000000, 0x00000000,
  0x00000000, 0x00000000, 0x00000000, 0x00000000, 0x00000000, 0x00000000, 0x00000000, 0x67000500, 0x67000501, 0x09000502,
  0x00000000, 0x00000000, 0x00000000, 0x00000000, 0x00000000, 0x00000000, 0x00000000, 0x00000000, 0x6B000503, 0x6B000504,
  0x6B000505, 0x6B000506, 0x00000000, 0x00000000, 0x00000000, 0x00000000, 0x00000000, 0x00000000, 0x00000000, 0x00000000,
  0x00000000, 0x00000000, 0x00000000, 0x00000000, 0x00000000, 0x00000000, 0x00000000, 0x00000000, 0x00000000, 0x00000000,
  0x00000000, 0x00000000, 0x00000000, 0x00000000, 0x00000000, 0x00000000, 0x00000000, 0x00000000, 0x00000000, 0x00000000,
  0x00000000, 0x00000000, 0x00000000, 0x00000000, 0x00000000, 0x00000000, 0x00000000, 0x00000000, 0x00000000, 0x00000000,
  0x00000000, 0x00000000, 0x00000000, 0x00000000, 0x00000000, 0x00000000, 0x00000000, 0x00000000, 0x00000000, 0x00000000,
  0x00000000, 0x00000000, 0x00000000, 0x00000000, 0x00000000, 0x00000000, 0x00000000, 0x00000000, 0x76000509, 0x7600050A,
  0x0900050B, 0x00000000, 0x00000000, 0x00000000, 0x00000000, 0x00000000, 0x00000000, 0x00000000, 0x00000000, 0x7A00050C,
  0x7A00050D, 0x7A00050E, 0x7A00050F, 0x00000000, 0x00000000, 0x00000000, 0x00000000, 0x00000000, 0x00000000, 0x00000000,
  0x00000000, 0x00000000, 0x00000000, 0x00000000, 0x00000000, 0x00000000, 0x00000000, 0x00000000, 0x00000000, 0x00000000,
  0x00000000, 0x00000000, 0x00000000, 0x00000000, 0x00000000, 0x00000000, 0x00000000, 0x00000000, 0x00000000, 0x00000000,
  0x00000000, 0x00000000, 0x00000000, 0x00000000, 0x00000000, 0x00000000, 0x00000000, 0x00000000, 0x00000000, 0x00000000,
  0x00000000, 0x00000000, 0x00000000, 0x00000000, 0x00000000, 0x00000000, 0x00000000, 0x00000000, 0x00000000, 0x00000000,
  0x00000000, 0x00000000, 0x00000000, 0x00000000, 0x00000000, 0xDC000515, 0xDC000516, 0x00000000, 0x00000000, 0x00000000,
  0x00000000, 0x00000000, 0x00000000, 0x00000000, 0x00000000, 0x00000000, 0x00000000, 0x00000000, 0x00000000, 0x00000000,
  0x00000000, 0x00000000, 0x00000000, 0x00000000, 0x00000000, 0x00000000, 0x00000000, 0x00000000, 0x00000000, 0x00000000,
  0x00000000, 0x00000000, 0x00000000, 0x00000000, 0xDC000517, 0x00000000, 0xDC000518, 0x00000000, 0xD8000519, 0x00000000,
  0x00000000, 0x00000000, 0x00000000, 0x00000000, 0x00000000, 0x0080451A, 0x00000000, 0x00000000, 0x00000000, 0x00000000,
  0x00000000, 0x00000000, 0x00000000, 0x00000000, 0x00000000, 0x0080451C, 0x00000000, 0x00000000, 0x00000000, 0x00000000,
  0x0080451E, 0x00000000, 0x00000000, 0x00000000, 0x00000000, 0x00804520, 0x00000000, 0x00000000, 0x00000000, 0x00000000,
  0x00804522, 0x00000000, 0x00000000, 0x00000000, 0x00000000, 0x00000000, 0x00000000, 0x00000000, 0x00000000, 0x00000000,
  0x00000000, 0x00000000, 0x00000000, 0x00804524, 0x00000000, 0x00000000, 0x00000000, 0x00000000, 0x00000000, 0x00000000,
  0x00000000, 0x81000526, 0x82000527, 0x82904528, 0x8400052A, 0x84B0452B, 0x8280452D, 0x00000000, 0x82804532, 0x00000000,
  0x82000537, 0x82000538, 0x82000539, 0x8200053A, 0x00000000, 0x00000000, 0x8200053B, 0x8290453C, 0xE600053E, 0xE600053F,
  0x09000540, 0x00000000, 0xE6000541, 0xE6000542, 0x00000000, 0x00000000, 0x00000000, 0x00000000, 0x00000000, 0x00000000,
  0x00000000, 0x00000000, 0x00000000, 0x00000000, 0x00000000, 0x00804543, 0x00000000, 0x00000000, 0x00000000, 0x00000000,
  0x00000000, 0x00000000, 0x00000000, 0x00000000, 0x00000000, 0x00804545, 0x00000000, 0x00000000, 0x00000000, 0x00000000,
  0x00804547, 0x00000000, 0x00000000, 0x00000000, 0x00000000, 0x00804549, 0x00000000, 0x00000000, 0x00000000, 0x00000000,
  0x0080454B, 0x00000000, 0x00000000, 0x00000000, 0x00000000, 0x00000000, 0x00000000, 0x00000000, 0x00000000, 0x00000000,
  0x00000000, 0x00000000, 0x00000000, 0x0080454D, 0x00000000, 0x00000000, 0x00000000, 0x00000000, 0x00000000, 0x00000000,
  0xDC00054F, 0x00000000, 0x00000000, 0x00000000, 0x00000000, 0x00000000, 0x00000000, 0x00000000, 0x00000000, 0x00000000,
  0x00000000, 0x00000000, 0x00000000, 0x00000000, 0x00000000, 0x00000000, 0x00000000, 0x00000000, 0x00000000, 0x00000000,
  0x00000000, 0x00000000, 0x00000000, 0x00000000, 0x00000000, 0x00000000, 0x00000000, 0x00000000, 0x00000000, 0x00000000,
  0x00000000, 0x00000000, 0x00000000, 0x00000000, 0x00000000, 0x00000000, 0x00000000, 0x00000000, 0x00000000, 0x00000000,
  0x00000000, 0x00000000, 0x00000000, 0x00000000, 0x00000000, 0x00000000, 0x00000000, 0x00000000, 0x00000000, 0x00000000,
  0x00000000, 0x00000000, 0x00000000, 0x00000000, 0x00000000, 0x00000000, 0x00000000, 0x00000000, 0x00804550, 0x00000000,
  0x00000000, 0x00000000, 0x00000000, 0x00000000, 0x00000000, 0x00000000, 0x00000000, 0x00000000, 0x00000000, 0x00000000,
  0x00000000, 0x00000000, 0x00000000, 0x00000000, 0x00000000, 0x07000552, 0x00000000, 0x09000553, 0x09000554, 0x00000000,
  0x00000000, 0x00000000, 0x00000000, 0x00000000, 0x00000000, 0x00000000, 0x00000000, 0x00000000, 0x00000000, 0x00000000,
  0x00000000, 0x00000000, 0xDC000555, 0x00000000, 0x00000000, 0x00000000, 0x00000000, 0x00000000, 0x00000000, 0x00000000,
  0x00000000, 0x00000000, 0x00000000, 0x00000000, 0x00000000, 0x00000000, 0x00000000, 0x00000000, 0x00000000, 0x00000000,
  0x00000000, 0x00000000, 0x00000000, 0x00000000, 0x00000000, 0x00000000, 0x00000000, 0x00000000, 0x00000000, 0x00000000,
  0x00000000, 0x00000000, 0x00000000, 0x00000000, 0x00000000, 0x00000000, 0x00000000, 0x00000000, 0x00000000, 0x00000000,
  0x00000000, 0x00000000, 0x00000000, 0x00000000, 0x00000000, 0x00000000, 0x00000000, 0x00000000, 0x00000000, 0x00000000,
  0x00000000, 0x00000000, 0x00000000, 0xE6000557, 0xE6000558, 0xE6000559, 0x00000000, 0x00000000, 0x00000000, 0x00000000,
  0x00000000, 0x00000000, 0x00000000, 0x00000000, 0x00000000, 0x00000000, 0x00000000, 0x00000000, 0x00000000, 0x00000000,
  0x00000000, 0x00000000, 0x00000000, 0x00000000, 0x00000000, 0x00000000, 0x00000000, 0x00000000, 0x00000000, 0x00000000,
  0x00000000, 0x00000000, 0x00000000, 0x00000000, 0x00000000, 0x00000000, 0x00000000, 0x00000000, 0x0900055A, 0x0900055B,
  0x00000000, 0x00000000, 0x00000000, 0x00000000, 0x00000000, 0x00000000, 0x00000000, 0x00000000, 0x00000000, 0x00000000,
  0x00000000, 0x00000000, 0x00000000, 0x00000000, 0x00000000, 0x00000000, 0x00000000, 0x00000000, 0x00000000, 0x00000000,
  0x00000000, 0x00000000, 0x00000000, 0x00000000, 0x00000000, 0x00000000, 0x00000000, 0x00000000, 0x00000000, 0x00000000,
  0x0900055C, 0x00000000, 0x00000000, 0x00000000, 0x00000000, 0x00000000, 0x00000000, 0x00000000, 0x00000000, 0x00000000,
  0x00000000, 0x00000000, 0x00000000, 0x00000000, 0x00000000, 0x00000000, 0x00000000, 0x00000000, 0x00000000, 0x0900055D,
  0x00000000, 0x00000000, 0x00000000, 0x00000000, 0x00000000, 0x00000000, 0x00000000, 0x00000000, 0x00000000, 0x00000000,
  0xE600055E, 0x00000000, 0x00000000, 0x00000000, 0x00000000, 0x00000000, 0x00000000, 0x00000000, 0x00000000, 0x00000000,
  0x00000000, 0x00000000, 0x00000000, 0x00000000, 0x00000000, 0x00000000, 0x00000000, 0x00000000, 0x00000000, 0x00000000,
  0x00000000, 0x00000000, 0x00000000, 0x00000000, 0x00000000, 0x00000000, 0x00000000, 0x00000000, 0x00000000, 0x00000000,
  0x00000000, 0x00000000, 0x00000000, 0x00000000, 0x00000000, 0x00000000, 0x00000000, 0x00000000, 0x00000000, 0x00000000,
  0x00000000, 0x00000000, 0xE400055F, 0x00000000, 0x00000000, 0x00000000, 0x00000000, 0x00000000, 0x00000000, 0x00000000,
  0x00000000, 0x00000000, 0x00000000, 0x00000000, 0x00000000, 0x00000000, 0x00000000, 0x00000000, 0x00000000, 0x00000000,
  0x00000000, 0x00000000, 0x00000000, 0x00000000, 0x00000000, 0x00000000, 0x00000000, 0x00000000, 0x00000000, 0x00000000,
  0x00000000, 0x00000000, 0x00000000, 0x00000000, 0x00000000, 0x00000000, 0x00000000, 0x00000000, 0x00000000, 0x00000000,
  0x00000000, 0x00000000, 0x00000000, 0x00000000, 0x00000000, 0x00000000, 0x00000000, 0x00000000, 0x00000000, 0x00000000,
  0x00000000, 0x00000000, 0x00000000, 0x00000000, 0x00000000, 0x00000000, 0x00000000, 0x00000000, 0x00000000, 0x00000000,
  0xDE000560, 0xE6000561, 0xDC000562, 0x00000000, 0x00000000, 0x00000000, 0x00000000, 0x00000000, 0x00000000, 0x00000000,
  0x00000000, 0x00000000, 0x00000000, 0x00000000, 0x00000000, 0x00000000, 0x00000000, 0x00000000, 0x00000000, 0x00000000,
  0x00000000, 0x00000000, 0x00000000, 0x00000000, 0x00000000, 0x00000000, 0xE6000563, 0xDC000564, 0x00000000, 0x00000000,
  0x00000000, 0x00000000, 0x00000000, 0x00000000, 0x00000000, 0x00000000, 0x00000000, 0x00000000, 0x00000000, 0x00000000,
  0x00000000, 0x00000000, 0x00000000, 0x00000000, 0x00000000, 0x00000000, 0x00000000, 0x00000000, 0x00000000, 0x00000000,
  0x00000000, 0x00000000, 0x00000000, 0x00000000, 0x00000000, 0x00000000, 0x00000000, 0x00000000, 0x00000000, 0x00000000,
  0x00000000, 0x00000000, 0x00000000, 0x00000000, 0x00000000, 0x00000000, 0x00000000, 0x09000565, 0x00000000, 0x00000000,
  0x00000000, 0x00000000, 0x00000000, 0x00000000, 0x00000000, 0x00000000, 0x00000000, 0x00000000, 0x00000000, 0x00000000,
  0x00000000, 0x00000000, 0x00000000, 0x00000000, 0x00000000, 0x00000000, 0x00000000, 0x00000000, 0xE6000566, 0xE6000567,
  0xE6000568, 0xE6000569, 0xE600056A, 0xE600056B, 0xE600056C, 0xE600056D, 0x00000000, 0x00000000, 0xDC00056E, 0x00000000,
  0x00000000, 0x00000000, 0x00000000, 0x00000000, 0x00000000, 0x00000000, 0x00000000, 0x00000000, 0x00000000, 0x00000000,
  0x00000000, 0x00000000, 0x00000000, 0x00000000, 0x00000000, 0x00000000, 0x00000000, 0x00000000, 0x00000000, 0x00000000,
  0x00000000, 0x00000000, 0x00000000, 0x00000000, 0x00000000, 0x00000000, 0x00000000, 0x00000000, 0x00000000, 0x00000000,
  0x00000000, 0x00000000, 0x00000000, 0x00000000, 0x00000000, 0x00000000, 0x00000000, 0x00000000, 0x00000000, 0x00000000,
  0x00000000, 0x00000000, 0x00000000, 0x00000000, 0x00000000, 0x00000000, 0x00000000, 0xE600056F, 0xE6000570, 0xE6000571,
  0xE6000572, 0xE6000573, 0xDC000574, 0xDC000575, 0xDC000576, 0xDC000577, 0xDC000578, 0xDC000579, 0xE600057A, 0xE600057B,
  0xDC00057C, 0x00000000, 0xDC00057D, 0xDC00057E, 0xE600057F, 0xE6000580, 0xDC000581, 0xDC000582, 0xE6000583, 0xE6000584,
  0xE6000585, 0xE6000586, 0xE6000587, 0xDC000588, 0xE6000589, 0xE600058A, 0xE600058B, 0xE600058C, 0xE600058D, 0xE600058E,
  0xE600058F, 0xE6000590, 0xE6000591, 0xE6000592, 0xE6000593, 0xE6000594, 0xE6000595, 0xE6000596, 0xE6000597, 0xE6000598,
  0xE6000599, 0xE600059A, 0xDC00059B, 0x00000000, 0x00000000, 0xE600059C, 0xE600059D, 0xE600059E, 0xE600059F, 0xE60005A0,
  0xE60005A1, 0xDC0005A2, 0xE60005A3, 0xE60005A4, 0xE60005A5, 0xE60005A6, 0xEA0005A7, 0x00000000, 0x00000000, 0x00000000,
  0x00000000, 0x00000000, 0x00000000, 0x00000000, 0x00000000, 0x00000000, 0x00000000, 0x00000000, 0x00000000, 0x00000000,
  0x00000000, 0x00000000, 0x00000000, 0x00000000, 0x00000000, 0x00000000, 0x00000000, 0x008045A8, 0x00000000, 0x008045AA,
  0x00000000, 0x008045AC, 0x00000000, 0x008045AE, 0x00000000, 0x008045B0, 0x00000000, 0x00000000, 0x00000000, 0x008045B2,
  0x00000000, 0x00000000, 0x00000000, 0x00000000, 0x00000000, 0x00000000, 0x00000000, 0x00000000, 0x00000000, 0x00000000,
  0x00000000, 0x00000000, 0x00000000, 0x00000000, 0x00000000, 0x00000000, 0x00000000, 0x00000000, 0x00000000, 0x00000000,
  0x00000000, 0x00000000, 0x00000000, 0x00000000, 0x00000000, 0x00000000, 0x00000000, 0x00000000, 0x00000000, 0x00000000,
  0x00000000, 0x00000000, 0x00000000, 0x070005B4, 0x00000000, 0x00000000, 0x00000000, 0x00000000, 0x00000000, 0x00000000,
  0x008045B5, 0x00000000, 0x008045B7, 0x00000000, 0x00000000, 0x008045B9, 0x008045BB, 0x00000000, 0x008045BD, 0x090005BF,
  0x00000000, 0x00000000, 0x00000000, 0x00000000, 0x00000000, 0x00000000, 0x00000000, 0x00000000, 0x00000000, 0x00000000,
  0x00000000, 0x00000000, 0x00000000, 0x00000000, 0x00000000, 0x00000000, 0x00000000, 0x00000000, 0x00000000, 0x00000000,
  0x00000000, 0x00000000, 0x00000000, 0x00000000, 0x00000000, 0x00000000, 0x00000000, 0x00000000, 0x00000000, 0x00000000,
  0x00000000, 0x00000000, 0x00000000, 0x00000000, 0x00000000, 0x00000000, 0x00000000, 0x00000000, 0xE60005C0, 0xDC0005C1,
  0xE60005C2, 0xE60005C3, 0xE60005C4, 0xE60005C5, 0xE60005C6, 0xE60005C7, 0xE60005C8, 0x00000000, 0x00000000, 0x00000000,
  0x00000000, 0x00000000, 0x00000000, 0x00000000, 0x00000000, 0x00000000, 0x00000000, 0x00000000, 0x00000000, 0x00000000,
  0x00000000, 0x00000000, 0x00000000, 0x00000000, 0x00000000, 0x00000000, 0x00000000, 0x00000000, 0x00000000, 0x00000000,
  0x00000000, 0x00000000, 0x00000000, 0x00000000, 0x00000000, 0x00000000, 0x00000000, 0x00000000, 0x00000000, 0x00000000,
  0x00000000, 0x00000000, 0x00000000, 0x00000000, 0x00000000, 0x00000000, 0x00000000, 0x00000000, 0x00000000, 0x090005C9,
  0x090005CA, 0x00000000, 0x00000000, 0x00000000, 0x00000000, 0x00000000, 0x00000000, 0x00000000, 0x00000000, 0x00000000,
  0x00000000, 0x00000000, 0x00000000, 0x00000000, 0x00000000, 0x00000000, 0x00000000, 0x00000000, 0x00000000, 0x00000000,
  0x00000000, 0x00000000, 0x00000000, 0x00000000, 0x00000000, 0x00000000, 0x00000000, 0x00000000, 0x00000000, 0x00000000,
  0x00000000, 0x00000000, 0x00000000, 0x00000000, 0x00000000, 0x00000000, 0x00000000, 0x00000000, 0x00000000, 0x070005CB,
  0x00000000, 0x00000000, 0x00000000, 0x00000000, 0x00000000, 0x00000000, 0x00000000, 0x00000000, 0x00000000, 0x00000000,
  0x00000000, 0x090005CC, 0x090005CD, 0x00000000, 0x00000000, 0x00000000, 0x00000000, 0x00000000, 0x00000000, 0x00000000,
  0x00000000, 0x00000000, 0x00000000, 0x00000000, 0x00000000, 0x00000000, 0x00000000, 0x00000000, 0x00000000, 0x00000000,
  0x00000000, 0x00000000, 0x00000000, 0x00000000, 0x00000000, 0x00000000, 0x00000000, 0x00000000, 0x00000000, 0x00000000,
  0x00000000, 0x00000000, 0x00000000, 0x00000000, 0x00000000, 0x00000000, 0x00000000, 0x00000000, 0x00000000, 0x00000000,
  0x00000000, 0x00000000, 0x00000000, 0x00000000, 0x00000000, 0x00000000, 0x00000000, 0x00000000, 0x00000000, 0x00000000,
  0x00000000, 0x00000000, 0x00000000, 0x00000000, 0x00000000, 0x00000000, 0x00000000, 0x00000000, 0x070005CE, 0x00000000,
  0x00000000, 0x00000000, 0x00000000, 0x00000000, 0x00000000, 0x00000000, 0x00000000, 0x00000000, 0x00000000, 0x00000000,
  0x00000000, 0x00000000, 0x00000000, 0x00000000, 0x00000000, 0xE60005CF, 0xE60005D0, 0xE60005D1, 0x00000000, 0x010005D2,
  0xDC0005D3, 0xDC0005D4, 0xDC0005D5, 0xDC0005D6, 0xDC0005D7, 0xE60005D8, 0xE60005D9, 0xDC0005DA, 0xDC0005DB, 0xDC0005DC,
  0xDC0005DD, 0xE60005DE, 0x00000000, 0x010005DF, 0x010005E0, 0x010005E1, 0x010005E2, 0x010005E3, 0x010005E4, 0x010005E5,
  0x00000000, 0x00000000, 0x00000000, 0x00000000, 0xDC0005E6, 0x00000000, 0x00000000, 0x00000000, 0x00000000, 0x00000000,
  0x00000000, 0xE60005E7, 0x00000000, 0x00000000, 0x00000000, 0xE60005E8, 0xE60005E9, 0x00000000, 0x00000000, 0x00000000,
  0x00000000, 0x00000000, 0x00000000, 0xE600064C, 0xE600064D, 0xDC00064E, 0xE600064F, 0xE6000650, 0xE6000651, 0xE6000652,
  0xE6000653, 0xE6000654, 0xE6000655, 0xDC000656, 0xE6000657, 0xE6000658, 0xEA000659, 0xD600065A, 0xDC00065B, 0xCA00065C,
  0xE600065D, 0xE600065E, 0xE600065F, 0xE6000660, 0xE6000661, 0xE6000662, 0xE6000663, 0xE6000664, 0xE6000665, 0xE6000666,
  0xE6000667, 0xE6000668, 0xE6000669, 0xE600066A, 0xE600066B, 0xE600066C, 0xE600066D, 0xE600066E, 0xE600066F, 0xE6000670,
  0xE6000671, 0xE6000672, 0xE6000673, 0xE6000674, 0xE6000675, 0xE6000676, 0xE6000677, 0xE6000678, 0xE6000679, 0xE600067A,
  0xE600067B, 0xE600067C, 0xE600067D, 0xE600067E, 0xE600067F, 0xE6000680, 0xE6000681, 0xE8000682, 0xE4000683, 0xE4000684,
  0xDC000685, 0xDA000686, 0xE6000687, 0xE9000688, 0xDC000689, 0xE600068A, 0xDC00068B, 0xDC80468C, 0xDC80468E, 0xE6804690,
  0xE6804692, 0xDC804694, 0xDC804696, 0xDC804698, 0xDC80469A, 0xE680869C, 0xE680869F, 0xE68046A2, 0xE68046A4, 0xDC8046A6,
  0xDC8046A8, 0xDC8046AA, 0xDC8046AC, 0xCA8046AE, 0xCA8046B0, 0xDC8046B2, 0xDC8046B4, 0xE68086B6, 0xE68086B9, 0xE68086BC,
  0xE68086BF, 0xDC8046C2, 0xDC8046C4, 0xDC8046C6, 0xDC8046C8, 0xE68086CA, 0xE68086CD, 0xE68046D0, 0xE68046D2, 0xE68046D4,
  0xE68046D6, 0xE68046D8, 0xE68046DA, 0xDC8046DC, 0xDC8046DE, 0xE68046E0, 0xE68046E2, 0xCA8046E4, 0xCA8046E6, 0xDC8046E8,
  0xDC8046EA, 0xDC8046EC, 0xDC8046EE, 0xE68086F0, 0xE68086F3, 0xE68046F6, 0xE68046F8, 0xDC8046FA, 0xDC8046FC, 0xDC8046FE,
  0xDC804700, 0xDC804702, 0xDC804704, 0xE6808706, 0xE6808709, 0xDC80470C, 0xDC80470E, 0xDC804710, 0xDC804712, 0xE6804714,
  0xE6804716, 0xE6804718, 0xE680471A, 0xDC80471C, 0xDC80471E, 0xE6804720, 0xE6804722, 0xDC804724, 0xDC804726, 0xDC804728,
  0xDC80472A, 0xDC80472C, 0xDC80472E, 0xE6808730, 0xE6808733, 0xE6808736, 0xE6808739, 0xE680873C, 0xE680873F, 0xE6808742,
  0xE6808745, 0xE6804748, 0xE680474A, 0xE680474C, 0xE680474E, 0xE6804750, 0xE6804752, 0xDC804754, 0xDC804756, 0xE6808758,
  0xE680875B, 0xDC80475E, 0xDC804760, 0xE6804762, 0xE6804764, 0xDC804766, 0xDC804768, 0xE680876A, 0xE680876D, 0xE6808770,
  0xE6808773, 0xE6808776, 0xE6808779, 0xE680477C, 0xE680477E, 0xDC804780, 0xDC804782, 0xDC804784, 0xDC804786, 0xDC804788,
  0xDC80478A, 0xDC80478C, 0xDC80478E, 0xDC804790, 0xDC804792, 0xDC804794, 0xDC804796, 0xE6808798, 0xE680879B, 0xE680879E,
  0xE68087A1, 0xE68047A4, 0xE68047A6, 0xDC8047A8, 0xDC8047AA, 0xE68047AC, 0xE68047AE, 0xE68047B0, 0xE68047B2, 0xE68047B4,
  0xE68047B6, 0xE68047B8, 0xE68047BA, 0xDC8047BC, 0xDC8047BE, 0xE68047C0, 0xE68047C2, 0xE68047C4, 0xE68047C6, 0xE68047C8,
  0xE68047CA, 0xE68047CC, 0xE68047CE, 0xDC8047D0, 0xDC8047D2, 0xDC8047D4, 0xDC8047D6, 0xDC8047D8, 0xE68047DA, 0xE68047DC,
  0xE68047DE, 0x00000000, 0xE68047E4, 0x00000000, 0x00000000, 0x00000000, 0x00000000, 0xDC8047E6, 0xDC8047E8, 0xE68047EA,
  0xE68047EC, 0xE68087EE, 0xE68087F1, 0xE68087F4, 0xE68087F7, 0xE68087FA, 0xE68087FD, 0xE6808800, 0xE6808803, 0xE6808806,
  0xE6808809, 0xE680880C, 0xE680880F, 0xE6808812, 0xE6808815, 0xE6808818, 0xE680881B, 0xE680881E, 0xE6808821, 0xE6808824,
  0xE6808827, 0xDC80482A, 0xDC80482C, 0xE680482E, 0xE6804830, 0xE6804832, 0xE6804834, 0xE6808836, 0xE6808839, 0xE680883C,
  0xE680883F, 0xE6808842, 0xE6808845, 0xE6808848, 0xE680884B, 0xE680884E, 0xE6808851, 0xE6804854, 0xE6804856, 0xDC804858,
  0xDC80485A, 0xDC80485C, 0xDC80485E, 0xE6804860, 0xE6804862, 0xE6808864, 0xE6808867, 0xE680886A, 0xE680886D, 0xE6808870,
  0xE6808873, 0xE6808876, 0xE6808879, 0xE680887C, 0xE680887F, 0xE6808882, 0xE6808885, 0xE6808888, 0xE680888B, 0xE680888E,
  0xE6808891, 0xE6808894, 0xE6808897, 0xDC80889A, 0xDC80889D, 0xDC8048A0, 0xDC8048A2, 0xE68048A4, 0xE68048A6, 0xE68088A8,
  0xE68088AB, 0xE68088AE, 0xE68088B1, 0xE68088B4, 0xE68088B7, 0xE68088BA, 0xE68088BD, 0xDC8088C0, 0xDC8088C3, 0xE68048C6,
  0xE68048C8, 0xDC8048CA, 0xDC8048CC, 0xE68048CE, 0xE68048D0, 0xE68048D2, 0xE68048D4, 0x00000000, 0x00000000, 0x00000000,
  0x00000000, 0x00000000, 0x00000000, 0xE68048D6, 0xE68048D8, 0xE68088DA, 0xE68088DD, 0xE68088E0, 0xE68088E3, 0xE68088E6,
  0xE68088E9, 0xE68048EC, 0xE68048EE, 0xE68088F0, 0xE68088F3, 0xE68088F6, 0xE68088F9, 0xE68088FC, 0xE68088FF, 0xE6804902,
  0xE6804904, 0xE6808906, 0xE6808909, 0xE680890C, 0xE680890F, 0x00000000, 0x00000000, 0xE6804912, 0xE6804914, 0xE6808916,
  0xE6808919, 0xE680891C, 0xE680891F, 0x00000000, 0x00000000, 0xE6804922, 0xE6804924, 0xE6808926, 0xE6808929, 0xE680892C,
  0xE680892F, 0xE6808932, 0xE6808935, 0xE6804938, 0xE680493A, 0xE680893C, 0xE680893F, 0xE6808942, 0xE6808945, 0xE6808948,
  0xE680894B, 0xE680494E, 0xE6804950, 0xE6808952, 0xE6808955, 0xE6808958, 0xE680895B, 0xE680895E, 0xE6808961, 0xE6804964,
  0xE6804966, 0xE6808968, 0xE680896B, 0xE680896E, 0xE6808971, 0xE6808974, 0xE6808977, 0xE680497A, 0xE680497C, 0xE680897E,
  0xE6808981, 0xE6808984, 0xE6808987, 0x00000000, 0x00000000, 0xE680498A, 0xE680498C, 0xE680898E, 0xE6808991, 0xE6808994,
  0xE6808997, 0x00000000, 0x00000000, 0xE680499A, 0xE680499C, 0xE680899E, 0xE68089A1, 0xE68089A4, 0xE68089A7, 0xE68089AA,
  0xE68089AD, 0x00000000, 0xE68049B0, 0x00000000, 0xE68089B2, 0x00000000, 0xE68089B5, 0x00000000, 0xE68089B8, 0xE68049BB,
  0xE68049BD, 0xE68089BF, 0xE68089C2, 0xE68089C5, 0xE68089C8, 0xE68089CB, 0xE68089CE, 0xE68049D1, 0xE68049D3, 0xE68089D5,
  0xE68089D8, 0xE68089DB, 0xE68089DE, 0xE68089E1, 0xE68089E4, 0xE68049E7, 0xE68049E9, 0xE68049EB, 0xE68049ED, 0xE68049EF,
  0xE68049F1, 0xE68049F3, 0xE68049F5, 0xE68049F7, 0xE68049F9, 0xE68049FB, 0xE68049FD, 0xE68049FF, 0xE6804A01, 0x00000000,
  0x00000000, 0xF0808A03, 0xF0808A06, 0xF080CA09, 0xF080CA0D, 0xF080CA11, 0xF080CA15, 0xF080CA19, 0xF080CA1D, 0xF0808A21,
  0xF0808A24, 0xF080CA27, 0xF080CA2B, 0xF080CA2F, 0xF080CA33, 0xF080CA37, 0xF080CA3B, 0xF0808A3F, 0xF0808A42, 0xF080CA45,
  0xF080CA49, 0xF080CA4D, 0xF080CA51, 0xF080CA55, 0xF080CA59, 0xF0808A5D, 0xF0808A60, 0xF080CA63, 0xF080CA67, 0xF080CA6B,
  0xF080CA6F, 0xF080CA73, 0xF080CA77, 0xF0808A7B, 0xF0808A7E, 0xF080CA81, 0xF080CA85, 0xF080CA89, 0xF080CA8D, 0xF080CA91,
  0xF080CA95, 0xF0808A99, 0xF0808A9C, 0xF080CA9F, 0xF080CAA3, 0xF080CAA7, 0xF080CAAB, 0xF080CAAF, 0xF080CAB3, 0xE6804AB7,
  0xE6804AB9, 0xF0808ABB, 0xF0804ABE, 0xF0808AC0, 0x00000000, 0xE6804AC3, 0xF0808AC5, 0xE6804AC8, 0xE6804ACA, 0xE6804ACC,
  0xE6804ACE, 0xF0804AD0, 0x00000000, 0x00800AD4, 0x00000000, 0xE6804ADC, 0xF0808ADE, 0xF0804AE1, 0xF0808AE3, 0x00000000,
  0xE6804AE6, 0xF0808AE8, 0xE6804AEB, 0xE6804AED, 0xE6804AEF, 0xE6804AF1, 0xF0804AF3, 0xE6804AF8, 0xE6804AFD, 0xE6804B02,
  0xE6804B04, 0xE6804B06, 0xE6808B08, 0xE6808B0B, 0x00000000, 0x00000000, 0xE6804B0E, 0xE6808B10, 0xE6804B13, 0xE6804B15,
  0xE6804B17, 0xE6804B19, 0x00000000, 0xE6804B1E, 0xE6804B23, 0xE6804B28, 0xE6804B2A, 0xE6804B2C, 0xE6808B2E, 0xE6808B31,
  0xE6804B34, 0xE6804B36, 0xE6804B38, 0xE6808B3A, 0xE6804B3D, 0xE6804B3F, 0xE6804B41, 0xE6804B43, 0xE6804B45, 0xE6804B4A,
  0xE6804B4F, 0x00800B51, 0x00000000, 0x00000000, 0xF0808B52, 0xF0804B55, 0xF0808B57, 0x00000000, 0xE6804B5A, 0xF0808B5C,
  0xE6804B5F, 0xE6804B61, 0xE6804B63, 0xE6804B65, 0xF0804B67, 0x00800B6B, 0x00000000, 0x00000000, 0x00800B6F, 0x00800B71,
  0x00000000, 0x00000000, 0x00000000, 0x00000000, 0x00000000, 0x00000000, 0x00000000, 0x00000000, 0x00000000, 0x00000000,
  0x00000000, 0x00000000, 0x00000000, 0x00000000, 0x00000000, 0x00000000, 0x00000000, 0x00000000, 0x00000000, 0x00000000,
  0x00000000, 0x00000000, 0x00000000, 0x00000000, 0x00000000, 0x00000000, 0x00000000, 0x00000000, 0x00000000, 0x00000000,
  0x00000000, 0x00000000, 0x00000000, 0x00000000, 0x00000000, 0x00000000, 0x00000000, 0x00000000, 0x00000000, 0x00000000,
  0x00000000, 0x00000000, 0x00000000, 0x00000000, 0x00000000, 0x00000000, 0x00000000, 0x00000000, 0x00000000, 0x00000000,
  0x00000000, 0x00000000, 0x00000000, 0x00000000, 0x00000000, 0x00000000, 0x00000000, 0x00000000, 0x00000000, 0x00000000,
  0x00000000, 0x00000000, 0xE6000BCA, 0xE6000BCB, 0x01000BCC, 0x01000BCD, 0xE6000BCE, 0xE6000BCF, 0xE6000BD0, 0xE6000BD1,
  0x01000BD2, 0x01000BD3, 0x01000BD4, 0xE6000BD5, 0xE6000BD6, 0x00000000, 0x00000000, 0x00000000, 0x00000000, 0xE6000BD7,
  0x00000000, 0x00000000, 0x00000000, 0x01000BD8, 0x01000BD9, 0xE6000BDA, 0xDC000BDB, 0xE6000BDC, 0x01000BDD, 0x01000BDE,
  0xDC000BDF, 0xDC000BE0, 0xDC000BE1, 0xDC000BE2, 0xE6000BE3, 0x00000000, 0x00000000, 0x00000000, 0x00000000, 0x00000000,
  0x00000000, 0x00000000, 0x00000000, 0x00000000, 0x00000000, 0x00000000, 0x00000000, 0x00000000, 0x00000000, 0x00000000,
  0x00000000, 0x00000000, 0x00000000, 0x00000000, 0x00000000, 0x00000000, 0x00000000, 0x00000000, 0x00000000, 0x00000000,
  0x00000000, 0x00000000, 0x00000000, 0x00000000, 0x00000000, 0x00000000, 0x00000000, 0x00000000, 0x00000000, 0x00000000,
  0x00000000, 0x00000000, 0x00000000, 0x00800C10, 0x00000000, 0x00000000, 0x00000000, 0x00800C12, 0xE6804C13, 0x00000000,
  0x00000000, 0x00000000, 0x00000000, 0x00000000, 0x00000000, 0x00000000, 0x00000000, 0x00000000, 0x00000000, 0x00000000,
  0x00000000, 0x00000000, 0x00000000, 0x00000000, 0x00000000, 0x00000000, 0x00000000, 0x00000000, 0x00000000, 0x00000000,
  0x00000000, 0x00000000, 0x00000000, 0x00000000, 0x00000000, 0x01804C9D, 0x01804C9F, 0x00000000, 0x00000000, 0x00000000,
  0x00000000, 0x00000000, 0x00000000, 0x00000000, 0x00000000, 0x00000000, 0x00000000, 0x00000000, 0x00000000, 0x00000000,
  0x00000000, 0x00000000, 0x00000000, 0x00000000, 0x00000000, 0x01804CA1, 0x00000000, 0x00000000, 0x00000000, 0x00000000,
  0x00000000, 0x00000000, 0x00000000, 0x00000000, 0x00000000, 0x00000000, 0x00000000, 0x00000000, 0x00000000, 0x00000000,
  0x00000000, 0x00000000, 0x00000000, 0x01804CA3, 0x01804CA5, 0x01804CA7, 0x00000000, 0x00000000, 0x00000000, 0x00000000,
  0x00000000, 0x00000000, 0x00000000, 0x00000000, 0x00000000, 0x00000000, 0x00000000, 0x00000000, 0x00000000, 0x00000000,
  0x00000000, 0x00000000, 0x00000000, 0x00000000, 0x00000000, 0x00000000, 0x00000000, 0x00000000, 0x00000000, 0x00000000,
  0x00000000, 0x00000000, 0x00000000, 0x00000000, 0x00000000, 0x00000000, 0x00000000, 0x00000000, 0x00000000, 0x00000000,
  0x00000000, 0x00000000, 0x00000000, 0x00000000, 0x00000000, 0x00000000, 0x00000000, 0x00000000, 0x00000000, 0x00000000,
  0x00000000, 0x00000000, 0x00000000, 0x00000000, 0x01804CA9, 0x00000000, 0x00000000, 0x00000000, 0x00000000, 0x01804CAB,
  0x00000000, 0x00000000, 0x01804CAD, 0x00000000, 0x00000000, 0x00000000, 0x00000000, 0x00000000, 0x00000000, 0x00000000,
  0x00000000, 0x00000000, 0x00000000, 0x00000000, 0x00000000, 0x00000000, 0x00000000, 0x00000000, 0x00000000, 0x00000000,
  0x00000000, 0x00000000, 0x00000000, 0x00000000, 0x00000000, 0x00000000, 0x01804CAF, 0x00000000, 0x01804CB1, 0x00000000,
  0x00000000, 0x00000000, 0x00000000, 0x00000000, 0x00000000, 0x00000000, 0x00000000, 0x00000000, 0x00000000, 0x00000000,
  0x00000000, 0x00000000, 0x00000000, 0x00000000, 0x00000000, 0x00000000, 0x00000000, 0x00000000, 0x00000000, 0x00000000,
  0x00000000, 0x00000000, 0x00000000, 0x00000000, 0x01804CBD, 0x00000000, 0x00000000, 0x01804CBF, 0x00000000, 0x00000000,
  0x01804CC1, 0x00000000, 0x01804CC3, 0x00000000, 0x00000000, 0x00000000, 0x00000000, 0x00000000, 0x00000000, 0x00000000,
  0x00000000, 0x00000000, 0x00000000, 0x00000000, 0x00000000, 0x00000000, 0x00000000, 0x00000000, 0x00000000, 0x00000000,
  0x00000000, 0x00000000, 0x00000000, 0x00000000, 0x00000000, 0x01804CC5, 0x00000000, 0x01804CC7, 0x00000000, 0x00000000,
  0x00000000, 0x00000000, 0x00000000, 0x00000000, 0x00000000, 0x00000000, 0x00000000, 0x00000000, 0x01804CC9, 0x01804CCB,
  0x01804CCD, 0x01804CCF, 0x01804CD1, 0x00000000, 0x00000000, 0x01804CD3, 0x01804CD5, 0x00000000, 0x00000000, 0x01804CD7,
  0x01804CD9, 0x00000000, 0x00000000, 0x00000000, 0x00000000, 0x00000000, 0x00000000, 0x01804CDB, 0x01804CDD, 0x00000000,
  0x00000000, 0x01804CDF, 0x01804CE1, 0x00000000, 0x00000000, 0x01804CE3, 0x01804CE5, 0x00000000, 0x00000000, 0x00000000,
  0x00000000, 0x00000000, 0x00000000, 0x00000000, 0x00000000, 0x00000000, 0x00000000, 0x00000000, 0x00000000, 0x00000000,
  0x00000000, 0x00000000, 0x00000000, 0x00000000, 0x00000000, 0x00000000, 0x00000000, 0x00000000, 0x00000000, 0x00000000,
  0x00000000, 0x00000000, 0x00000000, 0x00000000, 0x00000000, 0x00000000, 0x00000000, 0x00000000, 0x00000000, 0x00000000,
  0x00000000, 0x01804CE7, 0x01804CE9, 0x01804CEB, 0x01804CED, 0x00000000, 0x00000000, 0x00000000, 0x00000000, 0x00000000,
  0x00000000, 0x00000000, 0x00000000, 0x00000000, 0x00000000, 0x00000000, 0x00000000, 0x00000000, 0x00000000, 0x00000000,
  0x00000000, 0x00000000, 0x00000000, 0x00000000, 0x00000000, 0x00000000, 0x00000000, 0x00000000, 0x00000000, 0x00000000,
  0x00000000, 0x00000000, 0x00000000, 0x00000000, 0x00000000, 0x00000000, 0x00000000, 0x01804CEF, 0x01804CF1, 0x01804CF3,
  0x01804CF5, 0x00000000, 0x00000000, 0x00000000, 0x00000000, 0x00000000, 0x00000000, 0x01804CF7, 0x01804CF9, 0x01804CFB,
  0x01804CFD, 0x00000000, 0x00000000, 0x00000000, 0x00000000, 0x00000000, 0x00000000, 0x00000000, 0x00000000, 0x00000000,
  0x00000000, 0x00000000, 0x00000000, 0x00000000, 0x00000000, 0x00000000, 0x00000000, 0x00000000, 0x00000000, 0x00000000,
  0x00000000, 0x00000000, 0x00000000, 0x00000000, 0x00000000, 0x00000000, 0x00000000, 0x00000000, 0x00000000, 0x00000000,
  0x00000000, 0x00000000, 0x00000000, 0x00000000, 0x00000000, 0x00000000, 0x00000000, 0x00000000, 0x00000000, 0x00000000,
  0x00000000, 0x00000000, 0x00800CFF, 0x00800D00, 0x00000000, 0x00000000, 0x00000000, 0x00000000, 0x00000000, 0x00000000,
  0x00000000, 0x00000000, 0x00000000, 0x00000000, 0x00000000, 0x00000000, 0x00000000, 0x00000000, 0x00000000, 0x00000000,
  0x00000000, 0x00000000, 0x00000000, 0x00000000, 0x00000000, 0x00000000, 0x00000000, 0x00000000, 0x00000000, 0x00000000,
  0x00000000, 0x00000000, 0x01804E29, 0x00000000, 0x00000000, 0x00000000, 0x00000000, 0x00000000, 0x00000000, 0x00000000,
  0x00000000, 0x00000000, 0x00000000, 0x00000000, 0x00000000, 0x00000000, 0x00000000, 0x00000000, 0x00000000, 0x00000000,
  0x00000000, 0x00000000, 0x00000000, 0x00000000, 0x00000000, 0x00000000, 0x00000000, 0x00000000, 0x00000000, 0x00000000,
  0x00000000, 0x00000000, 0x00000000, 0x00000000, 0x00000000, 0x00000000, 0x00000000, 0x00000000, 0x00000000, 0x00000000,
  0x00000000, 0x00000000, 0x00000000, 0x00000000, 0x00000000, 0x00000000, 0x00000000, 0x00000000, 0x00000000, 0x00000000,
  0xE6000E2D, 0xE6000E2E, 0xE6000E2F, 0x00000000, 0x00000000, 0x00000000, 0x00000000, 0x00000000, 0x00000000, 0x00000000,
  0x00000000, 0x00000000, 0x00000000, 0x00000000, 0x00000000, 0x00000000, 0x00000000, 0x00000000, 0x00000000, 0x00000000,
  0x00000000, 0x00000000, 0x00000000, 0x00000000, 0x00000000, 0x00000000, 0x00000000, 0x00000000, 0x00000000, 0x00000000,
  0x00000000, 0x00000000, 0x00000000, 0x00000000, 0x00000000, 0x00000000, 0x00000000, 0x00000000, 0x00000000, 0x00000000,
  0x00000000, 0x00000000, 0x00000000, 0x00000000, 0x00000000, 0x00000000, 0x00000000, 0x00000000, 0x00000000, 0x00000000,
  0x00000000, 0x00000000, 0x00000000, 0x00000000, 0x00000000, 0x00000000, 0x00000000, 0x00000000, 0x00000000, 0x00000000,
  0x00000000, 0x00000000, 0x00000000, 0x00000000, 0x00000000, 0x00000000, 0x09000E31, 0x00000000, 0x00000000, 0x00000000,
  0x00000000, 0x00000000, 0x00000000, 0x00000000, 0x00000000, 0x00000000, 0x00000000, 0x00000000, 0x00000000, 0x00000000,
  0x00000000, 0x00000000, 0x00000000, 0x00000000, 0x00000000, 0x00000000, 0x00000000, 0x00000000, 0x00000000, 0x00000000,
  0x00000000, 0x00000000, 0x00000000, 0x00000000, 0x00000000, 0x00000000, 0x00000000, 0x00000000, 0x00000000, 0xE6000E32,
  0xE6000E33, 0xE6000E34, 0xE6000E35, 0xE6000E36, 0xE6000E37, 0xE6000E38, 0xE6000E39, 0xE6000E3A, 0xE6000E3B, 0xE6000E3C,
  0xE6000E3D, 0xE6000E3E, 0xE6000E3F, 0xE6000E40, 0xE6000E41, 0xE6000E42, 0xE6000E43, 0xE6000E44, 0xE6000E45, 0xE6000E46,
  0xE6000E47, 0xE6000E48, 0xE6000E49, 0xE6000E4A, 0xE6000E4B, 0xE6000E4C, 0xE6000E4D, 0xE6000E4E, 0xE6000E4F, 0xE6000E50,
  0xE6000E51, 0x00000000, 0x00000000, 0x00000000, 0x00000000, 0x00000000, 0x00000000, 0x00000000, 0x00000000, 0x00000000,
  0x00000000, 0x00000000, 0x00000000, 0x00000000, 0x00000000, 0x00000000, 0x00000000, 0x00000000, 0x00000000, 0x00000000,
  0x00000000, 0x00000000, 0x00000000, 0x00000000, 0x00000000, 0x00000000, 0x00000000, 0x00000000, 0x00000000, 0x00000000,
  0x00000000, 0x00000000, 0x00000000, 0x00000000, 0x00000000, 0x00000000, 0x00000000, 0x00000000, 0x00000000, 0x00000000,
  0x00000000, 0x00000000, 0x00000000, 0xDA000F2B, 0xE4000F2C, 0xE8000F2D, 0xDE000F2E, 0xE0000F2F, 0xE0000F30, 0x00000000,
  0x00000000, 0x00000000, 0x00000000, 0x00000000, 0x00000000, 0x00000000, 0x00000000, 0x00000000, 0x00000000, 0x00000000,
  0x00000000, 0x00000000, 0x00000000, 0x00000000, 0x00000000, 0x08804F35, 0x00000000, 0x08804F37, 0x00000000, 0x08804F39,
  0x00000000, 0x08804F3B, 0x00000000, 0x08804F3D, 0x00000000, 0x08804F3F, 0x00000000, 0x08804F41, 0x00000000, 0x08804F43,
  0x00000000, 0x08804F45, 0x00000000, 0x08804F47, 0x00000000, 0x08804F49, 0x00000000, 0x08804F4B, 0x00000000, 0x00000000,
  0x08804F4D, 0x00000000, 0x08804F4F, 0x00000000, 0x08804F51, 0x00000000, 0x00000000, 0x00000000, 0x00000000, 0x00000000,
  0x00000000, 0x08804F53, 0x08804F55, 0x00000000, 0x08804F57, 0x08804F59, 0x00000000, 0x08804F5B, 0x08804F5D, 0x00000000,
  0x08804F5F, 0x08804F61, 0x00000000, 0x08804F63, 0x08804F65, 0x00000000, 0x00000000, 0x00000000, 0x00000000, 0x00000000,
  0x00000000, 0x00000000, 0x00000000, 0x00000000, 0x00000000, 0x00000000, 0x00000000, 0x00000000, 0x00000000, 0x00000000,
  0x00000000, 0x00000000, 0x00000000, 0x00000000, 0x00000000, 0x08804F67, 0x00000000, 0x00000000, 0x00000000, 0x00000000,
  0x08000F69, 0x08000F6A, 0x00000000, 0x00000000, 0x00000000, 0x08804F6F, 0x00000000, 0x00000000, 0x00000000, 0x00000000,
  0x00000000, 0x00000000, 0x00000000, 0x00000000, 0x00000000, 0x00000000, 0x00000000, 0x00000000, 0x00000000, 0x08804F73,
  0x00000000, 0x08804F75, 0x00000000, 0x08804F77, 0x00000000, 0x08804F79, 0x00000000, 0x08804F7B, 0x00000000, 0x08804F7D,
  0x00000000, 0x08804F7F, 0x00000000, 0x08804F81, 0x00000000, 0x08804F83, 0x00000000, 0x08804F85, 0x00000000, 0x08804F87,
  0x00000000, 0x08804F89, 0x00000000, 0x00000000, 0x08804F8B, 0x00000000, 0x08804F8D, 0x00000000, 0x08804F8F, 0x00000000,
  0x00000000, 0x00000000, 0x00000000, 0x00000000, 0x00000000, 0x08804F91, 0x08804F93, 0x00000000, 0x08804F95, 0x08804F97,
  0x00000000, 0x08804F99, 0x08804F9B, 0x00000000, 0x08804F9D, 0x08804F9F, 0x00000000, 0x08804FA1, 0x08804FA3, 0x00000000,
  0x00000000, 0x00000000, 0x00000000, 0x00000000, 0x00000000, 0x00000000, 0x00000000, 0x00000000, 0x00000000, 0x00000000,
  0x00000000, 0x00000000, 0x00000000, 0x00000000, 0x00000000, 0x00000000, 0x00000000, 0x00000000, 0x00000000, 0x00000000,
  0x00000000, 0x08804FA5, 0x00000000, 0x00000000, 0x08804FA7, 0x08804FA9, 0x08804FAB, 0x08804FAD, 0x00000000, 0x00000000,
  0x00000000, 0x08804FAF, 0x00000000, 0x00000000, 0x00000000, 0x00000000, 0x00000000, 0x00000000, 0x00000000, 0x00000000,
  0x00000000, 0x00000000, 0x00000000, 0x00000000, 0x00000000, 0x00000000, 0x00000000, 0x00000000, 0x00000000, 0x00000000,
  0x00000000, 0x00000000, 0x00000000, 0x00000000, 0x00000000, 0x00000000, 0x00000000, 0x00000000, 0x00000000, 0x00000000,
  0x00000000, 0x00000000, 0x00000000, 0x00000000, 0x00000000, 0x00000000, 0x00000000, 0x00000000, 0x00000000, 0x00000000,
  0x00000000, 0x00000000, 0x00000000, 0x00000000, 0x00000000, 0x00000000, 0x00000000, 0x00000000, 0x00000000, 0xE60014FD,
  0x00000000, 0x00000000, 0x00000000, 0x00000000, 0xE60014FE, 0xE60014FF, 0xE6001500, 0xE6001501, 0xE6001502, 0xE6001503,
  0xE6001504, 0xE6001505, 0xE6001506, 0xE6001507, 0x00000000, 0x00000000, 0x00000000, 0x00000000, 0x00000000, 0x00000000,
  0x00000000, 0x00000000, 0x00000000, 0x00000000, 0x00000000, 0x00000000, 0x00000000, 0x00000000, 0x00000000, 0x00000000,
  0x00000000, 0x00000000, 0x00000000, 0x00000000, 0x00000000, 0x00000000, 0x00000000, 0x00000000, 0x00000000, 0x00000000,
  0x00000000, 0x00000000, 0x00000000, 0x00000000, 0xE600150A, 0xE600150B, 0x00000000, 0x00000000, 0x00000000, 0x00000000,
  0x00000000, 0x00000000, 0x00000000, 0x00000000, 0x00000000, 0x00000000, 0x00000000, 0x00000000, 0x00000000, 0x00000000,
  0x00000000, 0x00000000, 0x00000000, 0x00000000, 0x00000000, 0x00000000, 0x00000000, 0x00000000, 0x00000000, 0x00000000,
  0x00000000, 0x00000000, 0x00000000, 0x00000000, 0x00000000, 0x00000000, 0x00000000, 0x00000000, 0x00000000, 0x00000000,
  0x00000000, 0x00000000, 0x00000000, 0x00000000, 0x00000000, 0x00000000, 0x00000000, 0x00000000, 0x00000000, 0x00000000,
  0x00000000, 0x00000000, 0x00000000, 0x00000000, 0xE600150C, 0xE600150D, 0x00000000, 0x00000000, 0x00000000, 0x00000000,
  0x00000000, 0x00000000, 0x00000000, 0x00000000, 0x00000000, 0x00000000, 0x00000000, 0x00000000, 0x00000000, 0x00000000,
  0x09001515, 0x00000000, 0x00000000, 0x00000000, 0x00000000, 0x00000000, 0x00000000, 0x00000000, 0x00000000, 0x00000000,
  0x00000000, 0x00000000, 0x00000000, 0x00000000, 0x00000000, 0x00000000, 0x00000000, 0x00000000, 0x00000000, 0x00000000,
  0x00000000, 0x00000000, 0x00000000, 0x00000000, 0x00000000, 0x00000000, 0x00000000, 0x00000000, 0x00000000, 0x00000000,
  0x00000000, 0x00000000, 0x00000000, 0x00000000, 0x00000000, 0x00000000, 0x00000000, 0x00000000, 0x09001516, 0x00000000,
  0x00000000, 0x00000000, 0x00000000, 0x00000000, 0x00000000, 0x00000000, 0x00000000, 0x00000000, 0x00000000, 0x00000000,
  0x00000000, 0x00000000, 0x00000000, 0x00000000, 0x00000000, 0x00000000, 0x00000000, 0x00000000, 0x09001517, 0x00000000,
  0x00000000, 0x00000000, 0x00000000, 0x00000000, 0x00000000, 0x00000000, 0x00000000, 0x00000000, 0x00000000, 0x00000000,
  0x00000000, 0x00000000, 0x00000000, 0x00000000, 0x00000000, 0x00000000, 0x00000000, 0x00000000, 0x00000000, 0x00000000,
  0x00000000, 0x00000000, 0x00000000, 0x00000000, 0x00000000, 0x00000000, 0xE6001518, 0xE6001519, 0xE600151A, 0xE600151B,
  0xE600151C, 0xE600151D, 0xE600151E, 0xE600151F, 0xE6001520, 0xE6001521, 0xE6001522, 0xE6001523, 0xE6001524, 0xE6001525,
  0xE6001526, 0xE6001527, 0xE6001528, 0xE6001529, 0x00000000, 0x00000000, 0x00000000, 0x00000000, 0x00000000, 0x00000000,
  0x00000000, 0x00000000, 0x00000000, 0x00000000, 0x00000000, 0x00000000, 0x00000000, 0x00000000, 0x00000000, 0x00000000,
  0x00000000, 0x00000000, 0x00000000, 0x00000000, 0x00000000, 0x00000000, 0x00000000, 0x00000000, 0x00000000, 0x00000000,
  0x00000000, 0x00000000, 0x00000000, 0x00000000, 0x00000000, 0x00000000, 0x00000000, 0x00000000, 0x00000000, 0x00000000,
  0x00000000, 0x00000000, 0x00000000, 0x00000000, 0x00000000, 0x00000000, 0x00000000, 0xDC00152A, 0xDC00152B, 0xDC00152C,
  0x00000000, 0x00000000, 0x00000000, 0x00000000, 0x00000000, 0x00000000, 0x00000000, 0x00000000, 0x00000000, 0x00000000,
  0x00000000, 0x00000000, 0x00000000, 0x00000000, 0x00000000, 0x00000000, 0x00000000, 0x00000000, 0x00000000, 0x0900152D,
  0x00000000, 0x00000000, 0x00000000, 0x00000000, 0x00000000, 0x00000000, 0x00000000, 0x00000000, 0x00000000, 0x00000000,
  0x00000000, 0x00000000, 0x00000000, 0x00000000, 0x00000000, 0x00000000, 0x00000000, 0x00000000, 0x00000000, 0x00000000,
  0x00000000, 0x00000000, 0x00000000, 0x00000000, 0x00000000, 0x00000000, 0x00000000, 0x00000000, 0x00000000, 0x00000000,
  0x00000000, 0x00000000, 0x00000000, 0x00000000, 0x00000000, 0x00000000, 0x00000000, 0x00000000, 0x00000000, 0x00000000,
  0x00000000, 0x00000000, 0x00000000, 0x00000000, 0x00000000, 0x00000000, 0x00000000, 0x00000000, 0x00000000, 0x00000000,
  0x00000000, 0x0700152E, 0x00000000, 0x00000000, 0x00000000, 0x00000000, 0x00000000, 0x00000000, 0x00000000, 0x00000000,
  0x00000000, 0x00000000, 0x00000000, 0x00000000, 0x0900152F, 0x00000000, 0x00000000, 0x00000000, 0x00000000, 0x00000000,
  0x00000000, 0x00000000, 0x00000000, 0x00000000, 0x00000000, 0x00000000, 0x00000000, 0x00000000, 0x00000000, 0x00000000,
  0x00000000, 0x00000000, 0x00000000, 0x00000000, 0x00000000, 0x00000000, 0x00000000, 0x00000000, 0x00000000, 0x00000000,
  0x00000000, 0x00000000, 0x00000000, 0x00000000, 0x00000000, 0x00000000, 0x00000000, 0x00000000, 0x00000000, 0x00000000,
  0x00000000, 0x00000000, 0x00000000, 0x00000000, 0x00000000, 0x00000000, 0x00000000, 0x00000000, 0x00000000, 0x00000000,
  0x00000000, 0x00000000, 0x00000000, 0x00000000, 0x00000000, 0x00000000, 0x00000000, 0x00000000, 0x00000000, 0x00000000,
  0x00000000, 0x00000000, 0x00000000, 0x00000000, 0x00000000, 0x00000000, 0x00000000, 0x00000000, 0xE6001530, 0x00000000,
  0xE6001531, 0xE6001532, 0xDC001533, 0x00000000, 0x00000000, 0xE6001534, 0xE6001535, 0x00000000, 0x00000000, 0x00000000,
  0x00000000, 0x00000000, 0xE6001536, 0xE6001537, 0x00000000, 0xE6001538, 0x00000000, 0x00000000, 0x00000000, 0x00000000,
  0x00000000, 0x00000000, 0x00000000, 0x00000000, 0x00000000, 0x00000000, 0x00000000, 0x00000000, 0x00000000, 0x00000000,
  0x00000000, 0x00000000, 0x00000000, 0x00000000, 0x00000000, 0x00000000, 0x00000000, 0x00000000, 0x00000000, 0x00000000,
  0x00000000, 0x00000000, 0x00000000, 0x00000000, 0x00000000, 0x00000000, 0x00000000, 0x00000000, 0x00000000, 0x00000000,
  0x00000000, 0x00000000, 0x00000000, 0x00000000, 0x00000000, 0x00000000, 0x00000000, 0x00000000, 0x00000000, 0x00000000,
  0x00000000, 0x00000000, 0x00000000, 0x00000000, 0x00000000, 0x00000000, 0x00000000, 0x00000000, 0x09001539, 0x00000000,
  0x00000000, 0x00000000, 0x00000000, 0x00000000, 0x00000000, 0x00000000, 0x00000000, 0x00000000, 0x00000000, 0x00000000,
  0x00000000, 0x00000000, 0x00000000, 0x00000000, 0x00000000, 0x00000000, 0x00000000, 0x00000000, 0x00000000, 0x00000000,
  0x00000000, 0x00000000, 0x00000000, 0x00000000, 0x00000000, 0x00000000, 0x00000000, 0x00000000, 0x00000000, 0x00000000,
  0x00000000, 0x00000000, 0x00000000, 0x00000000, 0x00000000, 0x00000000, 0x00000000, 0x00000000, 0x00000000, 0x00000000,
  0x00000000, 0x00000000, 0x00000000, 0x00000000, 0x0900153F, 0x00000000, 0x00000000, 0x00000000, 0x00000000, 0x00000000,
  0x00000000, 0x00000000, 0x00000000, 0x00000000, 0x00000000, 0x00000000, 0x00000000, 0x00000000, 0x00000000, 0x00000000,
  0x00000000, 0x00000000, 0x00000000, 0x00801540, 0x00801541, 0x00801542, 0x00801543, 0x00801544, 0x00801545, 0x00801546,
  0x00801547, 0x00801548, 0x00801549, 0x0080154A, 0x0080154B, 0x0080154C, 0x0080154D, 0x0080154E, 0x0080154F, 0x00801550,
  0x00801551, 0x00801552, 0x00801553, 0x00801554, 0x00801555, 0x00801556, 0x00801557, 0x00801558, 0x00801559, 0x0080155A,
  0x0080155B, 0x0080155C, 0x0080155D, 0x0080155E, 0x0080155F, 0x00801560, 0x00801561, 0x00801562, 0x00801563, 0x00801564,
  0x00801565, 0x00801566, 0x00801567, 0x00801568, 0x00801569, 0x0080156A, 0x0080156B, 0x0080156C, 0x0080156D, 0x0080156E,
  0x0080156F, 0x00801570, 0x00801571, 0x00801572, 0x00801573, 0x00801574, 0x00801575, 0x00801576, 0x00801577, 0x00801578,
  0x00801579, 0x0080157A, 0x0080157B, 0x0080157C, 0x0080157D, 0x0080157E, 0x0080157F, 0x00801580, 0x00801581, 0x00801582,
  0x00801583, 0x00801584, 0x00801585, 0x00801586, 0x00801587, 0x00801588, 0x00801589, 0x0080158A, 0x0080158B, 0x0080158C,
  0x0080158D, 0x0080158E, 0x0080158F, 0x00801590, 0x00801591, 0x00801592, 0x00801593, 0x00801594, 0x00801595, 0x00801596,
  0x00801597, 0x00801598, 0x00801599, 0x0080159A, 0x0080159B, 0x0080159C, 0x0080159D, 0x0080159E, 0x0080159F, 0x008015A0,
  0x008015A1, 0x008015A2, 0x008015A3, 0x008015A4, 0x008015A5, 0x008015A6, 0x008015A7, 0x008015A8, 0x008015A9, 0x008015AA,
  0x008015AB, 0x008015AC, 0x008015AD, 0x008015AE, 0x008015AF, 0x008015B0, 0x008015B1, 0x008015B2, 0x008015B3, 0x008015B4,
  0x008015B5, 0x008015B6, 0x008015B7, 0x008015B8, 0x008015B9, 0x008015BA, 0x008015BB, 0x008015BC, 0x008015BD, 0x008015BE,
  0x008015BF, 0x008015C0, 0x008015C1, 0x008015C2, 0x008015C3, 0x008015C4, 0x008015C5, 0x008015C6, 0x008015C7, 0x008015C8,
  0x008015C9, 0x008015CA, 0x008015CB, 0x008015CC, 0x008015CD, 0x008015CE, 0x008015CF, 0x008015D0, 0x008015D1, 0x008015D2,
  0x008015D3, 0x008015D4, 0x008015D5, 0x008015D6, 0x008015D7, 0x008015D8, 0x008015D9, 0x008015DA, 0x008015DB, 0x008015DC,
  0x008015DD, 0x008015DE, 0x008015DF, 0x008015E0, 0x008015E1, 0x008015E2, 0x008015E3, 0x008015E4, 0x008015E5, 0x008015E6,
  0x008015E7, 0x008015E8, 0x008015E9, 0x008015EA, 0x008015EB, 0x008015EC, 0x008015ED, 0x008015EE, 0x008015EF, 0x008015F0,
  0x008015F1, 0x008015F2, 0x008015F3, 0x008015F4, 0x008015F5, 0x008015F6, 0x008015F7, 0x008015F8, 0x008015F9, 0x008015FA,
  0x008015FB, 0x008015FC, 0x008015FD, 0x008015FE, 0x008015FF, 0x00801600, 0x00801601, 0x00801602, 0x00801603, 0x00801604,
  0x00801605, 0x00801606, 0x00801607, 0x00801608, 0x00801609, 0x0080160A, 0x0080160B, 0x0080160C, 0x0080160D, 0x0080160E,
  0x0080160F, 0x00801610, 0x00801611, 0x00801612, 0x00801613, 0x00801614, 0x00801615, 0x00801616, 0x00801617, 0x00801618,
  0x00801619, 0x0080161A, 0x0080161B, 0x0080161C, 0x0080161D, 0x0080161E, 0x0080161F, 0x00801620, 0x00801621, 0x00801622,
  0x00801623, 0x00801624, 0x00801625, 0x00801626, 0x00801627, 0x00801628, 0x00801629, 0x0080162A, 0x0080162B, 0x0080162C,
  0x0080162D, 0x0080162E, 0x0080162F, 0x00801630, 0x00801631, 0x00801632, 0x00801633, 0x00801634, 0x00801635, 0x00801636,
  0x00801637, 0x00801638, 0x00801639, 0x0080163A, 0x0080163B, 0x0080163C, 0x0080163D, 0x0080163E, 0x0080163F, 0x00801640,
  0x00801641, 0x00801642, 0x00801643, 0x00801644, 0x00801645, 0x00801646, 0x00801647, 0x00801648, 0x00801649, 0x0080164A,
  0x0080164B, 0x0080164C, 0x0080164D, 0x00000000, 0x00000000, 0x0080164E, 0x00000000, 0x0080164F, 0x00000000, 0x00000000,
  0x00801650, 0x00801651, 0x00801652, 0x00801653, 0x00801654, 0x00801655, 0x00801656, 0x00801657, 0x00801658, 0x00801659,
  0x00000000, 0x0080165A, 0x00000000, 0x0080165B, 0x00000000, 0x00000000, 0x0080165C, 0x0080165D, 0x00000000, 0x00000000,
  0x00000000, 0x0080165E, 0x0080165F, 0x00801660, 0x00801661, 0x00801662, 0x00801663, 0x00801664, 0x00801665, 0x00801666,
  0x00801667, 0x00801668, 0x00801669, 0x0080166A, 0x0080166B, 0x0080166C, 0x0080166D, 0x0080166E, 0x0080166F, 0x00801670,
  0x00801671, 0x00801672, 0x00801673, 0x00801674, 0x00801675, 0x00801676, 0x00801677, 0x00801678, 0x00801679, 0x0080167A,
  0x0080167B, 0x0080167C, 0x0080167D, 0x0080167E, 0x0080167F, 0x00801680, 0x00801681, 0x00801682, 0x00801683, 0x00801684,
  0x00801685, 0x00801686, 0x00801687, 0x00801688, 0x00801689, 0x0080168A, 0x0080168B, 0x0080168C, 0x0080168D, 0x0080168E,
  0x0080168F, 0x00801690, 0x00801691, 0x00801692, 0x00801693, 0x00801694, 0x00801695, 0x00801696, 0x00801697, 0x00801698,
  0x00801699, 0x0080169A, 0x0080169B, 0x0080169C, 0x0080169D, 0x0080169E, 0x0080169F, 0x008056A0, 0x008016A2, 0x00000000,
  0x00000000, 0x008016A3, 0x008016A4, 0x008016A5, 0x008016A6, 0x008016A7, 0x008016A8, 0x008016A9, 0x008016AA, 0x008016AB,
  0x008016AC, 0x008016AD, 0x008016AE, 0x008016AF, 0x008016B0, 0x008016B1, 0x008016B2, 0x008016B3, 0x008016B4, 0x008016B5,
  0x008016B6, 0x008016B7, 0x008016B8, 0x008016B9, 0x008016BA, 0x008016BB, 0x008016BC, 0x008016BD, 0x008016BE, 0x008016BF,
  0x008016C0, 0x008016C1, 0x008016C2, 0x008016C3, 0x008016C4, 0x008016C5, 0x008016C6, 0x008016C7, 0x008016C8, 0x008016C9,
  0x008016CA, 0x008016CB, 0x008016CC, 0x008016CD, 0x008016CE, 0x008016CF, 0x008016D0, 0x008016D1, 0x008016D2, 0x008016D3,
  0x008016D4, 0x008016D5, 0x008016D6, 0x008016D7, 0x008016D8, 0x008016D9, 0x008016DA, 0x008016DB, 0x008016DC, 0x008016DD,
  0x008016DE, 0x008016DF, 0x008016E0, 0x008016E1, 0x008016E2, 0x008016E3, 0x008016E4, 0x008016E5, 0x008016E6, 0x008016E7,
  0x008016E8, 0x008016E9, 0x008016EA, 0x008016EB, 0x008016EC, 0x008016ED, 0x008016EE, 0x008016EF, 0x008016F0, 0x008016F1,
  0x008016F2, 0x008016F3, 0x008016F4, 0x008016F5, 0x008016F6, 0x008016F7, 0x008016F8, 0x008016F9, 0x008016FA, 0x008016FB,
  0x008016FC, 0x008016FD, 0x008016FE, 0x008016FF, 0x00801700, 0x00801701, 0x00805702, 0x00805704, 0x00805706, 0x00801708,
  0x00801709, 0x0080170A, 0x0080570B, 0x0080570D, 0x0080570F, 0x00801711, 0x00801712, 0x00000000, 0x00000000, 0x00000000,
  0x00000000, 0x00000000, 0x00000000, 0x00000000, 0x00000000, 0x00000000, 0x00000000, 0x00000000, 0x00000000, 0x00000000,
  0x00000000, 0x00000000, 0x00000000, 0x00000000, 0x00000000, 0x00000000, 0x00000000, 0x00000000, 0x00000000, 0x00000000,
  0x00000000, 0x00000000, 0x00000000, 0x00000000, 0x00000000, 0x00000000, 0x00000000, 0x00000000, 0x00000000, 0x00000000,
  0x00000000, 0x00000000, 0x00000000, 0x00000000, 0x00000000, 0x0E80572D, 0x1A00172F, 0x11805730, 0x00000000, 0x00000000,
  0x00000000, 0x00000000, 0x00000000, 0x00000000, 0x00000000, 0x00000000, 0x00000000, 0x00000000, 0x1880573C, 0x1980573E,
  0x18809740, 0x19809743, 0x11805746, 0x12805748, 0x1580574A, 0x1580574C, 0x1580574E, 0x15805750, 0x15805752, 0x15805754,
  0x15805756, 0x00000000, 0x15805758, 0x1580575A, 0x1580575C, 0x1580575E, 0x15805760, 0x00000000, 0x15805762, 0x00000000,
  0x15805764, 0x15805766, 0x00000000, 0x15805768, 0x1580576A, 0x00000000, 0x1580576C, 0x1580576E, 0x15805770, 0x15805772,
  0x15805774, 0x13805776, 0x17805778, 0x1780577A, 0x1780577C, 0x00000000, 0x00000000, 0x00000000, 0x00000000, 0x00000000,
  0x00000000, 0x00000000, 0x00000000, 0x00000000, 0x00000000, 0x00000000, 0x00000000, 0x00000000, 0x00000000, 0x00000000,
  0x00000000, 0x00000000, 0x00000000, 0x00000000, 0x00000000, 0x00000000, 0x00000000, 0x00000000, 0x00000000, 0x00000000,
  0x00000000, 0x00000000, 0x00000000, 0x00000000, 0x00000000, 0x00000000, 0x00000000, 0x00000000, 0x00000000, 0x00000000,
  0x00000000, 0x00000000, 0x00000000, 0x00000000, 0x00000000, 0x00000000, 0x00000000, 0x00000000, 0x00000000, 0x00000000,
  0x00000000, 0x00000000, 0x00000000, 0x00000000, 0xE6001C80, 0xE6001C81, 0xE6001C82, 0xE6001C83, 0xE6001C84, 0xE6001C85,
  0xE6001C86, 0xDC001C87, 0xDC001C88, 0xDC001C89, 0xDC001C8A, 0xDC001C8B, 0xDC001C8C, 0xDC001C8D, 0xE6001C8E, 0xE6001C8F,
  0x00000000, 0x00000000, 0x00000000, 0x00000000, 0x00000000, 0x00000000, 0x00000000, 0x00000000, 0x00000000, 0x00000000,
  0x00000000, 0x00000000, 0x00000000, 0x00000000, 0x00000000, 0x00000000, 0x00000000, 0x00000000, 0x00000000, 0x00000000,
  0x00000000, 0x00000000, 0x00000000, 0x00000000, 0x00000000, 0x00000000, 0x00000000, 0x00000000, 0x00000000, 0x00000000,
  0x00000000, 0x00000000, 0x00000000, 0x00000000, 0x00000000, 0x00000000, 0x00000000, 0x00000000, 0x00000000, 0x00000000,
  0x00000000, 0x00000000, 0x00000000, 0x00000000, 0x00000000, 0x00000000, 0x00000000, 0x00000000, 0x00000000, 0x00000000,
  0x00000000, 0x00000000, 0x00000000, 0x00000000, 0x00000000, 0x00000000, 0x00000000, 0x00000000, 0x00000000, 0x00000000,
  0x00000000, 0xDC005E62, 0x00000000, 0x00000000, 0x00000000, 0x00000000, 0x00000000, 0x00000000, 0x00000000, 0x00000000,
  0x00000000, 0x00000000, 0x00000000, 0x00000000, 0x00000000, 0x00000000, 0x00000000, 0x00000000, 0x00000000, 0x00000000,
  0x00000000, 0x00000000, 0x00000000, 0x00000000, 0x00000000, 0x00000000, 0x00000000, 0x00000000, 0x00000000, 0x00000000,
  0x00000000, 0x00000000, 0x00000000, 0x00000000, 0xDC005E64, 0x00000000, 0x00000000, 0x00000000, 0x00000000, 0x00000000,
  0x00000000, 0x00000000, 0x00000000, 0x00000000, 0x00000000, 0x00000000, 0x00000000, 0x00000000, 0x00000000, 0x00000000,
  0x00000000, 0x00000000, 0x00000000, 0x00000000, 0x00000000, 0x00000000, 0x00000000, 0x00000000, 0x00000000, 0x00000000,
  0x00000000, 0x00000000, 0x00000000, 0x00000000, 0x00000000, 0x00000000, 0x00000000, 0x00000000, 0x00000000, 0x00000000,
  0x00000000, 0x00000000, 0x00000000, 0x00000000, 0x00000000, 0x00000000, 0x00000000, 0x00000000, 0x00000000, 0x00000000,
  0x00000000, 0x00000000, 0x00000000, 0x00000000, 0x00000000, 0x00000000, 0x00000000, 0x00000000, 0x00000000, 0xE6005E66,
  0xE6005E68, 0xE6005E6A, 0xE6005E6C, 0xE6005E6E, 0x00000000, 0x00000000, 0x00000000, 0x00000000, 0x00000000, 0x00000000,
  0x00000000, 0x00000000, 0x00000000, 0xE6809E70, 0x00000000, 0x00000000, 0x00000000, 0x00000000, 0x00000000, 0x00000000,
  0x00000000, 0x00000000, 0x00000000, 0x00000000, 0x00000000, 0x00000000, 0x00000000, 0x00000000, 0x00000000, 0x00000000,
  0x00000000, 0x00000000, 0x00000000, 0x00000000, 0x00000000, 0x00000000, 0x00000000, 0x00000000, 0x00000000, 0x00000000,
  0xE6809E73, 0x00000000, 0x00000000, 0x00000000, 0x00000000, 0x00000000, 0x00000000, 0x00000000, 0x00000000, 0x00000000,
  0x00000000, 0x00000000, 0x00000000, 0x00000000, 0x00000000, 0x00000000, 0x00000000, 0x00000000, 0x00000000, 0x00000000,
  0x00000000, 0x00000000, 0x00000000, 0x00000000, 0x00000000, 0x00000000, 0x00000000, 0x00000000, 0xDC005EB4, 0x00000000,
  0xE6005EB6, 0x00000000, 0x00000000, 0x00000000, 0x00000000, 0x00000000, 0x00000000, 0x00000000, 0x00000000, 0x00000000,
  0x00000000, 0x00000000, 0x00000000, 0x00000000, 0x00000000, 0x00000000, 0x00000000, 0x00000000, 0x00000000, 0x00000000,
  0x00000000, 0x00000000, 0x00000000, 0x00000000, 0x00000000, 0x00000000, 0x00000000, 0x00000000, 0x00000000, 0x00000000,
  0x00000000, 0x00000000, 0x00000000, 0x00000000, 0x00000000, 0x00000000, 0x00000000, 0x00000000, 0x00000000, 0x00000000,
  0x00000000, 0xE6005EB8, 0x01005EBA, 0xDC005EBC, 0x00000000, 0x00000000, 0x00000000, 0x00000000, 0x09005EBE, 0x00000000,
  0x00000000, 0x00000000, 0x00000000, 0x00000000, 0x00000000, 0x00000000, 0x00000000, 0x00000000, 0x00000000, 0x00000000,
  0x00000000, 0x00000000, 0x00000000, 0x00000000, 0x00000000, 0x00000000, 0x00000000, 0x00000000, 0x00000000, 0x00000000,
  0x00000000, 0x00000000, 0x00000000, 0x00000000, 0x00000000, 0x00000000, 0x00000000, 0x00000000, 0x00000000, 0x00000000,
  0x00000000, 0x00000000, 0x00000000, 0x00000000, 0x00000000, 0x00000000, 0xE6005EC0, 0xDC005EC2, 0x00000000, 0x00000000,
  0x00000000, 0x00000000, 0x00000000, 0x00000000, 0x00000000, 0x00000000, 0x00000000, 0x00000000, 0x00000000, 0x00000000,
  0x00000000, 0x00000000, 0x00000000, 0x00000000, 0x00000000, 0x00000000, 0x00000000, 0x00000000, 0x00000000, 0x00000000,
  0x00000000, 0x00000000, 0x00000000, 0x00000000, 0x00000000, 0x00000000, 0x00000000, 0x00000000, 0x00000000, 0x00000000,
  0x00000000, 0x00000000, 0x00000000, 0x00000000, 0xE6005EC4, 0xE6005EC6, 0xE6005EC8, 0xE6005ECA, 0x00000000, 0x00000000,
  0x00000000, 0x00000000, 0x00000000, 0x00000000, 0x00000000, 0x00000000, 0x00000000, 0x00000000, 0x00000000, 0x00000000,
  0x00000000, 0x00000000, 0x00000000, 0x00000000, 0x00000000, 0x00000000, 0x00000000, 0x00000000, 0x00000000, 0x00000000,
  0x00000000, 0x00000000, 0x00000000, 0x00000000, 0x00000000, 0x00000000, 0x00000000, 0x00000000, 0x00000000, 0x00000000,
  0x00000000, 0x00000000, 0x00000000, 0x00000000, 0x00000000, 0x00000000, 0x00000000, 0x00000000, 0x00000000, 0xE6005ECC,
  0xE6005ECE, 0xE6005ED0, 0xE6005ED2, 0xE6005ED4, 0x00000000, 0x00000000, 0x00000000, 0x00000000, 0x00000000, 0x00000000,
  0x00000000, 0x00000000, 0x00000000, 0x00000000, 0x00000000, 0x00000000, 0x00000000, 0x00000000, 0x00000000, 0x00000000,
  0x00000000, 0x00000000, 0x00000000, 0x00000000, 0x00000000, 0x00000000, 0x00000000, 0x00000000, 0x00000000, 0x00000000,
  0x00000000, 0x00000000, 0x00000000, 0x00000000, 0x00000000, 0x00000000, 0x00000000, 0x00000000, 0x00000000, 0x00000000,
  0x00000000, 0x00000000, 0x00000000, 0x00000000, 0x00000000, 0x00000000, 0x00000000, 0xE6005ED6, 0xE6005ED8, 0x00000000,
  0x00000000, 0x00000000, 0x00000000, 0x00000000, 0x00000000, 0x00000000, 0x00000000, 0x00000000, 0x00000000, 0x00000000,
  0x00000000, 0x00000000, 0x00000000, 0x00000000, 0x00000000, 0x00000000, 0x00000000, 0x00000000, 0x00000000, 0x00000000,
  0x00000000, 0x00000000, 0x00000000, 0x00000000, 0x00000000, 0x00000000, 0x00000000, 0x00000000, 0x00000000, 0x00000000,
  0x00000000, 0x00000000, 0x00000000, 0x00000000, 0x00000000, 0x00000000, 0x00000000, 0x00000000, 0x00000000, 0x00000000,
  0x00000000, 0x00000000, 0x00000000, 0x00000000, 0x00000000, 0x00000000, 0x00000000, 0x00000000, 0x00000000, 0x00000000,
  0x00000000, 0x00000000, 0x00000000, 0x00000000, 0x00000000, 0x00000000, 0x00000000, 0xDC005EDA, 0xDC005EDC, 0x00000000,
  0xDC005EDE, 0xDC005EE0, 0xDC005EE2, 0x00000000, 0x00000000, 0x00000000, 0x00000000, 0x00000000, 0x00000000, 0xDC005EE4,
  0xDC005EE6, 0xE6005EE8, 0xE6005EEA, 0xE6005EEC, 0xDC005EEE, 0xE6005EF0, 0xDC005EF2, 0xDC005EF4, 0xDC005EF6, 0xDC005EF8,
  0x00000000, 0x00000000, 0x00000000, 0x00000000, 0x00000000, 0x00000000, 0x00000000, 0x00000000, 0x00000000, 0x00000000,
  0x00000000, 0x00000000, 0x00000000, 0x00000000, 0x00000000, 0x00000000, 0x00000000, 0x00000000, 0x00000000, 0x00000000,
  0x00000000, 0x00000000, 0x00000000, 0x00000000, 0x00000000, 0x00000000, 0x00000000, 0x00000000, 0x00000000, 0x00000000,
  0x00000000, 0x00000000, 0x00000000, 0x00000000, 0x00000000, 0x00000000, 0x00000000, 0x00000000, 0x00000000, 0x00000000,
  0x00000000, 0x00000000, 0x00000000, 0x00000000, 0x00000000, 0x00000000, 0x00000000, 0xE6005EFA, 0xDC005EFC, 0xE6005EFE,
  0xDC005F00, 0x00000000, 0x00000000, 0x00000000, 0x00000000, 0x00000000, 0x00000000, 0x00000000, 0x00000000, 0x00000000,
  0x00000000, 0x00000000, 0x00000000, 0x00000000, 0x00000000, 0x00000000, 0x00000000, 0x00000000, 0x00000000, 0x00000000,
  0x00000000, 0x00000000, 0x00000000, 0x00000000, 0x00000000, 0x00000000, 0x00000000, 0x00000000, 0x00000000, 0x00000000,
  0x00000000, 0x00000000, 0x00000000, 0x00000000, 0x00000000, 0x00000000, 0x00000000, 0x00000000, 0x00000000, 0x00000000,
  0x00000000, 0x00000000, 0x00000000, 0x00000000, 0x00000000, 0x00000000, 0x00000000, 0x00000000, 0x00000000, 0x00000000,
  0x00000000, 0x00000000, 0x00000000, 0x00000000, 0x00000000, 0x00000000, 0x00000000, 0x00000000, 0x00000000, 0x09005F02,
  0x00000000, 0x00000000, 0x00000000, 0x00000000, 0x00000000, 0x00000000, 0x00000000, 0x00000000, 0x00000000, 0x00000000,
  0x00000000, 0x00000000, 0x00000000, 0x00000000, 0x00000000, 0x00000000, 0x00000000, 0x00000000, 0x00000000, 0x00000000,
  0x00000000, 0x00000000, 0x00000000, 0x00000000, 0x00000000, 0x00000000, 0x00000000, 0x00000000, 0x00000000, 0x00000000,
  0x00000000, 0x00000000, 0x00000000, 0x00000000, 0x00000000, 0x00000000, 0x00000000, 0x00000000, 0x00000000, 0x00000000,
  0x00000000, 0x09005F04, 0x00000000, 0x00000000, 0x00000000, 0x00000000, 0x00000000, 0x00000000, 0x00000000, 0x00000000,
  0x00000000, 0x00000000, 0x00000000, 0x00000000, 0x00000000, 0x00000000, 0x09005F06, 0x00000000, 0x00000000, 0x00000000,
  0x00000000, 0x00000000, 0x00000000, 0x00000000, 0x00000000, 0x00000000, 0x00000000, 0x00000000, 0x00000000, 0x00000000,
  0x00000000, 0x00000000, 0x00000000, 0x00000000, 0x00000000, 0x00000000, 0x00000000, 0x00000000, 0x00000000, 0x00000000,
  0x00000000, 0x00000000, 0x00000000, 0x0780DF08, 0x00000000, 0x0780DF0C, 0x00000000, 0x00000000, 0x00000000, 0x00000000,
  0x00000000, 0x00000000, 0x00000000, 0x00000000, 0x00000000, 0x00000000, 0x00000000, 0x00000000, 0x00000000, 0x00000000,
  0x0780DF10, 0x00000000, 0x00000000, 0x00000000, 0x00000000, 0x00000000, 0x00000000, 0x00000000, 0x00000000, 0x00000000,
  0x00000000, 0x00000000, 0x00000000, 0x00000000, 0x09005F14, 0x07005F16, 0x00000000, 0x00000000, 0x00000000, 0x00000000,
  0x00000000, 0xE6005F18, 0xE6005F1A, 0xE6005F1C, 0x00000000, 0x00000000, 0x00000000, 0x00000000, 0x00000000, 0x00000000,
  0x00000000, 0x00000000, 0x00000000, 0x00000000, 0x00000000, 0x00000000, 0x00000000, 0x00000000, 0x00000000, 0x00000000,
  0x00000000, 0x00000000, 0x00000000, 0x00000000, 0x00000000, 0x00000000, 0x00000000, 0x00000000, 0x00000000, 0x00000000,
  0x00000000, 0x00000000, 0x00000000, 0x00000000, 0x00000000, 0x00000000, 0x00000000, 0x00000000, 0x00000000, 0x00000000,
  0x00000000, 0x00000000, 0x00000000, 0x00000000, 0x00000000, 0x00000000, 0x00000000, 0x0080DF1E, 0x0080DF22, 0x00000000,
  0x00000000, 0x00000000, 0x09005F26, 0x09005F28, 0x00000000, 0x00000000, 0x00000000, 0x00000000, 0x00000000, 0x00000000,
  0x00000000, 0x00000000, 0x00000000, 0x00000000, 0x00000000, 0x00000000, 0x00000000, 0x00000000, 0x00000000, 0x00000000,
  0x00000000, 0x00000000, 0x00000000, 0x00000000, 0x00000000, 0x00000000, 0x00000000, 0x00000000, 0x00000000, 0x00000000,
  0x00000000, 0x00000000, 0x00000000, 0x00000000, 0x00000000, 0x00000000, 0x00000000, 0x00000000, 0x00000000, 0x00000000,
  0x00000000, 0x00000000, 0x00000000, 0x00000000, 0x00000000, 0x00000000, 0x00000000, 0x00000000, 0x00000000, 0x00000000,
  0x00000000, 0x00000000, 0x00000000, 0x00000000, 0x00000000, 0x07005F2A, 0x00000000, 0x00000000, 0x00000000, 0x00000000,
  0x00000000, 0x00000000, 0x00000000, 0x00000000, 0x00000000, 0x00000000, 0x00000000, 0x00000000, 0x09005F2C, 0x00000000,
  0x00000000, 0x00000000, 0x00000000, 0x00000000, 0x00000000, 0x00000000, 0x00000000, 0x00000000, 0x07005F2E, 0x00000000,
  0x00000000, 0x00000000, 0x00000000, 0x00000000, 0x00000000, 0x00000000, 0x00000000, 0x00000000, 0x00000000, 0x00000000,
  0x00000000, 0x00000000, 0x00000000, 0x00000000, 0x00000000, 0x00000000, 0x00000000, 0x00000000, 0x00000000, 0x00000000,
  0x00000000, 0x00000000, 0x00000000, 0x00000000, 0x00000000, 0x00000000, 0x00000000, 0x00000000, 0x00000000, 0x00000000,
  0x00000000, 0x00000000, 0x00000000, 0x00000000, 0x00000000, 0x00000000, 0x00000000, 0x00000000, 0x00000000, 0x00000000,
  0x00000000, 0x00000000, 0x00000000, 0x00000000, 0x00000000, 0x00000000, 0x00000000, 0x00000000, 0x00000000, 0x00000000,
  0x00000000, 0x00000000, 0x09005F30, 0x07005F32, 0x00000000, 0x00000000, 0x00000000, 0x00000000, 0x00000000, 0x00000000,
  0x00000000, 0x00000000, 0x00000000, 0x00000000, 0x00000000, 0x00000000, 0x00000000, 0x00000000, 0x00000000, 0x00000000,
  0x00000000, 0x00000000, 0x00000000, 0x00000000, 0x00000000, 0x00000000, 0x00000000, 0x00000000, 0x00000000, 0x00000000,
  0x00000000, 0x00000000, 0x00000000, 0x00000000, 0x00000000, 0x00000000, 0x00000000, 0x00000000, 0x00000000, 0x00000000,
  0x00000000, 0x00000000, 0x00000000, 0x00000000, 0x00000000, 0x07005F34, 0x09005F36, 0x00000000, 0x00000000, 0x00000000,
  0x00000000, 0x00000000, 0x00000000, 0x00000000, 0x00000000, 0x00000000, 0x00000000, 0x00000000, 0x00000000, 0x00000000,
  0x00000000, 0x00000000, 0x00000000, 0x00000000, 0x00000000, 0x00000000, 0x00000000, 0x00000000, 0x00000000, 0x00000000,
  0x00000000, 0x00000000, 0x00000000, 0x00000000, 0x00000000, 0x00000000, 0x00000000, 0x00000000, 0x00000000, 0x00000000,
  0x00000000, 0x00000000, 0x00000000, 0x00000000, 0x00000000, 0x00000000, 0x00000000, 0x00000000, 0x00000000, 0x00000000,
  0x00000000, 0x00000000, 0x00000000, 0x00000000, 0x00000000, 0x00000000, 0x00000000, 0x00000000, 0x00000000, 0x00000000,
  0x00000000, 0x00000000, 0x00000000, 0x00000000, 0x00000000, 0x00000000, 0x07005F38, 0x07005F3A, 0x00000000, 0x00000000,
  0x00000000, 0x00000000, 0x00000000, 0x00000000, 0x00000000, 0x00000000, 0x00000000, 0x00000000, 0x00000000, 0x0080DF3C,
  0x0080DF40, 0x09005F44, 0x00000000, 0x00000000, 0x00000000, 0x00000000, 0x00000000, 0x00000000, 0x00000000, 0x00000000,
  0x00000000, 0x00000000, 0x00000000, 0x00000000, 0x00000000, 0x00000000, 0x00000000, 0x00000000, 0x00000000, 0x00000000,
  0x00000000, 0x00000000, 0x00000000, 0x00000000, 0x00000000, 0x00000000, 0xE6005F46, 0xE6005F48, 0xE6005F4A, 0xE6005F4C,
  0xE6005F4E, 0xE6005F50, 0xE6005F52, 0x00000000, 0x00000000, 0x00000000, 0xE6005F54, 0xE6005F56, 0xE6005F58, 0xE6005F5A,
  0xE6005F5C, 0x00000000, 0x00000000, 0x00000000, 0x00000000, 0x00000000, 0x00000000, 0x00000000, 0x00000000, 0x00000000,
  0x00000000, 0x00000000, 0x0080DF5E, 0x00000000, 0x0080DF62, 0x00000000, 0x00000000, 0x00000000, 0x00000000, 0x00000000,
  0x00000000, 0x00000000, 0x00000000, 0x0080DF66, 0x00000000, 0x00000000, 0x0080DF6A, 0x00000000, 0x00000000, 0x00000000,
  0x00000000, 0x00000000, 0x00000000, 0x00000000, 0x00000000, 0x00000000, 0x00000000, 0x00000000, 0x00000000, 0x00000000,
  0x00000000, 0x00000000, 0x00000000, 0x00000000, 0x00000000, 0x00000000, 0x00000000, 0x00000000, 0x00000000, 0x00000000,
  0x00000000, 0x00000000, 0x00000000, 0x00000000, 0x00000000, 0x00000000, 0x00000000, 0x00000000, 0x00000000, 0x00000000,
  0x00000000, 0x00000000, 0x00000000, 0x00000000, 0x00000000, 0x00000000, 0x00000000, 0x00000000, 0x00000000, 0x00000000,
  0x00000000, 0x00000000, 0x00000000, 0x0080DF6E, 0x00000000, 0x0080DF72, 0x0080DF76, 0x00000000, 0x00000000, 0x00000000,
  0x00000000, 0x00000000, 0x09005F7A, 0x09005F7C, 0x09005F7E, 0x00000000, 0x00000000, 0x00000000, 0x00000000, 0x00000000,
  0x00000000, 0x00000000, 0x00000000, 0x00000000, 0x00000000, 0x00000000, 0x00000000, 0x00000000, 0x00000000, 0x00000000,
  0x00000000, 0x00000000, 0x00000000, 0x00000000, 0x00000000, 0x00000000, 0x00000000, 0x00000000, 0x00000000, 0x00000000,
  0x00000000, 0x00000000, 0x00000000, 0x00000000, 0x00000000, 0x00000000, 0x00000000, 0x00000000, 0x00000000, 0x00000000,
  0x00000000, 0x00000000, 0x00000000, 0x00000000, 0x00000000, 0x00000000, 0x00000000, 0x00000000, 0x00000000, 0x00000000,
  0x00000000, 0x00000000, 0x09005F80, 0x00000000, 0x00000000, 0x00000000, 0x07005F82, 0x00000000, 0x00000000, 0x00000000,
  0x00000000, 0x00000000, 0x00000000, 0x00000000, 0x00000000, 0x00000000, 0x00000000, 0x00000000, 0x00000000, 0x00000000,
  0x00000000, 0x00000000, 0x00000000, 0x00000000, 0x00000000, 0x00000000, 0x00000000, 0x00000000, 0x00000000, 0x00000000,
  0xE6005F84, 0x00000000, 0x00000000, 0x00000000, 0x00000000, 0x00000000, 0x00000000, 0x00000000, 0x00000000, 0x00000000,
  0x00000000, 0x00000000, 0x00000000, 0x00000000, 0x00000000, 0x00000000, 0x00000000, 0x00000000, 0x00000000, 0x00000000,
  0x00000000, 0x00000000, 0x00000000, 0x00000000, 0x00000000, 0x00000000, 0x00000000, 0x00000000, 0x00000000, 0x00000000,
  0x00000000, 0x00000000, 0x00000000, 0x00000000, 0x00000000, 0x00000000, 0x00000000, 0x00000000, 0x00000000, 0x00000000,
  0x00000000, 0x00000000, 0x00000000, 0x00000000, 0x00000000, 0x00000000, 0x00000000, 0x00000000, 0x00000000, 0x00000000,
  0x00000000, 0x00000000, 0x00000000, 0x00000000, 0x00000000, 0x00000000, 0x00000000, 0x00000000, 0x00000000, 0x00000000,
  0x0080DF86, 0x0080DF8A, 0x00000000, 0x0080DF8E, 0x00000000, 0x00000000, 0x09005F92, 0x07005F94, 0x00000000, 0x00000000,
  0x00000000, 0x00000000, 0x00000000, 0x00000000, 0x00000000, 0x00000000, 0x00000000, 0x00000000, 0x00000000, 0x00000000,
  0x00000000, 0x00000000, 0x00000000, 0x00000000, 0x00000000, 0x00000000, 0x00000000, 0x00000000, 0x00000000, 0x00000000,
  0x00000000, 0x00000000, 0x00000000, 0x00000000, 0x00000000, 0x00000000, 0x00000000, 0x00000000, 0x00000000, 0x00000000,
  0x00000000, 0x00000000, 0x00000000, 0x00000000, 0x00000000, 0x00000000, 0x00000000, 0x00000000, 0x00000000, 0x00000000,
  0x00000000, 0x00000000, 0x00000000, 0x00000000, 0x00000000, 0x00000000, 0x00000000, 0x00000000, 0x00000000, 0x00000000,
  0x00000000, 0x00000000, 0x00000000, 0x00000000, 0x00000000, 0x00000000, 0x00000000, 0x00000000, 0x0080DF96, 0x0080DF9A,
  0x00000000, 0x00000000, 0x00000000, 0x09005F9E, 0x07005FA0, 0x00000000, 0x00000000, 0x00000000, 0x00000000, 0x00000000,
  0x00000000, 0x00000000, 0x00000000, 0x00000000, 0x00000000, 0x00000000, 0x00000000, 0x00000000, 0x00000000, 0x00000000,
  0x00000000, 0x00000000, 0x00000000, 0x00000000, 0x00000000, 0x00000000, 0x00000000, 0x00000000, 0x00000000, 0x00000000,
  0x00000000, 0x00000000, 0x00000000, 0x00000000, 0x00000000, 0x00000000, 0x00000000, 0x00000000, 0x00000000, 0x00000000,
  0x00000000, 0x00000000, 0x00000000, 0x00000000, 0x00000000, 0x00000000, 0x00000000, 0x00000000, 0x00000000, 0x00000000,
  0x00000000, 0x00000000, 0x00000000, 0x00000000, 0x00000000, 0x00000000, 0x00000000, 0x00000000, 0x00000000, 0x00000000,
  0x00000000, 0x00000000, 0x00000000, 0x00000000, 0x00000000, 0x00000000, 0x00000000, 0x00000000, 0x09005FA2, 0x00000000,
  0x00000000, 0x00000000, 0x00000000, 0x00000000, 0x00000000, 0x00000000, 0x00000000, 0x00000000, 0x00000000, 0x00000000,
  0x00000000, 0x00000000, 0x00000000, 0x00000000, 0x00000000, 0x00000000, 0x00000000, 0x00000000, 0x00000000, 0x00000000,
  0x00000000, 0x00000000, 0x00000000, 0x00000000, 0x00000000, 0x00000000, 0x00000000, 0x00000000, 0x00000000, 0x00000000,
  0x00000000, 0x00000000, 0x00000000, 0x00000000, 0x00000000, 0x00000000, 0x00000000, 0x00000000, 0x00000000, 0x00000000,
  0x00000000, 0x00000000, 0x00000000, 0x00000000, 0x00000000, 0x00000000, 0x00000000, 0x00000000, 0x00000000, 0x00000000,
  0x00000000, 0x00000000, 0x00000000, 0x09005FA4, 0x07005FA6, 0x00000000, 0x00000000, 0x00000000, 0x00000000, 0x00000000,
  0x00000000, 0x00000000, 0x00000000, 0x00000000, 0x00000000, 0x00000000, 0x00000000, 0x00000000, 0x00000000, 0x00000000,
  0x00000000, 0x00000000, 0x00000000, 0x00000000, 0x00000000, 0x00000000, 0x00000000, 0x00000000, 0x00000000, 0x00000000,
  0x00000000, 0x00000000, 0x00000000, 0x00000000, 0x00000000, 0x00000000, 0x00000000, 0x00000000, 0x00000000, 0x00000000,
  0x00000000, 0x00000000, 0x00000000, 0x00000000, 0x00000000, 0x00000000, 0x00000000, 0x00000000, 0x09005FA8, 0x00000000,
  0x00000000, 0x00000000, 0x00000000, 0x00000000, 0x00000000, 0x00000000, 0x00000000, 0x00000000, 0x00000000, 0x00000000,
  0x00000000, 0x00000000, 0x00000000, 0x00000000, 0x00000000, 0x00000000, 0x00000000, 0x00000000, 0x00000000, 0x00000000,
  0x00000000, 0x00000000, 0x00000000, 0x00000000, 0x00000000, 0x00000000, 0x00000000, 0x00000000, 0x00000000, 0x00000000,
  0x00000000, 0x00000000, 0x00000000, 0x00000000, 0x00000000, 0x00000000, 0x00000000, 0x00000000, 0x00000000, 0x00000000,
  0x00000000, 0x00000000, 0x00000000, 0x00000000, 0x00000000, 0x00000000, 0x00000000, 0x00000000, 0x00000000, 0x00000000,
  0x00000000, 0x00000000, 0x00000000, 0x00000000, 0x00000000, 0x00000000, 0x09005FAA, 0x07005FAC, 0x00000000, 0x00000000,
  0x00000000, 0x00000000, 0x00000000, 0x00000000, 0x00000000, 0x00000000, 0x00000000, 0x00000000, 0x00000000, 0x00000000,
  0x00000000, 0x00000000, 0x00000000, 0x00000000, 0x00000000, 0x00000000, 0x00000000, 0x00000000, 0x00000000, 0x00000000,
  0x00000000, 0x00000000, 0x00000000, 0x00000000, 0x00000000, 0x00000000, 0x00000000, 0x00000000, 0x00000000, 0x00000000,
  0x00000000, 0x00000000, 0x00000000, 0x00000000, 0x00000000, 0x00000000, 0x00000000, 0x00000000, 0x00000000, 0x00000000,
  0x00000000, 0x00000000, 0x00000000, 0x00000000, 0x00000000, 0x00000000, 0x00000000, 0x00000000, 0x00000000, 0x00000000,
  0x00000000, 0x00000000, 0x00000000, 0x00000000, 0x0080DFAE, 0x00000000, 0x00000000, 0x00000000, 0x00000000, 0x09005FB2,
  0x09005FB4, 0x00000000, 0x00000000, 0x00000000, 0x07005FB6, 0x00000000, 0x00000000, 0x00000000, 0x00000000, 0x00000000,
  0x00000000, 0x00000000, 0x00000000, 0x00000000, 0x00000000, 0x00000000, 0x00000000, 0x00000000, 0x00000000, 0x00000000,
  0x00000000, 0x00000000, 0x00000000, 0x00000000, 0x00000000, 0x00000000, 0x00000000, 0x00000000, 0x00000000, 0x00000000,
  0x00000000, 0x00000000, 0x00000000, 0x00000000, 0x00000000, 0x00000000, 0x00000000, 0x00000000, 0x00000000, 0x00000000,
  0x00000000, 0x00000000, 0x00000000, 0x00000000, 0x00000000, 0x00000000, 0x00000000, 0x00000000, 0x00000000, 0x00000000,
  0x00000000, 0x00000000, 0x00000000, 0x00000000, 0x00000000, 0x00000000, 0x00000000, 0x00000000, 0x00000000, 0x00000000,
  0x00000000, 0x00000000, 0x00000000, 0x00000000, 0x00000000, 0x09005FB8, 0x00000000, 0x00000000, 0x00000000, 0x00000000,
  0x00000000, 0x00000000, 0x00000000, 0x00000000, 0x00000000, 0x00000000, 0x00000000, 0x00000000, 0x00000000, 0x00000000,
  0x00000000, 0x00000000, 0x00000000, 0x00000000, 0x00000000, 0x00000000, 0x00000000, 0x00000000, 0x00000000, 0x00000000,
  0x00000000, 0x00000000, 0x00000000, 0x00000000, 0x00000000, 0x00000000, 0x00000000, 0x00000000, 0x00000000, 0x00000000,
  0x00000000, 0x00000000, 0x00000000, 0x00000000, 0x00000000, 0x00000000, 0x00000000, 0x00000000, 0x00000000, 0x00000000,
  0x00000000, 0x00000000, 0x00000000, 0x00000000, 0x00000000, 0x00000000, 0x00000000, 0x00000000, 0x09005FBA, 0x00000000,
  0x00000000, 0x00000000, 0x00000000, 0x00000000, 0x00000000, 0x00000000, 0x00000000, 0x00000000, 0x00000000, 0x00000000,
  0x09005FBC, 0x00000000, 0x00000000, 0x00000000, 0x00000000, 0x00000000, 0x00000000, 0x00000000, 0x00000000, 0x00000000,
  0x00000000, 0x00000000, 0x00000000, 0x00000000, 0x00000000, 0x00000000, 0x00000000, 0x00000000, 0x00000000, 0x00000000,
  0x00000000, 0x00000000, 0x00000000, 0x00000000, 0x00000000, 0x00000000, 0x00000000, 0x00000000, 0x00000000, 0x00000000,
  0x00000000, 0x00000000, 0x00000000, 0x00000000, 0x00000000, 0x00000000, 0x00000000, 0x00000000, 0x00000000, 0x00000000,
  0x00000000, 0x00000000, 0x00000000, 0x00000000, 0x00000000, 0x00000000, 0x00000000, 0x00000000, 0x00000000, 0x00000000,
  0x00000000, 0x00000000, 0x00000000, 0x00000000, 0x00000000, 0x00000000, 0x00000000, 0x09005FBE, 0x00000000, 0x00000000,
  0x00000000, 0x00000000, 0x00000000, 0x00000000, 0x00000000, 0x00000000, 0x00000000, 0x00000000, 0x00000000, 0x00000000,
  0x00000000, 0x00000000, 0x00000000, 0x00000000, 0x00000000, 0x00000000, 0x00000000, 0x00000000, 0x00000000, 0x00000000,
  0x00000000, 0x00000000, 0x00000000, 0x00000000, 0x00000000, 0x00000000, 0x00000000, 0x00000000, 0x00000000, 0x00000000,
  0x00000000, 0x00000000, 0x00000000, 0x00000000, 0x00000000, 0x00000000, 0x00000000, 0x00000000, 0x00000000, 0x00000000,
  0x00000000, 0x00000000, 0x00000000, 0x00000000, 0x00000000, 0x00000000, 0x00000000, 0x00000000, 0x00000000, 0x00000000,
  0x00000000, 0x00000000, 0x00000000, 0x00000000, 0x00000000, 0x00000000, 0x00000000, 0x00000000, 0x00000000, 0x00000000,
  0x00000000, 0x09005FC0, 0x00000000, 0x00000000, 0x07005FC2, 0x00000000, 0x09005FC4, 0x09005FC6, 0x00000000, 0x00000000,
  0x00000000, 0x00000000, 0x00000000, 0x00000000, 0x00000000, 0x00000000, 0x00000000, 0x00000000, 0x00000000, 0x00000000,
  0x00000000, 0x00000000, 0x00000000, 0x00000000, 0x00000000, 0x00000000, 0x00000000, 0x00000000, 0x00000000, 0x00000000,
  0x00000000, 0x00000000, 0x00000000, 0x00000000, 0x00000000, 0x00000000, 0x00000000, 0x00000000, 0x00000000, 0x00000000,
  0x00000000, 0x00000000, 0x00000000, 0x00000000, 0x00000000, 0x00000000, 0x00000000, 0x00000000, 0x00000000, 0x00000000,
  0x00000000, 0x00000000, 0x00000000, 0x00000000, 0x00000000, 0x00000000, 0x00000000, 0x00000000, 0x00000000, 0x00000000,
  0x00000000, 0x00000000, 0x00000000, 0x00000000, 0x00000000, 0x00000000, 0x09005FC8, 0x00000000, 0x00000000, 0x00000000,
  0x00000000, 0x00000000, 0x00000000, 0x00000000, 0x00000000, 0x00000000, 0x00000000, 0x00000000, 0x00000000, 0x00000000,
  0x00000000, 0x00000000, 0x00000000, 0x00000000, 0x00000000, 0x00000000, 0x00000000, 0x00000000, 0x00000000, 0x00000000,
  0x00000000, 0x00000000, 0x00000000, 0x00000000, 0x00000000, 0x00000000, 0x00000000, 0x00000000, 0x00000000, 0x00000000,
  0x00000000, 0x00000000, 0x00000000, 0x00000000, 0x00000000, 0x00000000, 0x00000000, 0x09005FCA, 0x09005FCC, 0x00000000,
  0x00000000, 0x00000000, 0x00000000, 0x00000000, 0x00000000, 0x00000000, 0x00000000, 0x00000000, 0x00000000, 0x00000000,
  0x00000000, 0x00000000, 0x00000000, 0x00000000, 0x00000000, 0x00000000, 0x00000000, 0x00000000, 0x00000000, 0x00000000,
  0x00000000, 0x00000000, 0x00000000, 0x00000000, 0x00000000, 0x00000000, 0x00000000, 0x00000000, 0x00000000, 0x00000000,
  0x00000000, 0x00000000, 0x00000000, 0x00000000, 0x00000000, 0x00000000, 0x00000000, 0x00000000, 0x00000000, 0x00000000,
  0x00000000, 0x00000000, 0x00000000, 0x00000000, 0x00000000, 0x00000000, 0x00000000, 0x00000000, 0x00000000, 0x00000000,
  0x00000000, 0x00000000, 0x00000000, 0x00000000, 0x00000000, 0x00000000, 0x00000000, 0x00000000, 0x00000000, 0x00000000,
  0x0080DFCE, 0x0080DFD2, 0x0080DFD6, 0x0080DFDA, 0x0080DFDE, 0x00815FE2, 0x00815FE8, 0x00815FEE, 0x00000000, 0x00000000,
  0x00000000, 0x00000000, 0x00000000, 0x00000000, 0x09005FF4, 0x00000000, 0x00000000, 0x00000000, 0x00000000, 0x00000000,
  0x00000000, 0x00000000, 0x00000000, 0x00000000, 0x00000000, 0x00000000, 0x00000000, 0x00000000, 0x00000000, 0x00000000,
  0x00000000, 0x00000000, 0x00000000, 0x00000000, 0x00000000, 0x00000000, 0x00000000, 0x00000000, 0x00000000, 0x00000000,
  0x00000000, 0x00000000, 0x00000000, 0x00000000, 0x00000000, 0x00000000, 0x00000000, 0x00000000, 0x00000000, 0x00000000,
  0x00000000, 0x00000000, 0x00000000, 0x00000000, 0x00000000, 0x00000000, 0x00000000, 0x00000000, 0x00000000, 0x00000000,
  0x00000000, 0x00000000, 0x00000000, 0x01005FF6, 0x01005FF8, 0x01005FFA, 0x01005FFC, 0x01005FFE, 0x00000000, 0x00000000,
  0x00000000, 0x00000000, 0x00000000, 0x00000000, 0x00000000, 0x00000000, 0x00000000, 0x00000000, 0x00000000, 0x00000000,
  0x00000000, 0x00000000, 0x00000000, 0x00000000, 0x00000000, 0x00000000, 0x00000000, 0x00000000, 0x00000000, 0x00000000,
  0x00000000, 0x00000000, 0x00000000, 0x00000000, 0x00000000, 0x00000000, 0x00000000, 0x00000000, 0x00000000, 0x00000000,
  0x00000000, 0x00000000, 0x00000000, 0x00000000, 0x00000000, 0x00000000, 0x00000000, 0x00000000, 0x00000000, 0x00000000,
  0x00000000, 0x00000000, 0x00000000, 0x00000000, 0x00000000, 0x00000000, 0xE6006000, 0xE6006002, 0xE6006004, 0xE6006006,
  0xE6006008, 0xE600600A, 0xE600600C, 0x00000000, 0x00000000, 0x00000000, 0x00000000, 0x00000000, 0x00000000, 0x00000000,
  0x00000000, 0x00000000, 0x00000000, 0x00000000, 0x00000000, 0x00000000, 0x00000000, 0x00000000, 0x00000000, 0x00000000,
  0x00000000, 0x00000000, 0x00000000, 0x00000000, 0x00000000, 0x00000000, 0x00000000, 0x00000000, 0x00000000, 0x00000000,
  0x00000000, 0x00000000, 0x00000000, 0x00000000, 0x00000000, 0x00000000, 0x00000000, 0x00000000, 0x00000000, 0x00000000,
  0x00000000, 0x00000000, 0x00000000, 0x0080E00E, 0x0080E012, 0x00816016, 0x00000000, 0x00000000, 0x00000000, 0x00000000,
  0x00000000, 0x00000000, 0x00000000, 0x00000000, 0x00000000, 0x00000000, 0x00000000, 0x00000000, 0x00000000, 0x00000000,
  0x00000000, 0x00000000, 0x00000000, 0x00000000, 0x00000000, 0x00000000, 0x00000000, 0x00000000, 0x00000000, 0x00000000,
  0x00000000, 0x00000000, 0x00000000, 0x00000000, 0x00000000, 0x00000000, 0x00000000, 0x00000000, 0x00000000, 0x00000000,
  0x00000000, 0x00000000, 0x00000000, 0x00000000, 0x00000000, 0x00000000, 0x00000000, 0x00000000, 0x00000000, 0x00000000,
  0x00000000, 0x00000000, 0x00000000, 0x00000000, 0x0600601C, 0x0600601E, 0x00000000, 0x00000000, 0x00000000, 0x00000000,
  0x00000000, 0x00000000, 0x00000000, 0x00000000, 0x00000000, 0x00000000, 0x00000000, 0x00000000, 0x00000000, 0x00000000,
  0x00000000, 0x00000000, 0x00000000, 0x00000000, 0x00000000, 0x00000000, 0x00000000, 0x00000000, 0x00000000, 0x00000000,
  0x00000000, 0x00000000, 0x00000000, 0x00000000, 0x00000000, 0x00000000, 0x01006020, 0x00000000, 0x00000000, 0x00000000,
  0x00000000, 0x00000000, 0x00000000, 0x00000000, 0x00000000, 0x00000000, 0x00000000, 0x00000000, 0x00000000, 0x00000000,
  0x00000000, 0x00000000, 0x00000000, 0x00000000, 0x00000000, 0x00000000, 0x00000000, 0x00000000, 0x00000000, 0x00000000,
  0x00000000, 0x00000000, 0x00000000, 0x00000000, 0x00000000, 0x00000000, 0x00000000, 0x00000000, 0x00000000, 0x00000000,
  0xD880E046, 0xD880E04A, 0xD881604E, 0xD8816054, 0xD881605A, 0xD8816060, 0xD8816066, 0xD800606C, 0xD800606E, 0x01006070,
  0x01006072, 0x01006074, 0x00000000, 0x00000000, 0x00000000, 0xE2006076, 0xD8006078, 0xD800607A, 0xD800607C, 0xD800607E,
  0xD8006080, 0x00000000, 0x00000000, 0x00000000, 0x00000000, 0x00000000, 0x00000000, 0x00000000, 0x00000000, 0xDC006082,
  0xDC006084, 0xDC006086, 0xDC006088, 0xDC00608A, 0xDC00608C, 0xDC00608E, 0xDC006090, 0x00000000, 0x00000000, 0xE6006092,
  0xE6006094, 0xE6006096, 0xE6006098, 0xE600609A, 0xDC00609C, 0xDC00609E, 0x00000000, 0x00000000, 0x00000000, 0x00000000,
  0x00000000, 0x00000000, 0x00000000, 0x00000000, 0x00000000, 0x00000000, 0x00000000, 0x00000000, 0x00000000, 0x00000000,
  0x00000000, 0x00000000, 0x00000000, 0x00000000, 0x00000000, 0x00000000, 0x00000000, 0x00000000, 0x00000000, 0x00000000,
  0x00000000, 0x00000000, 0x00000000, 0x00000000, 0x00000000, 0x00000000, 0xE60060A0, 0xE60060A2, 0xE60060A4, 0xE60060A6,
  0x00000000, 0x00000000, 0x00000000, 0x00000000, 0x00000000, 0x00000000, 0x00000000, 0x00000000, 0x00000000, 0x00000000,
  0x00000000, 0x00000000, 0x00000000, 0xD880E0A8, 0xD880E0AC, 0xD88160B0, 0xD88160B6, 0xD88160BC, 0xD88160C2, 0x00000000,
  0x00000000, 0x00000000, 0x00000000, 0x00000000, 0x00000000, 0x00000000, 0x00000000, 0x00000000, 0x00000000, 0x00000000,
  0x00000000, 0x00000000, 0x00000000, 0x00000000, 0x00000000, 0x00000000, 0x00000000, 0x00000000, 0x00000000, 0x00000000,
  0x00000000, 0x00000000, 0x00000000, 0x00000000, 0x00000000, 0x00000000, 0x00000000, 0x00000000, 0x00000000, 0x00000000,
  0x00000000, 0x00000000, 0x00000000, 0x00000000, 0x00000000, 0x00000000, 0x00000000, 0x00000000, 0x00000000, 0x00000000,
  0x00000000, 0x00000000, 0x00000000, 0x00000000, 0x00000000, 0x00000000, 0x00000000, 0x00000000, 0x00000000, 0x00000000,
  0x00000000, 0x00000000, 0x00000000, 0x00000000, 0x00000000, 0x00000000, 0x00000000, 0x00000000, 0x00000000, 0x00000000,
  0x00000000, 0x00000000, 0xE60060C8, 0xE60060CA, 0xE60060CC, 0x00000000, 0x00000000, 0x00000000, 0x00000000, 0x00000000,
  0x00000000, 0x00000000, 0x00000000, 0x00000000, 0x00000000, 0x00000000, 0x00000000, 0x00000000, 0x00000000, 0x00000000,
  0x00000000, 0x00000000, 0x00000000, 0x00000000, 0x00000000, 0x00000000, 0x00000000, 0x00000000, 0x00000000, 0x00000000,
  0x00000000, 0x00000000, 0x00000000, 0x00000000, 0x00000000, 0x00000000, 0x00000000, 0x00000000, 0x00000000, 0x00000000,
  0x00000000, 0x00000000, 0x00000000, 0x00000000, 0x00000000, 0x00000000, 0x00000000, 0x00000000, 0x00000000, 0x00000000,
  0x00000000, 0x00000000, 0x00000000, 0x00000000, 0x00000000, 0x00000000, 0x00000000, 0x00000000, 0x00000000, 0x00000000,
  0x00000000, 0x00000000, 0x00000000, 0x00000000, 0xE60064B2, 0xE60064B4, 0xE60064B6, 0xE60064B8, 0xE60064BA, 0xE60064BC,
  0xE60064BE, 0x00000000, 0xE60064C0, 0xE60064C2, 0xE60064C4, 0xE60064C6, 0xE60064C8, 0xE60064CA, 0xE60064CC, 0xE60064CE,
  0xE60064D0, 0xE60064D2, 0xE60064D4, 0xE60064D6, 0xE60064D8, 0xE60064DA, 0xE60064DC, 0xE60064DE, 0xE60064E0, 0x00000000,
  0x00000000, 0xE60064E2, 0xE60064E4, 0xE60064E6, 0xE60064E8, 0xE60064EA, 0xE60064EC, 0xE60064EE, 0x00000000, 0xE60064F0,
  0xE60064F2, 0x00000000, 0xE60064F4, 0xE60064F6, 0xE60064F8, 0xE60064FA, 0xE60064FC, 0x00000000, 0x00000000, 0x00000000,
  0x00000000, 0x00000000, 0x00000000, 0x00000000, 0x00000000, 0x00000000, 0x00000000, 0x00000000, 0x00000000, 0x00000000,
  0x00000000, 0x00000000, 0x00000000, 0x00000000, 0x00000000, 0x00000000, 0x00000000, 0x00000000, 0xE600653C, 0x00000000,
  0x00000000, 0x00000000, 0x00000000, 0x00000000, 0x00000000, 0x00000000, 0x00000000, 0x00000000, 0x00000000, 0x00000000,
  0x00000000, 0x00000000, 0x00000000, 0x00000000, 0x00000000, 0x00000000, 0x00000000, 0x00000000, 0x00000000, 0x00000000,
  0x00000000, 0x00000000, 0x00000000, 0x00000000, 0x00000000, 0x00000000, 0x00000000, 0x00000000, 0x00000000, 0x00000000,
  0x00000000, 0x00000000, 0x00000000, 0x00000000, 0x00000000, 0x00000000, 0x00000000, 0x00000000, 0x00000000, 0x00000000,
  0x00000000, 0x00000000, 0x00000000, 0x00000000, 0x00000000, 0x00000000, 0x00000000, 0xE600653E, 0xE6006540, 0xE6006542,
  0xE6006544, 0xE6006546, 0xE6006548, 0xE600654A, 0x00000000, 0x00000000, 0x00000000, 0x00000000, 0x00000000, 0x00000000,
  0x00000000, 0x00000000, 0x00000000, 0x00000000, 0x00000000, 0x00000000, 0x00000000, 0x00000000, 0x00000000, 0x00000000,
  0x00000000, 0x00000000, 0x00000000, 0x00000000, 0x00000000, 0x00000000, 0x00000000, 0x00000000, 0x00000000, 0x00000000,
  0x00000000, 0x00000000, 0x00000000, 0x00000000, 0x00000000, 0x00000000, 0x00000000, 0x00000000, 0x00000000, 0x00000000,
  0x00000000, 0x00000000, 0x00000000, 0x00000000, 0x00000000, 0x00000000, 0x00000000, 0x00000000, 0x00000000, 0x00000000,
  0xE600654C, 0x00000000, 0x00000000, 0x00000000, 0x00000000, 0x00000000, 0x00000000, 0x00000000, 0x00000000, 0x00000000,
  0x00000000, 0x00000000, 0x00000000, 0x00000000, 0x00000000, 0x00000000, 0x00000000, 0x00000000, 0x00000000, 0x00000000,
  0x00000000, 0x00000000, 0x00000000, 0x00000000, 0x00000000, 0x00000000, 0x00000000, 0x00000000, 0x00000000, 0x00000000,
  0x00000000, 0x00000000, 0x00000000, 0x00000000, 0x00000000, 0x00000000, 0x00000000, 0x00000000, 0x00000000, 0x00000000,
  0x00000000, 0x00000000, 0x00000000, 0x00000000, 0x00000000, 0xE600654E, 0xE6006550, 0xE6006552, 0xE6006554, 0x00000000,
  0x00000000, 0x00000000, 0x00000000, 0x00000000, 0x00000000, 0x00000000, 0x00000000, 0x00000000, 0x00000000, 0x00000000,
  0x00000000, 0x00000000, 0x00000000, 0x00000000, 0x00000000, 0x00000000, 0x00000000, 0x00000000, 0x00000000, 0x00000000,
  0x00000000, 0x00000000, 0x00000000, 0x00000000, 0x00000000, 0x00000000, 0x00000000, 0x00000000, 0x00000000, 0x00000000,
  0x00000000, 0x00000000, 0x00000000, 0x00000000, 0x00000000, 0x00000000, 0x00000000, 0x00000000, 0x00000000, 0x00000000,
  0x00000000, 0x00000000, 0x00000000, 0xE8006556, 0xE8006558, 0xDC00655A, 0xE600655C, 0x00000000, 0x00000000, 0x00000000,
  0x00000000, 0x00000000, 0x00000000, 0x00000000, 0x00000000, 0x00000000, 0x00000000, 0x00000000, 0x00000000, 0x00000000,
  0x00000000, 0x00000000, 0x00000000, 0x00000000, 0x00000000, 0x00000000, 0x00000000, 0x00000000, 0x00000000, 0x00000000,
  0x00000000, 0x00000000, 0x00000000, 0x00000000, 0x00000000, 0x00000000, 0x00000000, 0x00000000, 0x00000000, 0x00000000,
  0x00000000, 0x00000000, 0x00000000, 0x00000000, 0x00000000, 0x00000000, 0x00000000, 0x00000000, 0x00000000, 0x00000000,
  0x00000000, 0x00000000, 0x00000000, 0xE600655E, 0xDC006560, 0x00000000, 0x00000000, 0x00000000, 0x00000000, 0x00000000,
  0x00000000, 0x00000000, 0x00000000, 0x00000000, 0x00000000, 0x00000000, 0x00000000, 0x00000000, 0x00000000, 0x00000000,
  0x00000000, 0x00000000, 0x00000000, 0x00000000, 0x00000000, 0x00000000, 0x00000000, 0x00000000, 0x00000000, 0x00000000,
  0x00000000, 0x00000000, 0x00000000, 0x00000000, 0x00000000, 0x00000000, 0x00000000, 0x00000000, 0x00000000, 0x00000000,
  0xE6006562, 0x00000000, 0x00000000, 0xE6006564, 0x00000000, 0x00000000, 0x00000000, 0x00000000, 0x00000000, 0x00000000,
  0x00000000, 0xE6006566, 0xE6006568, 0x00000000, 0x00000000, 0x00000000, 0x00000000, 0x00000000, 0xE600656A, 0x00000000,
  0x00000000, 0x00000000, 0x00000000, 0x00000000, 0x00000000, 0x00000000, 0x00000000, 0x00000000, 0x00000000, 0x00000000,
  0x00000000, 0x00000000, 0x00000000, 0x00000000, 0x00000000, 0xDC00656C, 0xDC00656E, 0xDC006570, 0xDC006572, 0xDC006574,
  0xDC006576, 0xDC006578, 0x00000000, 0x00000000, 0x00000000, 0x00000000, 0x00000000, 0x00000000, 0x00000000, 0x00000000,
  0x00000000, 0x00000000, 0x00000000, 0x00000000, 0x00000000, 0x00000000, 0x00000000, 0x00000000, 0x00000000, 0x00000000,
  0x00000000, 0x00000000, 0x00000000, 0x00000000, 0x00000000, 0x00000000, 0x00000000, 0x00000000, 0x00000000, 0x00000000,
  0x00000000, 0x00000000, 0x00000000, 0x00000000, 0x00000000, 0x00000000, 0x00000000, 0x00000000, 0x00000000, 0x00000000,
  0x00000000, 0x00000000, 0x00000000, 0xE600657A, 0xE600657C, 0xE600657E, 0xE6006580, 0xE6006582, 0xE6006584, 0x07006586,
  0x00000000, 0x00000000, 0x00000000, 0x00000000, 0x00000000, 0x00000000, 0x00000000, 0x00000000, 0x00000000, 0x00000000,
  0x00000000, 0x00000000, 0x00000000, 0x00000000, 0x00000000, 0x00000000, 0x00000000, 0x00000000, 0x00000000, 0x00000000,
  0x00000000, 0x00000000, 0x00000000, 0x00000000, 0x00000000, 0x00000000, 0x00000000, 0x00000000, 0x00000000, 0x00000000,
  0x00000000, 0x00000000, 0x00000000, 0x00000000, 0x00000000, 0x00000000, 0x00000000, 0x00000000, 0x00000000, 0x00000000,
  0x00000000, 0x00000000, 0x00000000, 0x00000000, 0x00000000, 0x00000000, 0x00000000, 0x00000000, 0x00000000, 0x00000000,
  0x00000000, 0x00000000, 0x00000000, 0x0080270A, 0x0080270B, 0x0080270C, 0x0080670D, 0x0080270F, 0x00802710, 0x00802711,
  0x00802712, 0x00802713, 0x00802714, 0x00802715, 0x00802716, 0x00802717, 0x00806718, 0x0080271A, 0x0080271B, 0x0080271C,
  0x0080271D, 0x0080671E, 0x00802720, 0x00802721, 0x00802722, 0x00806723, 0x00802725, 0x00802726, 0x00802727, 0x00802728,
  0x00802729, 0x0080672A, 0x0080272C, 0x0080272D, 0x0080272E, 0x0080272F, 0x00802730, 0x00802731, 0x00802732, 0x00802733,
  0x00802734, 0x00802735, 0x00802736, 0x00802737, 0x00802738, 0x00802739, 0x0080273A, 0x0080273B, 0x0080273C, 0x0080273D,
  0x0080273E, 0x0080273F, 0x00802740, 0x00802741, 0x00802742, 0x00806743, 0x00802745, 0x00802746, 0x00802747, 0x00806748,
  0x0080274A, 0x0080274B, 0x0080274C, 0x0080274D, 0x0080274E, 0x0080274F, 0x00802750, 0x00802751, 0x00802752, 0x00802753,
  0x00802754, 0x00802755, 0x00802756, 0x00802757, 0x00802758, 0x00802759, 0x0080275A, 0x0080275B, 0x0080275C, 0x0080275D,
  0x0080275E, 0x0080275F, 0x00802760, 0x00802761, 0x00802762, 0x00802763, 0x00802764, 0x00802765, 0x00802766, 0x00802767,
  0x00802768, 0x00802769, 0x0080676A, 0x0080276C, 0x0080276D, 0x0080276E, 0x0080276F, 0x00802770, 0x00802771, 0x00806772,
  0x00806774, 0x00802776, 0x00802777, 0x00802778, 0x00802779, 0x0080277A, 0x0080277B, 0x0080277C, 0x0080277D, 0x0080277E,
  0x0080277F, 0x00806780, 0x00802782, 0x00802783, 0x00802784, 0x00802785, 0x00806786, 0x00802788, 0x00802789, 0x0080278A,
  0x0080278B, 0x0080278C, 0x0080278D, 0x0080278E, 0x0080278F, 0x00802790, 0x00806791, 0x00802793, 0x00806794, 0x00802796,
  0x00802797, 0x00802798, 0x00802799, 0x0080279A, 0x0080279B, 0x0080279C, 0x0080279D, 0x0080279E, 0x0080279F, 0x008027A0,
  0x008067A1, 0x008027A3, 0x008027A4, 0x008027A5, 0x008027A6, 0x008027A7, 0x008067A8, 0x008027AA, 0x008067AB, 0x008067AD,
  0x008027AF, 0x008027B0, 0x008027B1, 0x008027B2, 0x008067B3, 0x008067B5, 0x008027B7, 0x008027B8, 0x008027B9, 0x008027BA,
  0x008027BB, 0x008027BC, 0x008027BD, 0x008027BE, 0x008027BF, 0x008027C0, 0x008027C1, 0x008067C2, 0x008027C4, 0x008027C5,
  0x008027C6, 0x008027C7, 0x008027C8, 0x008027C9, 0x008027CA, 0x008027CB, 0x008027CC, 0x008027CD, 0x008027CE, 0x008027CF,
  0x008027D0, 0x008027D1, 0x008027D2, 0x008027D3, 0x008027D4, 0x008027D5, 0x008027D6, 0x008067D7, 0x008027D9, 0x008027DA,
  0x008027DB, 0x008027DC, 0x008027DD, 0x008067DE, 0x008027E0, 0x008027E1, 0x008027E2, 0x008027E3, 0x008027E4, 0x008027E5,
  0x008027E6, 0x008027E7, 0x008027E8, 0x008027E9, 0x008027EA, 0x008067EB, 0x008027ED, 0x008027EE, 0x008027EF, 0x008027F0,
  0x008027F1, 0x008027F2, 0x008027F3, 0x008027F4, 0x008027F5, 0x008027F6, 0x008027F7, 0x008027F8, 0x008027F9, 0x008027FA,
  0x008027FB, 0x008027FC, 0x008027FD, 0x008027FE, 0x008067FF, 0x00802801, 0x00802802, 0x00802803, 0x00802804, 0x00802805,
  0x00806806, 0x00802808, 0x00802809, 0x0080280A, 0x0080280B, 0x0080280C, 0x0080280D, 0x0080280E, 0x0080280F, 0x00806810,
  0x00802812, 0x00802813, 0x00802814, 0x00806815, 0x00802817, 0x00802818, 0x00802819, 0x0080281A, 0x0080281B, 0x0080281C,
  0x0080681D, 0x0080681F, 0x00806821, 0x00802823, 0x00806824, 0x00802826, 0x00802827, 0x00802828, 0x00802829, 0x0080282A,
  0x0080282B, 0x0080282C, 0x0080282D, 0x0080282E, 0x0080282F, 0x00806830, 0x00802832, 0x00802833, 0x00802834, 0x00802835,
  0x00802836, 0x00802837, 0x00806838, 0x0080283A, 0x0080283B, 0x0080683C, 0x0080683E, 0x00802840, 0x00802841, 0x00802842,
  0x00802843, 0x00802844, 0x00802845, 0x00802846, 0x00802847, 0x00802848, 0x00806849, 0x0080284B, 0x0080684C, 0x0080284E,
  0x0080684F, 0x00802851, 0x00802852, 0x00802853, 0x00806854, 0x00802856, 0x00802857, 0x00806858, 0x0080685A, 0x0080285C,
  0x0080285D, 0x0080285E, 0x0080285F, 0x00802860, 0x00802861, 0x00802862, 0x00802863, 0x00802864, 0x00802865, 0x00802866,
  0x00802867, 0x00802868, 0x00806869, 0x0080286B, 0x0080686C, 0x0080286E, 0x0080686F, 0x00802871, 0x00806872, 0x00806874,
  0x00806876, 0x00802878, 0x00802879, 0x0080287A, 0x0080687B, 0x0080687D, 0x0080687F, 0x00806881, 0x00802883, 0x00802884,
  0x00802885, 0x00802886, 0x00802887, 0x00802888, 0x00802889, 0x0080288A, 0x0080688B, 0x0080288D, 0x0080288E, 0x0080288F,
  0x00802890, 0x00806891, 0x00802893, 0x00806894, 0x00806896, 0x00802898, 0x00802899, 0x0080289A, 0x0080289B, 0x0080289C,
  0x0080289D, 0x0080689E, 0x008068A0, 0x008068A2, 0x008028A4, 0x008028A5, 0x008068A6, 0x008028A8, 0x008028A9, 0x008028AA,
  0x008068AB, 0x008028AD, 0x008028AE, 0x008028AF, 0x008028B0, 0x008028B1, 0x008068B2, 0x008028B4, 0x008028B5, 0x008028B6,
  0x008028B7, 0x008028B8, 0x008028B9, 0x008068BA, 0x008068BC, 0x008028BE, 0x008068BF, 0x008028C1, 0x008068C2, 0x008028C4,
  0x008028C5, 0x008028C6, 0x008068C7, 0x008068C9, 0x008028CB, 0x008068CC, 0x008028CE, 0x008068CF, 0x008028D1, 0x008028D2,
  0x008028D3, 0x008028D4, 0x008028D5, 0x008028D6, 0x008068D7, 0x008068D9, 0x008068DB, 0x008068DD, 0x008028DF, 0x008028E0,
  0x008028E1, 0x008028E2, 0x008028E3, 0x008028E4, 0x008028E5, 0x008028E6, 0x008028E7, 0x008028E8, 0x008028E9, 0x008028EA,
  0x008068EB, 0x008028ED, 0x008028EE, 0x008028EF, 0x008028F0, 0x008028F1, 0x008028F2, 0x008028F3, 0x008028F4, 0x008028F5,
  0x008028F6, 0x008028F7, 0x008028F8, 0x008068F9, 0x008068FB, 0x008068FD, 0x008028FF, 0x00802900, 0x00802901, 0x00802902,
  0x00806903, 0x00802905, 0x00806906, 0x00802908, 0x00802909, 0x0080690A, 0x0080690C, 0x0080290E, 0x0080290F, 0x00802910,
  0x00802911, 0x00802912, 0x00802913, 0x00802914, 0x00802915, 0x00802916, 0x00802917, 0x00802918, 0x00802919, 0x0080291A,
  0x0080291B, 0x0080291C, 0x0080291D, 0x0080291E, 0x0080291F, 0x00802920, 0x00806921, 0x00802923, 0x00802924, 0x00802925,
  0x00802926, 0x00802927, 0x00806928, 0x0080692A, 0x0080292C, 0x0080292D, 0x0080292E, 0x0080292F, 0x00802930, 0x00802931,
  0x00806932, 0x00802934, 0x00802935, 0x00802936, 0x00802937, 0x00806938, 0x0080693A, 0x0080293C, 0x0080293D, 0x0080293E,
  0x0080693F, 0x00802941, 0x00802942, 0x00806943, 0x00806945, 0x00802947, 0x00802948, 0x00802949, 0x0080694A, 0x0080294C,
  0x0080294D, 0x0080294E, 0x0080294F, 0x00802950, 0x00802951, 0x00802952, 0x00806953, 0x00802955, 0x00802956, 0x00802957,
  0x00806958, 0x0080295A, 0x0080295B, 0x0080295C, 0x0080295D, 0x0080695E, 0x00806960, 0x00802962, 0x00802963, 0x00802964,
  0x00806965, 0x00802967, 0x00806968, 0x0080296A, 0x0080296B, 0x0080296C, 0x0080696D, 0x0080296F, 0x00802970, 0x00802971,
  0x00802972, 0x00802973, 0x00802974, 0x00802975, 0x00806976, 0x00802978, 0x00802979, 0x0080297A, 0x0080297B, 0x0080297C,
  0x0080297D, 0x0080697E, 0x00802980, 0x00806981, 0x00806983, 0x00806985, 0x00802987, 0x00802988, 0x00802989, 0x0080298A,
  0x0080298B, 0x0080298C, 0x0080298D, 0x0080298E, 0x0080698F, 0x00000000, 0x00000000, 0x00000000, 0x00000000, 0x00000000,
  0x00000000, 0x00000000, 0x00000000, 0x00000000, 0x00000000, 0x00000000, 0x00000000, 0x00000000, 0x00000000, 0x00000000,
  0x00000000, 0x00000000, 0x00000000, 0x00000000, 0x00000000, 0x00000000, 0x00000000, 0x00000000, 0x00000000, 0x00000000,
  0x00000000, 0x00000000, 0x00000000, 0x00000000, 0x00000000, 0x00000000, 0x00000000, 0x00000000, 0x00000000,
};

const uint16_t check_trie_index[1024] = {
  0x0000, 0x0000, 0x0000, 0x0040, 0x007F, 0x00BE, 0x00FD, 0x0130, 0x016C, 0x0000,
  0x0000, 0x0000, 0x01AC, 0x01EC, 0x022B, 0x0261, 0x02A1, 0x02DB, 0x0318, 0x0357,
  0x0000, 0x0000, 0x0391, 0x03D1, 0x0401, 0x0436, 0x0000, 0x0476, 0x04A5, 0x04E4,
  0x0000, 0x04F9, 0x0537, 0x0565, 0x058E, 0x05C4, 0x0604, 0x0641, 0x0661, 0x069E,
  0x06DD, 0x071A, 0x0661, 0x074D, 0x0661, 0x0785, 0x07B1, 0x07E7, 0x0661, 0x081F,
  0x0661, 0x085F, 0x086D, 0x07E7, 0x0000, 0x08AA, 0x08C9, 0x0904, 0x0910, 0x094B,
  0x0973, 0x09B0, 0x09F0, 0x0A2A, 0x0A44, 0x0000, 0x0A7F, 0x0000, 0x0000, 0x0000,
  0x0000, 0x0000, 0x0000, 0x0000, 0x0000, 0x0000, 0x0000, 0x0AA2, 0x0000, 0x0000,
  0x0000, 0x0000, 0x0000, 0x0000, 0x0000, 0x0000, 0x0000, 0x0000, 0x0000, 0x0000,
  0x0000, 0x0000, 0x0ACE, 0x0000, 0x0000, 0x0B03, 0x0000, 0x0000, 0x0B21, 0x0000,
  0x0B4B, 0x0000, 0x0000, 0x0000, 0x0B87, 0x0BA7, 0x0BE7, 0x0C26, 0x0C60, 0x0CA0,
  0x0CD4, 0x0D00, 0x0666, 0x0000, 0x0000, 0x0D34, 0x0000, 0x0000, 0x0000, 0x0D74,
  0x0DB4, 0x0DEE, 0x0E2A, 0x0E68, 0x0EA8, 0x0EE8, 0x0F28, 0x0F67, 0x0FA7, 0x0000,
  0x0000, 0x0FD7, 0x1008, 0x0000, 0x1034, 0x1067, 0x10A3, 0x10E2, 0x1112, 0x1142,
  0x1170, 0x0000, 0x0000, 0x0000, 0x0000, 0x0000, 0x0000, 0x0000, 0x0000, 0x0000,
  0x0000, 0x0000, 0x0000, 0x0000, 0x0000, 0x0000, 0x0000, 0x0000, 0x0000, 0x0000,
  0x0000, 0x0000, 0x0000, 0x0000, 0x0000, 0x0000, 0x0000, 0x0000, 0x0000, 0x0000,
  0x0000, 0x07A9, 0x0000, 0x0000, 0x0000, 0x0000, 0x0000, 0x0000, 0x0000, 0x0A90,
  0x0000, 0x119B, 0x0000, 0x11DB, 0x0000, 0x0000, 0x0000, 0x0000, 0x0000, 0x0000,
  0x0000, 0x0000, 0x121B, 0x124F, 0x128D, 0x12C9, 0x0000, 0x0000, 0x0000, 0x0000,
  0x0000, 0x0000, 0x0000, 0x0000, 0x0000, 0x0000, 0x0000, 0x0000, 0x0000, 0x0000,
  0x0000, 0x0000, 0x0000, 0x0000, 0x0000, 0x0000, 0x0000, 0x0000, 0x0000, 0x0000,
  0x0000, 0x0000, 0x0000, 0x0000, 0x0000, 0x0000, 0x0000, 0x0000, 0x0000, 0x0000,
  0x0000, 0x0000, 0x0000, 0x0000, 0x0000, 0x0000, 0x0000, 0x0000, 0x0000, 0x0000,
  0x0000, 0x0000, 0x0000, 0x0000, 0x0000, 0x0000, 0x0000, 0x0000, 0x0000, 0x0000,
  0x0000, 0x0000, 0x0000, 0x0000, 0x0000, 0x0000, 0x0000, 0x0000, 0x0000, 0x0000,
  0x0000, 0x0000, 0x0000, 0x0000, 0x0000, 0x0000, 0x0000, 0x0000, 0x0000, 0x0000,
  0x0000, 0x0000, 0x0000, 0x0000, 0x0000, 0x0000, 0x0000, 0x0000, 0x0000, 0x0000,
  0x0000, 0x0000, 0x0000, 0x0000, 0x0000, 0x0000, 0x0000, 0x0000, 0x0000, 0x0000,
  0x0000, 0x0000, 0x0000, 0x0000, 0x0000, 0x0000, 0x0000, 0x0000, 0x0000, 0x0000,
  0x0000, 0x0000, 0x0000, 0x0000, 0x0000, 0x0000, 0x0000, 0x0000, 0x0000, 0x0000,
  0x0000, 0x0000, 0x0000, 0x0000, 0x0000, 0x0000, 0x0000, 0x0000, 0x0000, 0x0000,
  0x0000, 0x0000, 0x0000, 0x0000, 0x0000, 0x0000, 0x0000, 0x0000, 0x0000, 0x0000,
  0x0000, 0x0000, 0x0000, 0x0000, 0x0000, 0x0000, 0x0000, 0x0000, 0x0000, 0x0000,
  0x0000, 0x0000, 0x0000, 0x0000, 0x0000, 0x0000, 0x0000, 0x0000, 0x0000, 0x0000,
  0x0000, 0x0000, 0x0000, 0x0000, 0x0000, 0x0000, 0x0000, 0x0000, 0x0000, 0x0000,
  0x0000, 0x0000, 0x0000, 0x0000, 0x0000, 0x0000, 0x0000, 0x0000, 0x0000, 0x0000,
  0x0000, 0x0000, 0x0000, 0x0000, 0x0000, 0x0000, 0x0000, 0x0000, 0x0000, 0x0000,
  0x0000, 0x0000, 0x0000, 0x0000, 0x0000, 0x0000, 0x0000, 0x0000, 0x0000, 0x0000,
  0x0000, 0x0000, 0x0000, 0x0000, 0x0000, 0x0000, 0x0000, 0x0000, 0x0000, 0x0000,
  0x0000, 0x0000, 0x0000, 0x0000, 0x0000, 0x0000, 0x0000, 0x0000, 0x0000, 0x0000,
  0x0000, 0x0000, 0x0000, 0x0000, 0x0000, 0x0000, 0x0000, 0x0000, 0x0000, 0x0000,
  0x0000, 0x0000, 0x0000, 0x0000, 0x0000, 0x0000, 0x0000, 0x0000, 0x0000, 0x0000,
  0x0000, 0x0000, 0x0000, 0x0000, 0x0000, 0x0000, 0x0000, 0x0000, 0x0000, 0x0000,
  0x0000, 0x0000, 0x0000, 0x0000, 0x0000, 0x0000, 0x0000, 0x0000, 0x0000, 0x0000,
  0x0000, 0x0000, 0x0000, 0x0000, 0x0000, 0x0000, 0x0000, 0x0000, 0x0000, 0x0000,
  0x0000, 0x0000, 0x0000, 0x0000, 0x0000, 0x0000, 0x0000, 0x0000, 0x0000, 0x0000,
  0x0000, 0x0000, 0x0000, 0x0000, 0x0000, 0x0000, 0x0000, 0x0000, 0x0000, 0x0000,
  0x0000, 0x0000, 0x0000, 0x0000, 0x0000, 0x0000, 0x0000, 0x0000, 0x0000, 0x0000,
  0x0000, 0x0000, 0x0000, 0x0000, 0x0000, 0x0000, 0x0000, 0x0000, 0x0000, 0x0000,
  0x0000, 0x0000, 0x0000, 0x0000, 0x0000, 0x0000, 0x0000, 0x0000, 0x0000, 0x0000,
  0x0000, 0x0000, 0x0000, 0x0000, 0x0000, 0x0000, 0x0000, 0x0000, 0x0000, 0x0000,
  0x0000, 0x0000, 0x0000, 0x0000, 0x0000, 0x0000, 0x0000, 0x0000, 0x0000, 0x0000,
  0x0000, 0x0000, 0x0000, 0x0000, 0x0000, 0x0000, 0x0000, 0x0000, 0x0000, 0x0000,
  0x0000, 0x0000, 0x0000, 0x0000, 0x0000, 0x0000, 0x0000, 0x0000, 0x0000, 0x0000,
  0x0000, 0x0000, 0x0000, 0x0000, 0x0000, 0x0000, 0x0000, 0x0000, 0x0000, 0x0000,
  0x0000, 0x0000, 0x0000, 0x0000, 0x0000, 0x0000, 0x0000, 0x0000, 0x0000, 0x0000,
  0x0000, 0x0000, 0x0000, 0x0000, 0x0000, 0x0000, 0x0000, 0x0000, 0x0000, 0x0000,
  0x0000, 0x0000, 0x0000, 0x0000, 0x0000, 0x0000, 0x0000, 0x0000, 0x0000, 0x0000,
  0x0000, 0x0000, 0x0000, 0x0000, 0x0000, 0x0000, 0x0000, 0x0000, 0x0000, 0x0000,
  0x0000, 0x0000, 0x0000, 0x0000, 0x0000, 0x0000, 0x0000, 0x0000, 0x0000, 0x0000,
  0x0000, 0x0000, 0x0000, 0x0000, 0x0000, 0x0000, 0x0000, 0x0000, 0x0000, 0x0000,
  0x0000, 0x0000, 0x0000, 0x0000, 0x0000, 0x0000, 0x0000, 0x0000, 0x0000, 0x0000,
  0x0000, 0x0000, 0x0000, 0x0000, 0x0000, 0x0000, 0x0000, 0x0000, 0x0000, 0x0000,
  0x0000, 0x0000, 0x0000, 0x0000, 0x0000, 0x0000, 0x0000, 0x0000, 0x0000, 0x0000,
  0x0000, 0x0000, 0x0000, 0x0000, 0x0000, 0x0000, 0x0000, 0x0000, 0x0000, 0x0000,
  0x0000, 0x0000, 0x0000, 0x0000, 0x0000, 0x1308, 0x1346, 0x1366, 0x0000, 0x0000,
  0x0000, 0x0000, 0x13A0, 0x0000, 0x0000, 0x13C8, 0x13FA, 0x0747, 0x1428, 0x1468,
  0x0000, 0x0000, 0x1478, 0x14B8, 0x0000, 0x0000, 0x0000, 0x11AD, 0x14F8, 0x1500,
  0x1508, 0x1510, 0x14FC, 0x1504, 0x150C, 0x14F8, 0x1500, 0x1508, 0x1510, 0x14FC,
  0x1504, 0x150C, 0x14F8, 0x1500, 0x1508, 0x1510, 0x14FC, 0x1504, 0x150C, 0x14F8,
  0x1500, 0x1508, 0x1510, 0x14FC, 0x1504, 0x150C, 0x14F8, 0x1500, 0x1508, 0x1510,
  0x14FC, 0x1504, 0x150C, 0x14F8, 0x1500, 0x1508, 0x1510, 0x14FC, 0x1504, 0x150C,
  0x14F8, 0x1500, 0x1508, 0x1510, 0x14FC, 0x1504, 0x150C, 0x14F8, 0x1500, 0x1508,
  0x1510, 0x14FC, 0x1504, 0x150C, 0x14F8, 0x1500, 0x1508, 0x1510, 0x14FC, 0x1504,
  0x150C, 0x14F8, 0x1500, 0x1508, 0x1510, 0x14FC, 0x1504, 0x150C, 0x14F8, 0x1500,
  0x1508, 0x1510, 0x14FC, 0x1504, 0x150C, 0x14F8, 0x1500, 0x1508, 0x1510, 0x14FC,
  0x1504, 0x150C, 0x14F8, 0x1500, 0x1508, 0x1510, 0x14FC, 0x1504, 0x150C, 0x14F8,
  0x1500, 0x1508, 0x1510, 0x14FC, 0x1504, 0x150C, 0x14F8, 0x1500, 0x1508, 0x1510,
  0x14FC, 0x1504, 0x150C, 0x14F8, 0x1500, 0x1508, 0x1510, 0x14FC, 0x1504, 0x150C,
  0x14F8, 0x1500, 0x1508, 0x1510, 0x14FC, 0x1504, 0x150C, 0x14F8, 0x1500, 0x1508,
  0x1510, 0x14FC, 0x1504, 0x150C, 0x14F8, 0x1500, 0x1508, 0x1510, 0x14FC, 0x1504,
  0x150C, 0x14F8, 0x1500, 0x1508, 0x1510, 0x14FC, 0x1504, 0x150C, 0x14F8, 0x1500,
  0x1508, 0x1510, 0x14FC, 0x1504, 0x150C, 0x14F8, 0x1500, 0x1508, 0x1510, 0x14FC,
  0x1504, 0x150C, 0x14F8, 0x1500, 0x1508, 0x1510, 0x14FC, 0x1504, 0x150C, 0x14F8,
  0x1500, 0x1508, 0x1510, 0x14FC, 0x1504, 0x150C, 0x14F8, 0x1500, 0x1508, 0x1510,
  0x14FC, 0x1504, 0x1544, 0x0000, 0x1584, 0x1584, 0x1584, 0x1584, 0x1584, 0x1584,
  0x1584, 0x1584, 0x1584, 0x1584, 0x1584, 0x1584, 0x1584, 0x1584, 0x1584, 0x1584,
  0x1584, 0x1584, 0x1584, 0x1584, 0x1584, 0x1584, 0x1584, 0x1584, 0x1584, 0x1584,
  0x1584, 0x1584, 0x1584, 0x1584, 0x1584, 0x1584, 0x0000, 0x0000, 0x0000, 0x0000,
  0x0000, 0x0000, 0x0000, 0x0000, 0x0000, 0x0000, 0x0000, 0x0000, 0x0000, 0x0000,
  0x0000, 0x0000, 0x0000, 0x0000, 0x0000, 0x0000, 0x0000, 0x0000, 0x0000, 0x0000,
  0x0000, 0x0000, 0x0000, 0x0000, 0x0000, 0x0000, 0x0000, 0x0000, 0x0000, 0x0000,
  0x0000, 0x0000, 0x0000, 0x0000, 0x0000, 0x0000, 0x0000, 0x0000, 0x0000, 0x0000,
  0x0000, 0x0000, 0x0000, 0x0000, 0x0000, 0x0000, 0x0000, 0x0000, 0x0000, 0x0000,
  0x0000, 0x0000, 0x0000, 0x0000, 0x0000, 0x0000, 0x0000, 0x0000, 0x0000, 0x0000,
  0x0000, 0x0000, 0x0000, 0x0000, 0x0000, 0x0000, 0x0000, 0x0000, 0x0000, 0x0000,
  0x0000, 0x0000, 0x0000, 0x0000, 0x0000, 0x0000, 0x0000, 0x0000, 0x0000, 0x0000,
  0x0000, 0x0000, 0x0000, 0x0000, 0x0000, 0x0000, 0x0000, 0x0000, 0x0000, 0x0000,
  0x0000, 0x0000, 0x0000, 0x0000, 0x0000, 0x0000, 0x15C4, 0x15C4, 0x15C4, 0x15C4,
  0x15F6, 0x1620, 0x15C4, 0x1651, 0x1674, 0x16B4, 0x0000, 0x0000, 0x0000, 0x0000,
  0x0000, 0x0000, 0x0000, 0x0000, 0x0000, 0x0000, 0x16D4, 0x0000, 0x0000, 0x0000,
  0x0000, 0x0000, 0x0000, 0x0000,
};

const uint16_t check_trie_index1[512] = {
  0x0000, 0x0018, 0x0037, 0x0057, 0x0075, 0x0075, 0x0075, 0x0075, 0x0075, 0x0075,
  0x0075, 0x0075, 0x0091, 0x00A6, 0x0075, 0x0075, 0x0075, 0x0075, 0x0075, 0x0075,
  0x0075, 0x0075, 0x0075, 0x00C6, 0x0075, 0x0075, 0x00E1, 0x0075, 0x0101, 0x011E,
  0x0075, 0x0075, 0x0075, 0x0075, 0x0075, 0x0075, 0x0075, 0x0075, 0x0075, 0x0075,
  0x0075, 0x0075, 0x0075, 0x0075, 0x0075, 0x0075, 0x0075, 0x0075, 0x0075, 0x0075,
  0x0075, 0x0075, 0x0075, 0x0075, 0x0075, 0x0075, 0x0075, 0x0075, 0x0075, 0x0075,
  0x0075, 0x0075, 0x0075, 0x013E, 0x0075, 0x0075, 0x0075, 0x0075, 0x0075, 0x0075,
  0x0075, 0x0075, 0x0075, 0x0075, 0x0075, 0x0075, 0x0075, 0x0075, 0x0075, 0x0075,
  0x0075, 0x0075, 0x0075, 0x0075, 0x0075, 0x0075, 0x0075, 0x0075, 0x0075, 0x0075,
  0x0075, 0x0075, 0x0075, 0x0075, 0x0075, 0x0075, 0x0075, 0x0075, 0x0075, 0x0075,
  0x0075, 0x0075, 0x0075, 0x0075, 0x0075, 0x0075, 0x0075, 0x0075, 0x0075, 0x0075,
  0x0075, 0x0075, 0x0075, 0x0075, 0x0075, 0x0075, 0x0075, 0x0075, 0x0075, 0x0075,
  0x0075, 0x0075, 0x0075, 0x0075, 0x0075, 0x0075, 0x0075, 0x0075, 0x0075, 0x0075,
  0x0075, 0x0075, 0x0075, 0x0075, 0x0075, 0x0075, 0x0075, 0x0075, 0x0075, 0x0075,
  0x0075, 0x0075, 0x0075, 0x0075, 0x0075, 0x0075, 0x0075, 0x0075, 0x0075, 0x0075,
  0x0075, 0x0075, 0x0075, 0x0075, 0x0075, 0x0075, 0x0075, 0x0075, 0x0075, 0x0075,
  0x0075, 0x0075, 0x0075, 0x0075, 0x0075, 0x0075, 0x0075, 0x0075, 0x0075, 0x0075,
  0x0075, 0x0075, 0x0075, 0x0075, 0x0075, 0x0075, 0x0075, 0x0075, 0x0075, 0x0075,
  0x0075, 0x0075, 0x0075, 0x0075, 0x0075, 0x0075, 0x0075, 0x0075, 0x0075, 0x0075,
  0x0075, 0x0075, 0x0075, 0x0075, 0x0075, 0x0075, 0x0075, 0x0075, 0x0075, 0x0075,
  0x0075, 0x0075, 0x0075, 0x0075, 0x0075, 0x0075, 0x0075, 0x0075, 0x0075, 0x0075,
  0x0075, 0x0075, 0x0075, 0x0075, 0x0075, 0x0075, 0x0075, 0x0075, 0x0075, 0x0075,
  0x0075, 0x0075, 0x0075, 0x0075, 0x0075, 0x0075, 0x0075, 0x0075, 0x0075, 0x0075,
  0x0075, 0x0075, 0x0075, 0x0075, 0x0075, 0x0075, 0x0075, 0x0075, 0x0075, 0x0075,
  0x0075, 0x0075, 0x0075, 0x0075, 0x0075, 0x0075, 0x0075, 0x0075, 0x0075, 0x0075,
  0x0075, 0x0075, 0x0075, 0x0075, 0x0075, 0x0075, 0x0075, 0x0075, 0x0075, 0x0075,
  0x0075, 0x0075, 0x0075, 0x0075, 0x0075, 0x0075, 0x0075, 0x0075, 0x0075, 0x0075,
  0x0075, 0x0075, 0x0075, 0x0075, 0x0075, 0x0075, 0x0075, 0x0075, 0x0075, 0x0075,
  0x0075, 0x0075, 0x0075, 0x0075, 0x0075, 0x0075, 0x0075, 0x0075, 0x0075, 0x0075,
  0x0075, 0x0075, 0x0075, 0x0075, 0x0075, 0x0075, 0x0075, 0x0075, 0x0075, 0x0075,
  0x0075, 0x0075, 0x0075, 0x0075, 0x0075, 0x0075, 0x0075, 0x0075, 0x0075, 0x0075,
  0x0075, 0x0075, 0x0075, 0x0075, 0x0075, 0x0075, 0x0075, 0x0075, 0x0075, 0x0075,
  0x0075, 0x0075, 0x0075, 0x0075, 0x0075, 0x0075, 0x0075, 0x0075, 0x0075, 0x0075,
  0x0075, 0x0075, 0x0075, 0x0075, 0x0075, 0x0075, 0x0075, 0x0075, 0x0075, 0x0075,
  0x0075, 0x0075, 0x0075, 0x0075, 0x0075, 0x0075, 0x0075, 0x0075, 0x0075, 0x0075,
  0x0075, 0x0075, 0x0075, 0x0075, 0x0075, 0x0075, 0x0075, 0x0075, 0x0075, 0x0075,
  0x0075, 0x0075, 0x0075, 0x0075, 0x0075, 0x0075, 0x0075, 0x0075, 0x0075, 0x0075,
  0x0075, 0x0075, 0x0075, 0x0075, 0x0075, 0x0075, 0x0075, 0x0075, 0x0075, 0x0075,
  0x0075, 0x0075, 0x0075, 0x0075, 0x0075, 0x0075, 0x0075, 0x0075, 0x0075, 0x0075,
  0x0075, 0x0075, 0x0075, 0x0075, 0x0075, 0x0075, 0x0075, 0x0075, 0x0075, 0x0075,
  0x0075, 0x0075, 0x0075, 0x0075, 0x0075, 0x0075, 0x0075, 0x0075, 0x0075, 0x0075,
  0x0075, 0x0075, 0x0075, 0x0075, 0x0075, 0x0075, 0x0075, 0x0075, 0x0075, 0x0075,
  0x0075, 0x0075, 0x0075, 0x0075, 0x0075, 0x0075, 0x0075, 0x0075, 0x0075, 0x0075,
  0x0075, 0x0075, 0x0075, 0x0075, 0x0075, 0x0075, 0x0075, 0x0075, 0x0075, 0x0075,
  0x0075, 0x0075, 0x0075, 0x0075, 0x0075, 0x0075, 0x0075, 0x0075, 0x0075, 0x0075,
  0x0075, 0x0075, 0x0075, 0x0075, 0x0075, 0x0075, 0x0075, 0x0075, 0x0075, 0x0075,
  0x0075, 0x0075, 0x0075, 0x0075, 0x0075, 0x0075, 0x0075, 0x0075, 0x0075, 0x0075,
  0x0075, 0x0075, 0x0075, 0x0075, 0x0075, 0x0075, 0x0075, 0x0075, 0x0075, 0x0075,
  0x0075, 0x0075, 0x0075, 0x0075, 0x0075, 0x0075, 0x0075, 0x0075, 0x0075, 0x0075,
  0x0075, 0x0075, 0x0075, 0x0075, 0x0075, 0x0075, 0x0075, 0x0075, 0x0075, 0x0075,
  0x0075, 0x0075, 0x0075, 0x0075, 0x0075, 0x0075, 0x0075, 0x0075, 0x0075, 0x0075,
  0x0075, 0x0075,
};

const uint16_t check_trie_index2[350] = {
  0x1714, 0x1714, 0x1714, 0x1714, 0x1714, 0x1714, 0x1714, 0x1717, 0x1714, 0x1714,
  0x1714, 0x1734, 0x1714, 0x1755, 0x1714, 0x1714, 0x1714, 0x1714, 0x1714, 0x1714,
  0x1714, 0x1714, 0x1714, 0x1790, 0x1714, 0x1714, 0x1714, 0x1714, 0x1714, 0x1714,
  0x1714, 0x1714, 0x17C3, 0x1714, 0x1714, 0x1803, 0x1714, 0x1714, 0x1714, 0x1714,
  0x1714, 0x1714, 0x1714, 0x1714, 0x182A, 0x1852, 0x1714, 0x1714, 0x1714, 0x1714,
  0x1880, 0x18AD, 0x1714, 0x18ED, 0x192B, 0x1714, 0x1965, 0x19A5, 0x1714, 0x19E5,
  0x1A1A, 0x1714, 0x1A5A, 0x1A65, 0x1714, 0x1714, 0x1A9C, 0x1AC7, 0x1B04, 0x1B41,
  0x1B7C, 0x1714, 0x1BBA, 0x1BD9, 0x1C18, 0x1714, 0x1714, 0x1C1E, 0x1C5E, 0x1C5F,
  0x1714, 0x1C68, 0x1714, 0x1940, 0x1714, 0x1714, 0x1714, 0x1C65, 0x1714, 0x1714,
  0x1714, 0x1CA0, 0x1CDF, 0x1714, 0x194B, 0x1937, 0x1D18, 0x1952, 0x1714, 0x1714,
  0x1714, 0x1714, 0x1714, 0x1C5F, 0x1714, 0x1714, 0x1714, 0x1714, 0x1D56, 0x1954,
  0x1714, 0x1714, 0x1714, 0x1714, 0x1714, 0x1714, 0x1D59, 0x1714, 0x1714, 0x1714,
  0x1714, 0x1714, 0x1714, 0x1714, 0x1714, 0x1714, 0x1714, 0x1714, 0x1714, 0x1714,
  0x1714, 0x1714, 0x1714, 0x1714, 0x1714, 0x1714, 0x1714, 0x1714, 0x1714, 0x1714,
  0x1714, 0x1714, 0x1714, 0x1714, 0x1714, 0x1714, 0x1714, 0x1714, 0x1714, 0x1D78,
  0x1714, 0x1714, 0x1714, 0x1714, 0x1714, 0x1714, 0x1714, 0x1714, 0x1714, 0x1714,
  0x1714, 0x1714, 0x1714, 0x1714, 0x1714, 0x1714, 0x1714, 0x1714, 0x1714, 0x1714,
  0x1714, 0x1714, 0x1714, 0x1714, 0x1714, 0x1714, 0x1714, 0x1DA8, 0x1DDD, 0x1714,
  0x1714, 0x1714, 0x1714, 0x1714, 0x1714, 0x1714, 0x1714, 0x1E14, 0x1714, 0x1714,
  0x1714, 0x1714, 0x1714, 0x1714, 0x1714, 0x1714, 0x1714, 0x1E3F, 0x1714, 0x1714,
  0x1714, 0x1714, 0x1714, 0x1714, 0x1714, 0x1714, 0x1714, 0x1714, 0x1714, 0x1714,
  0x1714, 0x1714, 0x1714, 0x1714, 0x1714, 0x1714, 0x1E71, 0x1714, 0x1714, 0x1714,
  0x1714, 0x1714, 0x1714, 0x1714, 0x1714, 0x1714, 0x1714, 0x1714, 0x1714, 0x1714,
  0x1E93, 0x1ED0, 0x1F0F, 0x1714, 0x1F4D, 0x1714, 0x1714, 0x1714, 0x1714, 0x1714,
  0x1714, 0x1714, 0x1714, 0x1714, 0x1714, 0x1714, 0x1714, 0x1714, 0x1714, 0x1714,
  0x1714, 0x1714, 0x1714, 0x1714, 0x1714, 0x1714, 0x1714, 0x1F8D, 0x1714, 0x1BC9,
  0x1714, 0x1DDD, 0x1714, 0x1714, 0x1714, 0x1714, 0x1714, 0x1FB8, 0x1FE7, 0x1714,
  0x1714, 0x1714, 0x1714, 0x1714, 0x1714, 0x1714, 0x2017, 0x1714, 0x1714, 0x1714,
  0x2047, 0x1714, 0x1714, 0x1714, 0x2077, 0x1714, 0x1714, 0x1714, 0x1714, 0x20AD,
  0x1714, 0x20E9, 0x1714, 0x1714, 0x1714, 0x1714, 0x1714, 0x1714, 0x1714, 0x1714,
  0x1714, 0x1714, 0x1714, 0x1714, 0x1714, 0x1714, 0x1714, 0x1714, 0x1714, 0x1714,
  0x1714, 0x1714, 0x1714, 0x1714, 0x1714, 0x1714, 0x1714, 0x1714, 0x2129, 0x2162,
  0x21A0, 0x21DF, 0x221B, 0x225A, 0x2298, 0x22D3, 0x230F, 0x1714, 0x1714, 0x1714,
  0x1714, 0x1714, 0x1714, 0x1714, 0x1714, 0x1714, 0x1714, 0x1714, 0x1714, 0x1714,
  0x1714, 0x1714, 0x1714, 0x1714, 0x1714, 0x1714, 0x1714, 0x1714, 0x1714, 0x1714,
};

const uint16_t check_trie_data[9039] = {
  0x0001, 0x0001, 0x0001, 0x0001, 0x0001, 0x0001, 0x0001, 0x0001, 0x0001, 0x0001,
  0x0001, 0x0001, 0x0001, 0x0001, 0x0001, 0x0001, 0x0001, 0x0001, 0x0001, 0x0001,
  0x0001, 0x0001, 0x0001, 0x0001, 0x0001, 0x0001, 0x0001, 0x0001, 0x0001, 0x0001,
  0x0001, 0x0001, 0x0001, 0x0001, 0x0001, 0x0001, 0x0001, 0x0001, 0x0001, 0x0001,
  0x0001, 0x0001, 0x0001, 0x0001, 0x0001, 0x0001, 0x0001, 0x0001, 0x0001, 0x0001,
  0x0001, 0x0001, 0x0001, 0x0001, 0x0001, 0x0001, 0x0001, 0x0001, 0x0001, 0x0001,
  0x0001, 0x0001, 0x0001, 0x0001, 0xC002, 0xC002, 0xC002, 0xC002, 0xC002, 0xC002,
  0x0001, 0xC002, 0xC002, 0xC002, 0xC002, 0xC002, 0xC002, 0xC002, 0xC002, 0xC002,
  0x0001, 0xC002, 0xC002, 0xC002, 0xC002, 0xC002, 0xC002, 0x0001, 0x0001, 0xC002,
  0xC002, 0xC002, 0xC002, 0xC002, 0x0001, 0x0001, 0xC002, 0xC002, 0xC002, 0xC002,
  0xC002, 0xC002, 0x0001, 0xC002, 0xC002, 0xC002, 0xC002, 0xC002, 0xC002, 0xC002,
  0xC002, 0xC002, 0x0001, 0xC002, 0xC002, 0xC002, 0xC002, 0xC002, 0xC002, 0x0001,
  0x0001, 0xC002, 0xC002, 0xC002, 0xC002, 0xC002, 0x0001, 0xC002, 0xC002, 0xC002,
  0xC002, 0xC002, 0xC002, 0xC002, 0xC002, 0xC002, 0xC002, 0xC002, 0xC002, 0xC002,
  0xC002, 0xC002, 0xC002, 0x0001, 0x0001, 0xC002, 0xC002, 0xC002, 0xC002, 0xC002,
  0xC002, 0xC002, 0xC002, 0xC002, 0xC002, 0xC002, 0xC002, 0xC002, 0xC002, 0xC002,
  0xC002, 0xC002, 0xC002, 0xC002, 0xC002, 0x0001, 0x0001, 0xC002, 0xC002, 0xC002,
  0xC002, 0xC002, 0xC002, 0xC002, 0xC002, 0xC002, 0x0001, 0x0001, 0x0001, 0xC002,
  0xC002, 0xC002, 0xC002, 0x0001, 0xC002, 0xC002, 0xC002, 0xC002, 0xC002, 0xC002,
  0x0001, 0x0001, 0x0001, 0xC002, 0xC002, 0xC002, 0xC002, 0xC002, 0xC002, 0x0001,
  0x0001, 0x0001, 0xC002, 0xC002, 0xC002, 0xC002, 0xC002, 0xC002, 0x0001, 0x0001,
  0xC002, 0xC002, 0xC002, 0xC002, 0xC002, 0xC002, 0xC002, 0xC002, 0xC002, 0xC002,
  0xC002, 0xC002, 0xC002, 0xC002, 0xC002, 0xC002, 0xC002, 0xC002, 0x0001, 0x0001,
  0xC002, 0xC002, 0xC002, 0xC002, 0xC002, 0xC002, 0xC002, 0xC002, 0xC002, 0xC002,
  0xC002, 0xC002, 0xC002, 0xC002, 0xC002, 0xC002, 0xC002, 0xC002, 0xC002, 0xC002,
  0xC002, 0xC002, 0xC002, 0x0001, 0x0001, 0x0001, 0x0001, 0x0001, 0x0001, 0x0001,
  0x0001, 0x0001, 0x0001, 0x0001, 0x0001, 0x0001, 0x0001, 0x0001, 0x0001, 0x0001,
  0x0001, 0x0001, 0x0001, 0x0001, 0x0001, 0x0001, 0x0001, 0x0001, 0x0001, 0x0001,
  0x0001, 0x0001, 0x0001, 0x0001, 0x0001, 0xC002, 0xC002, 0x0001, 0x0001, 0x0001,
  0x0001, 0x0001, 0x0001, 0x0001, 0x0001, 0x0001, 0x0001, 0x0001, 0x0001, 0x0001,
  0xC002, 0xC002, 0x0001, 0x0001, 0x0001, 0x0001, 0x0001, 0x0001, 0x0001, 0x0001,
  0x0001, 0x0001, 0x0001, 0x0001, 0x0001, 0x0001, 0x0001, 0xC002, 0xC002, 0xC002,
  0xC002, 0xC002, 0xC002, 0xC002, 0xC002, 0xC003, 0xC003, 0xC003, 0xC003, 0xC003,
  0xC003, 0xC003, 0xC003, 0x0001, 0xC003, 0xC003, 0xC003, 0xC003, 0xC002, 0xC002,
  0x0001, 0x0001, 0xC002, 0xC002, 0xC002, 0xC002, 0xC002, 0xC002, 0xC003, 0xC003,
  0xC002, 0xC002, 0xC002, 0x0001, 0x0001, 0x0001, 0xC002, 0xC002, 0x0001, 0x0001,
  0xC002, 0xC002, 0xC003, 0xC003, 0xC002, 0xC002, 0xC002, 0xC002, 0xC002, 0xC002,
  0xC002, 0xC002, 0xC002, 0xC002, 0xC002, 0xC002, 0xC002, 0xC002, 0xC002, 0xC002,
  0xC002, 0xC002, 0xC002, 0xC002, 0xC002, 0xC002, 0xC002, 0xC002, 0xC002, 0xC002,
  0xC002, 0xC002, 0x0001, 0x0001, 0xC002, 0xC002, 0x0001, 0x0001, 0x0001, 0x0001,
  0x0001, 0x0001, 0xC002, 0xC002, 0xC002, 0xC002, 0xC003, 0xC003, 0xC003, 0xC003,
  0xC002, 0xC002, 0xC003, 0xC003, 0xC002, 0xC002, 0x0001, 0x0001, 0x0001, 0x0001,
  0x0001, 0x0001, 0x0001, 0x0001, 0x0001, 0x0001, 0x0001, 0x0001, 0x7981, 0x7981,
  0x7981, 0x7981, 0x7981, 0x7981, 0x7981, 0x7981, 0x7981, 0x7981, 0x7981, 0x7981,
  0x7981, 0x7981, 0x7981, 0x7981, 0x7981, 0x7981, 0x7981, 0x7981, 0x7981, 0x7A01,
  0x7701, 0x7701, 0x7701, 0x7701, 0x7A01, 0x7601, 0x7701, 0x7701, 0x7701, 0x7701,
  0x7701, 0x7281, 0x7281, 0x7701, 0x7701, 0x7701, 0x7701, 0x7281, 0x7281, 0x7701,
  0x7701, 0x7701, 0x7701, 0x7701, 0x7701, 0x7701, 0x7701, 0x7701, 0x7701, 0x7701,
  0x4041, 0x4041, 0x4041, 0x4041, 0x4041, 0x7701, 0x7701, 0x7701, 0x7701, 0x7981,
  0x7981, 0x7981, 0xF981, 0xF981, 0x7981, 0xF981, 0xF982, 0x7C01, 0x7981, 0x7701,
  0x7701, 0x7701, 0x7981, 0x7981, 0x7981, 0x7701, 0x7701, 0x0001, 0x7981, 0x7981,
  0x7981, 0x7701, 0x7701, 0x7701, 0x7701, 0x7981, 0x7A01, 0x7701, 0x7701, 0x7981,
  0x7A41, 0x7A81, 0x7A81, 0x7A41, 0x7A81, 0x7A81, 0x7A41, 0x7981, 0x7981, 0x7981,
  0x7981, 0x7981, 0x7981, 0x7981, 0x7981, 0x7981, 0x7981, 0x7981, 0x7981, 0x7981,
  0x0001, 0x0001, 0x0001, 0x0001, 0xC001, 0x0001, 0x0001, 0x0001, 0x0001, 0x0001,
  0x0001, 0x0001, 0x0001, 0x0001, 0xC001, 0x0001, 0x0001, 0x0001, 0x0001, 0x0001,
  0xC002, 0xC002, 0xC001, 0xC002, 0xC002, 0xC002, 0x0001, 0xC002, 0x0001, 0xC002,
  0xC002, 0xC003, 0x0001, 0x0001, 0x0001, 0x0001, 0x0001, 0x0001, 0x0001, 0x0001,
  0x0001, 0x0001, 0x0001, 0x0001, 0x0001, 0x0001, 0x0001, 0x0001, 0x0001, 0x0001,
  0x0001, 0x0001, 0x0001, 0x0001, 0x0001, 0x0001, 0x0001, 0xC002, 0xC002, 0xC002,
  0xC002, 0xC002, 0xC002, 0xC003, 0x0001, 0x0001, 0x0001, 0x0001, 0x0001, 0x0001,
  0x0001, 0x0001, 0x0001, 0x0001, 0x0001, 0x0001, 0x0001, 0x0001, 0x0001, 0xC002,
  0xC002, 0xC002, 0xC002, 0xC002, 0x0001, 0x0001, 0x0001, 0x0001, 0xC002, 0xC002,
  0x0001, 0x0001, 0x0001, 0x0001, 0x0001, 0x0001, 0x0001, 0x0001, 0x0001, 0x0001,
  0x0001, 0x0001, 0x0001, 0x0001, 0x0001, 0x0001, 0x0001, 0x0001, 0x0001, 0x0001,
  0x0001, 0x0001, 0x0001, 0x0001, 0x0001, 0x0001, 0x0001, 0x0001, 0x0001, 0x0001,
  0x0001, 0x0001, 0x0001, 0x0001, 0x0001, 0x0001, 0x0001, 0x0001, 0x0001, 0x0001,
  0x0001, 0x0001, 0x0001, 0xC002, 0xC002, 0x0001, 0xC002, 0x0001, 0x0001, 0x0001,
  0xC002, 0x0001, 0x0001, 0x0001, 0x0001, 0xC002, 0xC002, 0xC002, 0x0001, 0x0001,
  0x0001, 0x0001, 0x0001, 0x0001, 0x0001, 0x0001, 0x0001, 0x0001, 0xC002, 0x0001,
  0x0001, 0x0001, 0x0001, 0x0001, 0x0001, 0x0001, 0x0001, 0x0001, 0x0001, 0x0001,
  0x0001, 0x0001, 0x0001, 0x0001, 0x0001, 0x0001, 0x0001, 0x0001, 0x0001, 0x0001,
  0x0001, 0x0001, 0x0001, 0x0001, 0x0001, 0x0001, 0x0001, 0x0001, 0x0001, 0x0001,
  0xC002, 0x0001, 0x0001, 0x0001, 0x0001, 0x0001, 0x0001, 0x0001, 0x0001, 0x0001,
  0x0001, 0x0001, 0x0001, 0x0001, 0x0001, 0x0001, 0x0001, 0xC002, 0xC002, 0x0001,
  0xC002, 0x0001, 0x0001, 0x0001, 0xC002, 0x0001, 0x0001, 0x0001, 0x0001, 0xC002,
  0xC002, 0xC002, 0x0001, 0x0001, 0x0001, 0x0001, 0x0001, 0x0001, 0x0001, 0x0001,
  0x0001, 0x0001, 0x0001, 0x0001, 0x0001, 0x0001, 0x0001, 0x0001, 0x0001, 0x0001,
  0x0001, 0x0001, 0x0001, 0x0001, 0x0001, 0xC002, 0xC002, 0x0001, 0x0001, 0x0001,
  0x0001, 0x0001, 0x0001, 0x0001, 0x0001, 0x7981, 0x7981, 0x7981, 0x7981, 0x7981,
  0x0001, 0x0001, 0x0001, 0x0001, 0x0001, 0x0001, 0x0001, 0x0001, 0x0001, 0x0001,
  0x0001, 0x0001, 0x0001, 0x0001, 0x0001, 0x0001, 0x0001, 0x0001, 0x0001, 0x0001,
  0x0001, 0x0001, 0x0001, 0x0001, 0x0001, 0x0001, 0x0001, 0x0001, 0x0001, 0x0001,
  0x0001, 0x0001, 0x0001, 0x0001, 0x0001, 0x0001, 0x0001, 0x0001, 0x0001, 0x0001,
  0x0001, 0x0001, 0x0001, 0x0001, 0x0001, 0x0001, 0x0001, 0x0001, 0x0001, 0x0001,
  0x0001, 0x0001, 0x0001, 0x0001, 0x0001, 0x0001, 0xC002, 0xC002, 0x0001, 0x0001,
  0x0001, 0x0001, 0x0001, 0x0001, 0x0001, 0x0001, 0x0001, 0x0001, 0x0001, 0x0001,
  0x0001, 0xC002, 0xC002, 0xC002, 0xC002, 0x0001, 0x0001, 0xC002, 0xC002, 0x0001,
  0x0001, 0xC002, 0xC002, 0xC002, 0xC002, 0xC002, 0xC002, 0x0001, 0x0001, 0xC002,
  0xC002, 0xC002, 0xC002, 0xC002, 0xC002, 0x0001, 0x0001, 0xC002, 0xC002, 0xC002,
  0xC002, 0xC002, 0xC002, 0xC002, 0xC002, 0xC002, 0xC002, 0xC002, 0xC002, 0x0001,
  0x0001, 0xC002, 0xC002, 0x0001, 0x0001, 0x0001, 0x0001, 0x0001, 0x0001, 0x0001,
  0x0001, 0x0001, 0x0001, 0x0001, 0x0001, 0x0001, 0x0001, 0x0001, 0x0001, 0x0001,
  0x7701, 0x7981, 0x7981, 0x7981, 0x7981, 0x7701, 0x7981, 0x7981, 0x7981, 0x7781,
  0x7701, 0x7981, 0x7981, 0x7981, 0x7981, 0x7981, 0x7981, 0x7701, 0x7701, 0x7701,
  0x7701, 0x7701, 0x7701, 0x7981, 0x7981, 0x7701, 0x7981, 0x7981, 0x7781, 0x7901,
  0x7981, 0x4281, 0x42C1, 0x4301, 0x4341, 0x4381, 0x43C1, 0x4401, 0x4441, 0x4481,
  0x44C1, 0x44C1, 0x4501, 0x4541, 0x4581, 0x0001, 0x45C1, 0x0001, 0x4601, 0x4641,
  0x0001, 0x7981, 0x7701, 0x0001, 0x4481, 0x0001, 0x0001, 0x0001, 0x0001, 0x0001,
  0x0001, 0x0001, 0x0001, 0x0001, 0x0001, 0x0001, 0x0001, 0x0001, 0x0001, 0x0001,
  0x0001, 0x0001, 0x0001, 0x0001, 0x0001, 0x0001, 0x0001, 0x0001, 0x0001, 0x0001,
  0x0001, 0x0001, 0x0001, 0x0001, 0x0001, 0x0001, 0x0001, 0x0001, 0x0001, 0x0001,
  0x0001, 0x0001, 0x0001, 0x0001, 0x0001, 0x0001, 0x0001, 0x0001, 0x0001, 0x0001,
  0x0001, 0x0001, 0x0001, 0x0001, 0x0001, 0x0001, 0x0001, 0x0001, 0x0001, 0x0001,
  0x0001, 0x7981, 0x7981, 0x7981, 0x7981, 0x7981, 0x7981, 0x7981, 0x7981, 0x4781,
  0x47C1, 0x4801, 0x0001, 0x0001, 0x0001, 0x0001, 0x0001, 0x0001, 0x0001, 0xC002,
  0xC002, 0xC002, 0xC002, 0xC002, 0x0001, 0x0001, 0x0001, 0x0001, 0x0001, 0x0001,
  0x0001, 0x0001, 0x0001, 0x0001, 0x0001, 0x0001, 0x0001, 0x0001, 0x0001, 0x0001,
  0x0001, 0x0001, 0x0001, 0x0001, 0x0001, 0x0001, 0x0001, 0x0001, 0x0001, 0x46C1,
  0x4701, 0x4741, 0x4781, 0x47C1, 0x4801, 0x4841, 0x4881, 0x7981, 0x7981, 0x7701,
  0x7701, 0x7981, 0x7981, 0x7981, 0x7981, 0x7981, 0x7701, 0x7981, 0x7981, 0x7701,
  0x0001, 0x0001, 0x0001, 0x0001, 0x0001, 0x0001, 0x0001, 0x0001, 0x0001, 0x0001,
  0x0001, 0x0001, 0x0001, 0x0001, 0x0001, 0x0001, 0x48C1, 0x0001, 0x0001, 0x0001,
  0x0001, 0x0001, 0x0001, 0x0001, 0x0001, 0x0001, 0x0001, 0x0001, 0x0001, 0x0001,
  0x0001, 0x0001, 0xC002, 0x0001, 0xC002, 0x0001, 0x0001, 0x0001, 0x0001, 0x0001,
  0x0001, 0x0001, 0x0001, 0x0001, 0x0001, 0x0001, 0x0001, 0x0001, 0x0001, 0x0001,
  0x0001, 0xC002, 0x0001, 0x0001, 0x7981, 0x7981, 0x7981, 0x7981, 0x7981, 0x7981,
  0x7981, 0x0001, 0x0001, 0x7981, 0x7981, 0x7981, 0x7981, 0x7701, 0x7981, 0x0001,
  0x0001, 0x7981, 0x7981, 0x0001, 0x7701, 0x7981, 0x7981, 0x7701, 0x0001, 0x0001,
  0x0001, 0x0001, 0x0001, 0x0001, 0x0001, 0x0001, 0x0001, 0x0001, 0x0001, 0x0001,
  0x0001, 0x0001, 0x0001, 0x0001, 0x0001, 0x0001, 0x4901, 0x0001, 0x0001, 0x0001,
  0x0001, 0x0001, 0x0001, 0x0001, 0x0001, 0x0001, 0x0001, 0x0001, 0x0001, 0x0001,
  0x0001, 0x0001, 0x0001, 0x0001, 0x0001, 0x0001, 0x0001, 0x0001, 0x0001, 0x0001,
  0x0001, 0x0001, 0x0001, 0x0001, 0x0001, 0x0001, 0x0001, 0x7981, 0x7701, 0x7981,
  0x7981, 0x7701, 0x7981, 0x7981, 0x7701, 0x7701, 0x7701, 0x7981, 0x7701, 0x7701,
  0x7981, 0x7701, 0x7981, 0x7981, 0x7701, 0x7981, 0x7701, 0x7981, 0x7701, 0x7981,
  0x7701, 0x7981, 0x7981, 0x0001, 0x0001, 0x0001, 0x0001, 0x0001, 0x0001, 0x0001,
  0x0001, 0x0001, 0x0001, 0x0001, 0x0001, 0x0001, 0x0001, 0x0001, 0x0001, 0x0001,
  0x0001, 0x0001, 0x0001, 0x0001, 0x0001, 0x0001, 0x0001, 0x0001, 0x0001, 0x0001,
  0x0001, 0x0001, 0x0001, 0x0001, 0x0001, 0x0001, 0x0001, 0x0001, 0x0001, 0x0001,
  0x0001, 0x0001, 0x0001, 0x0001, 0x0001, 0x0001, 0x0001, 0x0001, 0x0001, 0x0001,
  0x0001, 0x0001, 0x0001, 0x0001, 0x0001, 0x0001, 0x7981, 0x7981, 0x7981, 0x7981,
  0x7981, 0x7981, 0x7981, 0x7701, 0x7981, 0x0001, 0x0001, 0x0001, 0x0001, 0x0001,
  0x0001, 0x0001, 0x0001, 0x0001, 0x7701, 0x0001, 0x0001, 0x0001, 0x0001, 0x0001,
  0x0001, 0x0001, 0x0001, 0x0001, 0x0001, 0x0001, 0x0001, 0x0001, 0x0001, 0x0001,
  0x0001, 0x0001, 0x0001, 0x0001, 0x0001, 0x0001, 0x0001, 0x7981, 0x7981, 0x7981,
  0x7981, 0x0001, 0x7981, 0x7981, 0x7981, 0x7981, 0x7981, 0x7981, 0x7981, 0x7981,
  0x7981, 0x0001, 0x7981, 0x7981, 0x7981, 0x0001, 0x7981, 0x7981, 0x7981, 0x7981,
  0x7981, 0x0001, 0x0001, 0x0001, 0x0001, 0x0001, 0x0001, 0x0001, 0x0001, 0x0001,
  0x0001, 0x0001, 0x0001, 0x0001, 0x0001, 0x0001, 0x0001, 0x0001, 0x0001, 0x0001,
  0x0001, 0x0001, 0x0001, 0x0001, 0x0001, 0x0001, 0x7701, 0x7701, 0x7701, 0x0001,
  0x0001, 0x0001, 0x0001, 0x0001, 0x0001, 0x0001, 0x0001, 0x0001, 0x0001, 0x0001,
  0x0001, 0x0001, 0x0001, 0x0001, 0x0001, 0x0001, 0x0001, 0x0001, 0x0001, 0x0001,
  0x0001, 0x0001, 0x0001, 0x0001, 0x0001, 0x0001, 0x0001, 0x0001, 0x0001, 0x0001,
  0x0001, 0x0001, 0x0001, 0x0001, 0x0001, 0x7981, 0x7981, 0x7701, 0x7701, 0x7701,
  0x7981, 0x7981, 0x7981, 0x7981, 0x0001, 0x0001, 0x0001, 0x0001, 0x0001, 0x0001,
  0x0001, 0x0001, 0x0001, 0x0001, 0x0001, 0x0001, 0x0001, 0x0001, 0x0001, 0x0001,
  0x0001, 0x0001, 0x0001, 0x0001, 0x0001, 0x0001, 0x0001, 0x0001, 0x0001, 0x0001,
  0x0001, 0x0001, 0x0001, 0x0001, 0x0001, 0x0001, 0x7981, 0x7981, 0x7981, 0x7981,
  0x7981, 0x7701, 0x7701, 0x7701, 0x7701, 0x7701, 0x7981, 0x7981, 0x7981, 0x7981,
  0x7981, 0x7981, 0x7981, 0x7981, 0x7981, 0x7981, 0x7981, 0x7981, 0x7981, 0x7981,
  0x0001, 0x7701, 0x7981, 0x7981, 0x7701, 0x7981, 0x7981, 0x7701, 0x7981, 0x7981,
  0x7981, 0x7701, 0x7701, 0x7701, 0x46C1, 0x4701, 0x4741, 0x7981, 0x7981, 0x7981,
  0x7701, 0x7981, 0x7981, 0x7701, 0x7701, 0x7981, 0x7981, 0x7981, 0x7981, 0x7981,
  0x0001, 0x0001, 0x0001, 0x0001, 0x0001, 0x0001, 0x0001, 0x0001, 0x0001, 0x0001,
  0x0001, 0x0001, 0x0001, 0x0001, 0x0001, 0x0001, 0x0001, 0x0001, 0x0001, 0x0001,
  0x0001, 0x0001, 0x0001, 0x0001, 0x0001, 0x0001, 0x0001, 0x0001, 0x0001, 0x0001,
  0x0001, 0x0001, 0x0001, 0x0001, 0x0001, 0x0001, 0x0001, 0x0001, 0x0001, 0x0001,
  0x0001, 0xC002, 0x0001, 0x0001, 0x0001, 0x0001, 0x0001, 0x0001, 0x0001, 0xC002,
  0x0001, 0x0001, 0xC002, 0x0001, 0x0001, 0x0001, 0x0001, 0x0001, 0x0001, 0x0001,
  0x41C1, 0x0001, 0x0001, 0x0001, 0x0001, 0x0001, 0x0001, 0x0001, 0x0001, 0x0001,
  0x0001, 0x0001, 0x0001, 0x0001, 0x4241, 0x0001, 0x0001, 0x0001, 0x7981, 0x7701,
  0x7981, 0x7981, 0x0001, 0x0001, 0x0001, 0xC002, 0xC002, 0xC002, 0xC002, 0xC002,
  0xC002, 0xC002, 0xC002, 0x0001, 0x0001, 0x0001, 0x0001, 0x0001, 0x0001, 0x0001,
  0x0001, 0x0001, 0x0001, 0x0001, 0x0001, 0x0001, 0x0001, 0x0001, 0x0001, 0x0001,
  0x0001, 0x0001, 0x0001, 0x0001, 0x0001, 0x0001, 0x0001, 0x0001, 0x0001, 0x0001,
  0x0001, 0x0001, 0x0001, 0x0001, 0x0001, 0x0001, 0x0001, 0x0001, 0x0001, 0x0001,
  0x0001, 0x0001, 0x0001, 0x0001, 0x0001, 0x0001, 0x0001, 0x0001, 0x0001, 0x0001,
  0x0001, 0x0001, 0x0001, 0x0001, 0x0001, 0x0001, 0x0001, 0x0001, 0x0001, 0x0001,
  0x0001, 0x0001, 0x0001, 0x41C1, 0x0001, 0x0001, 0x0001, 0x0001, 0x0001, 0x0001,
  0x0001, 0x0001, 0x0001, 0x0001, 0x0001, 0xC002, 0xC002, 0x4241, 0x0001, 0x0001,
  0x0001, 0x0001, 0x0001, 0x0001, 0x0001, 0x0001, 0x0001, 0x0001, 0x0001, 0x0001,
  0x0001, 0x0001, 0xC002, 0xC002, 0x0001, 0xC002, 0x0001, 0x0001, 0x0001, 0x0001,
  0x0001, 0x0001, 0x0001, 0x0001, 0x0001, 0x0001, 0x0001, 0x0001, 0x0001, 0x0001,
  0x0001, 0x0001, 0x0001, 0x0001, 0x0001, 0x0001, 0x0001, 0x0001, 0x0001, 0x0001,
  0x0001, 0x0001, 0x0001, 0x0001, 0x0001, 0x0001, 0x7981, 0x0001, 0x0001, 0x0001,
  0x0001, 0x0001, 0x0001, 0x0001, 0x0001, 0x0001, 0x0001, 0x0001, 0x0001, 0x0001,
  0x0001, 0x0001, 0x0001, 0x0001, 0x0001, 0x0001, 0x0001, 0x0001, 0x0001, 0x0001,
  0x0001, 0x0001, 0x0001, 0x0001, 0x0001, 0x0001, 0x0001, 0x0001, 0x0001, 0x0001,
  0x0001, 0x0001, 0x0001, 0x0001, 0x0001, 0x0001, 0x0001, 0x0001, 0x0001, 0x0001,
  0x0001, 0x0001, 0x0001, 0x0001, 0x0001, 0x0001, 0x0001, 0x0001, 0xC002, 0x0001,
  0x0001, 0xC002, 0x0001, 0x0001, 0x0001, 0x0001, 0x0001, 0x41C1, 0x0001, 0x0001,
  0x0001, 0x0001, 0x0001, 0x0001, 0x0001, 0x0001, 0x0001, 0x0001, 0x0001, 0x0001,
  0x0001, 0x4241, 0x0001, 0x0001, 0x0001, 0x0001, 0x0001, 0x0001, 0x0001, 0x0001,
  0x0001, 0x0001, 0x0001, 0xC002, 0xC002, 0xC002, 0x0001, 0x0001, 0xC002, 0x0001,
  0x0001, 0x0001, 0x0001, 0x0001, 0x0001, 0x0001, 0x0001, 0x0001, 0x0001, 0x0001,
  0x0001, 0x0001, 0x0001, 0x0001, 0x0001, 0x0001, 0x0001, 0x0001, 0x0001, 0x0001,
  0x0001, 0x0001, 0x0001, 0x0001, 0x0001, 0x0001, 0x0001, 0x0001, 0x0001, 0x0001,
  0x0001, 0x0001, 0x4241, 0x0001, 0x0001, 0x0001, 0x0001, 0x0001, 0x0001, 0x0001,
  0x0001, 0x0001, 0x0001, 0x0001, 0x0001, 0x0001, 0x0001, 0x0001, 0x0001, 0x0001,
  0x0001, 0x0001, 0x0001, 0x0001, 0x0001, 0x0001, 0x0001, 0x0001, 0x0001, 0x0001,
  0x0001, 0x0001, 0x0001, 0x0001, 0x0001, 0x0001, 0x0001, 0x0001, 0x0001, 0x0001,
  0x0001, 0x0001, 0x0001, 0x0001, 0x0001, 0x0001, 0x0001, 0x0001, 0x0001, 0x0001,
  0x0001, 0x0001, 0x0001, 0xC002, 0x0001, 0x0001, 0xC002, 0xC002, 0x4241, 0x0001,
  0x0001, 0x0001, 0x0001, 0x0001, 0x0001, 0x0001, 0x0001, 0x0001, 0x0001, 0x0001,
  0x0001, 0x0001, 0x0001, 0xC002, 0xC002, 0x0001, 0x0001, 0x0001, 0x0001, 0x0001,
  0x0001, 0x0001, 0x0001, 0x0001, 0x0001, 0x0001, 0x0001, 0x0001, 0x0001, 0x0001,
  0x0001, 0x0001, 0x0001, 0x0001, 0x0001, 0x0001, 0x0001, 0x0001, 0x0001, 0x0001,
  0x0001, 0x0001, 0x0001, 0x0001, 0x0001, 0x0001, 0x0001, 0x0001, 0x0001, 0xC002,
  0x0001, 0x0001, 0x0001, 0x0001, 0x0001, 0x0001, 0x0001, 0x0001, 0x0001, 0x0001,
  0x0001, 0x0001, 0x0001, 0x0001, 0x0001, 0x0001, 0x0001, 0x0001, 0x0001, 0x0001,
  0x0001, 0x0001, 0x0001, 0x0001, 0x0001, 0x0001, 0x0001, 0x0001, 0x0001, 0x0001,
  0x0001, 0x0001, 0x0001, 0x0001, 0x0001, 0x0001, 0x0001, 0x0001, 0x0001, 0x0001,
  0x0001, 0x0001, 0x0001, 0xC002, 0xC002, 0xC002, 0x4241, 0x0001, 0x0001, 0x0001,
  0x0001, 0x0001, 0x0001, 0x0001, 0x0001, 0x0001, 0x0001, 0x0001, 0x0001, 0x0001,
  0x0001, 0x0001, 0x0001, 0x0001, 0x0001, 0x0001, 0x0001, 0x0001, 0x0001, 0x0001,
  0x0001, 0x0001, 0x0001, 0x0001, 0x0001, 0x0001, 0x0001, 0x0001, 0x0001, 0x0001,
  0x0001, 0x0001, 0x0001, 0x0001, 0x0001, 0x0001, 0x0001, 0x0001, 0x0001, 0x0001,
  0x0001, 0x0001, 0x0001, 0x0001, 0x0001, 0x0001, 0x0001, 0xC002, 0x0001, 0x0001,
  0x0001, 0x0001, 0x4241, 0x0001, 0x0001, 0x0001, 0x0001, 0x0001, 0x0001, 0x0001,
  0x5501, 0x56C1, 0x0001, 0x0001, 0x0001, 0x0001, 0x0001, 0x0001, 0x0001, 0x0001,
  0x0001, 0x0001, 0x0001, 0x0001, 0x0001, 0x0001, 0x0001, 0x0001, 0x0001, 0x0001,
  0x0001, 0x0001, 0x0001, 0x0001, 0x0001, 0x0001, 0x0001, 0x0001, 0x0001, 0x0001,
  0x0001, 0x0001, 0x0001, 0x0001, 0x0001, 0x0001, 0x0001, 0x0001, 0x0001, 0x0001,
  0x0001, 0x0001, 0x0001, 0xC002, 0x0001, 0x0001, 0x0001, 0x0001, 0x0001, 0x0001,
  0xC002, 0xC002, 0x0001, 0xC002, 0xC003, 0x0001, 0x4241, 0x0001, 0x0001, 0x0001,
  0x0001, 0x0001, 0x0001, 0x0001, 0x0001, 0x0001, 0x0001, 0x0001, 0x0001, 0x0001,
  0x0001, 0x0001, 0x0001, 0x0001, 0x0001, 0x0001, 0x0001, 0x0001, 0x0001, 0x0001,
  0x0001, 0x0001, 0x0001, 0x0001, 0x0001, 0x0001, 0x0001, 0x0001, 0x0001, 0x0001,
  0x0001, 0x0001, 0x0001, 0x0001, 0x0001, 0x0001, 0x0001, 0x0001, 0x0001, 0x0001,
  0x0001, 0x0001, 0x0001, 0x0001, 0x0001, 0x0001, 0x0001, 0x0001, 0x0001, 0x0001,
  0x0001, 0x0001, 0x0001, 0x0001, 0x0001, 0x0001, 0x4241, 0x4241, 0x0001, 0x0001,
  0x0001, 0x0001, 0x0001, 0x0001, 0x0001, 0x0001, 0x0001, 0x0001, 0x4241, 0x0001,
  0x0001, 0x0001, 0x0001, 0x0001, 0x0001, 0x0001, 0x0001, 0x0001, 0x0001, 0x0001,
  0x0001, 0x0001, 0x0001, 0x0001, 0xC002, 0x0001, 0xC002, 0xC003, 0xC002, 0x0001,
  0x0001, 0x0001, 0x0001, 0x0001, 0x0001, 0x0001, 0x0001, 0x0001, 0x0001, 0x0001,
  0x0001, 0x0001, 0x0001, 0x0001, 0x0001, 0x0001, 0x0001, 0x0001, 0x0001, 0x0001,
  0x0001, 0x0001, 0x0001, 0x0001, 0x0001, 0x0001, 0x0001, 0x0001, 0x0001, 0x0001,
  0x0001, 0x0001, 0x0001, 0x0001, 0x0001, 0x0001, 0x0001, 0x0001, 0x0001, 0x0001,
  0x0001, 0x0001, 0x0001, 0x0001, 0x0001, 0x0001, 0x0001, 0x0001, 0x0001, 0x0001,
  0x0001, 0x0001, 0x0001, 0x0001, 0x0001, 0x59C1, 0x59C1, 0x4241, 0x0001, 0x0001,
  0x0001, 0x0001, 0x0001, 0x0001, 0x0001, 0x0001, 0x5AC1, 0x5AC1, 0x5AC1, 0x5AC1,
  0x0001, 0x0001, 0x0001, 0x0001, 0x0001, 0x0001, 0x0001, 0x0001, 0x0001, 0x0001,
  0x0001, 0x0001, 0x0001, 0x0001, 0x0001, 0x0001, 0x0001, 0x0001, 0x0001, 0x0001,
  0x0001, 0x0001, 0x0001, 0x0001, 0x0001, 0x0001, 0x0001, 0x0001, 0x0001, 0x0001,
  0x0001, 0x0001, 0x0001, 0x0001, 0x0001, 0x0001, 0x0001, 0x0001, 0x0001, 0x0001,
  0x0001, 0x0001, 0x0001, 0x0001, 0x0001, 0x0001, 0x0001, 0x0001, 0x0001, 0x0001,
  0x0001, 0x0001, 0x0001, 0x0001, 0x0001, 0x0001, 0x5D81, 0x5D81, 0x4241, 0x0001,
  0x0001, 0x0001, 0x0001, 0x0001, 0x0001, 0x0001, 0x0001, 0x5E81, 0x5E81, 0x5E81,
  0x5E81, 0x0001, 0x0001, 0x0001, 0x0001, 0x0001, 0x0001, 0x0001, 0x0001, 0x0001,
  0x0001, 0x0001, 0x0001, 0x0001, 0x0001, 0x0001, 0x0001, 0x0001, 0x0001, 0x0001,
  0x0001, 0x0001, 0x0001, 0x0001, 0x0001, 0x0001, 0x0001, 0x0001, 0x0001, 0x0001,
  0x0001, 0x0001, 0x0001, 0x0001, 0x0001, 0x0001, 0x0001, 0x0001, 0x0001, 0x0001,
  0x0001, 0x0001, 0x0001, 0x0001, 0x0001, 0x0001, 0x0001, 0x0001, 0x0001, 0x0001,
  0x0001, 0x0001, 0x0001, 0x7701, 0x7701, 0x0001, 0x0001, 0x0001, 0x0001, 0x0001,
  0x0001, 0x0001, 0x0001, 0x0001, 0x0001, 0x0001, 0x0001, 0x0001, 0x0001, 0x0001,
  0x0001, 0x0001, 0x0001, 0x0001, 0x0001, 0x0001, 0x0001, 0x0001, 0x0001, 0x0001,
  0x0001, 0x0001, 0x7701, 0x0001, 0x7701, 0x0001, 0x7601, 0x0001, 0x0001, 0x0001,
  0x0001, 0x0001, 0x0001, 0xC002, 0x0001, 0x0001, 0x0001, 0x0001, 0x0001, 0x0001,
  0x0001, 0x0001, 0x0001, 0xC002, 0x0001, 0x0001, 0x0001, 0x0001, 0xC002, 0x0001,
  0x0001, 0x0001, 0x0001, 0xC002, 0x0001, 0x0001, 0x0001, 0x0001, 0xC002, 0x0001,
  0x0001, 0x0001, 0x0001, 0x0001, 0x0001, 0x0001, 0x0001, 0x0001, 0x0001, 0x0001,
  0x0001, 0xC002, 0x0001, 0x0001, 0x0001, 0x0001, 0x0001, 0x0001, 0x0001, 0x6041,
  0x6081, 0xC042, 0x6101, 0xC042, 0xC002, 0x0001, 0xC002, 0x0001, 0x6081, 0x6081,
  0x6081, 0x6081, 0x0001, 0x0001, 0x6081, 0xC042, 0x7981, 0x7981, 0x4241, 0x0001,
  0x7981, 0x7981, 0x0001, 0x0001, 0x0001, 0x0001, 0x0001, 0x0001, 0x0001, 0x0001,
  0x0001, 0x0001, 0x0001, 0xC002, 0x0001, 0x0001, 0x0001, 0x0001, 0x0001, 0x0001,
  0x0001, 0x0001, 0x0001, 0xC002, 0x0001, 0x0001, 0x0001, 0x0001, 0xC002, 0x0001,
  0x0001, 0x0001, 0x0001, 0xC002, 0x0001, 0x0001, 0x0001, 0x0001, 0xC002, 0x0001,
  0x0001, 0x0001, 0x0001, 0x0001, 0x0001, 0x0001, 0x0001, 0x0001, 0x0001, 0x0001,
  0x0001, 0xC002, 0x0001, 0x0001, 0x0001, 0x0001, 0x0001, 0x0001, 0x7701, 0x0001,
  0x0001, 0x0001, 0x0001, 0x0001, 0x0001, 0x0001, 0x0001, 0x0001, 0x0001, 0x0001,
  0x0001, 0x0001, 0x0001, 0x0001, 0x0001, 0x0001, 0x0001, 0x0001, 0x0001, 0x0001,
  0x0001, 0x0001, 0x0001, 0x0001, 0x0001, 0x0001, 0x0001, 0x0001, 0x0001, 0x0001,
  0x0001, 0x0001, 0x0001, 0x0001, 0x0001, 0x0001, 0x0001, 0x0001, 0x0001, 0x0001,
  0x0001, 0x0001, 0x0001, 0x0001, 0x0001, 0x0001, 0x0001, 0x0001, 0x0001, 0x0001,
  0x0001, 0x0001, 0x0001, 0x0001, 0x0001, 0x0001, 0xC002, 0x0001, 0x0001, 0x0001,
  0x0001, 0x0001, 0x0001, 0x0001, 0x0001, 0x0001, 0x0001, 0x0001, 0x0001, 0x0001,
  0x0001, 0x0001, 0x0001, 0x41C1, 0x0001, 0x4241, 0x4241, 0x0001, 0x0001, 0x0001,
  0x0001, 0x0001, 0x0001, 0x0001, 0x0001, 0x0001, 0x0001, 0x0001, 0x0001, 0x0001,
  0x7701, 0x0001, 0x0001, 0x0001, 0x0001, 0x0001, 0x0001, 0x0001, 0x0001, 0x0001,
  0x0001, 0x0001, 0x0001, 0x0001, 0x0001, 0x0001, 0x0001, 0x0001, 0x0001, 0x0001,
  0x0001, 0x0001, 0x0001, 0x0001, 0x0001, 0x0001, 0x0001, 0x0001, 0x0001, 0x0001,
  0x0001, 0x0001, 0x0001, 0x0001, 0x0001, 0x0001, 0x0001, 0x0001, 0x0001, 0x0001,
  0x0001, 0x0001, 0x0001, 0x0001, 0x0001, 0x0001, 0x0001, 0x0001, 0x0001, 0x0001,
  0x0001, 0x7981, 0x7981, 0x7981, 0x0001, 0x0001, 0x0001, 0x0001, 0x0001, 0x0001,
  0x0001, 0x0001, 0x0001, 0x0001, 0x0001, 0x0001, 0x0001, 0x0001, 0x0001, 0x0001,
  0x0001, 0x0001, 0x0001, 0x0001, 0x0001, 0x0001, 0x0001, 0x0001, 0x0001, 0x0001,
  0x0001, 0x0001, 0x0001, 0x0001, 0x0001, 0x0001, 0x4241, 0x4241, 0x0001, 0x0001,
  0x0001, 0x0001, 0x0001, 0x0001, 0x0001, 0x0001, 0x0001, 0x0001, 0x0001, 0x0001,
  0x0001, 0x0001, 0x0001, 0x0001, 0x0001, 0x0001, 0x0001, 0x0001, 0x0001, 0x0001,
  0x0001, 0x0001, 0x0001, 0x0001, 0x0001, 0x0001, 0x0001, 0x0001, 0x4241, 0x0001,
  0x0001, 0x0001, 0x0001, 0x0001, 0x0001, 0x0001, 0x0001, 0x0001, 0x0001, 0x0001,
  0x0001, 0x0001, 0x0001, 0x0001, 0x0001, 0x0001, 0x0001, 0x4241, 0x0001, 0x0001,
  0x0001, 0x0001, 0x0001, 0x0001, 0x0001, 0x0001, 0x0001, 0x0001, 0x7981, 0x0001,
  0x0001, 0x0001, 0x0001, 0x0001, 0x0001, 0x0001, 0x0001, 0x0001, 0x0001, 0x0001,
  0x0001, 0x0001, 0x0001, 0x0001, 0x0001, 0x0001, 0x0001, 0x0001, 0x0001, 0x0001,
  0x0001, 0x0001, 0x0001, 0x0001, 0x0001, 0x0001, 0x0001, 0x0001, 0x0001, 0x0001,
  0x0001, 0x0001, 0x0001, 0x0001, 0x0001, 0x0001, 0x0001, 0x0001, 0x0001, 0x0001,
  0x7901, 0x0001, 0x0001, 0x0001, 0x0001, 0x0001, 0x0001, 0x0001, 0x0001, 0x0001,
  0x0001, 0x0001, 0x0001, 0x0001, 0x0001, 0x0001, 0x0001, 0x0001, 0x0001, 0x0001,
  0x0001, 0x0001, 0x0001, 0x0001, 0x0001, 0x0001, 0x0001, 0x0001, 0x0001, 0x0001,
  0x0001, 0x0001, 0x0001, 0x0001, 0x0001, 0x0001, 0x0001, 0x0001, 0x0001, 0x0001,
  0x0001, 0x0001, 0x0001, 0x0001, 0x0001, 0x0001, 0x0001, 0x0001, 0x0001, 0x0001,
  0x0001, 0x0001, 0x0001, 0x0001, 0x0001, 0x0001, 0x0001, 0x0001, 0x7781, 0x7981,
  0x7701, 0x0001, 0x0001, 0x0001, 0x0001, 0x0001, 0x0001, 0x0001, 0x0001, 0x0001,
  0x0001, 0x0001, 0x0001, 0x0001, 0x0001, 0x0001, 0x0001, 0x0001, 0x0001, 0x0001,
  0x0001, 0x0001, 0x0001, 0x0001, 0x7981, 0x7701, 0x0001, 0x0001, 0x0001, 0x0001,
  0x0001, 0x0001, 0x0001, 0x0001, 0x0001, 0x0001, 0x0001, 0x0001, 0x0001, 0x0001,
  0x0001, 0x0001, 0x0001, 0x0001, 0x0001, 0x0001, 0x0001, 0x0001, 0x0001, 0x0001,
  0x0001, 0x0001, 0x0001, 0x0001, 0x0001, 0x0001, 0x0001, 0x0001, 0x0001, 0x0001,
  0x0001, 0x0001, 0x0001, 0x0001, 0x0001, 0x4241, 0x0001, 0x0001, 0x0001, 0x0001,
  0x0001, 0x0001, 0x0001, 0x0001, 0x0001, 0x0001, 0x0001, 0x0001, 0x0001, 0x0001,
  0x0001, 0x0001, 0x0001, 0x0001, 0x0001, 0x0001, 0x7981, 0x7981, 0x7981, 0x7981,
  0x7981, 0x7981, 0x7981, 0x7981, 0x0001, 0x0001, 0x7701, 0x0001, 0x0001, 0x0001,
  0x0001, 0x0001, 0x0001, 0x0001, 0x0001, 0x0001, 0x0001, 0x0001, 0x0001, 0x0001,
  0x0001, 0x0001, 0x0001, 0x0001, 0x0001, 0x0001, 0x0001, 0x0001, 0x0001, 0x0001,
  0x0001, 0x0001, 0x0001, 0x0001, 0x0001, 0x0001, 0x0001, 0x0001, 0x0001, 0x0001,
  0x0001, 0x0001, 0x0001, 0x0001, 0x0001, 0x0001, 0x0001, 0x0001, 0x0001, 0x0001,
  0x0001, 0x0001, 0x0001, 0x0001, 0x0001, 0x7981, 0x7981, 0x7981, 0x7981, 0x7981,
  0x7701, 0x7701, 0x7701, 0x7701, 0x7701, 0x7701, 0x7981, 0x7981, 0x7701, 0x0001,
  0x7701, 0x7981, 0x7981, 0x7701, 0x7701, 0x7981, 0x7981, 0x7981, 0x7981, 0x7981,
  0x7701, 0x7981, 0x7981, 0x7981, 0x7981, 0x7981, 0x7981, 0x7981, 0x7981, 0x7981,
  0x7981, 0x7981, 0x7981, 0x7981, 0x7981, 0x7981, 0x7981, 0x7981, 0x7981, 0x7701,
  0x0001, 0x0001, 0x7981, 0x7981, 0x7981, 0x7981, 0x7981, 0x7981, 0x7701, 0x7981,
  0x7981, 0x7981, 0x7981, 0x7A81, 0x0001, 0x0001, 0x0001, 0x0001, 0x0001, 0x0001,
  0x0001, 0x0001, 0x0001, 0x0001, 0x0001, 0x0001, 0x0001, 0x0001, 0x0001, 0x0001,
  0x0001, 0x0001, 0x0001, 0x0001, 0xC002, 0x0001, 0xC002, 0x0001, 0xC002, 0x0001,
  0xC002, 0x0001, 0xC002, 0x0001, 0x0001, 0x0001, 0xC002, 0x0001, 0x0001, 0x0001,
  0x0001, 0x0001, 0x0001, 0x0001, 0x0001, 0x0001, 0x0001, 0x0001, 0x0001, 0x0001,
  0x0001, 0x0001, 0x0001, 0x0001, 0x0001, 0x0001, 0x0001, 0x0001, 0x0001, 0x0001,
  0x0001, 0x0001, 0x0001, 0x0001, 0x0001, 0x0001, 0x0001, 0x0001, 0x0001, 0x0001,
  0x41C1, 0x0001, 0x0001, 0x0001, 0x0001, 0x0001, 0x0001, 0xC002, 0x0001, 0xC002,
  0x0001, 0x0001, 0xC002, 0xC002, 0x0001, 0xC002, 0x4241, 0x0001, 0x0001, 0x0001,
  0x0001, 0x0001, 0x0001, 0x0001, 0x0001, 0x0001, 0x0001, 0x0001, 0x0001, 0x0001,
  0x0001, 0x0001, 0x0001, 0x0001, 0x0001, 0x0001, 0x0001, 0x0001, 0x0001, 0x0001,
  0x0001, 0x0001, 0x0001, 0x0001, 0x0001, 0x0001, 0x0001, 0x0001, 0x0001, 0x0001,
  0x0001, 0x0001, 0x0001, 0x0001, 0x0001, 0x7981, 0x7701, 0x7981, 0x7981, 0x7981,
  0x7981, 0x7981, 0x7981, 0x7981, 0x0001, 0x0001, 0x0001, 0x0001, 0x0001, 0x0001,
  0x0001, 0x0001, 0x0001, 0x0001, 0x0001, 0x0001, 0x0001, 0x0001, 0x0001, 0x0001,
  0x0001, 0x0001, 0x0001, 0x0001, 0x0001, 0x0001, 0x0001, 0x0001, 0x0001, 0x0001,
  0x0001, 0x0001, 0x0001, 0x0001, 0x0001, 0x0001, 0x0001, 0x0001, 0x0001, 0x0001,
  0x0001, 0x0001, 0x0001, 0x0001, 0x0001, 0x0001, 0x4241, 0x4241, 0x0001, 0x0001,
  0x0001, 0x0001, 0x0001, 0x0001, 0x0001, 0x0001, 0x0001, 0x0001, 0x0001, 0x0001,
  0x0001, 0x0001, 0x0001, 0x0001, 0x0001, 0x0001, 0x0001, 0x0001, 0x0001, 0x0001,
  0x0001, 0x0001, 0x0001, 0x0001, 0x0001, 0x0001, 0x0001, 0x0001, 0x0001, 0x0001,
  0x0001, 0x0001, 0x0001, 0x0001, 0x0001, 0x0001, 0x41C1, 0x0001, 0x0001, 0x0001,
  0x0001, 0x0001, 0x0001, 0x0001, 0x0001, 0x0001, 0x0001, 0x0001, 0x4241, 0x4241,
  0x0001, 0x0001, 0x0001, 0x0001, 0x0001, 0x0001, 0x0001, 0x0001, 0x0001, 0x0001,
  0x0001, 0x0001, 0x0001, 0x0001, 0x0001, 0x0001, 0x7981, 0x7981, 0x7981, 0x0001,
  0x4041, 0x7701, 0x7701, 0x7701, 0x7701, 0x7701, 0x7981, 0x7981, 0x7701, 0x7701,
  0x7701, 0x7701, 0x7981, 0x0001, 0x4041, 0x4041, 0x4041, 0x4041, 0x4041, 0x4041,
  0x4041, 0x0001, 0x0001, 0x0001, 0x0001, 0x7701, 0x0001, 0x0001, 0x0001, 0x0001,
  0x0001, 0x0001, 0x7981, 0x0001, 0x0001, 0x0001, 0x7981, 0x7981, 0x0001, 0x0001,
  0x0001, 0x0001, 0x0001, 0x0001, 0x7981, 0x7981, 0x7701, 0x7981, 0x7981, 0x7981,
  0x7981, 0x7981, 0x7981, 0x7981, 0x7701, 0x7981, 0x7981, 0x7A81, 0x7581, 0x7701,
  0x7281, 0x7981, 0x7981, 0x7981, 0x7981, 0x7981, 0x7981, 0x7981, 0x7981, 0x7981,
  0x7981, 0x7981, 0x7981, 0x7981, 0x7981, 0x7981, 0x7981, 0x7981, 0x7981, 0x7981,
  0x7981, 0x7981, 0x7981, 0x7981, 0x7981, 0x7981, 0x7981, 0x7981, 0x7981, 0x7981,
  0x7981, 0x7981, 0x7981, 0x7981, 0x7981, 0x7981, 0x7981, 0x7981, 0x7A01, 0x7901,
  0x7901, 0x7701, 0x7681, 0x7981, 0x7A41, 0x7701, 0x7981, 0x7701, 0xC002, 0xC002,
  0xC002, 0xC002, 0xC002, 0xC002, 0xC002, 0xC002, 0xC003, 0xC003, 0xC002, 0xC002,
  0xC002, 0xC002, 0xC002, 0xC002, 0xC002, 0xC002, 0xC002, 0xC002, 0xC003, 0xC003,
  0xC003, 0xC003, 0xC002, 0xC002, 0xC002, 0xC002, 0xC003, 0xC003, 0xC002, 0xC002,
  0xC002, 0xC002, 0xC002, 0xC002, 0xC002, 0xC002, 0xC002, 0xC002, 0xC002, 0xC002,
  0xC002, 0xC002, 0xC002, 0xC002, 0xC003, 0xC003, 0xC002, 0xC002, 0xC002, 0xC002,
  0xC002, 0xC002, 0xC002, 0xC002, 0xC003, 0xC003, 0xC002, 0xC002, 0xC002, 0xC002,
  0xC002, 0xC002, 0xC002, 0xC002, 0xC002, 0xC002, 0xC002, 0xC002, 0xC003, 0xC003,
  0xC003, 0xC003, 0xC003, 0xC003, 0xC003, 0xC003, 0xC002, 0xC002, 0xC002, 0xC002,
  0xC002, 0xC002, 0xC002, 0xC002, 0xC003, 0xC003, 0xC002, 0xC002, 0xC002, 0xC002,
  0xC002, 0xC002, 0xC003, 0xC003, 0xC003, 0xC003, 0xC003, 0xC003, 0xC002, 0xC002,
  0xC002, 0xC002, 0xC002, 0xC002, 0xC002, 0xC002, 0xC002, 0xC002, 0xC002, 0xC002,
  0xC002, 0xC002, 0xC003, 0xC003, 0xC003, 0xC003, 0xC002, 0xC002, 0xC002, 0xC002,
  0xC002, 0xC002, 0xC002, 0xC002, 0xC002, 0xC002, 0xC002, 0xC002, 0xC002, 0xC002,
  0xC002, 0xC002, 0xC002, 0xC002, 0xC002, 0xC002, 0xC002, 0xC002, 0xC002, 0xC002,
  0xC002, 0xC002, 0x0001, 0xC002, 0x0001, 0x0001, 0x0001, 0x0001, 0xC002, 0xC002,
  0xC002, 0xC002, 0xC003, 0xC003, 0xC003, 0xC003, 0xC003, 0xC003, 0xC003, 0xC003,
  0xC003, 0xC003, 0xC003, 0xC003, 0xC003, 0xC003, 0xC003, 0xC003, 0xC003, 0xC003,
  0xC003, 0xC003, 0xC002, 0xC002, 0xC002, 0xC002, 0xC002, 0xC002, 0xC003, 0xC003,
  0xC003, 0xC003, 0xC003, 0xC003, 0xC003, 0xC003, 0xC002, 0xC002, 0xC002, 0xC002,
  0xC002, 0xC002, 0xC002, 0xC002, 0xC003, 0xC003, 0xC003, 0xC003, 0xC003, 0xC003,
  0xC003, 0xC003, 0xC003, 0xC003, 0xC003, 0xC003, 0xC003, 0xC003, 0xC003, 0xC003,
  0xC003, 0xC003, 0xC003, 0xC003, 0xC002, 0xC002, 0xC002, 0xC002, 0xC003, 0xC003,
  0xC003, 0xC003, 0xC003, 0xC003, 0xC003, 0xC003, 0xC003, 0xC003, 0xC002, 0xC002,
  0xC002, 0xC002, 0xC002, 0xC002, 0xC002, 0xC002, 0x0001, 0x0001, 0x0001, 0x0001,
  0x0001, 0x0001, 0xC002, 0xC002, 0xC003, 0xC003, 0xC003, 0xC003, 0xC003, 0xC003,
  0xC002, 0xC002, 0xC003, 0xC003, 0xC003, 0xC003, 0xC003, 0xC003, 0xC002, 0xC002,
  0xC003, 0xC003, 0xC003, 0xC003, 0x0001, 0x0001, 0xC002, 0xC002, 0xC003, 0xC003,
  0xC003, 0xC003, 0x0001, 0x0001, 0xC002, 0xC002, 0xC003, 0xC003, 0xC003, 0xC003,
  0xC003, 0xC003, 0xC002, 0xC002, 0xC003, 0xC003, 0xC003, 0xC003, 0xC003, 0xC003,
  0xC002, 0xC002, 0xC003, 0xC003, 0xC003, 0xC003, 0xC003, 0xC003, 0xC002, 0xC002,
  0xC003, 0xC003, 0xC003, 0xC003, 0xC003, 0xC003, 0xC002, 0xC002, 0xC003, 0xC003,
  0xC003, 0xC003, 0x0001, 0x0001, 0xC002, 0xC002, 0xC003, 0xC003, 0xC003, 0xC003,
  0x0001, 0x0001, 0xC002, 0xC002, 0xC003, 0xC003, 0xC003, 0xC003, 0xC003, 0xC003,
  0x0001, 0xC002, 0x0001, 0xC003, 0x0001, 0xC003, 0x0001, 0xC003, 0xC002, 0xC002,
  0xC003, 0xC003, 0xC003, 0xC003, 0xC003, 0xC003, 0xC002, 0xC002, 0xC003, 0xC003,
  0xC003, 0xC003, 0xC003, 0xC003, 0xC002, 0xC002, 0xC002, 0xC002, 0xC002, 0xC002,
  0xC002, 0xC002, 0xC002, 0xC002, 0xC002, 0xC002, 0xC002, 0xC002, 0x0001, 0x0001,
  0xC003, 0xC003, 0xC004, 0xC004, 0xC004, 0xC004, 0xC004, 0xC004, 0xC003, 0xC003,
  0xC004, 0xC004, 0xC004, 0xC004, 0xC004, 0xC004, 0xC003, 0xC003, 0xC004, 0xC004,
  0xC004, 0xC004, 0xC004, 0xC004, 0xC003, 0xC003, 0xC004, 0xC004, 0xC004, 0xC004,
  0xC004, 0xC004, 0xC003, 0xC003, 0xC004, 0xC004, 0xC004, 0xC004, 0xC004, 0xC004,
  0xC003, 0xC003, 0xC004, 0xC004, 0xC004, 0xC004, 0xC004, 0xC004, 0xC002, 0xC002,
  0xC003, 0xC002, 0xC003, 0x0001, 0xC002, 0xC003, 0xC002, 0xC002, 0xC002, 0xC002,
  0xC002, 0x0001, 0xC001, 0x0001, 0xC002, 0xC003, 0xC002, 0xC003, 0x0001, 0xC002,
  0xC003, 0xC002, 0xC002, 0xC002, 0xC002, 0xC002, 0xC002, 0xC002, 0xC002, 0xC002,
  0xC002, 0xC003, 0xC003, 0x0001, 0x0001, 0xC002, 0xC003, 0xC002, 0xC002, 0xC002,
  0xC002, 0x0001, 0xC002, 0xC002, 0xC002, 0xC002, 0xC002, 0xC003, 0xC003, 0xC002,
  0xC002, 0xC002, 0xC003, 0xC002, 0xC002, 0xC002, 0xC002, 0xC002, 0xC002, 0xC002,
  0xC001, 0x0001, 0x0001, 0xC003, 0xC002, 0xC003, 0x0001, 0xC002, 0xC003, 0xC002,
  0xC002, 0xC002, 0xC002, 0xC002, 0xC001, 0x0001, 0x0001, 0xC001, 0xC001, 0x0001,
  0x0001, 0x0001, 0x0001, 0x0001, 0x0001, 0x0001, 0x0001, 0x0001, 0x0001, 0x0001,
  0x0001, 0x0001, 0x0001, 0x0001, 0x0001, 0x0001, 0x0001, 0x0001, 0x0001, 0x0001,
  0x0001, 0x0001, 0x0001, 0x0001, 0x0001, 0x0001, 0x0001, 0x0001, 0x0001, 0x0001,
  0x0001, 0x0001, 0x0001, 0x0001, 0x0001, 0x0001, 0x0001, 0x0001, 0x0001, 0x0001,
  0x0001, 0x0001, 0x0001, 0x0001, 0x0001, 0x0001, 0x0001, 0x0001, 0x0001, 0x0001,
  0x0001, 0x0001, 0x0001, 0x0001, 0x0001, 0x0001, 0x0001, 0x0001, 0x0001, 0x0001,
  0x0001, 0x7981, 0x7981, 0x4041, 0x4041, 0x7981, 0x7981, 0x7981, 0x7981, 0x4041,
  0x4041, 0x4041, 0x7981, 0x7981, 0x0001, 0x0001, 0x0001, 0x0001, 0x7981, 0x0001,
  0x0001, 0x0001, 0x4041, 0x4041, 0x7981, 0x7701, 0x7981, 0x4041, 0x4041, 0x7701,
  0x7701, 0x7701, 0x7701, 0x7981, 0x0001, 0x0001, 0x0001, 0x0001, 0x0001, 0x0001,
  0x0001, 0x0001, 0x0001, 0x0001, 0x0001, 0x0001, 0x0001, 0x0001, 0x0001, 0x0001,
  0x0001, 0x0001, 0x0001, 0x0001, 0x0001, 0x0001, 0x0001, 0x0001, 0x0001, 0x0001,
  0x0001, 0x0001, 0x0001, 0x0001, 0x0001, 0x0001, 0x0001, 0x0001, 0x0001, 0x0001,
  0x0001, 0x0001, 0xC001, 0x0001, 0x0001, 0x0001, 0xC001, 0xC002, 0x0001, 0x0001,
  0x0001, 0x0001, 0x0001, 0x0001, 0x0001, 0x0001, 0x0001, 0x0001, 0x0001, 0x0001,
  0x0001, 0x0001, 0x0001, 0x0001, 0x0001, 0x0001, 0x0001, 0x0001, 0x0001, 0x0001,
  0x0001, 0x0001, 0x0001, 0x0001, 0xC002, 0xC002, 0x0001, 0x0001, 0x0001, 0x0001,
  0x0001, 0x0001, 0x0001, 0x0001, 0x0001, 0x0001, 0x0001, 0x0001, 0x0001, 0x0001,
  0x0001, 0x0001, 0x0001, 0x0001, 0xC002, 0x0001, 0x0001, 0x0001, 0x0001, 0x0001,
  0x0001, 0x0001, 0x0001, 0x0001, 0x0001, 0x0001, 0x0001, 0x0001, 0x0001, 0x0001,
  0x0001, 0x0001, 0xC002, 0xC002, 0xC002, 0x0001, 0x0001, 0x0001, 0x0001, 0x0001,
  0x0001, 0x0001, 0x0001, 0x0001, 0x0001, 0x0001, 0x0001, 0x0001, 0x0001, 0x0001,
  0x0001, 0x0001, 0x0001, 0x0001, 0x0001, 0x0001, 0x0001, 0x0001, 0x0001, 0x0001,
  0x0001, 0x0001, 0x0001, 0x0001, 0x0001, 0x0001, 0x0001, 0x0001, 0x0001, 0x0001,
  0x0001, 0x0001, 0x0001, 0x0001, 0x0001, 0x0001, 0x0001, 0x0001, 0x0001, 0x0001,
  0x0001, 0x0001, 0x0001, 0xC002, 0x0001, 0x0001, 0x0001, 0x0001, 0xC002, 0x0001,
  0x0001, 0xC002, 0x0001, 0x0001, 0x0001, 0x0001, 0x0001, 0x0001, 0x0001, 0x0001,
  0x0001, 0x0001, 0x0001, 0x0001, 0x0001, 0x0001, 0x0001, 0x0001, 0x0001, 0x0001,
  0x0001, 0x0001, 0x0001, 0x0001, 0x0001, 0xC002, 0x0001, 0xC002, 0x0001, 0x0001,
  0x0001, 0x0001, 0x0001, 0x0001, 0x0001, 0x0001, 0x0001, 0x0001, 0x0001, 0x0001,
  0x0001, 0x0001, 0x0001, 0x0001, 0x0001, 0x0001, 0x0001, 0x0001, 0x0001, 0x0001,
  0x0001, 0x0001, 0x0001, 0xC002, 0x0001, 0x0001, 0xC002, 0x0001, 0x0001, 0xC002,
  0x0001, 0xC002, 0x0001, 0x0001, 0x0001, 0x0001, 0x0001, 0x0001, 0x0001, 0x0001,
  0x0001, 0x0001, 0x0001, 0x0001, 0x0001, 0x0001, 0x0001, 0x0001, 0x0001, 0x0001,
  0x0001, 0x0001, 0x0001, 0x0001, 0xC002, 0x0001, 0xC002, 0x0001, 0x0001, 0x0001,
  0x0001, 0x0001, 0x0001, 0x0001, 0x0001, 0x0001, 0x0001, 0xC002, 0xC002, 0xC002,
  0xC002, 0xC002, 0x0001, 0x0001, 0xC002, 0xC002, 0x0001, 0x0001, 0xC002, 0xC002,
  0x0001, 0x0001, 0x0001, 0x0001, 0x0001, 0x0001, 0x0001, 0x0001, 0x0001, 0x0001,
  0x0001, 0x0001, 0x0001, 0x0001, 0x0001, 0x0001, 0x0001, 0x0001, 0x0001, 0x0001,
  0x0001, 0x0001, 0x0001, 0x0001, 0x0001, 0x0001, 0x0001, 0x0001, 0x0001, 0x0001,
  0x0001, 0x0001, 0x0001, 0x0001, 0xC002, 0xC002, 0xC002, 0xC002, 0x0001, 0x0001,
  0x0001, 0x0001, 0x0001, 0x0001, 0x0001, 0x0001, 0x0001, 0x0001, 0x0001, 0x0001,
  0x0001, 0x0001, 0x0001, 0x0001, 0x0001, 0x0001, 0x0001, 0x0001, 0x0001, 0x0001,
  0x0001, 0x0001, 0x0001, 0x0001, 0x0001, 0x0001, 0x0001, 0x0001, 0x0001, 0x0001,
  0xC002, 0xC002, 0xC002, 0xC002, 0x0001, 0x0001, 0x0001, 0x0001, 0x0001, 0x0001,
  0xC002, 0xC002, 0xC002, 0xC002, 0x0001, 0x0001, 0x0001, 0x0001, 0x0001, 0x0001,
  0x0001, 0x0001, 0x0001, 0x0001, 0x0001, 0x0001, 0x0001, 0x0001, 0x0001, 0x0001,
  0x0001, 0x0001, 0x0001, 0x0001, 0x0001, 0x0001, 0x0001, 0x0001, 0x0001, 0x0001,
  0x0001, 0x0001, 0x0001, 0x0001, 0x0001, 0x0001, 0x0001, 0x0001, 0x0001, 0x0001,
  0x0001, 0x0001, 0x0001, 0x0001, 0x0001, 0xC001, 0xC001, 0x0001, 0x0001, 0x0001,
  0x0001, 0x0001, 0x0001, 0x0001, 0x0001, 0x0001, 0x0001, 0x0001, 0x0001, 0x0001,
  0x0001, 0x0001, 0x0001, 0x0001, 0x0001, 0x0001, 0x0001, 0x0001, 0x0001, 0x0001,
  0x0001, 0x0001, 0x0001, 0x0001, 0x0001, 0x0001, 0x0001, 0x0001, 0x0001, 0x0001,
  0x0001, 0x0001, 0x0001, 0x0001, 0x0001, 0x0001, 0x0001, 0x0001, 0x0001, 0x0001,
  0x0001, 0x0001, 0x0001, 0x0001, 0x0001, 0x0001, 0x0001, 0x0001, 0x0001, 0x0001,
  0x0001, 0x0001, 0x0001, 0x0001, 0x0001, 0x0001, 0x0001, 0x0001, 0x0001, 0x0001,
  0x4241, 0x0001, 0x0001, 0x0001, 0x0001, 0x0001, 0x0001, 0x0001, 0x0001, 0x0001,
  0x0001, 0x0001, 0x0001, 0x0001, 0x0001, 0x0001, 0x0001, 0x0001, 0x0001, 0x0001,
  0x0001, 0x0001, 0x0001, 0x0001, 0x0001, 0x0001, 0x0001, 0x0001, 0x0001, 0x0001,
  0x0001, 0x0001, 0x0001, 0x7981, 0x7981, 0x7981, 0x7981, 0x7981, 0x7981, 0x7981,
  0x7981, 0x7981, 0x7981, 0x7981, 0x7981, 0x7981, 0x7981, 0x7981, 0x7981, 0x7981,
  0x7981, 0x7981, 0x7981, 0x7981, 0x7981, 0x7981, 0x7981, 0x7981, 0x7981, 0x7981,
  0x7981, 0x7981, 0x7981, 0x7981, 0x7981, 0x0001, 0x0001, 0x0001, 0x0001, 0x0001,
  0x0001, 0x0001, 0x0001, 0x0001, 0x0001, 0x0001, 0x0001, 0x0001, 0x0001, 0x0001,
  0x0001, 0x0001, 0x0001, 0x0001, 0x0001, 0x0001, 0x0001, 0x0001, 0x0001, 0x0001,
  0x0001, 0x0001, 0x0001, 0x0001, 0x0001, 0x0001, 0x0001, 0x0001, 0x0001, 0x0001,
  0x0001, 0x0001, 0x0001, 0x0001, 0x0001, 0x0001, 0x0001, 0x7681, 0x7901, 0x7A01,
  0x7781, 0x7801, 0x7801, 0x0001, 0x0001, 0x0001, 0x0001, 0x0001, 0x0001, 0x0001,
  0x0001, 0x0001, 0x0001, 0x0001, 0x0001, 0x0001, 0x0001, 0x0001, 0x0001, 0xC002,
  0x0001, 0xC002, 0x0001, 0xC002, 0x0001, 0xC002, 0x0001, 0xC002, 0x0001, 0xC002,
  0x0001, 0xC002, 0x0001, 0xC002, 0x0001, 0xC002, 0x0001, 0xC002, 0x0001, 0xC002,
  0x0001, 0xC002, 0x0001, 0x0001, 0xC002, 0x0001, 0xC002, 0x0001, 0xC002, 0x0001,
  0x0001, 0x0001, 0x0001, 0x0001, 0x0001, 0xC002, 0xC002, 0x0001, 0xC002, 0xC002,
  0x0001, 0xC002, 0xC002, 0x0001, 0xC002, 0xC002, 0x0001, 0xC002, 0xC002, 0x0001,
  0x0001, 0x0001, 0x0001, 0x0001, 0x0001, 0x0001, 0x0001, 0x0001, 0x0001, 0x0001,
  0x0001, 0x0001, 0x0001, 0x0001, 0x0001, 0x0001, 0x0001, 0x0001, 0x0001, 0xC002,
  0x0001, 0x0001, 0x0001, 0x0001, 0x4201, 0x4201, 0x0001, 0x0001, 0x0001, 0xC002,
  0x0001, 0x0001, 0x0001, 0x0001, 0x0001, 0x0001, 0x0001, 0x0001, 0x0001, 0x0001,
  0x0001, 0x0001, 0x0001, 0xC002, 0x0001, 0xC002, 0x0001, 0xC002, 0x0001, 0xC002,
  0x0001, 0xC002, 0x0001, 0xC002, 0x0001, 0xC002, 0x0001, 0xC002, 0x0001, 0xC002,
  0x0001, 0xC002, 0x0001, 0x0001, 0xC002, 0x0001, 0xC002, 0x0001, 0xC002, 0x0001,
  0x0001, 0x0001, 0x0001, 0x0001, 0x0001, 0xC002, 0xC002, 0x0001, 0xC002, 0xC002,
  0x0001, 0xC002, 0xC002, 0x0001, 0xC002, 0xC002, 0x0001, 0xC002, 0xC002, 0x0001,
  0x0001, 0x0001, 0x0001, 0x0001, 0x0001, 0x0001, 0x0001, 0x0001, 0x0001, 0x0001,
  0x0001, 0x0001, 0x0001, 0x0001, 0x0001, 0x0001, 0x0001, 0x0001, 0x0001, 0x0001,
  0x0001, 0xC002, 0x0001, 0x0001, 0xC002, 0xC002, 0xC002, 0xC002, 0x0001, 0x0001,
  0x0001, 0xC002, 0x0001, 0x0001, 0x0001, 0x0001, 0x0001, 0x0001, 0x0001, 0x0001,
  0x0001, 0x0001, 0x0001, 0x0001, 0x0001, 0x0001, 0x0001, 0x0001, 0x0001, 0x0001,
  0x0001, 0x0001, 0x0001, 0x0001, 0x0001, 0x0001, 0x0001, 0x0001, 0x0001, 0x0001,
  0x0001, 0x0001, 0x0001, 0x0001, 0x0001, 0x0001, 0x0001, 0x0001, 0x0001, 0x0001,
  0x0001, 0x0001, 0x0001, 0x0001, 0x0001, 0x0001, 0x0001, 0x0001, 0x0001, 0x7981,
  0x0001, 0x0001, 0x0001, 0x0001, 0x7981, 0x7981, 0x7981, 0x7981, 0x7981, 0x7981,
  0x7981, 0x7981, 0x7981, 0x7981, 0x0001, 0x0001, 0x0001, 0x0001, 0x0001, 0x0001,
  0x0001, 0x0001, 0x0001, 0x0001, 0x0001, 0x0001, 0x0001, 0x0001, 0x0001, 0x0001,
  0x0001, 0x0001, 0x0001, 0x0001, 0x0001, 0x0001, 0x0001, 0x0001, 0x0001, 0x0001,
  0x0001, 0x0001, 0x0001, 0x0001, 0x7981, 0x7981, 0x0001, 0x0001, 0x0001, 0x0001,
  0x0001, 0x0001, 0x0001, 0x0001, 0x0001, 0x0001, 0x0001, 0x0001, 0x0001, 0x0001,
  0x0001, 0x0001, 0x0001, 0x0001, 0x0001, 0x0001, 0x0001, 0x0001, 0x0001, 0x0001,
  0x0001, 0x0001, 0x0001, 0x0001, 0x0001, 0x0001, 0x0001, 0x0001, 0x0001, 0x0001,
  0x0001, 0x0001, 0x0001, 0x0001, 0x0001, 0x0001, 0x0001, 0x0001, 0x0001, 0x0001,
  0x0001, 0x0001, 0x0001, 0x0001, 0x7981, 0x7981, 0x0001, 0x0001, 0x0001, 0x0001,
  0x0001, 0x0001, 0x0001, 0x0001, 0x0001, 0x0001, 0x0001, 0x0001, 0x0001, 0x0001,
  0x4241, 0x0001, 0x0001, 0x0001, 0x0001, 0x0001, 0x0001, 0x0001, 0x0001, 0x0001,
  0x0001, 0x0001, 0x0001, 0x0001, 0x0001, 0x0001, 0x0001, 0x0001, 0x0001, 0x0001,
  0x0001, 0x0001, 0x0001, 0x0001, 0x0001, 0x0001, 0x0001, 0x0001, 0x0001, 0x0001,
  0x0001, 0x0001, 0x0001, 0x0001, 0x0001, 0x0001, 0x0001, 0x0001, 0x4241, 0x0001,
  0x0001, 0x0001, 0x0001, 0x0001, 0x0001, 0x0001, 0x0001, 0x0001, 0x0001, 0x0001,
  0x0001, 0x0001, 0x0001, 0x0001, 0x0001, 0x0001, 0x0001, 0x0001, 0x0001, 0x0001,
  0x0001, 0x0001, 0x0001, 0x0001, 0x0001, 0x0001, 0x7981, 0x7981, 0x7981, 0x7981,
  0x7981, 0x7981, 0x7981, 0x7981, 0x7981, 0x7981, 0x7981, 0x7981, 0x7981, 0x7981,
  0x7981, 0x7981, 0x7981, 0x7981, 0x0001, 0x0001, 0x0001, 0x0001, 0x0001, 0x0001,
  0x0001, 0x0001, 0x0001, 0x0001, 0x0001, 0x0001, 0x0001, 0x0001, 0x0001, 0x0001,
  0x0001, 0x0001, 0x0001, 0x0001, 0x0001, 0x0001, 0x0001, 0x0001, 0x0001, 0x0001,
  0x0001, 0x0001, 0x0001, 0x0001, 0x0001, 0x0001, 0x0001, 0x0001, 0x0001, 0x0001,
  0x0001, 0x0001, 0x0001, 0x0001, 0x0001, 0x0001, 0x0001, 0x7701, 0x7701, 0x7701,
  0x0001, 0x0001, 0x0001, 0x0001, 0x0001, 0x0001, 0x0001, 0x0001, 0x0001, 0x0001,
  0x0001, 0x0001, 0x0001, 0x0001, 0x0001, 0x0001, 0x0001, 0x0001, 0x0001, 0x0001,
  0x0001, 0x0001, 0x0001, 0x0001, 0x0001, 0x0001, 0x0001, 0x0001, 0x0001, 0x0001,
  0x0001, 0x0001, 0x0001, 0x0001, 0x0001, 0x0001, 0x0001, 0x0001, 0x0001, 0x0001,
  0x0001, 0x0001, 0x0001, 0x0001, 0x0001, 0x0001, 0x0001, 0x0001, 0x0001, 0x0001,
  0x0001, 0x41C1, 0x0001, 0x0001, 0x0001, 0x0001, 0x0001, 0x0001, 0x0001, 0x0001,
  0x0001, 0x0001, 0x0001, 0x0001, 0x4241, 0x0001, 0x0001, 0x0001, 0x0001, 0x0001,
  0x0001, 0x0001, 0x0001, 0x0001, 0x0001, 0x0001, 0x0001, 0x0001, 0x0001, 0x0001,
  0x0001, 0x0001, 0x0001, 0x0001, 0x0001, 0x0001, 0x0001, 0x0001, 0x0001, 0x0001,
  0x0001, 0x0001, 0x0001, 0x0001, 0x0001, 0x0001, 0x0001, 0x0001, 0x0001, 0x0001,
  0x0001, 0x0001, 0x0001, 0x0001, 0x0001, 0x0001, 0x0001, 0x0001, 0x0001, 0x0001,
  0x0001, 0x0001, 0x0001, 0x0001, 0x0001, 0x0001, 0x0001, 0x0001, 0x0001, 0x0001,
  0x0001, 0x0001, 0x0001, 0x0001, 0x0001, 0x0001, 0x0001, 0x0001, 0x7981, 0x0001,
  0x7981, 0x7981, 0x7701, 0x0001, 0x0001, 0x7981, 0x7981, 0x0001, 0x0001, 0x0001,
  0x0001, 0x0001, 0x7981, 0x7981, 0x0001, 0x7981, 0x0001, 0x0001, 0x0001, 0x0001,
  0x0001, 0x0001, 0x0001, 0x0001, 0x0001, 0x0001, 0x0001, 0x0001, 0x0001, 0x0001,
  0x0001, 0x0001, 0x0001, 0x0001, 0x0001, 0x0001, 0x0001, 0x0001, 0x0001, 0x0001,
  0x0001, 0x0001, 0x0001, 0x0001, 0x0001, 0x0001, 0x0001, 0x0001, 0x0001, 0x0001,
  0x0001, 0x0001, 0x0001, 0x0001, 0x0001, 0x0001, 0x0001, 0x0001, 0x0001, 0x0001,
  0x0001, 0x0001, 0x0001, 0x0001, 0x0001, 0x0001, 0x0001, 0x0001, 0x4241, 0x0001,
  0x0001, 0x0001, 0x0001, 0x0001, 0x0001, 0x0001, 0x0001, 0x0001, 0xC002, 0xC003,
  0xC003, 0xC003, 0xC003, 0xC003, 0xC003, 0xC003, 0xC003, 0xC003, 0xC003, 0xC003,
  0xC003, 0xC003, 0xC003, 0xC003, 0xC003, 0xC003, 0xC003, 0xC003, 0xC003, 0xC003,
  0xC003, 0xC003, 0xC003, 0xC003, 0xC003, 0xC003, 0xC002, 0xC003, 0xC003, 0xC003,
  0xC003, 0xC003, 0xC003, 0xC003, 0xC003, 0xC003, 0xC003, 0xC003, 0xC003, 0xC003,
  0xC003, 0xC003, 0xC003, 0xC003, 0xC003, 0xC003, 0xC003, 0xC003, 0xC003, 0xC003,
  0xC003, 0xC003, 0xC003, 0xC003, 0xC002, 0xC003, 0xC003, 0xC003, 0xC003, 0xC003,
  0xC003, 0xC003, 0xC003, 0xC003, 0xC003, 0xC003, 0xC003, 0xC003, 0xC003, 0xC003,
  0xC003, 0xC003, 0xC003, 0xC003, 0xC003, 0xC003, 0xC003, 0xC003, 0xC003, 0xC003,
  0xC003, 0xC003, 0xC002, 0xC003, 0xC003, 0xC003, 0xC003, 0xC003, 0xC003, 0xC003,
  0xC003, 0xC003, 0xC003, 0xC003, 0xC003, 0xC003, 0xC003, 0xC003, 0xC003, 0xC003,
  0xC003, 0xC003, 0xC003, 0xC003, 0xC003, 0xC003, 0xC003, 0xC003, 0xC003, 0xC003,
  0x0001, 0x0001, 0x0001, 0x0001, 0x0001, 0x0001, 0x0001, 0x0001, 0x0001, 0x0001,
  0x0001, 0x0001, 0x0001, 0x0001, 0x0001, 0x0001, 0x0001, 0x0001, 0x0001, 0x0001,
  0x0001, 0x0001, 0x0001, 0x0001, 0x0001, 0x0001, 0x0001, 0x0001, 0x0000, 0x0000,
  0x0000, 0x0000, 0x0000, 0x0000, 0x0000, 0x0000, 0x0000, 0x0000, 0x0000, 0x0000,
  0x0000, 0x0000, 0x0000, 0x0000, 0x0000, 0x0000, 0x0000, 0x0000, 0x0000, 0x0000,
  0x0000, 0x0000, 0x0000, 0x0000, 0x0000, 0x0000, 0x0000, 0x0000, 0x0000, 0x0000,
  0x0000, 0x0000, 0x0000, 0x0000, 0x0000, 0x0000, 0x0000, 0x0000, 0x0000, 0x0000,
  0x0000, 0x0000, 0x0000, 0x0000, 0x0000, 0x0000, 0x0000, 0x0000, 0x0000, 0x0000,
  0x0000, 0x0000, 0x0000, 0x0000, 0x0000, 0x0000, 0x0000, 0x0000, 0x0000, 0x0000,
  0x0000, 0x0000, 0xC001, 0xC001, 0xC001, 0xC001, 0xC001, 0xC001, 0xC001, 0xC001,
  0xC001, 0xC001, 0xC001, 0xC001, 0xC001, 0xC001, 0xC001, 0xC001, 0xC001, 0xC001,
  0xC001, 0xC001, 0xC001, 0xC001, 0xC001, 0xC001, 0xC001, 0xC001, 0xC001, 0xC001,
  0xC001, 0xC001, 0xC001, 0xC001, 0xC001, 0xC001, 0xC001, 0xC001, 0xC001, 0xC001,
  0xC001, 0xC001, 0xC001, 0xC001, 0xC001, 0xC001, 0xC001, 0xC001, 0xC001, 0xC001,
  0xC001, 0xC001, 0xC001, 0xC001, 0xC001, 0xC001, 0xC001, 0xC001, 0xC001, 0xC001,
  0xC001, 0xC001, 0xC001, 0xC001, 0xC001, 0xC001, 0x0001, 0x0001, 0xC001, 0x0001,
  0xC001, 0x0001, 0x0001, 0xC001, 0xC001, 0xC001, 0xC001, 0xC001, 0xC001, 0xC001,
  0xC001, 0xC001, 0xC001, 0x0001, 0xC001, 0x0001, 0xC001, 0x0001, 0x0001, 0xC001,
  0xC001, 0x0001, 0x0001, 0x0001, 0xC001, 0xC001, 0xC001, 0xC001, 0xC001, 0xC001,
  0xC001, 0xC001, 0xC001, 0xC001, 0xC001, 0xC001, 0xC001, 0xC001, 0xC001, 0xC001,
  0xC001, 0xC001, 0xC001, 0xC001, 0xC001, 0xC001, 0xC001, 0xC001, 0xC001, 0xC001,
  0xC001, 0xC001, 0xC001, 0xC001, 0xC001, 0xC001, 0xC001, 0xC001, 0xC001, 0xC001,
  0xC001, 0xC001, 0xC001, 0xC001, 0xC001, 0xC001, 0xC001, 0xC001, 0xC002, 0xC001,
  0x0001, 0x0001, 0xC001, 0xC001, 0xC001, 0xC001, 0xC001, 0xC001, 0xC001, 0xC001,
  0xC001, 0xC001, 0xC001, 0xC001, 0xC001, 0xC001, 0xC001, 0xC001, 0xC002, 0xC002,
  0xC002, 0xC001, 0xC001, 0xC001, 0xC002, 0xC002, 0xC002, 0xC001, 0xC001, 0x0001,
  0x0001, 0x0001, 0x0001, 0x0001, 0x0001, 0x0001, 0x0001, 0x0001, 0x0001, 0x0001,
  0x0001, 0x0001, 0x0001, 0x0001, 0x0001, 0x0001, 0x0001, 0x0001, 0x0001, 0x0001,
  0x0001, 0x0001, 0x0001, 0x0001, 0x0001, 0x0001, 0x0001, 0x0001, 0x0001, 0x0001,
  0x0001, 0x0001, 0x0001, 0x0001, 0x0001, 0x0001, 0x0001, 0xC002, 0x4681, 0xC002,
  0x0001, 0x0001, 0x0001, 0x0001, 0x0001, 0x0001, 0x0001, 0x0001, 0x0001, 0x0001,
  0xC002, 0xC002, 0xC003, 0xC003, 0xC002, 0xC002, 0xC002, 0xC002, 0xC002, 0xC002,
  0xC002, 0xC002, 0xC002, 0x0001, 0xC002, 0xC002, 0xC002, 0xC002, 0xC002, 0x0001,
  0xC002, 0x0001, 0xC002, 0xC002, 0x0001, 0xC002, 0xC002, 0x0001, 0xC002, 0xC002,
  0xC002, 0xC002, 0xC002, 0xC002, 0xC002, 0xC002, 0xC002, 0x0001, 0x0001, 0x0001,
  0x0001, 0x0001, 0x0001, 0x0001, 0x0001, 0x0001, 0x0001, 0x0001, 0x0001, 0x0001,
  0x0001, 0x0001, 0x0001, 0x0001, 0x0001, 0x0001, 0x0001, 0x0001, 0x0001, 0x0001,
  0x0001, 0x0001, 0x0001, 0x0001, 0x0001, 0x0001, 0x0001, 0x0001, 0x0001, 0x0001,
  0x0001, 0x0001, 0x0001, 0x0001, 0x0001, 0x0001, 0x0001, 0x0001, 0x0001, 0x0001,
  0x0001, 0x0001, 0x0001, 0x0001, 0x0001, 0x0001, 0x7981, 0x7981, 0x7981, 0x7981,
  0x7981, 0x7981, 0x7981, 0x7701, 0x7701, 0x7701, 0x7701, 0x7701, 0x7701, 0x7701,
  0x7981, 0x7981, 0x0001, 0x0001, 0x0001, 0x0001, 0x0001, 0x0001, 0x0001, 0x0001,
  0x0001, 0x0001, 0x0001, 0x0001, 0x0001, 0x0001, 0x0001, 0x0001, 0x0002, 0x0002,
  0x0002, 0x0002, 0x0002, 0x0002, 0x0002, 0x0002, 0x0002, 0x0002, 0x0002, 0x0002,
  0x0002, 0x0002, 0x0002, 0x0002, 0x0002, 0x0002, 0x0002, 0x0002, 0x0002, 0x0002,
  0x0002, 0x0002, 0x0002, 0x0002, 0x0002, 0x0002, 0x0002, 0x0002, 0x0002, 0x0002,
  0x0002, 0x0002, 0x0002, 0x0002, 0x0002, 0x0002, 0x0002, 0x0002, 0x0002, 0x0002,
  0x0002, 0x0002, 0x0002, 0x0002, 0x0002, 0x0002, 0x0002, 0x0002, 0x0002, 0x0002,
  0x0002, 0x0002, 0x0002, 0x0002, 0x0002, 0x0002, 0x0002, 0x0002, 0x0002, 0x0002,
  0x0002, 0x0002, 0x7702, 0x0002, 0x0002, 0x0002, 0x0002, 0x0002, 0x0002, 0x0002,
  0x0002, 0x0002, 0x0002, 0x0002, 0x0002, 0x0002, 0x0002, 0x0002, 0x0002, 0x0002,
  0x0002, 0x0002, 0x0002, 0x0002, 0x0002, 0x0002, 0x0002, 0x0002, 0x0002, 0x0002,
  0x0002, 0x0002, 0x0002, 0x0002, 0x0002, 0x0002, 0x0002, 0x0002, 0x0002, 0x0002,
  0x0002, 0x0002, 0x0002, 0x0002, 0x0002, 0x0002, 0x0002, 0x0002, 0x0002, 0x0002,
  0x0002, 0x0002, 0x0002, 0x0002, 0x0002, 0x0002, 0x0002, 0x7982, 0x7982, 0x7982,
  0x7982, 0x7982, 0x0002, 0x0002, 0x0002, 0x0002, 0x0002, 0x0002, 0x0002, 0x0002,
  0x0002, 0xC003, 0x0002, 0x0002, 0x0002, 0x0002, 0x0002, 0x0002, 0x0002, 0x0002,
  0x0002, 0x0002, 0x0002, 0x0002, 0x0002, 0x0002, 0x0002, 0x0002, 0x0002, 0x0002,
  0x0002, 0x0002, 0x0002, 0x0002, 0x0002, 0x0002, 0x0002, 0x0002, 0xC003, 0x0002,
  0x0002, 0x0002, 0x0002, 0x0002, 0x0002, 0x0002, 0x0002, 0x0002, 0x0002, 0x0002,
  0x0002, 0x0002, 0x0002, 0x0002, 0x0002, 0x0002, 0x0002, 0x0002, 0x0002, 0x0002,
  0x0002, 0x0002, 0x0002, 0x0002, 0x0002, 0x0002, 0x7702, 0x0002, 0x7982, 0x0002,
  0x0002, 0x0002, 0x0002, 0x0002, 0x0002, 0x0002, 0x0002, 0x0002, 0x0002, 0x0002,
  0x0002, 0x0002, 0x0002, 0x0002, 0x0002, 0x0002, 0x0002, 0x0002, 0x0002, 0x0002,
  0x0002, 0x0002, 0x0002, 0x0002, 0x0002, 0x0002, 0x0002, 0x0002, 0x0002, 0x0002,
  0x0002, 0x0002, 0x0002, 0x0002, 0x0002, 0x0002, 0x0002, 0x0002, 0x0002, 0x7982,
  0x4042, 0x7702, 0x0002, 0x0002, 0x0002, 0x0002, 0x4242, 0x0002, 0x0002, 0x0002,
  0x0002, 0x0002, 0x0002, 0x0002, 0x0002, 0x0002, 0x0002, 0x0002, 0x0002, 0x0002,
  0x0002, 0x0002, 0x0002, 0x0002, 0x0002, 0x0002, 0x0002, 0x0002, 0x0002, 0x0002,
  0x0002, 0x0002, 0x0002, 0x0002, 0x0002, 0x0002, 0x0002, 0x0002, 0x0002, 0x0002,
  0x0002, 0x0002, 0x0002, 0x0002, 0x7982, 0x7702, 0x0002, 0x0002, 0x0002, 0x0002,
  0x0002, 0x0002, 0x0002, 0x0002, 0x0002, 0x0002, 0x0002, 0x0002, 0x0002, 0x0002,
  0x0002, 0x0002, 0x0002, 0x0002, 0x0002, 0x0002, 0x0002, 0x0002, 0x0002, 0x0002,
  0x0002, 0x0002, 0x0002, 0x0002, 0x0002, 0x0002, 0x0002, 0x0002, 0x0002, 0x0002,
  0x0002, 0x0002, 0x7982, 0x7982, 0x7982, 0x7982, 0x0002, 0x0002, 0x0002, 0x0002,
  0x0002, 0x0002, 0x0002, 0x0002, 0x0002, 0x0002, 0x0002, 0x0002, 0x0002, 0x0002,
  0x0002, 0x0002, 0x0002, 0x0002, 0x0002, 0x0002, 0x0002, 0x0002, 0x0002, 0x0002,
  0x0002, 0x0002, 0x0002, 0x0002, 0x0002, 0x0002, 0x0002, 0x0002, 0x0002, 0x0002,
  0x0002, 0x0002, 0x0002, 0x0002, 0x0002, 0x0002, 0x0002, 0x7982, 0x7982, 0x7982,
  0x7982, 0x7982, 0x0002, 0x0002, 0x0002, 0x0002, 0x0002, 0x0002, 0x0002, 0x0002,
  0x0002, 0x0002, 0x0002, 0x0002, 0x0002, 0x0002, 0x0002, 0x0002, 0x0002, 0x0002,
  0x0002, 0x0002, 0x0002, 0x0002, 0x0002, 0x0002, 0x0002, 0x0002, 0x0002, 0x0002,
  0x0002, 0x0002, 0x0002, 0x0002, 0x0002, 0x0002, 0x0002, 0x0002, 0x0002, 0x0002,
  0x0002, 0x0002, 0x0002, 0x0002, 0x0002, 0x7982, 0x7982, 0x0002, 0x0002, 0x0002,
  0x0002, 0x0002, 0x0002, 0x0002, 0x0002, 0x0002, 0x0002, 0x0002, 0x0002, 0x0002,
  0x0002, 0x0002, 0x0002, 0x0002, 0x0002, 0x0002, 0x0002, 0x0002, 0x0002, 0x0002,
  0x0002, 0x0002, 0x0002, 0x0002, 0x0002, 0x0002, 0x0002, 0x0002, 0x0002, 0x0002,
  0x0002, 0x0002, 0x0002, 0x0002, 0x0002, 0x0002, 0x0002, 0x0002, 0x0002, 0x0002,
  0x0002, 0x0002, 0x0002, 0x0002, 0x0002, 0x0002, 0x0002, 0x0002, 0x0002, 0x0002,
  0x0002, 0x0002, 0x0002, 0x0002, 0x0002, 0x7702, 0x7702, 0x0002, 0x7702, 0x7702,
  0x7702, 0x0002, 0x0002, 0x0002, 0x0002, 0x0002, 0x0002, 0x7702, 0x7702, 0x7982,
  0x7982, 0x7982, 0x7702, 0x7982, 0x7702, 0x7702, 0x7702, 0x7702, 0x0002, 0x0002,
  0x0002, 0x0002, 0x0002, 0x0002, 0x0002, 0x0002, 0x0002, 0x0002, 0x0002, 0x0002,
  0x0002, 0x0002, 0x0002, 0x0002, 0x0002, 0x0002, 0x0002, 0x0002, 0x0002, 0x0002,
  0x0002, 0x0002, 0x0002, 0x0002, 0x0002, 0x0002, 0x0002, 0x0002, 0x0002, 0x0002,
  0x0002, 0x0002, 0x0002, 0x0002, 0x0002, 0x0002, 0x0002, 0x0002, 0x0002, 0x0002,
  0x0002, 0x0002, 0x0002, 0x0002, 0x0002, 0x7982, 0x7702, 0x7982, 0x7702, 0x0002,
  0x0002, 0x0002, 0x0002, 0x0002, 0x0002, 0x0002, 0x0002, 0x0002, 0x0002, 0x0002,
  0x0002, 0x0002, 0x0002, 0x0002, 0x0002, 0x0002, 0x0002, 0x0002, 0x0002, 0x0002,
  0x0002, 0x0002, 0x0002, 0x0002, 0x0002, 0x0002, 0x0002, 0x0002, 0x0002, 0x0002,
  0x0002, 0x0002, 0x0002, 0x0002, 0x0002, 0x0002, 0x0002, 0x0002, 0x0002, 0x0002,
  0x0002, 0x0002, 0x0002, 0x0002, 0x0002, 0x0002, 0x0002, 0x0002, 0x0002, 0x0002,
  0x0002, 0x0002, 0x0002, 0x0002, 0x0002, 0x0002, 0x0002, 0x4242, 0x0002, 0x0002,
  0x0002, 0x0002, 0x0002, 0x0002, 0x0002, 0x0002, 0x0002, 0x0002, 0x0002, 0x0002,
  0x0002, 0x0002, 0x0002, 0x0002, 0x0002, 0x0002, 0x0002, 0x0002, 0x0002, 0x0002,
  0x0002, 0x0002, 0x0002, 0x0002, 0x0002, 0x0002, 0x0002, 0x0002, 0x0002, 0x0002,
  0x0002, 0x0002, 0x0002, 0x0002, 0x0002, 0x0002, 0x0002, 0x0002, 0x0002, 0x4242,
  0x0002, 0x0002, 0x0002, 0x0002, 0x0002, 0x0002, 0x0002, 0x0002, 0x0002, 0x0002,
  0x0002, 0x0002, 0x0002, 0x0002, 0x4242, 0x0002, 0x0002, 0x0002, 0x0002, 0x0002,
  0x0002, 0x0002, 0x0002, 0x0002, 0x0002, 0x0002, 0x0002, 0x0002, 0x0002, 0x0002,
  0x0002, 0x0002, 0x0002, 0x0002, 0x0002, 0x0002, 0x0002, 0x0002, 0x0002, 0x0002,
  0x0002, 0xC004, 0x0002, 0xC004, 0x0002, 0x0002, 0x0002, 0x0002, 0x0002, 0x0002,
  0x0002, 0x0002, 0x0002, 0x0002, 0x0002, 0x0002, 0x0002, 0x0002, 0xC004, 0x0002,
  0x0002, 0x0002, 0x0002, 0x0002, 0x0002, 0x0002, 0x0002, 0x0002, 0x0002, 0x0002,
  0x0002, 0x0002, 0x4242, 0x41C2, 0x0002, 0x0002, 0x0002, 0x0002, 0x0002, 0x7982,
  0x7982, 0x7982, 0x0002, 0x0002, 0x0002, 0x0002, 0x0002, 0x0002, 0x0002, 0x0002,
  0x0002, 0x0002, 0x0002, 0x0002, 0x0002, 0x0002, 0x0002, 0x0002, 0x0002, 0x0002,
  0x0002, 0x0002, 0x0002, 0x0002, 0x0002, 0x0002, 0x0002, 0x0002, 0x0002, 0x0002,
  0x0002, 0x0002, 0x0002, 0x0002, 0x0002, 0x0002, 0x0002, 0x0002, 0x0002, 0x0002,
  0x0002, 0x0002, 0x0002, 0x0002, 0x0002, 0xC004, 0xC004, 0x0002, 0x0002, 0x0002,
  0x4242, 0x4242, 0x0002, 0x0002, 0x0002, 0x0002, 0x0002, 0x0002, 0x0002, 0x0002,
  0x0002, 0x0002, 0x0002, 0x0002, 0x0002, 0x0002, 0x0002, 0x0002, 0x0002, 0x0002,
  0x0002, 0x0002, 0x0002, 0x0002, 0x0002, 0x0002, 0x0002, 0x0002, 0x0002, 0x0002,
  0x0002, 0x0002, 0x0002, 0x0002, 0x0002, 0x0002, 0x0002, 0x0002, 0x0002, 0x0002,
  0x0002, 0x0002, 0x0002, 0x0002, 0x0002, 0x0002, 0x0002, 0x0002, 0x0002, 0x0002,
  0x0002, 0x0002, 0x0002, 0x41C2, 0x0002, 0x0002, 0x0002, 0x0002, 0x0002, 0x0002,
  0x0002, 0x0002, 0x0002, 0x0002, 0x0002, 0x0002, 0x4242, 0x0002, 0x0002, 0x0002,
  0x0002, 0x0002, 0x0002, 0x0002, 0x0002, 0x0002, 0x41C2, 0x0002, 0x0002, 0x0002,
  0x0002, 0x0002, 0x0002, 0x0002, 0x0002, 0x0002, 0x0002, 0x0002, 0x0002, 0x0002,
  0x0002, 0x0002, 0x0002, 0x0002, 0x0002, 0x0002, 0x0002, 0x0002, 0x0002, 0x0002,
  0x0002, 0x0002, 0x0002, 0x0002, 0x0002, 0x0002, 0x0002, 0x0002, 0x0002, 0x0002,
  0x0002, 0x0002, 0x0002, 0x0002, 0x0002, 0x0002, 0x0002, 0x0002, 0x0002, 0x0002,
  0x0002, 0x0002, 0x0002, 0x0002, 0x0002, 0x0002, 0x0002, 0x0002, 0x0002, 0x0002,
  0x4242, 0x41C2, 0x0002, 0x0002, 0x0002, 0x0002, 0x0002, 0x0002, 0x0002, 0x0002,
  0x0002, 0x0002, 0x0002, 0x0002, 0x0002, 0x0002, 0x0002, 0x0002, 0x0002, 0x0002,
  0x0002, 0x0002, 0x0002, 0x0002, 0x0002, 0x0002, 0x0002, 0x0002, 0x0002, 0x0002,
  0x0002, 0x0002, 0x0002, 0x0002, 0x0002, 0x0002, 0x0002, 0x0002, 0x0002, 0x0002,
  0x0002, 0x0002, 0x0002, 0x41C2, 0x4242, 0x0002, 0x0002, 0x0002, 0x0002, 0x0002,
  0x0002, 0x0002, 0x0002, 0x0002, 0x0002, 0x0002, 0x0002, 0x0002, 0x0002, 0x0002,
  0x0002, 0x0002, 0x0002, 0x0002, 0x0002, 0x0002, 0x0002, 0x0002, 0x0002, 0x0002,
  0x0002, 0x0002, 0x0002, 0x0002, 0x0002, 0x0002, 0x0002, 0x0002, 0x0002, 0x0002,
  0x0002, 0x0002, 0x0002, 0x0002, 0x0002, 0x0002, 0x0002, 0x0002, 0x0002, 0x0002,
  0x0002, 0x0002, 0x0002, 0x0002, 0x0002, 0x0002, 0x0002, 0x0002, 0x0002, 0x0002,
  0x0002, 0x0002, 0x0002, 0x0002, 0x41C2, 0x41C2, 0x0002, 0x0002, 0x0002, 0x0002,
  0x0002, 0x0002, 0x0002, 0x0002, 0x0002, 0x0002, 0x0002, 0xC004, 0xC004, 0x4242,
  0x0002, 0x0002, 0x0002, 0x0002, 0x0002, 0x0002, 0x0002, 0x0002, 0x0002, 0x0002,
  0x0002, 0x0002, 0x0002, 0x0002, 0x0002, 0x0002, 0x0002, 0x0002, 0x0002, 0x0002,
  0x0002, 0x0002, 0x0002, 0x0002, 0x7982, 0x7982, 0x7982, 0x7982, 0x7982, 0x7982,
  0x7982, 0x0002, 0x0002, 0x0002, 0x7982, 0x7982, 0x7982, 0x7982, 0x7982, 0x0002,
  0x0002, 0x0002, 0x0002, 0x0002, 0x0002, 0x0002, 0x0002, 0x0002, 0x0002, 0x0002,
  0xC004, 0x0002, 0xC004, 0x0002, 0x0002, 0x0002, 0x0002, 0x0002, 0x0002, 0x0002,
  0x0002, 0xC004, 0x0002, 0x0002, 0xC004, 0x0002, 0x0002, 0x0002, 0x0002, 0x0002,
  0x0002, 0x0002, 0x0002, 0x0002, 0x0002, 0x0002, 0x0002, 0x0002, 0x0002, 0x0002,
  0x0002, 0x0002, 0x0002, 0x0002, 0x0002, 0x0002, 0x0002, 0x0002, 0x0002, 0x0002,
  0x0002, 0x0002, 0x0002, 0x0002, 0x0002, 0x0002, 0x0002, 0x0002, 0x0002, 0x0002,
  0x0002, 0x0002, 0x0002, 0x0002, 0x0002, 0x0002, 0x0002, 0x0002, 0x0002, 0x0002,
  0x0002, 0xC004, 0x0002, 0xC004, 0xC004, 0x0002, 0x0002, 0x0002, 0x0002, 0x0002,
  0x4242, 0x4242, 0x4242, 0x0002, 0x0002, 0x0002, 0x0002, 0x0002, 0x0002, 0x0002,
  0x0002, 0x0002, 0x0002, 0x0002, 0x0002, 0x0002, 0x0002, 0x0002, 0x0002, 0x0002,
  0x0002, 0x0002, 0x0002, 0x0002, 0x0002, 0x0002, 0x0002, 0x0002, 0x0002, 0x0002,
  0x0002, 0x0002, 0x0002, 0x0002, 0x0002, 0x0002, 0x0002, 0x0002, 0x0002, 0x0002,
  0x0002, 0x0002, 0x0002, 0x0002, 0x0002, 0x0002, 0x0002, 0x0002, 0x0002, 0x0002,
  0x4242, 0x0002, 0x0002, 0x0002, 0x41C2, 0x0002, 0x0002, 0x0002, 0x0002, 0x0002,
  0x0002, 0x0002, 0x0002, 0x0002, 0x0002, 0x0002, 0x0002, 0x0002, 0x0002, 0x0002,
  0x0002, 0x0002, 0x0002, 0x0002, 0x0002, 0x0002, 0x0002, 0x0002, 0x7982, 0x0002,
  0x0002, 0x0002, 0x0002, 0x0002, 0x0002, 0x0002, 0x0002, 0x0002, 0x0002, 0x0002,
  0x0002, 0x0002, 0x0002, 0x0002, 0x0002, 0x0002, 0x0002, 0x0002, 0x0002, 0x0002,
  0x0002, 0x0002, 0x0002, 0x0002, 0x0002, 0x0002, 0x0002, 0x0002, 0x0002, 0x0002,
  0x0002, 0x0002, 0x0002, 0x0002, 0x0002, 0x0002, 0x0002, 0x0002, 0x0002, 0x0002,
  0x0002, 0x0002, 0x0002, 0x0002, 0x0002, 0x0002, 0x0002, 0x0002, 0x0002, 0x0002,
  0x0002, 0x0002, 0x0002, 0x0002, 0x0002, 0x0002, 0x0002, 0x0002, 0xC004, 0xC004,
  0x0002, 0xC004, 0x0002, 0x0002, 0x4242, 0x41C2, 0x0002, 0x0002, 0x0002, 0x0002,
  0x0002, 0x0002, 0x0002, 0x0002, 0x0002, 0x0002, 0x0002, 0x0002, 0x0002, 0x0002,
  0x0002, 0x0002, 0x0002, 0x0002, 0x0002, 0x0002, 0x0002, 0x0002, 0x0002, 0x0002,
  0x0002, 0x0002, 0x0002, 0x0002, 0x0002, 0x0002, 0x0002, 0x0002, 0x0002, 0x0002,
  0x0002, 0x0002, 0x0002, 0x0002, 0x0002, 0x0002, 0x0002, 0x0002, 0x0002, 0x0002,
  0x0002, 0x0002, 0x0002, 0x0002, 0x0002, 0x0002, 0x0002, 0x0002, 0x0002, 0x0002,
  0x0002, 0x0002, 0x0002, 0x0002, 0x0002, 0x0002, 0xC004, 0xC004, 0x0002, 0x0002,
  0x0002, 0x4242, 0x41C2, 0x0002, 0x0002, 0x0002, 0x0002, 0x0002, 0x0002, 0x0002,
  0x0002, 0x0002, 0x0002, 0x0002, 0x0002, 0x0002, 0x0002, 0x0002, 0x0002, 0x0002,
  0x0002, 0x0002, 0x0002, 0x0002, 0x0002, 0x0002, 0x0002, 0x0002, 0x0002, 0x0002,
  0x0002, 0x0002, 0x0002, 0x0002, 0x0002, 0x0002, 0x0002, 0x0002, 0x0002, 0x0002,
  0x0002, 0x0002, 0x0002, 0x0002, 0x0002, 0x0002, 0x0002, 0x0002, 0x0002, 0x0002,
  0x0002, 0x0002, 0x0002, 0x0002, 0x0002, 0x0002, 0x0002, 0x0002, 0x0002, 0x0002,
  0x0002, 0x0002, 0x0002, 0x0002, 0x0002, 0x0002, 0x4242, 0x41C2, 0x0002, 0x0002,
  0x0002, 0x0002, 0x0002, 0x0002, 0x0002, 0x0002, 0x0002, 0x0002, 0x0002, 0x0002,
  0x0002, 0x0002, 0x0002, 0x0002, 0x0002, 0x0002, 0x0002, 0x0002, 0x0002, 0x0002,
  0x0002, 0x0002, 0x0002, 0x0002, 0x0002, 0x0002, 0x0002, 0x0002, 0x0002, 0x0002,
  0x0002, 0x0002, 0x0002, 0x0002, 0x0002, 0x0002, 0x0002, 0x0002, 0x0002, 0x0002,
  0x0002, 0x0002, 0x0002, 0x0002, 0x0002, 0x0002, 0x0002, 0x0002, 0x0002, 0x0002,
  0x0002, 0x0002, 0x0002, 0x0002, 0xC004, 0x0002, 0x0002, 0x0002, 0x0002, 0x4242,
  0x4242, 0x0002, 0x0002, 0x0002, 0x41C2, 0x0002, 0x0002, 0x0002, 0x0002, 0x0002,
  0x0002, 0x0002, 0x0002, 0x0002, 0x0002, 0x0002, 0x0002, 0x0002, 0x0002, 0x0002,
  0x0002, 0x0002, 0x0002, 0x0002, 0x0002, 0x0002, 0x0002, 0x0002, 0x0002, 0x0002,
  0x0002, 0x0002, 0x0002, 0x0002, 0x0002, 0x0002, 0x0002, 0x0002, 0x0002, 0x0002,
  0x0002, 0x0002, 0x0002, 0x0002, 0x0002, 0x0002, 0x0002, 0x0002, 0x0002, 0x0002,
  0x0002, 0x0002, 0x0002, 0x0002, 0x0002, 0x0002, 0x0002, 0x0002, 0x0002, 0x0002,
  0x0002, 0x0002, 0x0002, 0x0002, 0x0002, 0x4242, 0x0002, 0x0002, 0x0002, 0x0002,
  0x0002, 0x0002, 0x0002, 0x0002, 0x0002, 0x0002, 0x0002, 0x0002, 0x0002, 0x0002,
  0x0002, 0x0002, 0x0002, 0x0002, 0x0002, 0x0002, 0x0002, 0x0002, 0x0002, 0x0002,
  0x0002, 0x0002, 0x0002, 0x0002, 0x0002, 0x0002, 0x0002, 0x0002, 0x0002, 0x0002,
  0x0002, 0x0002, 0x0002, 0x0002, 0x0002, 0x0002, 0x0002, 0x0002, 0x0002, 0x0002,
  0x0002, 0x0002, 0x0002, 0x0002, 0x0002, 0x0002, 0x0002, 0x0002, 0x0002, 0x0002,
  0x0002, 0x0002, 0x41C2, 0x0002, 0x4242, 0x4242, 0x0002, 0x0002, 0x0002, 0x0002,
  0x0002, 0x0002, 0x0002, 0x0002, 0x0002, 0x0002, 0x0002, 0x0002, 0x0002, 0x0002,
  0x0002, 0x0002, 0x0002, 0x0002, 0x0002, 0x0002, 0x0002, 0x0002, 0x0002, 0x0002,
  0x0002, 0x0002, 0x0002, 0x0002, 0x0002, 0x0002, 0x0002, 0x0002, 0x0002, 0x0002,
  0x0002, 0x0002, 0x0002, 0x0002, 0x0002, 0x0002, 0x0002, 0x0002, 0x0002, 0x0002,
  0x0002, 0x0002, 0x0002, 0x0002, 0x0002, 0x0002, 0x0002, 0x0002, 0x0002, 0x0002,
  0x0002, 0x0002, 0x0002, 0x0002, 0x0002, 0x0002, 0x0002, 0xC004, 0xC004, 0xC004,
  0xC004, 0xC004, 0xC006, 0xC006, 0xC006, 0x0002, 0x0002, 0x0002, 0x0002, 0x0002,
  0x0002, 0x4242, 0x0002, 0x0002, 0x0002, 0x0002, 0x0002, 0x0002, 0x0002, 0x0002,
  0x0002, 0x0002, 0x0002, 0x0002, 0x0002, 0x0002, 0x0002, 0x0002, 0x0002, 0x0002,
  0x0002, 0x0002, 0x0002, 0x0002, 0x0002, 0x0002, 0x0002, 0x0002, 0x0002, 0x0002,
  0x0002, 0x0002, 0x0002, 0x0002, 0x0002, 0x0002, 0x0002, 0x0002, 0x0002, 0x0002,
  0x0002, 0x0002, 0x0002, 0x0002, 0x0002, 0x0002, 0x0002, 0x0002, 0x0002, 0x0002,
  0x4042, 0x4042, 0x4042, 0x4042, 0x4042, 0x0002, 0x0002, 0x0002, 0x0002, 0x0002,
  0x0002, 0x0002, 0x0002, 0x0002, 0x0002, 0x0002, 0x0002, 0x0002, 0x0002, 0x0002,
  0x0002, 0x0002, 0x0002, 0x0002, 0x0002, 0x0002, 0x0002, 0x0002, 0x0002, 0x0002,
  0x0002, 0x0002, 0x0002, 0x0002, 0x0002, 0x0002, 0x0002, 0x0002, 0x0002, 0x0002,
  0x0002, 0x0002, 0x0002, 0x0002, 0x0002, 0x0002, 0x0002, 0x0002, 0x0002, 0x0002,
  0x0002, 0x0002, 0x0002, 0x7982, 0x7982, 0x7982, 0x7982, 0x7982, 0x7982, 0x7982,
  0x0002, 0x0002, 0x0002, 0x0002, 0x0002, 0x0002, 0x0002, 0x0002, 0x0002, 0x0002,
  0x0002, 0x0002, 0x0002, 0x0002, 0x0002, 0x0002, 0x0002, 0x0002, 0x0002, 0x0002,
  0x0002, 0x0002, 0x0002, 0x0002, 0x0002, 0x0002, 0x0002, 0x0002, 0x0002, 0x0002,
  0x0002, 0x0002, 0x0002, 0x0002, 0x0002, 0x0002, 0x0002, 0x0002, 0x0002, 0x0002,
  0xC004, 0xC004, 0xC006, 0x0002, 0x0002, 0x0002, 0x0002, 0x0002, 0x0002, 0x0002,
  0x0002, 0x0002, 0x0002, 0x0002, 0x0002, 0x0002, 0x0002, 0x0002, 0x0002, 0x0002,
  0x0002, 0x0002, 0x0002, 0x0002, 0x0002, 0x0002, 0x0002, 0x0002, 0x0002, 0x0002,
  0x0002, 0x0002, 0x0002, 0x0002, 0x0002, 0x0002, 0x0002, 0x0002, 0x0002, 0x0002,
  0x0002, 0x0002, 0x0002, 0x0002, 0x0002, 0x0002, 0x0002, 0x0002, 0x0002, 0x0002,
  0x0002, 0x4182, 0x4182, 0x0002, 0x0002, 0x0002, 0x0002, 0x0002, 0x0002, 0x0002,
  0x0002, 0x0002, 0x0002, 0x0002, 0x0002, 0x0002, 0x0002, 0x0002, 0x0002, 0x0002,
  0x0002, 0x0002, 0x0002, 0x0002, 0x0002, 0x0002, 0x0002, 0x0002, 0x0002, 0x0002,
  0x0002, 0x0002, 0x0002, 0x4042, 0x0002, 0x0002, 0x0002, 0x0002, 0x0002, 0x0002,
  0x0002, 0x0002, 0x0002, 0x0002, 0x0002, 0x0002, 0x0002, 0x0002, 0x0002, 0x0002,
  0x0002, 0x0002, 0x0002, 0x0002, 0x0002, 0x0002, 0x0002, 0x0002, 0x0002, 0x0002,
  0x0002, 0x0002, 0x0002, 0x0002, 0x0002, 0x0002, 0x0002, 0xC004, 0xC004, 0xC006,
  0xC006, 0xC006, 0xC006, 0xC006, 0x7602, 0x7602, 0x4042, 0x4042, 0x4042, 0x0002,
  0x0002, 0x0002, 0x7882, 0x7602, 0x7602, 0x7602, 0x7602, 0x7602, 0x0002, 0x0002,
  0x0002, 0x0002, 0x0002, 0x0002, 0x0002, 0x0002, 0x7702, 0x7702, 0x7702, 0x7702,
  0x7702, 0x0002, 0x0002, 0x7982, 0x7982, 0x7982, 0x7982, 0x7982, 0x7702, 0x7702,
  0x0002, 0x0002, 0x0002, 0x0002, 0x0002, 0x0002, 0x0002, 0x0002, 0x0002, 0x0002,
  0x0002, 0x0002, 0x0002, 0x0002, 0x0002, 0x0002, 0x0002, 0x0002, 0x0002, 0x0002,
  0x0002, 0x0002, 0x0002, 0x0002, 0x0002, 0x0002, 0x0002, 0x0002, 0x0002, 0x0002,
  0x7982, 0x7982, 0x7982, 0x7982, 0x0002, 0x0002, 0x0002, 0x0002, 0x0002, 0x0002,
  0x0002, 0x0002, 0x0002, 0x0002, 0x0002, 0x0002, 0x0002, 0xC004, 0xC004, 0xC006,
  0xC006, 0xC006, 0x0002, 0x0002, 0x0002, 0x0002, 0x0002, 0x0002, 0x0002, 0x0002,
  0x0002, 0x0002, 0x0002, 0x0002, 0x0002, 0x0002, 0x0002, 0x0002, 0x0002, 0x0002,
  0x0002, 0x0002, 0x0002, 0x0002, 0x0002, 0x0002, 0x0002, 0x0002, 0x0002, 0x0002,
  0x0002, 0x0002, 0x0002, 0x0002, 0x0002, 0x0002, 0x0002, 0x0002, 0x0002, 0x0002,
  0x0002, 0x0002, 0x0002, 0x0002, 0x0002, 0x0002, 0x0002, 0x0002, 0x0002, 0x0002,
  0x0002, 0x0002, 0x0002, 0x0002, 0x0002, 0x0002, 0x0002, 0x0002, 0x0002, 0x0002,
  0x0002, 0x0002, 0x0002, 0x0002, 0x0002, 0x7982, 0x7982, 0x7982, 0x0002, 0x0002,
  0x0002, 0x0002, 0x0002, 0x0002, 0x0002, 0x0002, 0x0002, 0x0002, 0x0002, 0x0002,
  0x0002, 0x0002, 0x0002, 0x0002, 0x0002, 0x0002, 0x0002, 0x0002, 0x0002, 0x0002,
  0x0002, 0x0002, 0x0002, 0x0002, 0x0002, 0x0002, 0x0002, 0x0002, 0x0002, 0x0002,
  0x0002, 0x0002, 0x0002, 0x0002, 0x0002, 0x0002, 0x0002, 0x0002, 0x0002, 0x0002,
  0x0002, 0x0002, 0x0002, 0x0002, 0x0002, 0x0002, 0x0002, 0x0002, 0x0002, 0x0002,
  0x0002, 0x0002, 0x0002, 0x0002, 0x0002, 0x0002, 0x0002, 0x7982, 0x7982, 0x7982,
  0x7982, 0x7982, 0x7982, 0x7982, 0x0002, 0x7982, 0x7982, 0x7982, 0x7982, 0x7982,
  0x7982, 0x7982, 0x7982, 0x7982, 0x7982, 0x7982, 0x7982, 0x7982, 0x7982, 0x7982,
  0x7982, 0x7982, 0x0002, 0x0002, 0x7982, 0x7982, 0x7982, 0x7982, 0x7982, 0x7982,
  0x7982, 0x0002, 0x7982, 0x7982, 0x0002, 0x7982, 0x7982, 0x7982, 0x7982, 0x7982,
  0x0002, 0x0002, 0x0002, 0x0002, 0x0002, 0x0002, 0x0002, 0x0002, 0x0002, 0x0002,
  0x0002, 0x0002, 0x0002, 0x0002, 0x0002, 0x0002, 0x0002, 0x0002, 0x0002, 0x0002,
  0x0002, 0x0002, 0x0002, 0x0002, 0x0002, 0x0002, 0x0002, 0x0002, 0x0002, 0x0002,
  0x0002, 0x0002, 0x0002, 0x0002, 0x0002, 0x0002, 0x0002, 0x0002, 0x0002, 0x0002,
  0x0002, 0x0002, 0x0002, 0x0002, 0x0002, 0x0002, 0x7982, 0x0002, 0x0002, 0x0002,
  0x0002, 0x0002, 0x0002, 0x0002, 0x0002, 0x0002, 0x0002, 0x0002, 0x0002, 0x0002,
  0x0002, 0x0002, 0x0002, 0x0002, 0x0002, 0x0002, 0x0002, 0x0002, 0x0002, 0x0002,
  0x0002, 0x0002, 0x0002, 0x0002, 0x0002, 0x0002, 0x0002, 0x0002, 0x0002, 0x0002,
  0x0002, 0x0002, 0x0002, 0x0002, 0x0002, 0x0002, 0x0002, 0x0002, 0x0002, 0x0002,
  0x0002, 0x7982, 0x7982, 0x7982, 0x7982, 0x0002, 0x0002, 0x0002, 0x0002, 0x0002,
  0x0002, 0x0002, 0x0002, 0x0002, 0x0002, 0x0002, 0x0002, 0x0002, 0x0002, 0x0002,
  0x0002, 0x0002, 0x0002, 0x0002, 0x0002, 0x0002, 0x0002, 0x0002, 0x0002, 0x0002,
  0x0002, 0x0002, 0x0002, 0x0002, 0x0002, 0x0002, 0x0002, 0x0002, 0x0002, 0x0002,
  0x0002, 0x0002, 0x0002, 0x0002, 0x0002, 0x0002, 0x0002, 0x0002, 0x0002, 0x7A02,
  0x7A02, 0x7702, 0x7982, 0x0002, 0x0002, 0x0002, 0x0002, 0x0002, 0x0002, 0x0002,
  0x0002, 0x0002, 0x0002, 0x0002, 0x0002, 0x0002, 0x0002, 0x0002, 0x0002, 0x0002,
  0x0002, 0x0002, 0x0002, 0x0002, 0x0002, 0x0002, 0x0002, 0x0002, 0x0002, 0x0002,
  0x0002, 0x0002, 0x0002, 0x0002, 0x0002, 0x0002, 0x0002, 0x0002, 0x0002, 0x0002,
  0x0002, 0x0002, 0x0002, 0x0002, 0x0002, 0x0002, 0x0002, 0x0002, 0x0002, 0x7982,
  0x7702, 0x0002, 0x0002, 0x0002, 0x0002, 0x0002, 0x0002, 0x0002, 0x0002, 0x0002,
  0x0002, 0x0002, 0x0002, 0x0002, 0x0002, 0x0002, 0x0002, 0x0002, 0x0002, 0x0002,
  0x0002, 0x0002, 0x0002, 0x0002, 0x0002, 0x0002, 0x0002, 0x0002, 0x0002, 0x0002,
  0x0002, 0x0002, 0x0002, 0x0002, 0x0002, 0x0002, 0x7982, 0x0002, 0x0002, 0x7982,
  0x0002, 0x0002, 0x0002, 0x0002, 0x0002, 0x0002, 0x0002, 0x7982, 0x7982, 0x0002,
  0x0002, 0x0002, 0x0002, 0x0002, 0x7982, 0x0002, 0x0002, 0x0002, 0x0002, 0x0002,
  0x0002, 0x0002, 0x0002, 0x0002, 0x0002, 0x0002, 0x0002, 0x0002, 0x0002, 0x0002,
  0x0002, 0x7702, 0x7702, 0x7702, 0x7702, 0x7702, 0x7702, 0x7702, 0x0002, 0x0002,
  0x0002, 0x0002, 0x0002, 0x0002, 0x0002, 0x0002, 0x0002, 0x0002, 0x0002, 0x0002,
  0x0002, 0x0002, 0x0002, 0x0002, 0x0002, 0x0002, 0x0002, 0x0002, 0x0002, 0x0002,
  0x0002, 0x0002, 0x0002, 0x0002, 0x0002, 0x0002, 0x0002, 0x0002, 0x0002, 0x0002,
  0x0002, 0x0002, 0x0002, 0x0002, 0x0002, 0x0002, 0x0002, 0x0002, 0x0002, 0x7982,
  0x7982, 0x7982, 0x7982, 0x7982, 0x7982, 0x41C2, 0x0002, 0x0002, 0x0002, 0x0002,
  0x0002, 0x0002, 0x0002, 0x0002, 0x0002, 0x0002, 0x0002, 0x0002, 0x0002, 0x0002,
  0x0002, 0x0002, 0x0002, 0x0002, 0x0002, 0x0002, 0x0002, 0x0002, 0x0002, 0x0002,
  0x0002, 0x0002, 0x0002, 0x0002, 0x0002, 0x0002, 0x0002, 0x0002, 0x0002, 0x0002,
  0x0002, 0x0002, 0x0002, 0x0002, 0x0002, 0x0002, 0x0002, 0x0002, 0x0002, 0x0002,
  0x0002, 0x0002, 0x0002, 0x0002, 0x0002, 0x0002, 0x0002, 0x0002, 0x0002, 0xC001,
  0xC001, 0xC001, 0xC002, 0xC001, 0xC001, 0xC001, 0xC001, 0xC001, 0xC001, 0xC001,
  0xC001, 0xC001, 0xC002, 0xC001, 0xC001, 0xC001, 0xC001, 0xC002, 0xC001, 0xC001,
  0xC001, 0xC002, 0xC001, 0xC001, 0xC001, 0xC001, 0xC001, 0xC002, 0xC001, 0xC001,
  0xC001, 0xC001, 0xC001, 0xC001, 0xC001, 0xC001, 0xC001, 0xC001, 0xC001, 0xC001,
  0xC001, 0xC001, 0xC001, 0xC001, 0xC001, 0xC001, 0xC001, 0xC001, 0xC001, 0xC001,
  0xC001, 0xC002, 0xC001, 0xC001, 0xC001, 0xC002, 0xC001, 0xC001, 0xC001, 0xC001,
  0xC001, 0xC001, 0xC001, 0xC001, 0xC001, 0xC001, 0xC001, 0xC001, 0xC001, 0xC001,
  0xC001, 0xC001, 0xC001, 0xC001, 0xC001, 0xC001, 0xC001, 0xC001, 0xC001, 0xC001,
  0xC001, 0xC002, 0xC001, 0xC001, 0xC001, 0xC001, 0xC001, 0xC001, 0xC002, 0xC002,
  0xC001, 0xC001, 0xC001, 0xC001, 0xC001, 0xC001, 0xC001, 0xC001, 0xC001, 0xC001,
  0xC002, 0xC001, 0xC001, 0xC001, 0xC001, 0xC002, 0xC001, 0xC001, 0xC001, 0xC001,
  0xC001, 0xC001, 0xC001, 0xC001, 0xC001, 0xC002, 0xC001, 0xC002, 0xC001, 0xC001,
  0xC001, 0xC001, 0xC001, 0xC001, 0xC001, 0xC001, 0xC001, 0xC002, 0xC001, 0xC001,
  0xC001, 0xC001, 0xC001, 0xC002, 0xC001, 0xC002, 0xC002, 0xC001, 0xC001, 0xC001,
  0xC001, 0xC002, 0xC002, 0xC001, 0xC001, 0xC001, 0xC001, 0xC001, 0xC001, 0xC001,
  0xC001, 0xC001, 0xC001, 0xC001, 0xC002, 0xC001, 0xC001, 0xC001, 0xC001, 0xC001,
  0xC001, 0xC001, 0xC001, 0xC001, 0xC001, 0xC001, 0xC001, 0xC001, 0xC001, 0xC001,
  0xC001, 0xC001, 0xC001, 0xC001, 0xC002, 0xC001, 0xC001, 0xC001, 0xC001, 0xC001,
  0xC002, 0xC001, 0xC001, 0xC001, 0xC001, 0xC001, 0xC001, 0xC001, 0xC001, 0xC001,
  0xC001, 0xC002, 0xC001, 0xC001, 0xC001, 0xC001, 0xC001, 0xC001, 0xC001, 0xC001,
  0xC001, 0xC001, 0xC001, 0xC001, 0xC001, 0xC001, 0xC001, 0xC001, 0xC001, 0xC001,
  0xC002, 0xC001, 0xC001, 0xC001, 0xC001, 0xC001, 0xC002, 0xC001, 0xC001, 0xC001,
  0xC001, 0xC001, 0xC001, 0xC001, 0xC001, 0xC002, 0xC001, 0xC001, 0xC001, 0xC002,
  0xC001, 0xC001, 0xC001, 0xC001, 0xC001, 0xC001, 0xC002, 0xC002, 0xC002, 0xC001,
  0xC002, 0xC001, 0xC001, 0xC001, 0xC001, 0xC001, 0xC001, 0xC002, 0xC001, 0xC001,
  0xC001, 0xC001, 0xC001, 0xC001, 0xC002, 0xC001, 0xC001, 0xC002, 0xC002, 0xC001,
  0xC001, 0xC001, 0xC001, 0xC001, 0xC001, 0xC001, 0xC001, 0xC001, 0xC002, 0xC001,
  0xC002, 0xC001, 0xC002, 0xC001, 0xC001, 0xC001, 0xC002, 0xC001, 0xC001, 0xC002,
  0xC002, 0xC001, 0xC001, 0xC001, 0xC001, 0xC001, 0xC001, 0xC001, 0xC001, 0xC001,
  0xC001, 0xC001, 0xC001, 0xC001, 0xC002, 0xC001, 0xC002, 0xC001, 0xC002, 0xC001,
  0xC002, 0xC002, 0xC002, 0xC001, 0xC001, 0xC002, 0xC002, 0xC002, 0xC002, 0xC001,
  0xC001, 0xC001, 0xC001, 0xC001, 0xC001, 0xC001, 0xC001, 0xC002, 0xC001, 0xC001,
  0xC001, 0xC001, 0xC002, 0xC001, 0xC002, 0xC002, 0xC001, 0xC001, 0xC001, 0xC001,
  0xC001, 0xC001, 0xC002, 0xC002, 0xC002, 0xC001, 0xC001, 0xC002, 0xC001, 0xC001,
  0xC001, 0xC002, 0xC001, 0xC001, 0xC001, 0xC001, 0xC001, 0xC002, 0xC001, 0xC001,
  0xC001, 0xC001, 0xC001, 0xC001, 0xC002, 0xC002, 0xC001, 0xC002, 0xC001, 0xC002,
  0xC001, 0xC001, 0xC001, 0xC002, 0xC002, 0xC001, 0xC002, 0xC001, 0xC001, 0xC001,
  0xC001, 0xC001, 0xC001, 0xC002, 0xC002, 0xC002, 0xC002, 0xC001, 0xC001, 0xC001,
  0xC001, 0xC001, 0xC001, 0xC001, 0xC001, 0xC001, 0xC001, 0xC001, 0xC001, 0xC002,
  0xC001, 0xC001, 0xC001, 0xC001, 0xC001, 0xC001, 0xC001, 0xC001, 0xC001, 0xC001,
  0xC001, 0xC001, 0xC002, 0xC002, 0xC002, 0xC001, 0xC001, 0xC001, 0xC001, 0xC002,
  0xC001, 0xC002, 0xC001, 0xC001, 0xC002, 0xC002, 0xC001, 0xC001, 0xC001, 0xC001,
  0xC001, 0xC001, 0xC001, 0xC001, 0xC001, 0xC001, 0xC001, 0xC001, 0xC001, 0xC001,
  0xC002, 0xC001, 0xC001, 0xC001, 0xC001, 0xC001, 0xC002, 0xC002, 0xC001, 0xC001,
  0xC001, 0xC001, 0xC001, 0xC001, 0xC002, 0xC001, 0xC001, 0xC001, 0xC001, 0xC002,
  0xC002, 0xC001, 0xC001, 0xC001, 0xC002, 0xC001, 0xC001, 0xC002, 0xC002, 0xC001,
  0xC001, 0xC001, 0xC002, 0xC001, 0xC001, 0xC001, 0xC001, 0xC001, 0xC001, 0xC001,
  0xC002, 0xC001, 0xC001, 0xC001, 0xC002, 0xC001, 0xC001, 0xC001, 0xC001, 0xC002,
  0xC002, 0xC001, 0xC001, 0xC001, 0xC002, 0xC001, 0xC002, 0xC001, 0xC001, 0xC001,
  0xC001, 0xC001, 0xC001, 0xC001, 0xC002, 0xC001, 0xC001, 0xC001, 0xC001, 0xC001,
  0xC001, 0xC002, 0xC001, 0xC002, 0xC002, 0xC002, 0xC001, 0xC001, 0xC001, 0xC001,
  0xC001, 0xC001, 0xC001, 0xC001, 0xC002, 0x0002, 0x0002, 0x0002, 0x0002, 0x0002,
  0x0002, 0x0002, 0x0002, 0x0002, 0x0002, 0x0002, 0x0002, 0x0002, 0x0002, 0x0002,
  0x0002, 0x0002, 0x0002, 0x0002, 0x0002, 0x0002, 0x0002, 0x0002, 0x0002, 0x0002,
  0x0002, 0x0002, 0x0002, 0x0002, 0x0002, 0x0002, 0x0002, 0x0002, 0x0002,
};
} // namespace nfd
namespace nfkd {

const uint16_t trie_index[1024] = {
  0x0000, 0x0000, 0x0020, 0x0060, 0x00A0, 0x00E0, 0x0120, 0x015C, 0x019C, 0x0000,
  0x01D0, 0x0209, 0x0249, 0x0289, 0x02C8, 0x02FE, 0x033E, 0x0378, 0x03B5, 0x03F4,
  0x0000, 0x0000, 0x042E, 0x046E, 0x049E, 0x04D3, 0x0000, 0x0513, 0x0542, 0x0582,
  0x0000, 0x0597, 0x05D5, 0x0603, 0x062C, 0x0662, 0x06A2, 0x06DF, 0x06FF, 0x073C,
  0x077B, 0x07B8, 0x07D7, 0x0814, 0x0822, 0x085F, 0x088B, 0x08C1, 0x08CF, 0x090C,
  0x0923, 0x0963, 0x0971, 0x09AE, 0x0000, 0x09E4, 0x0A03, 0x0A3E, 0x0A4B, 0x0A86,
  0x0ABA, 0x0AF7, 0x0B37, 0x0B71, 0x0B8B, 0x0000, 0x0BC6, 0x0BD4, 0x0000, 0x0000,
  0x0000, 0x0000, 0x0000, 0x0000, 0x0000, 0x0000, 0x0000, 0x0C11, 0x0000, 0x0000,
  0x0000, 0x0000, 0x0000, 0x0000, 0x0000, 0x0000, 0x0000, 0x0000, 0x0000, 0x0000,
  0x0000, 0x0000, 0x0C3D, 0x0000, 0x0000, 0x0C72, 0x0000, 0x0000, 0x0C90, 0x0000,
  0x0CBA, 0x0000, 0x0000, 0x0000, 0x0CF6, 0x0D16, 0x0D56, 0x0D96, 0x0DD0, 0x0E10,
  0x0E44, 0x0E70, 0x0EA4, 0x0000, 0x0000, 0x0EDC, 0x0F16, 0x0F56, 0x0F8F, 0x0FCF,
  0x100F, 0x104F, 0x108F, 0x10CF, 0x110F, 0x114F, 0x118F, 0x11CF, 0x120F, 0x124E,
  0x128E, 0x12BE, 0x12FE, 0x133E, 0x137E, 0x13B1, 0x13ED, 0x142C, 0x146C, 0x149C,
  0x14CA, 0x0000, 0x0000, 0x0000, 0x0000, 0x14F5, 0x1535, 0x1575, 0x0000, 0x0000,
  0x0000, 0x0000, 0x0000, 0x0000, 0x0000, 0x0000, 0x0000, 0x0000, 0x0000, 0x0000,
  0x0000, 0x0000, 0x0000, 0x0000, 0x0000, 0x0000, 0x0000, 0x0000, 0x15A9, 0x15B6,
  0x0000, 0x15ED, 0x0000, 0x0000, 0x0000, 0x0000, 0x0000, 0x160A, 0x0000, 0x1648,
  0x0000, 0x167A, 0x0000, 0x16BA, 0x0000, 0x0000, 0x16FA, 0x171A, 0x175A, 0x179A,
  0x17DA, 0x181A, 0x185A, 0x1895, 0x18D3, 0x1913, 0x1953, 0x1993, 0x19D3, 0x0000,
  0x1A13, 0x1A53, 0x1A93, 0x1AD3, 0x1B13, 0x1B53, 0x1B93, 0x1BD3, 0x0000, 0x0000,
  0x0000, 0x0000, 0x0000, 0x0000, 0x0000, 0x0000, 0x0000, 0x0000, 0x0000, 0x0000,
  0x0000, 0x0000, 0x0000, 0x0000, 0x0000, 0x0000, 0x0000, 0x0000, 0x0000, 0x0000,
  0x0000, 0x0000, 0x0000, 0x0000, 0x0000, 0x0000, 0x0000, 0x0000, 0x0000, 0x0000,
  0x0000, 0x0000, 0x0000, 0x0000, 0x0000, 0x0000, 0x0000, 0x0000, 0x0000, 0x0000,
  0x0000, 0x0000, 0x0000, 0x0000, 0x0000, 0x0000, 0x0000, 0x0000, 0x0000, 0x0000,
  0x0000, 0x0000, 0x0000, 0x0000, 0x0000, 0x0000, 0x0000, 0x0000, 0x0000, 0x0000,
  0x0000, 0x0000, 0x0000, 0x0000, 0x0000, 0x0000, 0x0000, 0x0000, 0x0000, 0x0000,
  0x0000, 0x0000, 0x0000, 0x0000, 0x0000, 0x0000, 0x0000, 0x0000, 0x0000, 0x0000,
  0x0000, 0x0000, 0x0000, 0x0000, 0x0000, 0x0000, 0x0000, 0x0000, 0x0000, 0x0000,
  0x0000, 0x0000, 0x0000, 0x0000, 0x0000, 0x0000, 0x0000, 0x0000, 0x0000, 0x0000,
  0x0000, 0x0000, 0x0000, 0x0000, 0x0000, 0x0000, 0x0000, 0x0000, 0x0000, 0x0000,
  0x0000, 0x0000, 0x0000, 0x0000, 0x0000, 0x0000, 0x0000, 0x0000, 0x0000, 0x0000,
  0x0000, 0x0000, 0x0000, 0x0000, 0x0000, 0x0000, 0x0000, 0x0000, 0x0000, 0x0000,
  0x0000, 0x0000, 0x0000, 0x0000, 0x0000, 0x0000, 0x0000, 0x0000, 0x0000, 0x0000,
  0x0000, 0x0000, 0x0000, 0x0000, 0x0000, 0x0000, 0x0000, 0x0000, 0x0000, 0x0000,
  0x0000, 0x0000, 0x0000, 0x0000, 0x0000, 0x0000, 0x0000, 0x0000, 0x0000, 0x0000,
  0x0000, 0x0000, 0x0000, 0x0000, 0x0000, 0x0000, 0x0000, 0x0000, 0x0000, 0x0000,
  0x0000, 0x0000, 0x0000, 0x0000, 0x0000, 0x0000, 0x0000, 0x0000, 0x0000, 0x0000,
  0x0000, 0x0000, 0x0000, 0x0000, 0x0000, 0x0000, 0x0000, 0x0000, 0x0000, 0x0000,
  0x0000, 0x0000, 0x0000, 0x0000, 0x0000, 0x0000, 0x0000, 0x0000, 0x0000, 0x0000,
  0x0000, 0x0000, 0x0000, 0x0000, 0x0000, 0x0000, 0x0000, 0x0000, 0x0000, 0x0000,
  0x0000, 0x0000, 0x0000, 0x0000, 0x0000, 0x0000, 0x0000, 0x0000, 0x0000, 0x0000,
  0x0000, 0x0000, 0x0000, 0x0000, 0x0000, 0x0000, 0x0000, 0x0000, 0x0000, 0x0000,
  0x0000, 0x0000, 0x0000, 0x0000, 0x0000, 0x0000, 0x0000, 0x0000, 0x0000, 0x0000,
  0x0000, 0x0000, 0x0000, 0x0000, 0x0000, 0x0000, 0x0000, 0x0000, 0x0000, 0x0000,
  0x0000, 0x0000, 0x0000, 0x0000, 0x0000, 0x0000, 0x0000, 0x0000, 0x0000, 0x0000,
  0x0000, 0x0000, 0x0000, 0x0000, 0x0000, 0x0000, 0x0000, 0x0000, 0x0000, 0x0000,
  0x0000, 0x0000, 0x0000, 0x0000, 0x0000, 0x0000, 0x0000, 0x0000, 0x0000, 0x0000,
  0x0000, 0x0000, 0x0000, 0x0000, 0x0000, 0x0000, 0x0000, 0x0000, 0x0000, 0x0000,
  0x0000, 0x0000, 0x0000, 0x0000, 0x0000, 0x0000, 0x0000, 0x0000, 0x0000, 0x0000,
  0x0000, 0x0000, 0x0000, 0x0000, 0x0000, 0x0000, 0x0000, 0x0000, 0x0000, 0x0000,
  0x0000, 0x0000, 0x0000, 0x0000, 0x0000, 0x0000, 0x0000, 0x0000, 0x0000, 0x0000,
  0x0000, 0x0000, 0x0000, 0x0000, 0x0000, 0x0000, 0x0000, 0x0000, 0x0000, 0x0000,
  0x0000, 0x0000, 0x0000, 0x0000, 0x0000, 0x0000, 0x0000, 0x0000, 0x0000, 0x0000,
  0x0000, 0x0000, 0x0000, 0x0000, 0x0000, 0x0000, 0x0000, 0x0000, 0x0000, 0x0000,
  0x0000, 0x0000, 0x0000, 0x0000, 0x0000, 0x0000, 0x0000, 0x0000, 0x0000, 0x0000,
  0x0000, 0x0000, 0x0000, 0x0000, 0x0000, 0x0000, 0x0000, 0x0000, 0x0000, 0x0000,
  0x0000, 0x0000, 0x0000, 0x0000, 0x0000, 0x0000, 0x0000, 0x0000, 0x0000, 0x0000,
  0x0000, 0x0000, 0x0000, 0x0000, 0x0000, 0x0000, 0x0000, 0x0000, 0x0000, 0x0000,
  0x0000, 0x0000, 0x0000, 0x0000, 0x0000, 0x0000, 0x0000, 0x0000, 0x0000, 0x0000,
  0x0000, 0x0000, 0x0000, 0x0000, 0x0000, 0x0000, 0x0000, 0x0000, 0x0000, 0x0000,
  0x0000, 0x0000, 0x0000, 0x0000, 0x0000, 0x0000, 0x0000, 0x0000, 0x0000, 0x0000,
  0x0000, 0x0000, 0x0000, 0x0000, 0x0000, 0x0000, 0x0000, 0x0000, 0x0000, 0x0000,
  0x0000, 0x0000, 0x0000, 0x0000, 0x0000, 0x0000, 0x0000, 0x0000, 0x0000, 0x0000,
  0x0000, 0x0000, 0x0000, 0x0000, 0x0000, 0x0000, 0x0000, 0x0000, 0x0000, 0x0000,
  0x0000, 0x0000, 0x0000, 0x0000, 0x0000, 0x1C13, 0x1C51, 0x1C71, 0x0000, 0x1CA3,
  0x0000, 0x1CD4, 0x1D0E, 0x0000, 0x0000, 0x1D4A, 0x1D7C, 0x1DAA, 0x1DBE, 0x1DFE,
  0x0000, 0x0000, 0x1E0E, 0x1E4E, 0x0000, 0x1E85, 0x0000, 0x1EAF, 0x0000, 0x0000,
  0x0000, 0x0000, 0x0000, 0x0000, 0x0000, 0x0000, 0x0000, 0x0000, 0x0000, 0x0000,
  0x0000, 0x0000, 0x0000, 0x0000, 0x0000, 0x0000, 0x0000, 0x0000, 0x0000, 0x0000,
  0x0000, 0x0000, 0x0000, 0x0000, 0x0000, 0x0000, 0x0000, 0x0000, 0x0000, 0x0000,
  0x0000, 0x0000, 0x0000, 0x0000, 0x0000, 0x0000, 0x0000, 0x0000, 0x0000, 0x0000,
  0x0000, 0x0000, 0x0000, 0x0000, 0x0000, 0x0000, 0x0000, 0x0000, 0x0000, 0x0000,
  0x0000, 0x0000, 0x0000, 0x0000, 0x0000, 0x0000, 0x0000, 0x0000, 0x0000, 0x0000,
  0x0000, 0x0000, 0x0000, 0x0000, 0x0000, 0x0000, 0x0000, 0x0000, 0x0000, 0x0000,
  0x0000, 0x0000, 0x0000, 0x0000, 0x0000, 0x0000, 0x0000, 0x0000, 0x0000, 0x0000,
  0x0000, 0x0000, 0x0000, 0x0000, 0x0000, 0x0000, 0x0000, 0x0000, 0x0000, 0x0000,
  0x0000, 0x0000, 0x0000, 0x0000, 0x0000, 0x0000, 0x0000, 0x0000, 0x0000, 0x0000,
  0x0000, 0x0000, 0x0000, 0x0000, 0x0000, 0x0000, 0x0000, 0x0000, 0x0000, 0x0000,
  0x0000, 0x0000, 0x0000, 0x0000, 0x0000, 0x0000, 0x0000, 0x0000, 0x0000, 0x0000,
  0x0000, 0x0000, 0x0000, 0x0000, 0x0000, 0x0000, 0x0000, 0x0000, 0x0000, 0x0000,
  0x0000, 0x0000, 0x0000, 0x0000, 0x0000, 0x0000, 0x0000, 0x0000, 0x0000, 0x0000,
  0x0000, 0x0000, 0x0000, 0x0000, 0x0000, 0x0000, 0x0000, 0x0000, 0x0000, 0x0000,
  0x0000, 0x0000, 0x0000, 0x0000, 0x0000, 0x0000, 0x0000, 0x0000, 0x0000, 0x0000,
  0x0000, 0x0000, 0x0000, 0x0000, 0x0000, 0x0000, 0x0000, 0x0000, 0x0000, 0x0000,
  0x0000, 0x0000, 0x0000, 0x0000, 0x0000, 0x0000, 0x0000, 0x0000, 0x0000, 0x0000,
  0x0000, 0x0000, 0x0000, 0x0000, 0x0000, 0x0000, 0x0000, 0x0000, 0x0000, 0x0000,
  0x0000, 0x0000, 0x0000, 0x0000, 0x0000, 0x0000, 0x0000, 0x0000, 0x0000, 0x0000,
  0x0000, 0x0000, 0x0000, 0x0000, 0x0000, 0x0000, 0x0000, 0x0000, 0x0000, 0x0000,
  0x0000, 0x0000, 0x0000, 0x0000, 0x0000, 0x0000, 0x0000, 0x0000, 0x0000, 0x0000,
  0x0000, 0x0000, 0x0000, 0x0000, 0x0000, 0x0000, 0x0000, 0x0000, 0x0000, 0x0000,
  0x0000, 0x0000, 0x0000, 0x0000, 0x0000, 0x0000, 0x0000, 0x0000, 0x0000, 0x0000,
  0x0000, 0x0000, 0x0000, 0x0000, 0x0000, 0x0000, 0x0000, 0x0000, 0x0000, 0x0000,
  0x0000, 0x0000, 0x0000, 0x0000, 0x0000, 0x0000, 0x0000, 0x0000, 0x0000, 0x0000,
  0x0000, 0x0000, 0x0000, 0x0000, 0x0000, 0x0000, 0x0000, 0x0000, 0x0000, 0x0000,
  0x0000, 0x0000, 0x0000, 0x0000, 0x0000, 0x0000, 0x0000, 0x0000, 0x0000, 0x0000,
  0x0000, 0x0000, 0x0000, 0x0000, 0x0000, 0x0000, 0x0000, 0x0000, 0x0000, 0x0000,
  0x0000, 0x0000, 0x0000, 0x0000, 0x0000, 0x0000, 0x0000, 0x0000, 0x0000, 0x0000,
  0x0000, 0x0000, 0x0000, 0x0000, 0x0000, 0x0000, 0x1EEF, 0x1F2F, 0x1F6F, 0x1FAF,
  0x1FEF, 0x202F, 0x206F, 0x20AF, 0x20EF, 0x212F, 0x216F, 0x21A1, 0x21E1, 0x2221,
  0x2261, 0x22A1, 0x22E1, 0x231F, 0x235F, 0x239F, 0x23DC, 0x241C, 0x245C, 0x249C,
  0x24DB, 0x251B, 0x255B, 0x259A,
};

const uint16_t trie_index1[512] = {
  0x0000, 0x001F, 0x003E, 0x005E, 0x007C, 0x007C, 0x007C, 0x007C, 0x007C, 0x007C,
  0x007C, 0x007C, 0x0098, 0x00AD, 0x007C, 0x007C, 0x007C, 0x007C, 0x007C, 0x007C,
  0x007C, 0x007C, 0x007C, 0x00CD, 0x007C, 0x00E0, 0x00FB, 0x007C, 0x011B, 0x0138,
  0x0154, 0x0165, 0x007C, 0x007C, 0x007C, 0x007C, 0x007C, 0x007C, 0x007C, 0x007C,
  0x007C, 0x007C, 0x007C, 0x007C, 0x007C, 0x007C, 0x007C, 0x007C, 0x007C, 0x007C,
  0x007C, 0x007C, 0x007C, 0x007C, 0x007C, 0x007C, 0x007C, 0x007C, 0x007C, 0x007C,
  0x007C, 0x007C, 0x007C, 0x0185, 0x007C, 0x007C, 0x007C, 0x007C, 0x007C, 0x007C,
  0x007C, 0x007C, 0x007C, 0x007C, 0x007C, 0x007C, 0x007C, 0x007C, 0x007C, 0x007C,
  0x007C, 0x007C, 0x007C, 0x007C, 0x007C, 0x007C, 0x007C, 0x007C, 0x007C, 0x007C,
  0x007C, 0x007C, 0x007C, 0x007C, 0x007C, 0x007C, 0x007C, 0x007C, 0x007C, 0x007C,
  0x007C, 0x007C, 0x007C, 0x007C, 0x007C, 0x007C, 0x007C, 0x007C, 0x007C, 0x007C,
  0x007C, 0x007C, 0x007C, 0x007C, 0x007C, 0x007C, 0x007C, 0x007C, 0x007C, 0x007C,
  0x007C, 0x007C, 0x007C, 0x007C, 0x007C, 0x007C, 0x007C, 0x007C, 0x007C, 0x007C,
  0x007C, 0x007C, 0x007C, 0x007C, 0x007C, 0x007C, 0x007C, 0x007C, 0x007C, 0x007C,
  0x007C, 0x007C, 0x007C, 0x007C, 0x007C, 0x007C, 0x007C, 0x007C, 0x007C, 0x007C,
  0x007C, 0x007C, 0x007C, 0x007C, 0x007C, 0x007C, 0x007C, 0x007C, 0x007C, 0x007C,
  0x007C, 0x007C, 0x007C, 0x007C, 0x007C, 0x007C, 0x007C, 0x007C, 0x007C, 0x007C,
  0x007C, 0x007C, 0x007C, 0x007C, 0x007C, 0x007C, 0x007C, 0x007C, 0x007C, 0x007C,
  0x007C, 0x007C, 0x007C, 0x007C, 0x007C, 0x007C, 0x007C, 0x007C, 0x007C, 0x007C,
  0x007C, 0x007C, 0x007C, 0x007C, 0x007C, 0x007C, 0x007C, 0x007C, 0x007C, 0x007C,
  0x007C, 0x007C, 0x007C, 0x007C, 0x007C, 0x007C, 0x007C, 0x007C, 0x007C, 0x007C,
  0x007C, 0x007C, 0x007C, 0x007C, 0x007C, 0x007C, 0x007C, 0x007C, 0x007C, 0x007C,
  0x007C, 0x007C, 0x007C, 0x007C, 0x007C, 0x007C, 0x007C, 0x007C, 0x007C, 0x007C,
  0x007C, 0x007C, 0x007C, 0x007C, 0x007C, 0x007C, 0x007C, 0x007C, 0x007C, 0x007C,
  0x007C, 0x007C, 0x007C, 0x007C, 0x007C, 0x007C, 0x007C, 0x007C, 0x007C, 0x007C,
  0x007C, 0x007C, 0x007C, 0x007C, 0x007C, 0x007C, 0x007C, 0x007C, 0x007C, 0x007C,
  0x007C, 0x007C, 0x007C, 0x007C, 0x007C, 0x007C, 0x007C, 0x007C, 0x007C, 0x007C,
  0x007C, 0x007C, 0x007C, 0x007C, 0x007C, 0x007C, 0x007C, 0x007C, 0x007C, 0x007C,
  0x007C, 0x007C, 0x007C, 0x007C, 0x007C, 0x007C, 0x007C, 0x007C, 0x007C, 0x007C,
  0x007C, 0x007C, 0x007C, 0x007C, 0x007C, 0x007C, 0x007C, 0x007C, 0x007C, 0x007C,
  0x007C, 0x007C, 0x007C, 0x007C, 0x007C, 0x007C, 0x007C, 0x007C, 0x007C, 0x007C,
  0x007C, 0x007C, 0x007C, 0x007C, 0x007C, 0x007C, 0x007C, 0x007C, 0x007C, 0x007C,
  0x007C, 0x007C, 0x007C, 0x007C, 0x007C, 0x007C, 0x007C, 0x007C, 0x007C, 0x007C,
  0x007C, 0x007C, 0x007C, 0x007C, 0x007C, 0x007C, 0x007C, 0x007C, 0x007C, 0x007C,
  0x007C, 0x007C, 0x007C, 0x007C, 0x007C, 0x007C, 0x007C, 0x007C, 0x007C, 0x007C,
  0x007C, 0x007C, 0x007C, 0x007C, 0x007C, 0x007C, 0x007C, 0x007C, 0x007C, 0x007C,
  0x007C, 0x007C, 0x007C, 0x007C, 0x007C, 0x007C, 0x007C, 0x007C, 0x007C, 0x007C,
  0x007C, 0x007C, 0x007C, 0x007C, 0x007C, 0x007C, 0x007C, 0x007C, 0x007C, 0x007C,
  0x007C, 0x007C, 0x007C, 0x007C, 0x007C, 0x007C, 0x007C, 0x007C, 0x007C, 0x007C,
  0x007C, 0x007C, 0x007C, 0x007C, 0x007C, 0x007C, 0x007C, 0x007C, 0x007C, 0x007C,
  0x007C, 0x007C, 0x007C, 0x007C, 0x007C, 0x007C, 0x007C, 0x007C, 0x007C, 0x007C,
  0x007C, 0x007C, 0x007C, 0x007C, 0x007C, 0x007C, 0x007C, 0x007C, 0x007C, 0x007C,
  0x007C, 0x007C, 0x007C, 0x007C, 0x007C, 0x007C, 0x007C, 0x007C, 0x007C, 0x007C,
  0x007C, 0x007C, 0x007C, 0x007C, 0x007C, 0x007C, 0x007C, 0x007C, 0x007C, 0x007C,
  0x007C, 0x007C, 0x007C, 0x007C, 0x007C, 0x007C, 0x007C, 0x007C, 0x007C, 0x007C,
  0x007C, 0x007C, 0x007C, 0x007C, 0x007C, 0x007C, 0x007C, 0x007C, 0x007C, 0x007C,
  0x007C, 0x007C, 0x007C, 0x007C, 0x007C, 0x007C, 0x007C, 0x007C, 0x007C, 0x007C,
  0x007C, 0x007C, 0x007C, 0x007C, 0x007C, 0x007C, 0x007C, 0x007C, 0x007C, 0x007C,
  0x007C, 0x007C, 0x007C, 0x007C, 0x007C, 0x007C, 0x007C, 0x007C, 0x007C, 0x007C,
  0x007C, 0x007C, 0x007C, 0x007C, 0x007C, 0x007C, 0x007C, 0x007C, 0x007C, 0x007C,
  0x007C, 0x007C, 0x007C, 0x007C, 0x007C, 0x007C, 0x007C, 0x007C, 0x007C, 0x007C,
  0x007C, 0x007C,
};

const uint16_t trie_index2[421] = {
  0x0000, 0x0000, 0x0000, 0x0000, 0x0000, 0x0000, 0x0000, 0x25C9, 0x0000, 0x0000,
  0x0000, 0x2607, 0x0000, 0x2628, 0x0000, 0x0000, 0x0000, 0x0000, 0x0000, 0x0000,
  0x0000, 0x0000, 0x0000, 0x2663, 0x0000, 0x0000, 0x0000, 0x0000, 0x0000, 0x0000,
  0x26A2, 0x0000, 0x0000, 0x0000, 0x0000, 0x0000, 0x0000, 0x0000, 0x0000, 0x26DD,
  0x0000, 0x0000, 0x271D, 0x0000, 0x0000, 0x0000, 0x0000, 0x0000, 0x0000, 0x0000,
  0x0000, 0x2744, 0x276C, 0x0000, 0x0000, 0x0000, 0x0000, 0x279A, 0x27C7, 0x0000,
  0x2807, 0x2845, 0x0000, 0x287F, 0x28BF, 0x0000, 0x28FF, 0x2934, 0x0000, 0x2974,
  0x297F, 0x0000, 0x0000, 0x29B6, 0x29E1, 0x2A1E, 0x2A5B, 0x2A96, 0x0000, 0x2AD4,
  0x2AF3, 0x2B32, 0x0000, 0x0000, 0x2B38, 0x2B78, 0x2B79, 0x0000, 0x2BB9, 0x0000,
  0x2BF1, 0x0000, 0x0000, 0x0000, 0x2C1D, 0x0000, 0x0000, 0x0000, 0x2C58, 0x2C97,
  0x0000, 0x2CB7, 0x2CD8, 0x2D11, 0x2D38, 0x0000, 0x0000, 0x0000, 0x0000, 0x0000,
  0x2D52, 0x0000, 0x0000, 0x0000, 0x0000, 0x2D92, 0x2DBB, 0x0000, 0x0000, 0x0000,
  0x0000, 0x0000, 0x0000, 0x2DFA, 0x0000, 0x0000, 0x0000, 0x0000, 0x0000, 0x0000,
  0x0000, 0x0000, 0x0000, 0x0000, 0x0000, 0x0000, 0x0000, 0x0000, 0x0000, 0x0000,
  0x0000, 0x0000, 0x0000, 0x0000, 0x0000, 0x0000, 0x0000, 0x0000, 0x0000, 0x0000,
  0x0000, 0x0000, 0x0000, 0x0000, 0x0000, 0x0000, 0x2E19, 0x0000, 0x0000, 0x0000,
  0x0000, 0x0000, 0x0000, 0x0000, 0x0000, 0x0000, 0x0000, 0x0000, 0x0000, 0x0000,
  0x0000, 0x0000, 0x0000, 0x0000, 0x0000, 0x0000, 0x0000, 0x0000, 0x0000, 0x0000,
  0x0000, 0x0000, 0x0000, 0x0000, 0x2E49, 0x2E7E, 0x0000, 0x0000, 0x0000, 0x0000,
  0x0000, 0x0000, 0x0000, 0x0000, 0x2EB5, 0x0000, 0x0000, 0x0000, 0x0000, 0x0000,
  0x0000, 0x0000, 0x0000, 0x0000, 0x2EE0, 0x0000, 0x0000, 0x0000, 0x0000, 0x0000,
  0x0000, 0x0000, 0x0000, 0x0000, 0x0000, 0x0000, 0x0000, 0x0000, 0x0000, 0x0000,
  0x0000, 0x0000, 0x0000, 0x2F12, 0x0000, 0x0000, 0x0000, 0x0000, 0x0000, 0x0000,
  0x0000, 0x0000, 0x0000, 0x0000, 0x0000, 0x0000, 0x0000, 0x0000, 0x0000, 0x0000,
  0x0000, 0x0000, 0x0000, 0x2F3C, 0x0000, 0x0000, 0x0000, 0x0000, 0x0000, 0x0000,
  0x0000, 0x0000, 0x0000, 0x0000, 0x0000, 0x0000, 0x2F76, 0x2FB6, 0x2FF6, 0x0000,
  0x3034, 0x0000, 0x0000, 0x0000, 0x0000, 0x0000, 0x0000, 0x3074, 0x30B4, 0x30F4,
  0x3134, 0x3174, 0x31B4, 0x31F4, 0x3234, 0x3274, 0x32B4, 0x32F4, 0x3334, 0x3374,
  0x33B4, 0x33F4, 0x3434, 0x3474, 0x34B4, 0x34E5, 0x0000, 0x34F5, 0x0000, 0x0000,
  0x0000, 0x0000, 0x0000, 0x352C, 0x355B, 0x0000, 0x0000, 0x0000, 0x0000, 0x0000,
  0x0000, 0x0000, 0x358B, 0x0000, 0x0000, 0x0000, 0x35BB, 0x0000, 0x0000, 0x0000,
  0x35EB, 0x0000, 0x0000, 0x0000, 0x0000, 0x3621, 0x0000, 0x365D, 0x0000, 0x0000,
  0x0000, 0x0000, 0x0000, 0x0000, 0x0000, 0x0000, 0x0000, 0x0000, 0x0000, 0x0000,
  0x0000, 0x0000, 0x0000, 0x0000, 0x0000, 0x0000, 0x369D, 0x36DB, 0x371B, 0x0000,
  0x0000, 0x0000, 0x0000, 0x0000, 0x375B, 0x379B, 0x37CB, 0x0000, 0x380B, 0x384B,
  0x0000, 0x0000, 0x0000, 0x0000, 0x0000, 0x0000, 0x0000, 0x0000, 0x0000, 0x0000,
  0x0000, 0x0000, 0x0000, 0x0000, 0x0000, 0x0000, 0x0000, 0x0000, 0x0000, 0x0000,
  0x0000, 0x0000, 0x385D, 0x0000, 0x0000, 0x0000, 0x0000, 0x0000, 0x0000, 0x0000,
  0x0000, 0x0000, 0x0000, 0x0000, 0x0000, 0x0000, 0x0000, 0x0000, 0x0000, 0x389D,
  0x38DD, 0x391D, 0x395D, 0x399D, 0x39DD, 0x3A1D, 0x3A5D, 0x3A9D, 0x0000, 0x0000,
  0x0000, 0x0000, 0x0000, 0x0000, 0x0000, 0x0000, 0x0000, 0x0000, 0x0000, 0x0000,
  0x0000, 0x0000, 0x0000, 0x0000, 0x0000, 0x0000, 0x0000, 0x0000, 0x0000, 0x0000,
  0x0000,
};

const uint32_t trie_data[15069] = {
  0x00000000, 0x00000000, 0x00000000, 0x00000000, 0x00000000, 0x00000000, 0x00000000, 0x00000000, 0x00000000, 0x00000000,
  0x00000000, 0x00000000, 0x00000000, 0x00000000, 0x00000000, 0x00000000, 0x00000000, 0x00000000, 0x00000000, 0x00000000,
  0x00000000, 0x00000000, 0x00000000, 0x00000000, 0x00000000, 0x00000000, 0x00000000, 0x00000000, 0x00000000, 0x00000000,
  0x00000000, 0x00000000, 0x00000000, 0x00000000, 0x00000000, 0x00000000, 0x00000000, 0x00000000, 0x00000000, 0x00000000,
  0x00000000, 0x00000000, 0x00000000, 0x00000000, 0x00000000, 0x00000000, 0x00000000, 0x00000000, 0x00000000, 0x00000000,
  0x00000000, 0x00000000, 0x00000000, 0x00000000, 0x00000000, 0x00000000, 0x00000000, 0x00000000, 0x00000000, 0x00000000,
  0x00000000, 0x00000000, 0x00000000, 0x00000000, 0x00800001, 0x00000000, 0x00000000, 0x00000000, 0x00000000, 0x00000000,
  0x00000000, 0x00000000, 0xE6804002, 0x00000000, 0x00800004, 0x00000000, 0x00000000, 0x00000000, 0x00000000, 0xE6804005,
  0x00000000, 0x00000000, 0x00800007, 0x00800008, 0xE6804009, 0x0080000B, 0x00000000, 0x00000000, 0xCA80400C, 0x0080000E,
  0x0080000F, 0x00000000, 0x00808010, 0x00808013, 0x00808016, 0x00000000, 0xE6804019, 0xE680401B, 0xE680401D, 0xE680401F,
  0xE6804021, 0xE6804023, 0x00000000, 0xCA804025, 0xE6804027, 0xE6804029, 0xE680402B, 0xE680402D, 0xE680402F, 0xE6804031,
  0xE6804033, 0xE6804035, 0x00000000, 0xE6804037, 0xE6804039, 0xE680403B, 0xE680403D, 0xE680403F, 0xE6804041, 0x00000000,
  0x00000000, 0xE6804043, 0xE6804045, 0xE6804047, 0xE6804049, 0xE680404B, 0x00000000, 0x00000000, 0xE680404D, 0xE680404F,
  0xE6804051, 0xE6804053, 0xE6804055, 0xE6804057, 0x00000000, 0xCA804059, 0xE680405B, 0xE680405D, 0xE680405F, 0xE6804061,
  0xE6804063, 0xE6804065, 0xE6804067, 0xE6804069, 0x00000000, 0xE680406B, 0xE680406D, 0xE680406F, 0xE6804071, 0xE6804073,
  0xE6804075, 0x00000000, 0x00000000, 0xE6804077, 0xE6804079, 0xE680407B, 0xE680407D, 0xE680407F, 0x00000000, 0xE6804081,
  0xE6804083, 0xE6804085, 0xE6804087, 0xE6804089, 0xCA80408B, 0xCA80408D, 0xE680408F, 0xE6804091, 0xE6804093, 0xE6804095,
  0xE6804097, 0xE6804099, 0xE680409B, 0xE680409D, 0xE680409F, 0xE68040A1, 0x00000000, 0x00000000, 0xE68040A3, 0xE68040A5,
  0xE68040A7, 0xE68040A9, 0xE68040AB, 0xE68040AD, 0xCA8040AF, 0xCA8040B1, 0xE68040B3, 0xE68040B5, 0xE68040B7, 0xE68040B9,
  0xE68040BB, 0xE68040BD, 0xE68040BF, 0xE68040C1, 0xCA8040C3, 0xCA8040C5, 0xE68040C7, 0xE68040C9, 0x00000000, 0x00000000,
  0xE68040CB, 0xE68040CD, 0xE68040CF, 0xE68040D1, 0xE68040D3, 0xE68040D5, 0xCA8040D7, 0xCA8040D9, 0xE68040DB, 0x00000000,
  0x008040DD, 0x008040DF, 0xE68040E1, 0xE68040E3, 0xCA8040E5, 0xCA8040E7, 0x00000000, 0xE68040E9, 0xE68040EB, 0xCA8040ED,
  0xCA8040EF, 0xE68040F1, 0xE68040F3, 0x008040F5, 0x008040F7, 0x00000000, 0x00000000, 0xE68040F9, 0xE68040FB, 0xCA8040FD,
  0xCA8040FF, 0xE6804101, 0xE6804103, 0x00804105, 0x00000000, 0x00000000, 0xE6804107, 0xE6804109, 0xE680410B, 0xE680410D,
  0xE680410F, 0xE6804111, 0x00000000, 0x00000000, 0xE6804113, 0xE6804115, 0xCA804117, 0xCA804119, 0xE680411B, 0xE680411D,
  0xE680411F, 0xE6804121, 0xE6804123, 0xE6804125, 0xCA804127, 0xCA804129, 0xE680412B, 0xE680412D, 0xCA80412F, 0xCA804131,
  0xE6804133, 0xE6804135, 0x00000000, 0x00000000, 0xE6804137, 0xE6804139, 0xE680413B, 0xE680413D, 0xE680413F, 0xE6804141,
  0xE6804143, 0xE6804145, 0xE6804147, 0xE6804149, 0xCA80414B, 0xCA80414D, 0xE680414F, 0xE6804151, 0xE6804153, 0xE6804155,
  0xE6804157, 0xE6804159, 0xE680415B, 0xE680415D, 0xE680415F, 0xE6804161, 0xE6804163, 0x00800165, 0x00000000, 0x00000000,
  0x00000000, 0x00000000, 0x00000000, 0x00000000, 0x00000000, 0x00000000, 0x00000000, 0x00000000, 0x00000000, 0x00000000,
  0x00000000, 0x00000000, 0x00000000, 0x00000000, 0x00000000, 0x00000000, 0x00000000, 0x00000000, 0x00000000, 0x00000000,
  0x00000000, 0x00000000, 0x00000000, 0x00000000, 0x00000000, 0x00000000, 0x00000000, 0x00000000, 0x00000000, 0x00000000,
  0xD8804166, 0xD8804168, 0x00000000, 0x00000000, 0x00000000, 0x00000000, 0x00000000, 0x00000000, 0x00000000, 0x00000000,
  0x00000000, 0x00000000, 0x00000000, 0x00000000, 0x00000000, 0xD880416A, 0xD880416C, 0x00000000, 0x00000000, 0x00000000,
  0x00000000, 0x00000000, 0x00000000, 0x00000000, 0x00000000, 0x00000000, 0x00000000, 0x00000000, 0x00000000, 0x00000000,
  0x00000000, 0x00000000, 0xE680816E, 0xE6808171, 0xE6808174, 0x00804177, 0x00804179, 0x0080417B, 0x0080417D, 0x0080417F,
  0x00804181, 0xE6804183, 0xE6804185, 0xE6804187, 0xE6804189, 0xE680418B, 0xE680418D, 0xE680418F, 0xE6804191, 0xE6808193,
  0xE6808196, 0xE6808199, 0xE680819C, 0xE680819F, 0xE68081A2, 0xE68081A5, 0xE68081A8, 0x00000000, 0xE68081AB, 0xE68081AE,
  0xE68081B1, 0xE68081B4, 0xE68041B7, 0xE68041B9, 0x00000000, 0x00000000, 0xE68041BB, 0xE68041BD, 0xE68041BF, 0xE68041C1,
  0xCA8041C3, 0xCA8041C5, 0xE68081C7, 0xE68081CA, 0xE68041CD, 0xE68041CF, 0xE68041D1, 0x008041D3, 0x008041D5, 0x008041D7,
  0xE68041D9, 0xE68041DB, 0x00000000, 0x00000000, 0xE68041DD, 0xE68041DF, 0xE68081E1, 0xE68081E4, 0xE68041E7, 0xE68041E9,
  0xE68041EB, 0xE68041ED, 0xE68041EF, 0xE68041F1, 0xE68041F3, 0xE68041F5, 0xE68041F7, 0xE68041F9, 0xE68041FB, 0xE68041FD,
  0xE68041FF, 0xE6804201, 0xE6804203, 0xE6804205, 0xE6804207, 0xE6804209, 0xE680420B, 0xE680420D, 0xE680420F, 0xE6804211,
  0xE6804213, 0xE6804215, 0xE6804217, 0xE6804219, 0xE680421B, 0xE680421D, 0xDC80421F, 0xDC804221, 0xDC804223, 0xDC804225,
  0x00000000, 0x00000000, 0xE6804227, 0xE6804229, 0x00000000, 0x00000000, 0x00000000, 0x00000000, 0x00000000, 0x00000000,
  0xE680422B, 0xE680422D, 0xCA80422F, 0xCA804231, 0xE6808233, 0xE6808236, 0xE6808239, 0xE680823C, 0xE680423F, 0xE6804241,
  0xE6808243, 0xE6808246, 0xE6804249, 0xE680424B, 0x00000000, 0x00000000, 0x00000000, 0x00000000, 0x00000000, 0x00000000,
  0x00000000, 0x00000000, 0x00000000, 0x00000000, 0x00000000, 0x00000000, 0x00000000, 0x00000000, 0x00000000, 0x00000000,
  0x00000000, 0x00000000, 0x00000000, 0x00000000, 0x00000000, 0x00000000, 0x00000000, 0x00000000, 0x00000000, 0x00000000,
  0x00000000, 0x00000000, 0x00000000, 0x00000000, 0x00000000, 0x00000000, 0x00000000, 0x00000000, 0x00000000, 0x00000000,
  0x00000000, 0x00000000, 0x00000000, 0x00000000, 0x00000000, 0x00000000, 0x00000000, 0x00000000, 0x00000000, 0x00000000,
  0x00000000, 0x00000000, 0x0080024D, 0x0080024E, 0x0080024F, 0x00800250, 0x00800251, 0x00800252, 0x00800253, 0x00800254,
  0x00800255, 0x00000000, 0x00000000, 0x00000000, 0x00000000, 0x00000000, 0x00000000, 0x00000000, 0x00000000, 0x00000000,
  0x00000000, 0x00000000, 0x00000000, 0x00000000, 0x00000000, 0x00000000, 0x00000000, 0x00000000, 0x00000000, 0x00000000,
  0x00000000, 0x00000000, 0x00000000, 0x00000000, 0x00000000, 0xE6804256, 0xE6804258, 0xE680425A, 0xCA80425C, 0xE680425E,
  0xE6804260, 0x00000000, 0x00000000, 0x00800262, 0x00800263, 0x00800264, 0x00800265, 0x00800266, 0x00000000, 0x00000000,
  0x00000000, 0x00000000, 0x00000000, 0x00000000, 0x00000000, 0x00000000, 0x00000000, 0x00000000, 0x00000000, 0x00000000,
  0x00000000, 0x00000000, 0x00000000, 0x00000000, 0x00000000, 0x00000000, 0x00000000, 0x00000000, 0x00000000, 0x00000000,
  0x00000000, 0x00000000, 0x00000000, 0x00000000, 0x00000000, 0xE6000267, 0xE6000268, 0xE6000269, 0xE600026A, 0xE600026B,
  0xE600026C, 0xE600026D, 0xE600026E, 0xE600026F, 0xE6000270, 0xE6000271, 0xE6000272, 0xE6000273, 0xE6000274, 0xE6000275,
  0xE6000276, 0xE6000277, 0xE6000278, 0xE6000279, 0xE600027A, 0xE600027B, 0xE800027C, 0xDC00027D, 0xDC00027E, 0xDC00027F,
  0xDC000280, 0xE8000281, 0xD8000282, 0xDC000283, 0xDC000284, 0xDC000285, 0xDC000286, 0xDC000287, 0xCA000288, 0xCA000289,
  0xDC00028A, 0xDC00028B, 0xDC00028C, 0xDC00028D, 0xCA00028E, 0xCA00028F, 0xDC000290, 0xDC000291, 0xDC000292, 0xDC000293,
  0xDC000294, 0xDC000295, 0xDC000296, 0xDC000297, 0xDC000298, 0xDC000299, 0xDC00029A, 0x0100029B, 0x0100029C, 0x0100029D,
  0x0100029E, 0x0100029F, 0xDC0002A0, 0xDC0002A1, 0xDC0002A2, 0xDC0002A3, 0xE60002A4, 0xE60002A5, 0xE60002A6, 0xE68002A7,
  0xE68002A8, 0xE60002A9, 0xE68002AA, 0xE68042AB, 0xF00002AD, 0xE60002AE, 0xDC0002AF, 0xDC0002B0, 0xDC0002B1, 0xE60002B2,
  0xE60002B3, 0xE60002B4, 0xDC0002B5, 0xDC0002B6, 0x00000000, 0xE60002B7, 0xE60002B8, 0xE60002B9, 0xDC0002BA, 0xDC0002BB,
  0xDC0002BC, 0xDC0002BD, 0xE60002BE, 0xE80002BF, 0xDC0002C0, 0xDC0002C1, 0xE60002C2, 0xE90002C3, 0xEA0002C4, 0xEA0002C5,
  0xE90002C6, 0xEA0002C7, 0xEA0002C8, 0xE90002C9, 0xE60002CA, 0xE60002CB, 0xE60002CC, 0xE60002CD, 0xE60002CE, 0xE60002CF,
  0xE60002D0, 0xE60002D1, 0xE60002D2, 0xE60002D3, 0xE60002D4, 0xE60002D5, 0xE60002D6, 0x00000000, 0x00000000, 0x00000000,
  0x00000000, 0x008002D7, 0x00000000, 0x00000000, 0x00000000, 0x00000000, 0x00000000, 0xF08042D8, 0x00000000, 0x00000000,
  0x00000000, 0x008002DA, 0x00000000, 0x00000000, 0x00000000, 0x00000000, 0xE68042DB, 0xE68082DD, 0xE68042E2, 0x008002E4,
  0xE68042E5, 0xE68042E7, 0xE68042E9, 0x00000000, 0xE68042EB, 0x00000000, 0xE68042ED, 0xE68042EF, 0xE68082F1, 0x00000000,
  0x00000000, 0x00000000, 0x00000000, 0x00000000, 0x00000000, 0x00000000, 0x00000000, 0x00000000, 0x00000000, 0x00000000,
  0x00000000, 0x00000000, 0x00000000, 0x00000000, 0x00000000, 0x00000000, 0x00000000, 0x00000000, 0x00000000, 0x00000000,
  0x00000000, 0x00000000, 0x00000000, 0x00000000, 0xE68042F4, 0xE68042F6, 0xE68042F8, 0xE68042FA, 0xE68042FC, 0xE68042FE,
  0xE6808300, 0x00000000, 0x00000000, 0x00000000, 0x00000000, 0x00000000, 0x00000000, 0x00000000, 0x00000000, 0x00000000,
  0x00000000, 0x00000000, 0x00000000, 0x00000000, 0x00000000, 0x00000000, 0xE6804303, 0xE6804305, 0xE6804307, 0xE6804309,
  0xE680430B, 0x00000000, 0x0080030D, 0x0080030E, 0x0080030F, 0xE6804310, 0xE6804314, 0x00800318, 0x00800319, 0x00000000,
  0x00000000, 0x00000000, 0x00000000, 0x00000000, 0x00000000, 0x00000000, 0x00000000, 0x00000000, 0x00000000, 0x00000000,
  0x00000000, 0x00000000, 0x00000000, 0x00000000, 0x00000000, 0x00000000, 0x00000000, 0x00000000, 0x00000000, 0x00000000,
  0x00000000, 0x00000000, 0x00000000, 0x00000000, 0x0080031A, 0x0080031B, 0x0080031C, 0x00000000, 0x0080031D, 0x0080031E,
  0x00000000, 0x00000000, 0x00000000, 0x0080031F, 0x00000000, 0x00000000, 0x00000000, 0x00000000, 0x00000000, 0x00000000,
  0xE6804320, 0xE6804322, 0x00000000, 0xE6804324, 0x00000000, 0x00000000, 0x00000000, 0xE6804326, 0x00000000, 0x00000000,
  0x00000000, 0x00000000, 0xE6804328, 0xE680432A, 0xE680432C, 0x00000000, 0x00000000, 0x00000000, 0x00000000, 0x00000000,
  0x00000000, 0x00000000, 0x00000000, 0x00000000, 0x00000000, 0xE680432E, 0x00000000, 0x00000000, 0x00000000, 0x00000000,
  0x00000000, 0x00000000, 0x00000000, 0x00000000, 0x00000000, 0x00000000, 0x00000000, 0x00000000, 0x00000000, 0x00000000,
  0x00000000, 0x00000000, 0x00000000, 0x00000000, 0x00000000, 0x00000000, 0x00000000, 0x00000000, 0x00000000, 0x00000000,
  0x00000000, 0x00000000, 0x00000000, 0x00000000, 0x00000000, 0x00000000, 0x00000000, 0xE6804330, 0x00000000, 0x00000000,
  0x00000000, 0x00000000, 0x00000000, 0x00000000, 0x00000000, 0x00000000, 0x00000000, 0x00000000, 0x00000000, 0x00000000,
  0x00000000, 0x00000000, 0x00000000, 0x00000000, 0xE6804332, 0xE6804334, 0x00000000, 0xE6804336, 0x00000000, 0x00000000,
  0x00000000, 0xE6804338, 0x00000000, 0x00000000, 0x00000000, 0x00000000, 0xE680433A, 0xE680433C, 0xE680433E, 0x00000000,
  0x00000000, 0x00000000, 0x00000000, 0x00000000, 0x00000000, 0x00000000, 0x00000000, 0x00000000, 0x00000000, 0x00000000,
  0x00000000, 0x00000000, 0x00000000, 0x00000000, 0x00000000, 0x00000000, 0x00000000, 0x00000000, 0x00000000, 0x00000000,
  0x00000000, 0x00000000, 0xE6804340, 0xE6804342, 0x00000000, 0x00000000, 0x00000000, 0x00000000, 0x00000000, 0x00000000,
  0x00000000, 0x00000000, 0xE6000344, 0xE6000345, 0xE6000346, 0xE6000347, 0xE6000348, 0x00000000, 0x00000000, 0x00000000,
  0x00000000, 0x00000000, 0x00000000, 0x00000000, 0x00000000, 0x00000000, 0x00000000, 0x00000000, 0x00000000, 0x00000000,
  0x00000000, 0x00000000, 0x00000000, 0x00000000, 0x00000000, 0x00000000, 0x00000000, 0x00000000, 0x00000000, 0x00000000,
  0x00000000, 0x00000000, 0x00000000, 0x00000000, 0x00000000, 0x00000000, 0x00000000, 0x00000000, 0x00000000, 0x00000000,
  0x00000000, 0x00000000, 0x00000000, 0x00000000, 0x00000000, 0x00000000, 0x00000000, 0x00000000, 0x00000000, 0x00000000,
  0x00000000, 0x00000000, 0x00000000, 0x00000000, 0x00000000, 0x00000000, 0x00000000, 0x00000000, 0x00000000, 0x00000000,
  0x00000000, 0x00000000, 0x00000000, 0xE6804349, 0xE680434B, 0x00000000, 0x00000000, 0x00000000, 0x00000000, 0x00000000,
  0x00000000, 0x00000000, 0x00000000, 0x00000000, 0x00000000, 0x00000000, 0x00000000, 0x00000000, 0xE680434D, 0xE680434F,
  0xE6804351, 0xE6804353, 0x00000000, 0x00000000, 0xE6804355, 0xE6804357, 0x00000000, 0x00000000, 0xE6804359, 0xE680435B,
  0xE680435D, 0xE680435F, 0xE6804361, 0xE6804363, 0x00000000, 0x00000000, 0xE6804365, 0xE6804367, 0xE6804369, 0xE680436B,
  0xE680436D, 0xE680436F, 0x00000000, 0x00000000, 0xE6804371, 0xE6804373, 0xE6804375, 0xE6804377, 0xE6804379, 0xE680437B,
  0xE680437D, 0xE680437F, 0xE6804381, 0xE6804383, 0xE6804385, 0xE6804387, 0x00000000, 0x00000000, 0xE6804389, 0xE680438B,
  0x00000000, 0x00000000, 0x00000000, 0x00000000, 0x00000000, 0x00000000, 0x00000000, 0x0080438D, 0x00000000, 0x00000000,
  0x00000000, 0x00000000, 0x00000000, 0x00000000, 0x00000000, 0x00000000, 0x00000000, 0xDC00038F, 0xE6000390, 0xE6000391,
  0xE6000392, 0xE6000393, 0xDC000394, 0xE6000395, 0xE6000396, 0xE6000397, 0xDE000398, 0xDC000399, 0xE600039A, 0xE600039B,
  0xE600039C, 0xE600039D, 0xE600039E, 0xE600039F, 0xDC0003A0, 0xDC0003A1, 0xDC0003A2, 0xDC0003A3, 0xDC0003A4, 0xDC0003A5,
  0xE60003A6, 0xE60003A7, 0xDC0003A8, 0xE60003A9, 0xE60003AA, 0xDE0003AB, 0xE40003AC, 0xE60003AD, 0x0A0003AE, 0x0B0003AF,
  0x0C0003B0, 0x0D0003B1, 0x0E0003B2, 0x0F0003B3, 0x100003B4, 0x110003B5, 0x120003B6, 0x130003B7, 0x130003B8, 0x140003B9,
  0x150003BA, 0x160003BB, 0x00000000, 0x170003BC, 0x00000000, 0x180003BD, 0x190003BE, 0x00000000, 0xE60003BF, 0xDC0003C0,
  0x00000000, 0x120003C1, 0x00000000, 0x00000000, 0x00000000, 0x00000000, 0x00000000, 0x00000000, 0x00000000, 0x00000000,
  0x00000000, 0x00000000, 0x00000000, 0x00000000, 0x00000000, 0x00000000, 0x00000000, 0x00000000, 0x00000000, 0x00000000,
  0x00000000, 0x00000000, 0x00000000, 0x00000000, 0x00000000, 0x00000000, 0x00000000, 0x00000000, 0x00000000, 0x00000000,
  0x00000000, 0x00000000, 0x00000000, 0x00000000, 0x00000000, 0x00000000, 0x00000000, 0x00000000, 0x00000000, 0x00000000,
  0x00000000, 0x00000000, 0x00000000, 0x00000000, 0x00000000, 0x00000000, 0x00000000, 0x00000000, 0x00000000, 0x00000000,
  0x00000000, 0x00000000, 0x00000000, 0x00000000, 0x00000000, 0x00000000, 0x00000000, 0x00000000, 0xE60003C2, 0xE60003C3,
  0xE60003C4, 0xE60003C5, 0xE60003C6, 0xE60003C7, 0xE60003C8, 0xE60003C9, 0x1E0003CA, 0x1F0003CB, 0x200003CC, 0x00000000,
  0x00000000, 0x00000000, 0x00000000, 0x00000000, 0x00000000, 0x00000000, 0xE68043CD, 0xE68043CF, 0xE68043D1, 0xDC8043D3,
  0xE68043D5, 0x00000000, 0x00000000, 0x00000000, 0x00000000, 0x00000000, 0x00000000, 0x00000000, 0x00000000, 0x00000000,
  0x00000000, 0x00000000, 0x00000000, 0x00000000, 0x00000000, 0x00000000, 0x00000000, 0x00000000, 0x00000000, 0x00000000,
  0x00000000, 0x00000000, 0x00000000, 0x00000000, 0x00000000, 0x00000000, 0x1B0003D7, 0x1C0003D8, 0x1D0003D9, 0x1E0003DA,
  0x1F0003DB, 0x200003DC, 0x210003DD, 0x220003DE, 0xE60003DF, 0xE60003E0, 0xDC0003E1, 0xDC0003E2, 0xE60003E3, 0xE60003E4,
  0xE60003E5, 0xE60003E6, 0xE60003E7, 0xDC0003E8, 0xE60003E9, 0xE60003EA, 0xDC0003EB, 0x00000000, 0x00000000, 0x00000000,
  0x00000000, 0x00000000, 0x00000000, 0x00000000, 0x00000000, 0x00000000, 0x00000000, 0x00000000, 0x00000000, 0x00000000,
  0x00000000, 0x00000000, 0x00000000, 0x230003EC, 0x00000000, 0x00000000, 0x00000000, 0x00000000, 0x008043ED, 0x008043EF,
  0x008043F1, 0x008043F3, 0x00000000, 0x00000000, 0x00000000, 0x00000000, 0x00000000, 0x00000000, 0x00000000, 0xE68043F5,
  0x00000000, 0xE68043F7, 0x00000000, 0x00000000, 0x00000000, 0x00000000, 0x00000000, 0x00000000, 0x00000000, 0x00000000,
  0x00000000, 0x00000000, 0x00000000, 0x00000000, 0x00000000, 0x00000000, 0x00000000, 0x00000000, 0xE68043F9, 0x00000000,
  0x00000000, 0xE60003FB, 0xE60003FC, 0xE60003FD, 0xE60003FE, 0xE60003FF, 0xE6000400, 0xE6000401, 0x00000000, 0x00000000,
  0xE6000402, 0xE6000403, 0xE6000404, 0xE6000405, 0xDC000406, 0xE6000407, 0x00000000, 0x00000000, 0xE6000408, 0xE6000409,
  0x00000000, 0xDC00040A, 0xE600040B, 0xE600040C, 0xDC00040D, 0x00000000, 0x00000000, 0x00000000, 0x00000000, 0x00000000,
  0x00000000, 0x00000000, 0x00000000, 0x00000000, 0x00000000, 0x00000000, 0x00000000, 0x00000000, 0x00000000, 0x00000000,
  0x00000000, 0x00000000, 0x00000000, 0x2400040E, 0x00000000, 0x00000000, 0x00000000, 0x00000000, 0x00000000, 0x00000000,
  0x00000000, 0x00000000, 0x00000000, 0x00000000, 0x00000000, 0x00000000, 0x00000000, 0x00000000, 0x00000000, 0x00000000,
  0x00000000, 0x00000000, 0x00000000, 0x00000000, 0x00000000, 0x00000000, 0x00000000, 0x00000000, 0x00000000, 0x00000000,
  0x00000000, 0x00000000, 0x00000000, 0x00000000, 0xE600040F, 0xDC000410, 0xE6000411, 0xE6000412, 0xDC000413, 0xE6000414,
  0xE6000415, 0xDC000416, 0xDC000417, 0xDC000418, 0xE6000419, 0xDC00041A, 0xDC00041B, 0xE600041C, 0xDC00041D, 0xE600041E,
  0xE600041F, 0xE6000420, 0xDC000421, 0xE6000422, 0xDC000423, 0xE6000424, 0xDC000425, 0xE6000426, 0xDC000427, 0xE6000428,
  0xE6000429, 0x00000000, 0x00000000, 0x00000000, 0x00000000, 0x00000000, 0x00000000, 0x00000000, 0x00000000, 0x00000000,
  0x00000000, 0x00000000, 0x00000000, 0x00000000, 0x00000000, 0x00000000, 0x00000000, 0x00000000, 0x00000000, 0x00000000,
  0x00000000, 0x00000000, 0x00000000, 0x00000000, 0x00000000, 0x00000000, 0x00000000, 0x00000000, 0x00000000, 0x00000000,
  0x00000000, 0x00000000, 0x00000000, 0x00000000, 0x00000000, 0x00000000, 0x00000000, 0x00000000, 0x00000000, 0x00000000,
  0x00000000, 0x00000000, 0x00000000, 0x00000000, 0x00000000, 0x00000000, 0x00000000, 0x00000000, 0x00000000, 0x00000000,
  0x00000000, 0x00000000, 0x00000000, 0x00000000, 0xE600042A, 0xE600042B, 0xE600042C, 0xE600042D, 0xE600042E, 0xE600042F,
  0xE6000430, 0xDC000431, 0xE6000432, 0x00000000, 0x00000000, 0x00000000, 0x00000000, 0x00000000, 0x00000000, 0x00000000,
  0x00000000, 0x00000000, 0xDC000433, 0x00000000, 0x00000000, 0x00000000, 0x00000000, 0x00000000, 0x00000000, 0x00000000,
  0x00000000, 0x00000000, 0x00000000, 0x00000000, 0x00000000, 0x00000000, 0x00000000, 0x00000000, 0x00000000, 0x00000000,
  0x00000000, 0x00000000, 0x00000000, 0x00000000, 0x00000000, 0xE6000434, 0xE6000435, 0xE6000436, 0xE6000437, 0x00000000,
  0xE6000438, 0xE6000439, 0xE600043A, 0xE600043B, 0xE600043C, 0xE600043D, 0xE600043E, 0xE600043F, 0xE6000440, 0x00000000,
  0xE6000441, 0xE6000442, 0xE6000443, 0x00000000, 0xE6000444, 0xE6000445, 0xE6000446, 0xE6000447, 0xE6000448, 0x00000000,
  0x00000000, 0x00000000, 0x00000000, 0x00000000, 0x00000000, 0x00000000, 0x00000000, 0x00000000, 0x00000000, 0x00000000,
  0x00000000, 0x00000000, 0x00000000, 0x00000000, 0x00000000, 0x00000000, 0x00000000, 0x00000000, 0x00000000, 0x00000000,
  0x00000000, 0x00000000, 0x00000000, 0x00000000, 0xDC000449, 0xDC00044A, 0xDC00044B, 0x00000000, 0x00000000, 0x00000000,
  0x00000000, 0x00000000, 0x00000000, 0x00000000, 0x00000000, 0x00000000, 0x00000000, 0x00000000, 0x00000000, 0x00000000,
  0x00000000, 0x00000000, 0x00000000, 0x00000000, 0x00000000, 0x00000000, 0x00000000, 0x00000000, 0x00000000, 0x00000000,
  0x00000000, 0x00000000, 0x00000000, 0x00000000, 0x00000000, 0x00000000, 0x00000000, 0x00000000, 0x00000000, 0x00000000,
  0x00000000, 0x00000000, 0x00000000, 0xE600044C, 0xE600044D, 0xDC00044E, 0xDC00044F, 0xDC000450, 0xE6000451, 0xE6000452,
  0xE6000453, 0xE6000454, 0x00000000, 0x00000000, 0x00000000, 0x00000000, 0x00000000, 0x00000000, 0x00000000, 0x00000000,
  0x00000000, 0x00000000, 0x00000000, 0x00000000, 0x00000000, 0x00000000, 0x00000000, 0x00000000, 0x00000000, 0x00000000,
  0x00000000, 0x00000000, 0x00000000, 0x00000000, 0x00000000, 0x00000000, 0x00000000, 0x00000000, 0x00000000, 0x00000000,
  0x00000000, 0x00000000, 0x00000000, 0x00000000, 0xE6000455, 0xE6000456, 0xE6000457, 0xE6000458, 0xE6000459, 0xDC00045A,
  0xDC00045B, 0xDC00045C, 0xDC00045D, 0xDC00045E, 0xE600045F, 0xE6000460, 0xE6000461, 0xE6000462, 0xE6000463, 0xE6000464,
  0xE6000465, 0xE6000466, 0xE6000467, 0xE6000468, 0xE6000469, 0xE600046A, 0xE600046B, 0xE600046C, 0x00000000, 0xDC00046D,
  0xE600046E, 0xE600046F, 0xDC000470, 0xE6000471, 0xE6000472, 0xDC000473, 0xE6000474, 0xE6000475, 0xE6000476, 0xDC000477,
  0xDC000478, 0xDC000479, 0x1B00047A, 0x1C00047B, 0x1D00047C, 0xE600047D, 0xE600047E, 0xE600047F, 0xDC000480, 0xE6000481,
  0xE6000482, 0xDC000483, 0xDC000484, 0xE6000485, 0xE6000486, 0xE6000487, 0xE6000488, 0xE6000489, 0x00000000, 0x00000000,
  0x00000000, 0x00000000, 0x00000000, 0x00000000, 0x00000000, 0x00000000, 0x00000000, 0x00000000, 0x00000000, 0x00000000,
  0x00000000, 0x00000000, 0x00000000, 0x00000000, 0x00000000, 0x00000000, 0x00000000, 0x00000000, 0x00000000, 0x00000000,
  0x00000000, 0x00000000, 0x00000000, 0x00000000, 0x00000000, 0x00000000, 0x00000000, 0x00000000, 0x00000000, 0x00000000,
  0x00000000, 0x00000000, 0x00000000, 0x00000000, 0x00000000, 0x00000000, 0x00000000, 0x00000000, 0x00000000, 0x0780448A,
  0x00000000, 0x00000000, 0x00000000, 0x00000000, 0x00000000, 0x00000000, 0x00000000, 0x0780448C, 0x00000000, 0x00000000,
  0x0780448E, 0x00000000, 0x00000000, 0x00000000, 0x00000000, 0x00000000, 0x00000000, 0x00000000, 0x07000490, 0x00000000,
  0x00000000, 0x00000000, 0x00000000, 0x00000000, 0x00000000, 0x00000000, 0x00000000, 0x00000000, 0x00000000, 0x00000000,
  0x00000000, 0x00000000, 0x09000491, 0x00000000, 0x00000000, 0x00000000, 0xE6000492, 0xDC000493, 0xE6000494, 0xE6000495,
  0x00000000, 0x00000000, 0x00000000, 0x07804496, 0x07804498, 0x0780449A, 0x0780449C, 0x0780449E, 0x078044A0, 0x078044A2,
  0x078044A4, 0x00000000, 0x00000000, 0x00000000, 0x00000000, 0x00000000, 0x00000000, 0x00000000, 0x00000000, 0x00000000,
  0x00000000, 0x00000000, 0x00000000, 0x00000000, 0x00000000, 0x00000000, 0x00000000, 0x00000000, 0x00000000, 0x00000000,
  0x00000000, 0x00000000, 0x00000000, 0x00000000, 0x00000000, 0x00000000, 0x00000000, 0x00000000, 0x00000000, 0x00000000,
  0x00000000, 0x00000000, 0x00000000, 0x00000000, 0x00000000, 0x00000000, 0x00000000, 0x00000000, 0x00000000, 0x00000000,
  0x00000000, 0x00000000, 0x00000000, 0x00000000, 0x00000000, 0x00000000, 0x00000000, 0x00000000, 0x00000000, 0x00000000,
  0x00000000, 0x00000000, 0x00000000, 0x00000000, 0x00000000, 0x00000000, 0x00000000, 0x00000000, 0x00000000, 0x00000000,
  0x00000000, 0x070004A6, 0x00000000, 0x00000000, 0x00000000, 0x00000000, 0x00000000, 0x00000000, 0x00000000, 0x00000000,
  0x00000000, 0x00000000, 0x00000000, 0x008044A7, 0x008044A9, 0x090004AB, 0x00000000, 0x00000000, 0x00000000, 0x00000000,
  0x00000000, 0x00000000, 0x00000000, 0x00000000, 0x00000000, 0x00000000, 0x00000000, 0x00000000, 0x00000000, 0x00000000,
  0x078044AC, 0x078044AE, 0x00000000, 0x078044B0, 0x00000000, 0x00000000, 0x00000000, 0x00000000, 0x00000000, 0x00000000,
  0x00000000, 0x00000000, 0x00000000, 0x00000000, 0x00000000, 0x00000000, 0x00000000, 0x00000000, 0x00000000, 0x00000000,
  0x00000000, 0x00000000, 0x00000000, 0x00000000, 0x00000000, 0x00000000, 0x00000000, 0x00000000, 0x00000000, 0x00000000,
  0x00000000, 0x00000000, 0x00000000, 0x00000000, 0xE60004B2, 0x00000000, 0x00000000, 0x00000000, 0x00000000, 0x00000000,
  0x00000000, 0x00000000, 0x00000000, 0x00000000, 0x00000000, 0x00000000, 0x00000000, 0x00000000, 0x00000000, 0x00000000,
  0x00000000, 0x00000000, 0x00000000, 0x00000000, 0x00000000, 0x00000000, 0x00000000, 0x00000000, 0x00000000, 0x00000000,
  0x00000000, 0x00000000, 0x00000000, 0x00000000, 0x00000000, 0x00000000, 0x00000000, 0x00000000, 0x00000000, 0x00000000,
  0x00000000, 0x00000000, 0x00000000, 0x00000000, 0x00000000, 0x00000000, 0x00000000, 0x00000000, 0x00000000, 0x00000000,
  0x00000000, 0x00000000, 0x00000000, 0x00000000, 0x00000000, 0x00000000, 0x078044B3, 0x00000000, 0x00000000, 0x078044B5,
  0x00000000, 0x00000000, 0x00000000, 0x00000000, 0x00000000, 0x070004B7, 0x00000000, 0x00000000, 0x00000000, 0x00000000,
  0x00000000, 0x00000000, 0x00000000, 0x00000000, 0x00000000, 0x00000000, 0x00000000, 0x00000000, 0x00000000, 0x090004B8,
  0x00000000, 0x00000000, 0x00000000, 0x00000000, 0x00000000, 0x00000000, 0x00000000, 0x00000000, 0x00000000, 0x00000000,
  0x00000000, 0x078044B9, 0x078044BB, 0x078044BD, 0x00000000, 0x00000000, 0x078044BF, 0x00000000, 0x00000000, 0x00000000,
  0x00000000, 0x00000000, 0x00000000, 0x00000000, 0x00000000, 0x00000000, 0x00000000, 0x00000000, 0x00000000, 0x00000000,
  0x00000000, 0x00000000, 0x00000000, 0x00000000, 0x00000000, 0x00000000, 0x00000000, 0x00000000, 0x00000000, 0x00000000,
  0x00000000, 0x00000000, 0x00000000, 0x00000000, 0x00000000, 0x00000000, 0x00000000, 0x00000000, 0x00000000, 0x00000000,
  0x00000000, 0x00000000, 0x00000000, 0x00000000, 0x00000000, 0x00000000, 0x00000000, 0x00000000, 0x00000000, 0x00000000,
  0x00000000, 0x00000000, 0x00000000, 0x00000000, 0x00000000, 0x00000000, 0x00000000, 0x00000000, 0x00000000, 0x00000000,
  0x00000000, 0x00000000, 0x00000000, 0x00000000, 0x00000000, 0x00000000, 0x00000000, 0x070004C1, 0x00000000, 0x00000000,
  0x00000000, 0x00000000, 0x00000000, 0x00000000, 0x00000000, 0x00000000, 0x00000000, 0x00000000, 0x00000000, 0x00000000,
  0x00000000, 0x090004C2, 0x00000000, 0x00000000, 0x00000000, 0x00000000, 0x00000000, 0x00000000, 0x00000000, 0x00000000,
  0x00000000, 0x00000000, 0x00000000, 0x00000000, 0x00000000, 0x00000000, 0x00000000, 0x00000000, 0x00000000, 0x00000000,
  0x00000000, 0x00000000, 0x00000000, 0x00000000, 0x00000000, 0x00000000, 0x00000000, 0x00000000, 0x00000000, 0x00000000,
  0x00000000, 0x00000000, 0x00000000, 0x00000000, 0x00000000, 0x00000000, 0x00000000, 0x00000000, 0x00000000, 0x00000000,
  0x00000000, 0x00000000, 0x00000000, 0x00000000, 0x00000000, 0x00000000, 0x00000000, 0x00000000, 0x00000000, 0x00000000,
  0x00000000, 0x00000000, 0x00000000, 0x00000000, 0x00000000, 0x00000000, 0x00000000, 0x00000000, 0x00000000, 0x00000000,
  0x00000000, 0x00000000, 0x070004C3, 0x00000000, 0x00000000, 0x00000000, 0x00000000, 0x00000000, 0x00000000, 0x00000000,
  0x00000000, 0x008044C4, 0x00000000, 0x00000000, 0x008044C6, 0x008044C8, 0x090004CA, 0x00000000, 0x00000000, 0x00000000,
  0x00000000, 0x00000000, 0x00000000, 0x00000000, 0x00000000, 0x00000000, 0x00000000, 0x00000000, 0x00000000, 0x00000000,
  0x00000000, 0x078044CB, 0x078044CD, 0x00000000, 0x00000000, 0x00000000, 0x00000000, 0x00000000, 0x00000000, 0x00000000,
  0x00000000, 0x00000000, 0x00000000, 0x00000000, 0x00000000, 0x00000000, 0x00000000, 0x00000000, 0x00000000, 0x00000000,
  0x00000000, 0x00000000, 0x00000000, 0x00000000, 0x00000000, 0x00000000, 0x00000000, 0x00000000, 0x00000000, 0x00000000,
  0x00000000, 0x00000000, 0x00000000, 0x00000000, 0x00000000, 0x00000000, 0x00000000, 0x008044CF, 0x00000000, 0x00000000,
  0x00000000, 0x00000000, 0x00000000, 0x00000000, 0x00000000, 0x00000000, 0x00000000, 0x00000000, 0x00000000, 0x00000000,
  0x00000000, 0x00000000, 0x00000000, 0x00000000, 0x00000000, 0x00000000, 0x00000000, 0x00000000, 0x00000000, 0x00000000,
  0x00000000, 0x00000000, 0x00000000, 0x00000000, 0x00000000, 0x00000000, 0x00000000, 0x00000000, 0x00000000, 0x00000000,
  0x00000000, 0x00000000, 0x00000000, 0x00000000, 0x00000000, 0x00000000, 0x00000000, 0x00000000, 0x00000000, 0x00000000,
  0x00000000, 0x008044D1, 0x008044D3, 0x008044D5, 0x090004D7, 0x00000000, 0x00000000, 0x00000000, 0x00000000, 0x00000000,
  0x00000000, 0x00000000, 0x00000000, 0x00000000, 0x00000000, 0x00000000, 0x00000000, 0x00000000, 0x00000000, 0x00000000,
  0x00000000, 0x00000000, 0x00000000, 0x00000000, 0x00000000, 0x00000000, 0x00000000, 0x00000000, 0x00000000, 0x00000000,
  0x00000000, 0x00000000, 0x00000000, 0x00000000, 0x00000000, 0x00000000, 0x00000000, 0x00000000, 0x00000000, 0x00000000,
  0x00000000, 0x00000000, 0x00000000, 0x00000000, 0x00000000, 0x00000000, 0x00000000, 0x00000000, 0x00000000, 0x00000000,
  0x00000000, 0x00000000, 0x00000000, 0x00000000, 0x00000000, 0x00000000, 0x00000000, 0x00000000, 0x00000000, 0x00000000,
  0x00000000, 0x00000000, 0x00000000, 0x00000000, 0x00000000, 0x070004D8, 0x00000000, 0x00000000, 0x00000000, 0x00000000,
  0x00000000, 0x00000000, 0x00000000, 0x00000000, 0x5B8044D9, 0x00000000, 0x00000000, 0x00000000, 0x00000000, 0x090004DB,
  0x00000000, 0x00000000, 0x00000000, 0x00000000, 0x00000000, 0x00000000, 0x00000000, 0x540004DC, 0x5B0004DD, 0x00000000,
  0x00000000, 0x00000000, 0x00000000, 0x00000000, 0x00000000, 0x00000000, 0x00000000, 0x00000000, 0x00000000, 0x00000000,
  0x00000000, 0x00000000, 0x00000000, 0x00000000, 0x00000000, 0x00000000, 0x00000000, 0x00000000, 0x00000000, 0x00000000,
  0x00000000, 0x00000000, 0x00000000, 0x00000000, 0x00000000, 0x00000000, 0x00000000, 0x00000000, 0x00000000, 0x00000000,
  0x00000000, 0x00000000, 0x00000000, 0x00000000, 0x00000000, 0x00000000, 0x00000000, 0x00000000, 0x00000000, 0x00000000,
  0x00000000, 0x00000000, 0x00000000, 0x00000000, 0x00000000, 0x00000000, 0x00000000, 0x00000000, 0x00000000, 0x00000000,
  0x00000000, 0x00000000, 0x00000000, 0x00000000, 0x00000000, 0x00000000, 0x00000000, 0x00000000, 0x00000000, 0x070004DE,
  0x00000000, 0x00000000, 0x00000000, 0x008044DF, 0x00000000, 0x00000000, 0x00000000, 0x00000000, 0x00000000, 0x00000000,
  0x008044E1, 0x008044E3, 0x00000000, 0x008044E5, 0x008084E7, 0x00000000, 0x090004EA, 0x00000000, 0x00000000, 0x00000000,
  0x00000000, 0x00000000, 0x00000000, 0x00000000, 0x00000000, 0x00000000, 0x00000000, 0x00000000, 0x00000000, 0x00000000,
  0x00000000, 0x00000000, 0x00000000, 0x00000000, 0x00000000, 0x00000000, 0x00000000, 0x00000000, 0x00000000, 0x00000000,
  0x00000000, 0x00000000, 0x00000000, 0x00000000, 0x00000000, 0x00000000, 0x00000000, 0x00000000, 0x00000000, 0x00000000,
  0x00000000, 0x00000000, 0x00000000, 0x00000000, 0x00000000, 0x00000000, 0x00000000, 0x00000000, 0x00000000, 0x00000000,
  0x00000000, 0x00000000, 0x00000000, 0x00000000, 0x00000000, 0x00000000, 0x00000000, 0x00000000, 0x00000000, 0x00000000,
  0x00000000, 0x00000000, 0x00000000, 0x00000000, 0x00000000, 0x00000000, 0x090004EB, 0x090004EC, 0x00000000, 0x00000000,
  0x00000000, 0x00000000, 0x00000000, 0x00000000, 0x00000000, 0x00000000, 0x00000000, 0x00000000, 0x008044ED, 0x008044EF,
  0x008044F1, 0x090004F3, 0x00000000, 0x00000000, 0x00000000, 0x00000000, 0x00000000, 0x00000000, 0x00000000, 0x00000000,
  0x00000000, 0x00000000, 0x00000000, 0x00000000, 0x00000000, 0x00000000, 0x00000000, 0x00000000, 0x00000000, 0x00000000,
  0x00000000, 0x00000000, 0x00000000, 0x00000000, 0x00000000, 0x00000000, 0x00000000, 0x00000000, 0x00000000, 0x00000000,
  0x00000000, 0x00000000, 0x00000000, 0x00000000, 0x00000000, 0x00000000, 0x00000000, 0x00000000, 0x00000000, 0x00000000,
  0x00000000, 0x00000000, 0x00000000, 0x00000000, 0x00000000, 0x00000000, 0x00000000, 0x00000000, 0x00000000, 0x00000000,
  0x00000000, 0x00000000, 0x090004F4, 0x00000000, 0x00000000, 0x00000000, 0x00000000, 0x00000000, 0x00000000, 0x00000000,
  0x00000000, 0x00000000, 0x00000000, 0x00000000, 0x00000000, 0x00000000, 0x00000000, 0x00000000, 0x098044F5, 0x00000000,
  0x008044F7, 0x098084F9, 0x008044FC, 0x00000000, 0x00000000, 0x00000000, 0x00000000, 0x00000000, 0x00000000, 0x00000000,
  0x00000000, 0x00000000, 0x00000000, 0x00000000, 0x00000000, 0x00000000, 0x00000000, 0x00000000, 0x00000000, 0x00000000,
  0x00000000, 0x00000000, 0x00000000, 0x00000000, 0x00000000, 0x00000000, 0x00000000, 0x00000000, 0x00000000, 0x00000000,
  0x00000000, 0x00000000, 0x00000000, 0x00000000, 0x00000000, 0x00000000, 0x00000000, 0x00000000, 0x00000000, 0x00000000,
  0x00000000, 0x00000000, 0x00000000, 0x00000000, 0x00000000, 0x00000000, 0x00000000, 0x00000000, 0x00000000, 0x00000000,
  0x00000000, 0x00000000, 0x00000000, 0x00000000, 0x008044FE, 0x00000000, 0x00000000, 0x00000000, 0x00000000, 0x67000500,
  0x67000501, 0x09000502, 0x00000000, 0x00000000, 0x00000000, 0x00000000, 0x00000000, 0x00000000, 0x00000000, 0x00000000,
  0x6B000503, 0x6B000504, 0x6B000505, 0x6B000506, 0x00000000, 0x00000000, 0x00000000, 0x00000000, 0x00000000, 0x00000000,
  0x00000000, 0x00000000, 0x00000000, 0x00000000, 0x00000000, 0x00000000, 0x00000000, 0x00000000, 0x00000000, 0x00000000,
  0x00000000, 0x00000000, 0x00000000, 0x00000000, 0x00000000, 0x00000000, 0x00000000, 0x00000000, 0x00000000, 0x00000000,
  0x00000000, 0x00000000, 0x00000000, 0x00000000, 0x00000000, 0x00000000, 0x00000000, 0x00000000, 0x00000000, 0x00000000,
  0x00000000, 0x00000000, 0x00000000, 0x00000000, 0x00000000, 0x00000000, 0x00000000, 0x00000000, 0x00000000, 0x00000000,
  0x00000000, 0x00000000, 0x00000000, 0x00000000, 0x00000000, 0x00000000, 0x00804507, 0x00000000, 0x00000000, 0x00000000,
  0x00000000, 0x76000509, 0x7600050A, 0x0900050B, 0x00000000, 0x00000000, 0x00000000, 0x00000000, 0x00000000, 0x00000000,
  0x00000000, 0x00000000, 0x7A00050C, 0x7A00050D, 0x7A00050E, 0x7A00050F, 0x00000000, 0x00000000, 0x00000000, 0x00000000,
  0x00000000, 0x00000000, 0x00000000, 0x00000000, 0x00000000, 0x00000000, 0x00000000, 0x00000000, 0x00000000, 0x00000000,
  0x00000000, 0x00000000, 0x00804510, 0x00804512, 0x00000000, 0x00000000, 0x00000000, 0x00000000, 0x00000000, 0x00000000,
  0x00000000, 0x00000000, 0x00000000, 0x00000000, 0x00000000, 0x00000000, 0x00000000, 0x00000000, 0x00000000, 0x00000000,
  0x00000000, 0x00000000, 0x00000000, 0x00000000, 0x00000000, 0x00000000, 0x00000000, 0x00000000, 0x00000000, 0x00000000,
  0x00000000, 0x00000000, 0x00000000, 0x00000000, 0x00000000, 0x00000000, 0x00000000, 0x00000000, 0x00800514, 0x00000000,
  0x00000000, 0x00000000, 0x00000000, 0x00000000, 0x00000000, 0x00000000, 0x00000000, 0x00000000, 0x00000000, 0x00000000,
  0xDC000515, 0xDC000516, 0x00000000, 0x00000000, 0x00000000, 0x00000000, 0x00000000, 0x00000000, 0x00000000, 0x00000000,
  0x00000000, 0x00000000, 0x00000000, 0x00000000, 0x00000000, 0x00000000, 0x00000000, 0x00000000, 0x00000000, 0x00000000,
  0x00000000, 0x00000000, 0x00000000, 0x00000000, 0x00000000, 0x00000000, 0x00000000, 0x00000000, 0x00000000, 0xDC000517,
  0x00000000, 0xDC000518, 0x00000000, 0xD8000519, 0x00000000, 0x00000000, 0x00000000, 0x00000000, 0x00000000, 0x00000000,
  0x0080451A, 0x00000000, 0x00000000, 0x00000000, 0x00000000, 0x00000000, 0x00000000, 0x00000000, 0x00000000, 0x00000000,
  0x0080451C, 0x00000000, 0x00000000, 0x00000000, 0x00000000, 0x0080451E, 0x00000000, 0x00000000, 0x00000000, 0x00000000,
  0x00804520, 0x00000000, 0x00000000, 0x00000000, 0x00000000, 0x00804522, 0x00000000, 0x00000000, 0x00000000, 0x00000000,
  0x00000000, 0x00000000, 0x00000000, 0x00000000, 0x00000000, 0x00000000, 0x00000000, 0x00000000, 0x00804524, 0x00000000,
  0x00000000, 0x00000000, 0x00000000, 0x00000000, 0x00000000, 0x00000000, 0x81000526, 0x82000527, 0x82904528, 0x8400052A,
  0x84B0452B, 0x8280452D, 0x8280852F, 0x82804532, 0x82808534, 0x82000537, 0x82000538, 0x82000539, 0x8200053A, 0x00000000,
  0x00000000, 0x8200053B, 0x8290453C, 0xE600053E, 0xE600053F, 0x09000540, 0x00000000, 0xE6000541, 0xE6000542, 0x00000000,
  0x00000000, 0x00000000, 0x00000000, 0x00000000, 0x00000000, 0x00000000, 0x00000000, 0x00000000, 0x00000000, 0x00000000,
  0x00804543, 0x00000000, 0x00000000, 0x00000000, 0x00000000, 0x00000000, 0x00000000, 0x00000000, 0x00000000, 0x00000000,
  0x00804545, 0x00000000, 0x00000000, 0x00000000, 0x00000000, 0x00804547, 0x00000000, 0x00000000, 0x00000000, 0x00000000,
  0x00804549, 0x00000000, 0x00000000, 0x00000000, 0x00000000, 0x0080454B, 0x00000000, 0x00000000, 0x00000000, 0x00000000,
  0x00000000, 0x00000000, 0x00000000, 0x00000000, 0x00000000, 0x00000000, 0x00000000, 0x00000000, 0x0080454D, 0x00000000,
  0x00000000, 0x00000000, 0x00000000, 0x00000000, 0x00000000, 0xDC00054F, 0x00000000, 0x00000000, 0x00000000, 0x00000000,
  0x00000000, 0x00000000, 0x00000000, 0x00000000, 0x00000000, 0x00000000, 0x00000000, 0x00000000, 0x00000000, 0x00000000,
  0x00000000, 0x00000000, 0x00000000, 0x00000000, 0x00000000, 0x00000000, 0x00000000, 0x00000000, 0x00000000, 0x00000000,
  0x00000000, 0x00000000, 0x00000000, 0x00000000, 0x00000000, 0x00000000, 0x00000000, 0x00000000, 0x00000000, 0x00000000,
  0x00000000, 0x00000000, 0x00000000, 0x00000000, 0x00000000, 0x00000000, 0x00000000, 0x00000000, 0x00000000, 0x00000000,
  0x00000000, 0x00000000, 0x00000000, 0x00000000, 0x00000000, 0x00000000, 0x00000000, 0x00000000, 0x00000000, 0x00000000,
  0x00000000, 0x00000000, 0x00000000, 0x00804550, 0x00000000, 0x00000000, 0x00000000, 0x00000000, 0x00000000, 0x00000000,
  0x00000000, 0x00000000, 0x00000000, 0x00000000, 0x00000000, 0x00000000, 0x00000000, 0x00000000, 0x00000000, 0x00000000,
  0x07000552, 0x00000000, 0x09000553, 0x09000554, 0x00000000, 0x00000000, 0x00000000, 0x00000000, 0x00000000, 0x00000000,
  0x00000000, 0x00000000, 0x00000000, 0x00000000, 0x00000000, 0x00000000, 0x00000000, 0xDC000555, 0x00000000, 0x00000000,
  0x00000000, 0x00000000, 0x00000000, 0x00000000, 0x00000000, 0x00000000, 0x00000000, 0x00000000, 0x00000000, 0x00000000,
  0x00000000, 0x00000000, 0x00000000, 0x00000000, 0x00000000, 0x00000000, 0x00000000, 0x00000000, 0x00000000, 0x00000000,
  0x00000000, 0x00000000, 0x00000000, 0x00000000, 0x00000000, 0x00000000, 0x00000000, 0x00000000, 0x00000000, 0x00000000,
  0x00000000, 0x00000000, 0x00000000, 0x00000000, 0x00000000, 0x00000000, 0x00000000, 0x00000000, 0x00000000, 0x00000000,
  0x00000000, 0x00000000, 0x00000000, 0x00000000, 0x00000000, 0x00000000, 0x00000000, 0x00000000, 0x00000000, 0x00000000,
  0x00000000, 0x00000000, 0x00000000, 0x00000000, 0x00000000, 0x00000000, 0x00000000, 0x00000000, 0x00800556, 0x00000000,
  0x00000000, 0x00000000, 0x00000000, 0x00000000, 0x00000000, 0x00000000, 0x00000000, 0x00000000, 0x00000000, 0x00000000,
  0x00000000, 0x00000000, 0x00000000, 0x00000000, 0x00000000, 0x00000000, 0x00000000, 0x00000000, 0x00000000, 0x00000000,
  0x00000000, 0x00000000, 0x00000000, 0x00000000, 0x00000000, 0x00000000, 0x00000000, 0x00000000, 0xE6000557, 0xE6000558,
  0xE6000559, 0x00000000, 0x00000000, 0x00000000, 0x00000000, 0x00000000, 0x00000000, 0x00000000, 0x00000000, 0x00000000,
  0x00000000, 0x00000000, 0x00000000, 0x00000000, 0x00000000, 0x00000000, 0x00000000, 0x00000000, 0x00000000, 0x00000000,
  0x00000000, 0x00000000, 0x00000000, 0x00000000, 0x00000000, 0x00000000, 0x00000000, 0x00000000, 0x00000000, 0x00000000,
  0x00000000, 0x00000000, 0x00000000, 0x0900055A, 0x0900055B, 0x00000000, 0x00000000, 0x00000000, 0x00000000, 0x00000000,
  0x00000000, 0x00000000, 0x00000000, 0x00000000, 0x00000000, 0x00000000, 0x00000000, 0x00000000, 0x00000000, 0x00000000,
  0x00000000, 0x00000000, 0x00000000, 0x00000000, 0x00000000, 0x00000000, 0x00000000, 0x00000000, 0x00000000, 0x00000000,
  0x00000000, 0x00000000, 0x00000000, 0x00000000, 0x00000000, 0x0900055C, 0x00000000, 0x00000000, 0x00000000, 0x00000000,
  0x00000000, 0x00000000, 0x00000000, 0x00000000, 0x00000000, 0x00000000, 0x00000000, 0x00000000, 0x00000000, 0x00000000,
  0x00000000, 0x00000000, 0x00000000, 0x00000000, 0x0900055D, 0x00000000, 0x00000000, 0x00000000, 0x00000000, 0x00000000,
  0x00000000, 0x00000000, 0x00000000, 0x00000000, 0x00000000, 0xE600055E, 0x00000000, 0x00000000, 0x00000000, 0x00000000,
  0x00000000, 0x00000000, 0x00000000, 0x00000000, 0x00000000, 0x00000000, 0x00000000, 0x00000000, 0x00000000, 0x00000000,
  0x00000000, 0x00000000, 0x00000000, 0x00000000, 0x00000000, 0x00000000, 0x00000000, 0x00000000, 0x00000000, 0x00000000,
  0x00000000, 0x00000000, 0x00000000, 0x00000000, 0x00000000, 0x00000000, 0x00000000, 0x00000000, 0x00000000, 0x00000000,
  0x00000000, 0x00000000, 0x00000000, 0x00000000, 0x00000000, 0x00000000, 0x00000000, 0xE400055F, 0x00000000, 0x00000000,
  0x00000000, 0x00000000, 0x00000000, 0x00000000, 0x00000000, 0x00000000, 0x00000000, 0x00000000, 0x00000000, 0x00000000,
  0x00000000, 0x00000000, 0x00000000, 0x00000000, 0x00000000, 0x00000000, 0x00000000, 0x00000000, 0x00000000, 0x00000000,
  0x00000000, 0x00000000, 0x00000000, 0x00000000, 0x00000000, 0x00000000, 0x00000000, 0x00000000, 0x00000000, 0x00000000,
  0x00000000, 0x00000000, 0x00000000, 0x00000000, 0x00000000, 0x00000000, 0x00000000, 0x00000000, 0x00000000, 0x00000000,
  0x00000000, 0x00000000, 0x00000000, 0x00000000, 0x00000000, 0x00000000, 0x00000000, 0x00000000, 0x00000000, 0x00000000,
  0x00000000, 0x00000000, 0x00000000, 0x00000000, 0x00000000, 0xDE000560, 0xE6000561, 0xDC000562, 0x00000000, 0x00000000,
  0x00000000, 0x00000000, 0x00000000, 0x00000000, 0x00000000, 0x00000000, 0x00000000, 0x00000000, 0x00000000, 0x00000000,
  0x00000000, 0x00000000, 0x00000000, 0x00000000, 0x00000000, 0x00000000, 0x00000000, 0x00000000, 0x00000000, 0x00000000,
  0x00000000, 0xE6000563, 0xDC000564, 0x00000000, 0x00000000, 0x00000000, 0x00000000, 0x00000000, 0x00000000, 0x00000000,
  0x00000000, 0x00000000, 0x00000000, 0x00000000, 0x00000000, 0x00000000, 0x00000000, 0x00000000, 0x00000000, 0x00000000,
  0x00000000, 0x00000000, 0x00000000, 0x00000000, 0x00000000, 0x00000000, 0x00000000, 0x00000000, 0x00000000, 0x00000000,
  0x00000000, 0x00000000, 0x00000000, 0x00000000, 0x00000000, 0x00000000, 0x00000000, 0x00000000, 0x00000000, 0x00000000,
  0x00000000, 0x00000000, 0x09000565, 0x00000000, 0x00000000, 0x00000000, 0x00000000, 0x00000000, 0x00000000, 0x00000000,
  0x00000000, 0x00000000, 0x00000000, 0x00000000, 0x00000000, 0x00000000, 0x00000000, 0x00000000, 0x00000000, 0x00000000,
  0x00000000, 0x00000000, 0x00000000, 0xE6000566, 0xE6000567, 0xE6000568, 0xE6000569, 0xE600056A, 0xE600056B, 0xE600056C,
  0xE600056D, 0x00000000, 0x00000000, 0xDC00056E, 0x00000000, 0x00000000, 0x00000000, 0x00000000, 0x00000000, 0x00000000,
  0x00000000, 0x00000000, 0x00000000, 0x00000000, 0x00000000, 0x00000000, 0x00000000, 0x00000000, 0x00000000, 0x00000000,
  0x00000000, 0x00000000, 0x00000000, 0x00000000, 0x00000000, 0x00000000, 0x00000000, 0x00000000, 0x00000000, 0x00000000,
  0x00000000, 0x00000000, 0x00000000, 0x00000000, 0x00000000, 0x00000000, 0x00000000, 0x00000000, 0x00000000, 0x00000000,
  0x00000000, 0x00000000, 0x00000000, 0x00000000, 0x00000000, 0x00000000, 0x00000000, 0x00000000, 0x00000000, 0x00000000,
  0x00000000, 0x00000000, 0xE600056F, 0xE6000570, 0xE6000571, 0xE6000572, 0xE6000573, 0xDC000574, 0xDC000575, 0xDC000576,
  0xDC000577, 0xDC000578, 0xDC000579, 0xE600057A, 0xE600057B, 0xDC00057C, 0x00000000, 0xDC00057D, 0xDC00057E, 0xE600057F,
  0xE6000580, 0xDC000581, 0xDC000582, 0xE6000583, 0xE6000584, 0xE6000585, 0xE6000586, 0xE6000587, 0xDC000588, 0xE6000589,
  0xE600058A, 0xE600058B, 0xE600058C, 0xE600058D, 0xE600058E, 0xE600058F, 0xE6000590, 0xE6000591, 0xE6000592, 0xE6000593,
  0xE6000594, 0xE6000595, 0xE6000596, 0xE6000597, 0xE6000598, 0xE6000599, 0xE600059A, 0xDC00059B, 0x00000000, 0x00000000,
  0xE600059C, 0xE600059D, 0xE600059E, 0xE600059F, 0xE60005A0, 0xE60005A1, 0xDC0005A2, 0xE60005A3, 0xE60005A4, 0xE60005A5,
  0xE60005A6, 0xEA0005A7, 0x00000000, 0x00000000, 0x00000000, 0x00000000, 0x00000000, 0x00000000, 0x00000000, 0x00000000,
  0x00000000, 0x00000000, 0x00000000, 0x00000000, 0x00000000, 0x00000000, 0x00000000, 0x00000000, 0x00000000, 0x00000000,
  0x00000000, 0x00000000, 0x008045A8, 0x00000000, 0x008045AA, 0x00000000, 0x008045AC, 0x00000000, 0x008045AE, 0x00000000,
  0x008045B0, 0x00000000, 0x00000000, 0x00000000, 0x008045B2, 0x00000000, 0x00000000, 0x00000000, 0x00000000, 0x00000000,
  0x00000000, 0x00000000, 0x00000000, 0x00000000, 0x00000000, 0x00000000, 0x00000000, 0x00000000, 0x00000000, 0x00000000,
  0x00000000, 0x00000000, 0x00000000, 0x00000000, 0x00000000, 0x00000000, 0x00000000, 0x00000000, 0x00000000, 0x00000000,
  0x00000000, 0x00000000, 0x00000000, 0x00000000, 0x00000000, 0x00000000, 0x00000000, 0x00000000, 0x070005B4, 0x00000000,
  0x00000000, 0x00000000, 0x00000000, 0x00000000, 0x00000000, 0x008045B5, 0x00000000, 0x008045B7, 0x00000000, 0x00000000,
  0x008045B9, 0x008045BB, 0x00000000, 0x008045BD, 0x090005BF, 0x00000000, 0x00000000, 0x00000000, 0x00000000, 0x00000000,
  0x00000000, 0x00000000, 0x00000000, 0x00000000, 0x00000000, 0x00000000, 0x00000000, 0x00000000, 0x00000000, 0x00000000,
  0x00000000, 0x00000000, 0x00000000, 0x00000000, 0x00000000, 0x00000000, 0x00000000, 0x00000000, 0x00000000, 0x00000000,
  0x00000000, 0x00000000, 0x00000000, 0x00000000, 0x00000000, 0x00000000, 0x00000000, 0x00000000, 0x00000000, 0x00000000,
  0x00000000, 0x00000000, 0x00000000, 0xE60005C0, 0xDC0005C1, 0xE60005C2, 0xE60005C3, 0xE60005C4, 0xE60005C5, 0xE60005C6,
  0xE60005C7, 0xE60005C8, 0x00000000, 0x00000000, 0x00000000, 0x00000000, 0x00000000, 0x00000000, 0x00000000, 0x00000000,
  0x00000000, 0x00000000, 0x00000000, 0x00000000, 0x00000000, 0x00000000, 0x00000000, 0x00000000, 0x00000000, 0x00000000,
  0x00000000, 0x00000000, 0x00000000, 0x00000000, 0x00000000, 0x00000000, 0x00000000, 0x00000000, 0x00000000, 0x00000000,
  0x00000000, 0x00000000, 0x00000000, 0x00000000, 0x00000000, 0x00000000, 0x00000000, 0x00000000, 0x00000000, 0x00000000,
  0x00000000, 0x00000000, 0x00000000, 0x00000000, 0x090005C9, 0x090005CA, 0x00000000, 0x00000000, 0x00000000, 0x00000000,
  0x00000000, 0x00000000, 0x00000000, 0x00000000, 0x00000000, 0x00000000, 0x00000000, 0x00000000, 0x00000000, 0x00000000,
  0x00000000, 0x00000000, 0x00000000, 0x00000000, 0x00000000, 0x00000000, 0x00000000, 0x00000000, 0x00000000, 0x00000000,
  0x00000000, 0x00000000, 0x00000000, 0x00000000, 0x00000000, 0x00000000, 0x00000000, 0x00000000, 0x00000000, 0x00000000,
  0x00000000, 0x00000000, 0x00000000, 0x00000000, 0x070005CB, 0x00000000, 0x00000000, 0x00000000, 0x00000000, 0x00000000,
  0x00000000, 0x00000000, 0x00000000, 0x00000000, 0x00000000, 0x00000000, 0x090005CC, 0x090005CD, 0x00000000, 0x00000000,
  0x00000000, 0x00000000, 0x00000000, 0x00000000, 0x00000000, 0x00000000, 0x00000000, 0x00000000, 0x00000000, 0x00000000,
  0x00000000, 0x00000000, 0x00000000, 0x00000000, 0x00000000, 0x00000000, 0x00000000, 0x00000000, 0x00000000, 0x00000000,
  0x00000000, 0x00000000, 0x00000000, 0x00000000, 0x00000000, 0x00000000, 0x00000000, 0x00000000, 0x00000000, 0x00000000,
  0x00000000, 0x00000000, 0x00000000, 0x00000000, 0x00000000, 0x00000000, 0x00000000, 0x00000000, 0x00000000, 0x00000000,
  0x00000000, 0x00000000, 0x00000000, 0x00000000, 0x00000000, 0x00000000, 0x00000000, 0x00000000, 0x00000000, 0x00000000,
  0x00000000, 0x00000000, 0x00000000, 0x070005CE, 0x00000000, 0x00000000, 0x00000000, 0x00000000, 0x00000000, 0x00000000,
  0x00000000, 0x00000000, 0x00000000, 0x00000000, 0x00000000, 0x00000000, 0x00000000, 0x00000000, 0x00000000, 0x00000000,
  0xE60005CF, 0xE60005D0, 0xE60005D1, 0x00000000, 0x010005D2, 0xDC0005D3, 0xDC0005D4, 0xDC0005D5, 0xDC0005D6, 0xDC0005D7,
  0xE60005D8, 0xE60005D9, 0xDC0005DA, 0xDC0005DB, 0xDC0005DC, 0xDC0005DD, 0xE60005DE, 0x00000000, 0x010005DF, 0x010005E0,
  0x010005E1, 0x010005E2, 0x010005E3, 0x010005E4, 0x010005E5, 0x00000000, 0x00000000, 0x00000000, 0x00000000, 0xDC0005E6,
  0x00000000, 0x00000000, 0x00000000, 0x00000000, 0x00000000, 0x00000000, 0xE60005E7, 0x00000000, 0x00000000, 0x00000000,
  0xE60005E8, 0xE60005E9, 0x00000000, 0x00000000, 0x00000000, 0x00000000, 0x00000000, 0x00000000, 0x00000000, 0x00000000,
  0x00000000, 0x00000000, 0x00000000, 0x00000000, 0x00000000, 0x00000000, 0x00000000, 0x00000000, 0x00000000, 0x00000000,
  0x00000000, 0x00000000, 0x00000000, 0x00000000, 0x00000000, 0x00000000, 0x00000000, 0x00000000, 0x00000000, 0x00000000,
  0x00000000, 0x00000000, 0x00000000, 0x00000000, 0x00000000, 0x00000000, 0x00000000, 0x00000000, 0x00000000, 0x00000000,
  0x00000000, 0x00000000, 0x00000000, 0x00000000, 0x00000000, 0x00000000, 0x008005EA, 0x008005EB, 0x008005EC, 0x00000000,
  0x008005ED, 0x008005EE, 0x008005EF, 0x008005F0, 0x008005F1, 0x008005F2, 0x008005F3, 0x008005F4, 0x008005F5, 0x008005F6,
  0x008005F7, 0x00000000, 0x008005F8, 0x008005F9, 0x008005FA, 0x008005FB, 0x008005FC, 0x008005FD, 0x008005FE, 0x008005FF,
  0x00800600, 0x00800601, 0x00800602, 0x00800603, 0x00800604, 0x00800605, 0x00800606, 0x00800607, 0x00800608, 0x00800609,
  0x00000000, 0x0080060A, 0x0080060B, 0x0080060C, 0x0080060D, 0x0080060E, 0x0080060F, 0x00800610, 0x00800611, 0x00800612,
  0x00800613, 0x00800614, 0x00800615, 0x00800616, 0x00800617, 0x00800618, 0x00800619, 0x0080061A, 0x0080061B, 0x0080061C,
  0x0080061D, 0x0080061E, 0x0080061F, 0x00800620, 0x00800621, 0x00800622, 0x00800623, 0x00800624, 0x00800625, 0x00000000,
  0x00000000, 0x00000000, 0x00000000, 0x00000000, 0x00000000, 0x00000000, 0x00000000, 0x00000000, 0x00000000, 0x00000000,
  0x00000000, 0x00000000, 0x00800626, 0x00000000, 0x00000000, 0x00000000, 0x00000000, 0x00000000, 0x00000000, 0x00000000,
  0x00000000, 0x00000000, 0x00000000, 0x00000000, 0x00000000, 0x00000000, 0x00000000, 0x00000000, 0x00000000, 0x00000000,
  0x00000000, 0x00000000, 0x00000000, 0x00000000, 0x00000000, 0x00000000, 0x00000000, 0x00000000, 0x00000000, 0x00000000,
  0x00800627, 0x00800628, 0x00800629, 0x0080062A, 0x0080062B, 0x0080062C, 0x0080062D, 0x0080062E, 0x0080062F, 0x00800630,
  0x00800631, 0x00800632, 0x00800633, 0x00800634, 0x00800635, 0x00800636, 0x00800637, 0x00800638, 0x00800639, 0x0080063A,
  0x0080063B, 0x0080063C, 0x0080063D, 0x0080063E, 0x0080063F, 0x00800640, 0x00800641, 0x00800642, 0x00800643, 0x00800644,
  0x00800645, 0x00800646, 0x00800647, 0x00800648, 0x00800649, 0x0080064A, 0x0080064B, 0xE600064C, 0xE600064D, 0xDC00064E,
  0xE600064F, 0xE6000650, 0xE6000651, 0xE6000652, 0xE6000653, 0xE6000654, 0xE6000655, 0xDC000656, 0xE6000657, 0xE6000658,
  0xEA000659, 0xD600065A, 0xDC00065B, 0xCA00065C, 0xE600065D, 0xE600065E, 0xE600065F, 0xE6000660, 0xE6000661, 0xE6000662,
  0xE6000663, 0xE6000664, 0xE6000665, 0xE6000666, 0xE6000667, 0xE6000668, 0xE6000669, 0xE600066A, 0xE600066B, 0xE600066C,
  0xE600066D, 0xE600066E, 0xE600066F, 0xE6000670, 0xE6000671, 0xE6000672, 0xE6000673, 0xE6000674, 0xE6000675, 0xE6000676,
  0xE6000677, 0xE6000678, 0xE6000679, 0xE600067A, 0xE600067B, 0xE600067C, 0xE600067D, 0xE600067E, 0xE600067F, 0xE6000680,
  0xE6000681, 0xE8000682, 0xE4000683, 0xE4000684, 0xDC000685, 0xDA000686, 0xE6000687, 0xE9000688, 0xDC000689, 0xE600068A,
  0xDC00068B, 0xDC80468C, 0xDC80468E, 0xE6804690, 0xE6804692, 0xDC804694, 0xDC804696, 0xDC804698, 0xDC80469A, 0xE680869C,
  0xE680869F, 0xE68046A2, 0xE68046A4, 0xDC8046A6, 0xDC8046A8, 0xDC8046AA, 0xDC8046AC, 0xCA8046AE, 0xCA8046B0, 0xDC8046B2,
  0xDC8046B4, 0xE68086B6, 0xE68086B9, 0xE68086BC, 0xE68086BF, 0xDC8046C2, 0xDC8046C4, 0xDC8046C6, 0xDC8046C8, 0xE68086CA,
  0xE68086CD, 0xE68046D0, 0xE68046D2, 0xE68046D4, 0xE68046D6, 0xE68046D8, 0xE68046DA, 0xDC8046DC, 0xDC8046DE, 0xE68046E0,
  0xE68046E2, 0xCA8046E4, 0xCA8046E6, 0xDC8046E8, 0xDC8046EA, 0xDC8046EC, 0xDC8046EE, 0xE68086F0, 0xE68086F3, 0xE68046F6,
  0xE68046F8, 0xDC8046FA, 0xDC8046FC, 0xDC8046FE, 0xDC804700, 0xDC804702, 0xDC804704, 0xE6808706, 0xE6808709, 0xDC80470C,
  0xDC80470E, 0xDC804710, 0xDC804712, 0xE6804714, 0xE6804716, 0xE6804718, 0xE680471A, 0xDC80471C, 0xDC80471E, 0xE6804720,
  0xE6804722, 0xDC804724, 0xDC804726, 0xDC804728, 0xDC80472A, 0xDC80472C, 0xDC80472E, 0xE6808730, 0xE6808733, 0xE6808736,
  0xE6808739, 0xE680873C, 0xE680873F, 0xE6808742, 0xE6808745, 0xE6804748, 0xE680474A, 0xE680474C, 0xE680474E, 0xE6804750,
  0xE6804752, 0xDC804754, 0xDC804756, 0xE6808758, 0xE680875B, 0xDC80475E, 0xDC804760, 0xE6804762, 0xE6804764, 0xDC804766,
  0xDC804768, 0xE680876A, 0xE680876D, 0xE6808770, 0xE6808773, 0xE6808776, 0xE6808779, 0xE680477C, 0xE680477E, 0xDC804780,
  0xDC804782, 0xDC804784, 0xDC804786, 0xDC804788, 0xDC80478A, 0xDC80478C, 0xDC80478E, 0xDC804790, 0xDC804792, 0xDC804794,
  0xDC804796, 0xE6808798, 0xE680879B, 0xE680879E, 0xE68087A1, 0xE68047A4, 0xE68047A6, 0xDC8047A8, 0xDC8047AA, 0xE68047AC,
  0xE68047AE, 0xE68047B0, 0xE68047B2, 0xE68047B4, 0xE68047B6, 0xE68047B8, 0xE68047BA, 0xDC8047BC, 0xDC8047BE, 0xE68047C0,
  0xE68047C2, 0xE68047C4, 0xE68047C6, 0xE68047C8, 0xE68047CA, 0xE68047CC, 0xE68047CE, 0xDC8047D0, 0xDC8047D2, 0xDC8047D4,
  0xDC8047D6, 0xDC8047D8, 0xE68047DA, 0xE68047DC, 0xE68047DE, 0x008047E0, 0xE68047E2, 0x00000000, 0x00000000, 0x00000000,
  0x00000000, 0xDC8047E6, 0xDC8047E8, 0xE68047EA, 0xE68047EC, 0xE68087EE, 0xE68087F1, 0xE68087F4, 0xE68087F7, 0xE68087FA,
  0xE68087FD, 0xE6808800, 0xE6808803, 0xE6808806, 0xE6808809, 0xE680880C, 0xE680880F, 0xE6808812, 0xE6808815, 0xE6808818,
  0xE680881B, 0xE680881E, 0xE6808821, 0xE6808824, 0xE6808827, 0xDC80482A, 0xDC80482C, 0xE680482E, 0xE6804830, 0xE6804832,
  0xE6804834, 0xE6808836, 0xE6808839, 0xE680883C, 0xE680883F, 0xE6808842, 0xE6808845, 0xE6808848, 0xE680884B, 0xE680884E,
  0xE6808851, 0xE6804854, 0xE6804856, 0xDC804858, 0xDC80485A, 0xDC80485C, 0xDC80485E, 0xE6804860, 0xE6804862, 0xE6808864,
  0xE6808867, 0xE680886A, 0xE680886D, 0xE6808870, 0xE6808873, 0xE6808876, 0xE6808879, 0xE680887C, 0xE680887F, 0xE6808882,
  0xE6808885, 0xE6808888, 0xE680888B, 0xE680888E, 0xE6808891, 0xE6808894, 0xE6808897, 0xDC80889A, 0xDC80889D, 0xDC8048A0,
  0xDC8048A2, 0xE68048A4, 0xE68048A6, 0xE68088A8, 0xE68088AB, 0xE68088AE, 0xE68088B1, 0xE68088B4, 0xE68088B7, 0xE68088BA,
  0xE68088BD, 0xDC8088C0, 0xDC8088C3, 0xE68048C6, 0xE68048C8, 0xDC8048CA, 0xDC8048CC, 0xE68048CE, 0xE68048D0, 0xE68048D2,
  0xE68048D4, 0x00000000, 0x00000000, 0x00000000, 0x00000000, 0x00000000, 0x00000000, 0xE68048D6, 0xE68048D8, 0xE68088DA,
  0xE68088DD, 0xE68088E0, 0xE68088E3, 0xE68088E6, 0xE68088E9, 0xE68048EC, 0xE68048EE, 0xE68088F0, 0xE68088F3, 0xE68088F6,
  0xE68088F9, 0xE68088FC, 0xE68088FF, 0xE6804902, 0xE6804904, 0xE6808906, 0xE6808909, 0xE680890C, 0xE680890F, 0x00000000,
  0x00000000, 0xE6804912, 0xE6804914, 0xE6808916, 0xE6808919, 0xE680891C, 0xE680891F, 0x00000000, 0x00000000, 0xE6804922,
  0xE6804924, 0xE6808926, 0xE6808929, 0xE680892C, 0xE680892F, 0xE6808932, 0xE6808935, 0xE6804938, 0xE680493A, 0xE680893C,
  0xE680893F, 0xE6808942, 0xE6808945, 0xE6808948, 0xE680894B, 0xE680494E, 0xE6804950, 0xE6808952, 0xE6808955, 0xE6808958,
  0xE680895B, 0xE680895E, 0xE6808961, 0xE6804964, 0xE6804966, 0xE6808968, 0xE680896B, 0xE680896E, 0xE6808971, 0xE6808974,
  0xE6808977, 0xE680497A, 0xE680497C, 0xE680897E, 0xE6808981, 0xE6808984, 0xE6808987, 0x00000000, 0x00000000, 0xE680498A,
  0xE680498C, 0xE680898E, 0xE6808991, 0xE6808994, 0xE6808997, 0x00000000, 0x00000000, 0xE680499A, 0xE680499C, 0xE680899E,
  0xE68089A1, 0xE68089A4, 0xE68089A7, 0xE68089AA, 0xE68089AD, 0x00000000, 0xE68049B0, 0x00000000, 0xE68089B2, 0x00000000,
  0xE68089B5, 0x00000000, 0xE68089B8, 0xE68049BB, 0xE68049BD, 0xE68089BF, 0xE68089C2, 0xE68089C5, 0xE68089C8, 0xE68089CB,
  0xE68089CE, 0xE68049D1, 0xE68049D3, 0xE68089D5, 0xE68089D8, 0xE68089DB, 0xE68089DE, 0xE68089E1, 0xE68089E4, 0xE68049E7,
  0xE68049E9, 0xE68049EB, 0xE68049ED, 0xE68049EF, 0xE68049F1, 0xE68049F3, 0xE68049F5, 0xE68049F7, 0xE68049F9, 0xE68049FB,
  0xE68049FD, 0xE68049FF, 0xE6804A01, 0x00000000, 0x00000000, 0xF0808A03, 0xF0808A06, 0xF080CA09, 0xF080CA0D, 0xF080CA11,
  0xF080CA15, 0xF080CA19, 0xF080CA1D, 0xF0808A21, 0xF0808A24, 0xF080CA27, 0xF080CA2B, 0xF080CA2F, 0xF080CA33, 0xF080CA37,
  0xF080CA3B, 0xF0808A3F, 0xF0808A42, 0xF080CA45, 0xF080CA49, 0xF080CA4D, 0xF080CA51, 0xF080CA55, 0xF080CA59, 0xF0808A5D,
  0xF0808A60, 0xF080CA63, 0xF080CA67, 0xF080CA6B, 0xF080CA6F, 0xF080CA73, 0xF080CA77, 0xF0808A7B, 0xF0808A7E, 0xF080CA81,
  0xF080CA85, 0xF080CA89, 0xF080CA8D, 0xF080CA91, 0xF080CA95, 0xF0808A99, 0xF0808A9C, 0xF080CA9F, 0xF080CAA3, 0xF080CAA7,
  0xF080CAAB, 0xF080CAAF, 0xF080CAB3, 0xE6804AB7, 0xE6804AB9, 0xF0808ABB, 0xF0804ABE, 0xF0808AC0, 0x00000000, 0xE6804AC3,
  0xF0808AC5, 0xE6804AC8, 0xE6804ACA, 0xE6804ACC, 0xE6804ACE, 0xF0804AD0, 0xE6804AD2, 0x00800AD4, 0xE6804AD5, 0xE6804AD7,
  0xE6808AD9, 0xF0808ADE, 0xF0804AE1, 0xF0808AE3, 0x00000000, 0xE6804AE6, 0xF0808AE8, 0xE6804AEB, 0xE6804AED, 0xE6804AEF,
  0xE6804AF1, 0xF0804AF3, 0xE6808AF5, 0xE6808AFA, 0xE6808AFF, 0xE6804B04, 0xE6804B06, 0xE6808B08, 0xE6808B0B, 0x00000000,
  0x00000000, 0xE6804B0E, 0xE6808B10, 0xE6804B13, 0xE6804B15, 0xE6804B17, 0xE6804B19, 0x00000000, 0xE6808B1B, 0xE6808B20,
  0xE6808B25, 0xE6804B2A, 0xE6804B2C, 0xE6808B2E, 0xE6808B31, 0xE6804B34, 0xE6804B36, 0xE6804B38, 0xE6808B3A, 0xE6804B3D,
  0xE6804B3F, 0xE6804B41, 0xE6804B43, 0xE6804B45, 0xE6808B47, 0xE6808B4C, 0x00800B51, 0x00000000, 0x00000000, 0xF0808B52,
  0xF0804B55, 0xF0808B57, 0x00000000, 0xE6804B5A, 0xF0808B5C, 0xE6804B5F, 0xE6804B61, 0xE6804B63, 0xE6804B65, 0xF0804B67,
  0xE6804B69, 0xE6804B6C, 0x00000000, 0x00800B6E, 0x00800B70, 0x00800B72, 0x00800B73, 0x00800B74, 0x00800B75, 0x00800B76,
  0x00800B77, 0x00800B78, 0x00800B79, 0x00800B7A, 0x00000000, 0x00000000, 0x00000000, 0x00000000, 0x00000000, 0x00000000,
  0x00800B7B, 0x00000000, 0x00000000, 0x00000000, 0x00000000, 0x00000000, 0xDC804B7C, 0x00000000, 0x00000000, 0x00000000,
  0x00000000, 0x00000000, 0x00000000, 0x00000000, 0x00000000, 0x00000000, 0x00000000, 0x00000000, 0x00000000, 0x00800B7E,
  0x00804B7F, 0x00808B81, 0x00000000, 0x00000000, 0x00000000, 0x00000000, 0x00000000, 0x00000000, 0x00000000, 0x00000000,
  0x00800B84, 0x00000000, 0x00000000, 0x00000000, 0x00804B85, 0x00808B87, 0x00000000, 0x00804B8A, 0x00808B8C, 0x00000000,
  0x00000000, 0x00000000, 0x00000000, 0x00804B8F, 0x00000000, 0xE6804B91, 0x00000000, 0x00000000, 0x00000000, 0x00000000,
  0x00000000, 0x00000000, 0x00000000, 0x00804B93, 0x00804B95, 0x00804B97, 0x00000000, 0x00000000, 0x00000000, 0x00000000,
  0x00000000, 0x00000000, 0x00000000, 0x00000000, 0x00000000, 0x00000000, 0x00000000, 0x00000000, 0x00000000, 0x0080CB99,
  0x00000000, 0x00000000, 0x00000000, 0x00000000, 0x00000000, 0x00000000, 0x00000000, 0x00800B9D, 0x00000000, 0x00000000,
  0x00000000, 0x00000000, 0x00000000, 0x00000000, 0x00000000, 0x00000000, 0x00000000, 0x00000000, 0x00000000, 0x00000000,
  0x00000000, 0x00000000, 0x00000000, 0x00000000, 0x00800B9E, 0x00800B9F, 0x00000000, 0x00000000, 0x00800BA0, 0x00800BA1,
  0x00800BA2, 0x00800BA3, 0x00800BA4, 0x00800BA5, 0x00800BA6, 0x00800BA7, 0x00800BA8, 0x00800BA9, 0x00800BAA, 0x00800BAB,
  0x00800BAC, 0x00800BAD, 0x00800BAE, 0x00800BAF, 0x00800BB0, 0x00800BB1, 0x00800BB2, 0x00800BB3, 0x00800BB4, 0x00800BB5,
  0x00800BB6, 0x00800BB7, 0x00800BB8, 0x00800BB9, 0x00800BBA, 0x00000000, 0x00800BBB, 0x00800BBC, 0x00800BBD, 0x00800BBE,
  0x00800BBF, 0x00800BC0, 0x00800BC1, 0x00800BC2, 0x00800BC3, 0x00800BC4, 0x00800BC5, 0x00800BC6, 0x00800BC7, 0x00000000,
  0x00000000, 0x00000000, 0x00000000, 0x00000000, 0x00000000, 0x00000000, 0x00000000, 0x00000000, 0x00000000, 0x00000000,
  0x00804BC8, 0x00000000, 0x00000000, 0x00000000, 0x00000000, 0x00000000, 0x00000000, 0x00000000, 0x00000000, 0x00000000,
  0x00000000, 0x00000000, 0x00000000, 0x00000000, 0x00000000, 0x00000000, 0x00000000, 0x00000000, 0x00000000, 0x00000000,
  0x00000000, 0x00000000, 0x00000000, 0x00000000, 0xE6000BCA, 0xE6000BCB, 0x01000BCC, 0x01000BCD, 0xE6000BCE, 0xE6000BCF,
  0xE6000BD0, 0xE6000BD1, 0x01000BD2, 0x01000BD3, 0x01000BD4, 0xE6000BD5, 0xE6000BD6, 0x00000000, 0x00000000, 0x00000000,
  0x00000000, 0xE6000BD7, 0x00000000, 0x00000000, 0x00000000, 0x01000BD8, 0x01000BD9, 0xE6000BDA, 0xDC000BDB, 0xE6000BDC,
  0x01000BDD, 0x01000BDE, 0xDC000BDF, 0xDC000BE0, 0xDC000BE1, 0xDC000BE2, 0xE6000BE3, 0x00000000, 0x00000000, 0x00000000,
  0x00000000, 0x00000000, 0x00000000, 0x00000000, 0x00000000, 0x00000000, 0x00000000, 0x00000000, 0x00000000, 0x00000000,
  0x00000000, 0x00000000, 0x00808BE4, 0x00808BE7, 0x00800BEA, 0x00804BEB, 0x00000000, 0x00808BED, 0x00808BF0, 0x00800BF3,
  0x00000000, 0x00804BF4, 0x00800BF6, 0x00800BF7, 0x00800BF8, 0x00800BF9, 0x00800BFA, 0x00800BFB, 0x00800BFC, 0x00800BFD,
  0x00800BFE, 0x00800BFF, 0x00000000, 0x00800C00, 0x00804C01, 0x00000000, 0x00000000, 0x00800C03, 0x00800C04, 0x00800C05,
  0x00800C06, 0x00800C07, 0x00000000, 0x00000000, 0x00804C08, 0x00808C0A, 0x00804C0D, 0x00000000, 0x00800C0F, 0x00000000,
  0x00800C10, 0x00000000, 0x00800C11, 0x00000000, 0x00800C12, 0xE6804C13, 0x00800C15, 0x00800C16, 0x00000000, 0x00800C17,
  0x00800C18, 0x00800C19, 0x00000000, 0x00800C1A, 0x00800C1B, 0x00800C1C, 0x00800C1D, 0x00800C1E, 0x00800C1F, 0x00800C20,
  0x00000000, 0x00808C21, 0x00800C24, 0x00800C25, 0x00800C26, 0x00800C27, 0x00800C28, 0x00000000, 0x00000000, 0x00000000,
  0x00000000, 0x00800C29, 0x00800C2A, 0x00800C2B, 0x00800C2C, 0x00800C2D, 0x00000000, 0x00000000, 0x00000000, 0x00000000,
  0x00000000, 0x00000000, 0x00808C2E, 0x00808C31, 0x0080CC34, 0x00808C38, 0x00808C3B, 0x00808C3E, 0x00808C41, 0x00808C44,
  0x00808C47, 0x00808C4A, 0x00808C4D, 0x00808C50, 0x00808C53, 0x00808C56, 0x00808C59, 0x00804C5C, 0x00800C5E, 0x00804C5F,
  0x00808C61, 0x00804C64, 0x00800C66, 0x00804C67, 0x00808C69, 0x0080CC6C, 0x00804C70, 0x00800C72, 0x00804C73, 0x00808C75,
  0x00800C78, 0x00800C79, 0x00800C7A, 0x00800C7B, 0x00800C7C, 0x00804C7D, 0x00808C7F, 0x00804C82, 0x00800C84, 0x00804C85,
  0x00808C87, 0x0080CC8A, 0x00804C8E, 0x00800C90, 0x00804C91, 0x00808C93, 0x00800C96, 0x00800C97, 0x00800C98, 0x00800C99,
  0x00000000, 0x00000000, 0x00000000, 0x00000000, 0x00000000, 0x00000000, 0x00000000, 0x00000000, 0x00000000, 0x00808C9A,
  0x00000000, 0x00000000, 0x00000000, 0x00000000, 0x00000000, 0x00000000, 0x00000000, 0x00000000, 0x00000000, 0x00000000,
  0x00000000, 0x00000000, 0x00000000, 0x00000000, 0x00000000, 0x00000000, 0x01804C9D, 0x01804C9F, 0x00000000, 0x00000000,
  0x00000000, 0x00000000, 0x00000000, 0x00000000, 0x00000000, 0x00000000, 0x00000000, 0x00000000, 0x00000000, 0x00000000,
  0x00000000, 0x00000000, 0x00000000, 0x00000000, 0x00000000, 0x00000000, 0x01804CA1, 0x00000000, 0x00000000, 0x00000000,
  0x00000000, 0x00000000, 0x00000000, 0x00000000, 0x00000000, 0x00000000, 0x00000000, 0x00000000, 0x00000000, 0x00000000,
  0x00000000, 0x00000000, 0x00000000, 0x00000000, 0x01804CA3, 0x01804CA5, 0x01804CA7, 0x00000000, 0x00000000, 0x00000000,
  0x00000000, 0x00000000, 0x00000000, 0x00000000, 0x00000000, 0x00000000, 0x00000000, 0x00000000, 0x00000000, 0x00000000,
  0x00000000, 0x00000000, 0x00000000, 0x00000000, 0x00000000, 0x00000000, 0x00000000, 0x00000000, 0x00000000, 0x00000000,
  0x00000000, 0x00000000, 0x00000000, 0x00000000, 0x00000000, 0x00000000, 0x00000000, 0x00000000, 0x00000000, 0x00000000,
  0x00000000, 0x00000000, 0x00000000, 0x00000000, 0x00000000, 0x00000000, 0x00000000, 0x00000000, 0x00000000, 0x00000000,
  0x00000000, 0x00000000, 0x00000000, 0x00000000, 0x00000000, 0x01804CA9, 0x00000000, 0x00000000, 0x00000000, 0x00000000,
  0x01804CAB, 0x00000000, 0x00000000, 0x01804CAD, 0x00000000, 0x00000000, 0x00000000, 0x00000000, 0x00000000, 0x00000000,
  0x00000000, 0x00000000, 0x00000000, 0x00000000, 0x00000000, 0x00000000, 0x00000000, 0x00000000, 0x00000000, 0x00000000,
  0x00000000, 0x00000000, 0x00000000, 0x00000000, 0x00000000, 0x00000000, 0x00000000, 0x01804CAF, 0x00000000, 0x01804CB1,
  0x00000000, 0x00000000, 0x00000000, 0x00000000, 0x00000000, 0x00804CB3, 0x00808CB5, 0x00000000, 0x00804CB8, 0x00808CBA,
  0x00000000, 0x00000000, 0x00000000, 0x00000000, 0x00000000, 0x00000000, 0x00000000, 0x00000000, 0x00000000, 0x00000000,
  0x00000000, 0x00000000, 0x00000000, 0x00000000, 0x00000000, 0x01804CBD, 0x00000000, 0x00000000, 0x01804CBF, 0x00000000,
  0x00000000, 0x01804CC1, 0x00000000, 0x01804CC3, 0x00000000, 0x00000000, 0x00000000, 0x00000000, 0x00000000, 0x00000000,
  0x00000000, 0x00000000, 0x00000000, 0x00000000, 0x00000000, 0x00000000, 0x00000000, 0x00000000, 0x00000000, 0x00000000,
  0x00000000, 0x00000000, 0x00000000, 0x00000000, 0x00000000, 0x00000000, 0x01804CC5, 0x00000000, 0x01804CC7, 0x00000000,
  0x00000000, 0x00000000, 0x00000000, 0x00000000, 0x00000000, 0x00000000, 0x00000000, 0x00000000, 0x00000000, 0x01804CC9,
  0x01804CCB, 0x01804CCD, 0x01804CCF, 0x01804CD1, 0x00000000, 0x00000000, 0x01804CD3, 0x01804CD5, 0x00000000, 0x00000000,
  0x01804CD7, 0x01804CD9, 0x00000000, 0x00000000, 0x00000000, 0x00000000, 0x00000000, 0x00000000, 0x01804CDB, 0x01804CDD,
  0x00000000, 0x00000000, 0x01804CDF, 0x01804CE1, 0x00000000, 0x00000000, 0x01804CE3, 0x01804CE5, 0x00000000, 0x00000000,
  0x00000000, 0x00000000, 0x00000000, 0x00000000, 0x00000000, 0x00000000, 0x00000000, 0x00000000, 0x00000000, 0x00000000,
  0x00000000, 0x00000000, 0x00000000, 0x00000000, 0x00000000, 0x00000000, 0x00000000, 0x00000000, 0x00000000, 0x00000000,
  0x00000000, 0x00000000, 0x00000000, 0x00000000, 0x00000000, 0x00000000, 0x00000000, 0x00000000, 0x00000000, 0x00000000,
  0x00000000, 0x00000000, 0x01804CE7, 0x01804CE9, 0x01804CEB, 0x01804CED, 0x00000000, 0x00000000, 0x00000000, 0x00000000,
  0x00000000, 0x00000000, 0x00000000, 0x00000000, 0x00000000, 0x00000000, 0x00000000, 0x00000000, 0x00000000, 0x00000000,
  0x00000000, 0x00000000, 0x00000000, 0x00000000, 0x00000000, 0x00000000, 0x00000000, 0x00000000, 0x00000000, 0x00000000,
  0x00000000, 0x00000000, 0x00000000, 0x00000000, 0x00000000, 0x00000000, 0x00000000, 0x00000000, 0x01804CEF, 0x01804CF1,
  0x01804CF3, 0x01804CF5, 0x00000000, 0x00000000, 0x00000000, 0x00000000, 0x00000000, 0x00000000, 0x01804CF7, 0x01804CF9,
  0x01804CFB, 0x01804CFD, 0x00000000, 0x00000000, 0x00000000, 0x00000000, 0x00000000, 0x00000000, 0x00000000, 0x00000000,
  0x00000000, 0x00000000, 0x00000000, 0x00000000, 0x00000000, 0x00000000, 0x00000000, 0x00000000, 0x00000000, 0x00000000,
  0x00000000, 0x00000000, 0x00000000, 0x00000000, 0x00000000, 0x00000000, 0x00000000, 0x00000000, 0x00000000, 0x00000000,
  0x00000000, 0x00000000, 0x00000000, 0x00000000, 0x00000000, 0x00000000, 0x00000000, 0x00000000, 0x00000000, 0x00000000,
  0x00000000, 0x00000000, 0x00000000, 0x00800CFF, 0x00800D00, 0x00000000, 0x00000000, 0x00000000, 0x00000000, 0x00000000,
  0x00000000, 0x00000000, 0x00000000, 0x00000000, 0x00000000, 0x00000000, 0x00000000, 0x00000000, 0x00000000, 0x00000000,
  0x00000000, 0x00000000, 0x00000000, 0x00000000, 0x00000000, 0x00000000, 0x00000000, 0x00000000, 0x00000000, 0x00000000,
  0x00000000, 0x00000000, 0x00000000, 0x00000000, 0x00000000, 0x00000000, 0x00000000, 0x00800D01, 0x00800D02, 0x00800D03,
  0x00800D04, 0x00800D05, 0x00800D06, 0x00800D07, 0x00800D08, 0x00800D09, 0x00804D0A, 0x00804D0C, 0x00804D0E, 0x00804D10,
  0x00804D12, 0x00804D14, 0x00804D16, 0x00804D18, 0x00804D1A, 0x00804D1C, 0x00804D1E, 0x00808D20, 0x00808D23, 0x00808D26,
  0x00808D29, 0x00808D2C, 0x00808D2F, 0x00808D32, 0x00808D35, 0x00808D38, 0x0080CD3B, 0x0080CD3F, 0x0080CD43, 0x0080CD47,
  0x0080CD4B, 0x0080CD4F, 0x0080CD53, 0x0080CD57, 0x0080CD5B, 0x0080CD5F, 0x0080CD63, 0x00804D67, 0x00804D69, 0x00804D6B,
  0x00804D6D, 0x00804D6F, 0x00804D71, 0x00804D73, 0x00804D75, 0x00804D77, 0x00808D79, 0x00808D7C, 0x00808D7F, 0x00808D82,
  0x00808D85, 0x00808D88, 0x00808D8B, 0x00808D8E, 0x00808D91, 0x00808D94, 0x00808D97, 0x00808D9A, 0x00808D9D, 0x00808DA0,
  0x00808DA3, 0x00808DA6, 0x00808DA9, 0x00808DAC, 0x00808DAF, 0x00808DB2, 0x00808DB5, 0x00808DB8, 0x00808DBB, 0x00808DBE,
  0x00808DC1, 0x00808DC4, 0x00808DC7, 0x00808DCA, 0x00808DCD, 0x00808DD0, 0x00808DD3, 0x00808DD6, 0x00808DD9, 0x00808DDC,
  0x00808DDF, 0x00808DE2, 0x00808DE5, 0x00800DE8, 0x00800DE9, 0x00800DEA, 0x00800DEB, 0x00800DEC, 0x00800DED, 0x00800DEE,
  0x00800DEF, 0x00800DF0, 0x00800DF1, 0x00800DF2, 0x00800DF3, 0x00800DF4, 0x00800DF5, 0x00800DF6, 0x00800DF7, 0x00800DF8,
  0x00800DF9, 0x00800DFA, 0x00800DFB, 0x00800DFC, 0x00800DFD, 0x00800DFE, 0x00800DFF, 0x00800E00, 0x00800E01, 0x00800E02,
  0x00800E03, 0x00800E04, 0x00800E05, 0x00800E06, 0x00800E07, 0x00800E08, 0x00800E09, 0x00800E0A, 0x00800E0B, 0x00800E0C,
  0x00800E0D, 0x00800E0E, 0x00800E0F, 0x00800E10, 0x00800E11, 0x00800E12, 0x00800E13, 0x00800E14, 0x00800E15, 0x00800E16,
  0x00800E17, 0x00800E18, 0x00800E19, 0x00800E1A, 0x00800E1B, 0x00800E1C, 0x00000000, 0x00000000, 0x00000000, 0x00000000,
  0x00000000, 0x00000000, 0x00000000, 0x00000000, 0x00000000, 0x00000000, 0x00000000, 0x00000000, 0x00000000, 0x00000000,
  0x00000000, 0x00000000, 0x00000000, 0x00000000, 0x00000000, 0x00000000, 0x00000000, 0x0080CE1D, 0x00000000, 0x00000000,
  0x00000000, 0x00000000, 0x00000000, 0x00000000, 0x00000000, 0x00000000, 0x00000000, 0x00000000, 0x00000000, 0x00000000,
  0x00000000, 0x00000000, 0x00000000, 0x00000000, 0x00000000, 0x00000000, 0x00000000, 0x00000000, 0x00000000, 0x00000000,
  0x00000000, 0x00000000, 0x00000000, 0x00000000, 0x00000000, 0x00000000, 0x00000000, 0x00000000, 0x00000000, 0x00000000,
  0x00000000, 0x00000000, 0x00000000, 0x00000000, 0x00000000, 0x00000000, 0x00000000, 0x00000000, 0x00000000, 0x00000000,
  0x00000000, 0x00000000, 0x00000000, 0x00000000, 0x00000000, 0x00000000, 0x00000000, 0x00000000, 0x00000000, 0x00000000,
  0x00808E21, 0x00804E24, 0x00808E26, 0x00000000, 0x00000000, 0x00000000, 0x00000000, 0x00000000, 0x00000000, 0x00000000,
  0x00000000, 0x00000000, 0x00000000, 0x00000000, 0x00000000, 0x00000000, 0x00000000, 0x00000000, 0x00000000, 0x00000000,
  0x00000000, 0x00000000, 0x00000000, 0x00000000, 0x00000000, 0x00000000, 0x00000000, 0x00000000, 0x00000000, 0x00000000,
  0x00000000, 0x01804E29, 0x00000000, 0x00000000, 0x00000000, 0x00000000, 0x00000000, 0x00000000, 0x00000000, 0x00000000,
  0x00000000, 0x00000000, 0x00000000, 0x00000000, 0x00000000, 0x00000000, 0x00000000, 0x00000000, 0x00000000, 0x00000000,
  0x00000000, 0x00000000, 0x00000000, 0x00000000, 0x00000000, 0x00000000, 0x00000000, 0x00000000, 0x00000000, 0x00000000,
  0x00000000, 0x00000000, 0x00000000, 0x00000000, 0x00000000, 0x00000000, 0x00000000, 0x00000000, 0x00000000, 0x00000000,
  0x00000000, 0x00000000, 0x00000000, 0x00000000, 0x00000000, 0x00000000, 0x00000000, 0x00000000, 0x00000000, 0x00000000,
  0x00000000, 0x00000000, 0x00000000, 0x00000000, 0x00000000, 0x00000000, 0x00000000, 0x00000000, 0x00000000, 0x00000000,
  0x00000000, 0x00000000, 0x00800E2B, 0x00800E2C, 0x00000000, 0x00000000, 0x00000000, 0x00000000, 0x00000000, 0x00000000,
  0x00000000, 0x00000000, 0x00000000, 0x00000000, 0x00000000, 0x00000000, 0x00000000, 0x00000000, 0x00000000, 0x00000000,
  0x00000000, 0x00000000, 0x00000000, 0x00000000, 0x00000000, 0x00000000, 0x00000000, 0x00000000, 0x00000000, 0x00000000,
  0x00000000, 0x00000000, 0x00000000, 0x00000000, 0x00000000, 0x00000000, 0x00000000, 0x00000000, 0x00000000, 0x00000000,
  0x00000000, 0x00000000, 0x00000000, 0x00000000, 0x00000000, 0x00000000, 0x00000000, 0x00000000, 0x00000000, 0x00000000,
  0x00000000, 0xE6000E2D, 0xE6000E2E, 0xE6000E2F, 0x00000000, 0x00000000, 0x00000000, 0x00000000, 0x00000000, 0x00000000,
  0x00000000, 0x00000000, 0x00000000, 0x00000000, 0x00000000, 0x00000000, 0x00000000, 0x00000000, 0x00000000, 0x00000000,
  0x00000000, 0x00000000, 0x00000000, 0x00000000, 0x00000000, 0x00000000, 0x00000000, 0x00000000, 0x00000000, 0x00000000,
  0x00000000, 0x00000000, 0x00000000, 0x00000000, 0x00000000, 0x00000000, 0x00000000, 0x00000000, 0x00000000, 0x00000000,
  0x00000000, 0x00000000, 0x00000000, 0x00000000, 0x00000000, 0x00000000, 0x00000000, 0x00000000, 0x00000000, 0x00000000,
  0x00000000, 0x00800E30, 0x00000000, 0x00000000, 0x00000000, 0x00000000, 0x00000000, 0x00000000, 0x00000000, 0x00000000,
  0x00000000, 0x00000000, 0x00000000, 0x00000000, 0x00000000, 0x00000000, 0x00000000, 0x09000E31, 0x00000000, 0x00000000,
  0x00000000, 0x00000000, 0x00000000, 0x00000000, 0x00000000, 0x00000000, 0x00000000, 0x00000000, 0x00000000, 0x00000000,
  0x00000000, 0x00000000, 0x00000000, 0x00000000, 0x00000000, 0x00000000, 0x00000000, 0x00000000, 0x00000000, 0x00000000,
  0x00000000, 0x00000000, 0x00000000, 0x00000000, 0x00000000, 0x00000000, 0x00000000, 0x00000000, 0x00000000, 0x00000000,
  0xE6000E32, 0xE6000E33, 0xE6000E34, 0xE6000E35, 0xE6000E36, 0xE6000E37, 0xE6000E38, 0xE6000E39, 0xE6000E3A, 0xE6000E3B,
  0xE6000E3C, 0xE6000E3D, 0xE6000E3E, 0xE6000E3F, 0xE6000E40, 0xE6000E41, 0xE6000E42, 0xE6000E43, 0xE6000E44, 0xE6000E45,
  0xE6000E46, 0xE6000E47, 0xE6000E48, 0xE6000E49, 0xE6000E4A, 0xE6000E4B, 0xE6000E4C, 0xE6000E4D, 0xE6000E4E, 0xE6000E4F,
  0xE6000E50, 0xE6000E51, 0x00000000, 0x00000000, 0x00000000, 0x00000000, 0x00000000, 0x00000000, 0x00000000, 0x00000000,
  0x00000000, 0x00000000, 0x00000000, 0x00000000, 0x00000000, 0x00000000, 0x00000000, 0x00000000, 0x00000000, 0x00000000,
  0x00000000, 0x00000000, 0x00000000, 0x00000000, 0x00000000, 0x00000000, 0x00000000, 0x00000000, 0x00000000, 0x00000000,
  0x00000000, 0x00000000, 0x00000000, 0x00800E52, 0x00000000, 0x00000000, 0x00000000, 0x00000000, 0x00000000, 0x00000000,
  0x00000000, 0x00000000, 0x00000000, 0x00000000, 0x00000000, 0x00000000, 0x00000000, 0x00000000, 0x00000000, 0x00000000,
  0x00000000, 0x00000000, 0x00000000, 0x00000000, 0x00000000, 0x00000000, 0x00000000, 0x00000000, 0x00000000, 0x00000000,
  0x00000000, 0x00000000, 0x00000000, 0x00000000, 0x00000000, 0x00000000, 0x00000000, 0x00000000, 0x00000000, 0x00000000,
  0x00000000, 0x00000000, 0x00000000, 0x00000000, 0x00000000, 0x00000000, 0x00000000, 0x00000000, 0x00000000, 0x00000000,
  0x00000000, 0x00000000, 0x00000000, 0x00000000, 0x00000000, 0x00800E53, 0x00000000, 0x00000000, 0x00000000, 0x00000000,
  0x00000000, 0x00000000, 0x00000000, 0x00000000, 0x00000000, 0x00000000, 0x00000000, 0x00000000, 0x00800E54, 0x00800E55,
  0x00800E56, 0x00800E57, 0x00800E58, 0x00800E59, 0x00800E5A, 0x00800E5B, 0x00800E5C, 0x00800E5D, 0x00800E5E, 0x00800E5F,
  0x00800E60, 0x00800E61, 0x00800E62, 0x00800E63, 0x00800E64, 0x00800E65, 0x00800E66, 0x00800E67, 0x00800E68, 0x00800E69,
  0x00800E6A, 0x00800E6B, 0x00800E6C, 0x00800E6D, 0x00800E6E, 0x00800E6F, 0x00800E70, 0x00800E71, 0x00800E72, 0x00800E73,
  0x00800E74, 0x00800E75, 0x00800E76, 0x00800E77, 0x00800E78, 0x00800E79, 0x00800E7A, 0x00800E7B, 0x00800E7C, 0x00800E7D,
  0x00800E7E, 0x00800E7F, 0x00800E80, 0x00800E81, 0x00800E82, 0x00800E83, 0x00800E84, 0x00800E85, 0x00800E86, 0x00800E87,
  0x00800E88, 0x00800E89, 0x00800E8A, 0x00800E8B, 0x00800E8C, 0x00800E8D, 0x00800E8E, 0x00800E8F, 0x00800E90, 0x00800E91,
  0x00800E92, 0x00800E93, 0x00800E94, 0x00800E95, 0x00800E96, 0x00800E97, 0x00800E98, 0x00800E99, 0x00800E9A, 0x00800E9B,
  0x00800E9C, 0x00800E9D, 0x00800E9E, 0x00800E9F, 0x00800EA0, 0x00800EA1, 0x00800EA2, 0x00800EA3, 0x00800EA4, 0x00800EA5,
  0x00800EA6, 0x00800EA7, 0x00800EA8, 0x00800EA9, 0x00800EAA, 0x00800EAB, 0x00800EAC, 0x00800EAD, 0x00800EAE, 0x00800EAF,
  0x00800EB0, 0x00800EB1, 0x00800EB2, 0x00800EB3, 0x00800EB4, 0x00800EB5, 0x00800EB6, 0x00800EB7, 0x00800EB8, 0x00800EB9,
  0x00800EBA, 0x00800EBB, 0x00800EBC, 0x00800EBD, 0x00800EBE, 0x00800EBF, 0x00800EC0, 0x00800EC1, 0x00800EC2, 0x00800EC3,
  0x00800EC4, 0x00800EC5, 0x00800EC6, 0x00800EC7, 0x00800EC8, 0x00800EC9, 0x00800ECA, 0x00800ECB, 0x00800ECC, 0x00800ECD,
  0x00800ECE, 0x00800ECF, 0x00800ED0, 0x00800ED1, 0x00800ED2, 0x00800ED3, 0x00800ED4, 0x00800ED5, 0x00800ED6, 0x00800ED7,
  0x00800ED8, 0x00800ED9, 0x00800EDA, 0x00800EDB, 0x00800EDC, 0x00800EDD, 0x00800EDE, 0x00800EDF, 0x00800EE0, 0x00800EE1,
  0x00800EE2, 0x00800EE3, 0x00800EE4, 0x00800EE5, 0x00800EE6, 0x00800EE7, 0x00800EE8, 0x00800EE9, 0x00800EEA, 0x00800EEB,
  0x00800EEC, 0x00800EED, 0x00800EEE, 0x00800EEF, 0x00800EF0, 0x00800EF1, 0x00800EF2, 0x00800EF3, 0x00800EF4, 0x00800EF5,
  0x00800EF6, 0x00800EF7, 0x00800EF8, 0x00800EF9, 0x00800EFA, 0x00800EFB, 0x00800EFC, 0x00800EFD, 0x00800EFE, 0x00800EFF,
  0x00800F00, 0x00800F01, 0x00800F02, 0x00800F03, 0x00800F04, 0x00800F05, 0x00800F06, 0x00800F07, 0x00800F08, 0x00800F09,
  0x00800F0A, 0x00800F0B, 0x00800F0C, 0x00800F0D, 0x00800F0E, 0x00800F0F, 0x00800F10, 0x00800F11, 0x00800F12, 0x00800F13,
  0x00800F14, 0x00800F15, 0x00800F16, 0x00800F17, 0x00800F18, 0x00800F19, 0x00800F1A, 0x00800F1B, 0x00800F1C, 0x00800F1D,
  0x00800F1E, 0x00800F1F, 0x00800F20, 0x00800F21, 0x00800F22, 0x00800F23, 0x00800F24, 0x00800F25, 0x00800F26, 0x00800F27,
  0x00800F28, 0x00800F29, 0x00000000, 0x00000000, 0x00000000, 0x00000000, 0x00000000, 0x00000000, 0x00000000, 0x00000000,
  0x00000000, 0x00000000, 0x00000000, 0x00000000, 0x00000000, 0x00000000, 0x00000000, 0x00000000, 0x00000000, 0x00000000,
  0x00000000, 0x00000000, 0x00000000, 0x00000000, 0x00000000, 0x00000000, 0x00000000, 0x00000000, 0x00000000, 0x00000000,
  0x00000000, 0x00000000, 0x00000000, 0x00000000, 0x00000000, 0x00000000, 0x00000000, 0x00000000, 0x00000000, 0x00000000,
  0x00000000, 0x00000000, 0x00000000, 0x00000000, 0x00800F2A, 0x00000000, 0x00000000, 0x00000000, 0x00000000, 0x00000000,
  0x00000000, 0x00000000, 0x00000000, 0x00000000, 0x00000000, 0x00000000, 0x00000000, 0x00000000, 0x00000000, 0x00000000,
  0x00000000, 0x00000000, 0x00000000, 0x00000000, 0x00000000, 0x00000000, 0x00000000, 0x00000000, 0x00000000, 0x00000000,
  0x00000000, 0x00000000, 0x00000000, 0x00000000, 0x00000000, 0x00000000, 0x00000000, 0x00000000, 0x00000000, 0x00000000,
  0x00000000, 0x00000000, 0x00000000, 0x00000000, 0x00000000, 0x00000000, 0xDA000F2B, 0xE4000F2C, 0xE8000F2D, 0xDE000F2E,
  0xE0000F2F, 0xE0000F30, 0x00000000, 0x00000000, 0x00000000, 0x00000000, 0x00000000, 0x00000000, 0x00800F31, 0x00000000,
  0x00800F32, 0x00800F33, 0x00800F34, 0x00000000, 0x00000000, 0x00000000, 0x00000000, 0x00000000, 0x00000000, 0x00000000,
  0x00000000, 0x00000000, 0x00000000, 0x00000000, 0x00000000, 0x08804F35, 0x00000000, 0x08804F37, 0x00000000, 0x08804F39,
  0x00000000, 0x08804F3B, 0x00000000, 0x08804F3D, 0x00000000, 0x08804F3F, 0x00000000, 0x08804F41, 0x00000000, 0x08804F43,
  0x00000000, 0x08804F45, 0x00000000, 0x08804F47, 0x00000000, 0x08804F49, 0x00000000, 0x08804F4B, 0x00000000, 0x00000000,
  0x08804F4D, 0x00000000, 0x08804F4F, 0x00000000, 0x08804F51, 0x00000000, 0x00000000, 0x00000000, 0x00000000, 0x00000000,
  0x00000000, 0x08804F53, 0x08804F55, 0x00000000, 0x08804F57, 0x08804F59, 0x00000000, 0x08804F5B, 0x08804F5D, 0x00000000,
  0x08804F5F, 0x08804F61, 0x00000000, 0x08804F63, 0x08804F65, 0x00000000, 0x00000000, 0x00000000, 0x00000000, 0x00000000,
  0x00000000, 0x00000000, 0x00000000, 0x00000000, 0x00000000, 0x00000000, 0x00000000, 0x00000000, 0x00000000, 0x00000000,
  0x00000000, 0x00000000, 0x00000000, 0x00000000, 0x00000000, 0x08804F67, 0x00000000, 0x00000000, 0x00000000, 0x00000000,
  0x08000F69, 0x08000F6A, 0x08804F6B, 0x08804F6D, 0x00000000, 0x08804F6F, 0x00804F71, 0x00000000, 0x00000000, 0x00000000,
  0x00000000, 0x00000000, 0x00000000, 0x00000000, 0x00000000, 0x00000000, 0x00000000, 0x00000000, 0x00000000, 0x08804F73,
  0x00000000, 0x08804F75, 0x00000000, 0x08804F77, 0x00000000, 0x08804F79, 0x00000000, 0x08804F7B, 0x00000000, 0x08804F7D,
  0x00000000, 0x08804F7F, 0x00000000, 0x08804F81, 0x00000000, 0x08804F83, 0x00000000, 0x08804F85, 0x00000000, 0x08804F87,
  0x00000000, 0x08804F89, 0x00000000, 0x00000000, 0x08804F8B, 0x00000000, 0x08804F8D, 0x00000000, 0x08804F8F, 0x00000000,
  0x00000000, 0x00000000, 0x00000000, 0x00000000, 0x00000000, 0x08804F91, 0x08804F93, 0x00000000, 0x08804F95, 0x08804F97,
  0x00000000, 0x08804F99, 0x08804F9B, 0x00000000, 0x08804F9D, 0x08804F9F, 0x00000000, 0x08804FA1, 0x08804FA3, 0x00000000,
  0x00000000, 0x00000000, 0x00000000, 0x00000000, 0x00000000, 0x00000000, 0x00000000, 0x00000000, 0x00000000, 0x00000000,
  0x00000000, 0x00000000, 0x00000000, 0x00000000, 0x00000000, 0x00000000, 0x00000000, 0x00000000, 0x00000000, 0x00000000,
  0x00000000, 0x08804FA5, 0x00000000, 0x00000000, 0x08804FA7, 0x08804FA9, 0x08804FAB, 0x08804FAD, 0x00000000, 0x00000000,
  0x00000000, 0x08804FAF, 0x00804FB1, 0x00000000, 0x00000000, 0x00000000, 0x00000000, 0x00000000, 0x00000000, 0x00000000,
  0x00000000, 0x00000000, 0x00000000, 0x00000000, 0x00000000, 0x00000000, 0x00000000, 0x00000000, 0x00000000, 0x00000000,
  0x00000000, 0x00000000, 0x00000000, 0x00000000, 0x00000000, 0x00000000, 0x00000000, 0x00000000, 0x00000000, 0x00000000,
  0x00000000, 0x00000000, 0x00000000, 0x00000000, 0x00000000, 0x00000000, 0x00000000, 0x00000000, 0x00000000, 0x00000000,
  0x00000000, 0x00000000, 0x00000000, 0x00000000, 0x00000000, 0x00000000, 0x00000000, 0x00000000, 0x00000000, 0x00000000,
  0x00000000, 0x00000000, 0x00800FB3, 0x00800FB4, 0x00800FB5, 0x00800FB6, 0x00800FB7, 0x00800FB8, 0x00800FB9, 0x00800FBA,
  0x00800FBB, 0x00800FBC, 0x00800FBD, 0x00800FBE, 0x00800FBF, 0x00800FC0, 0x00800FC1, 0x00800FC2, 0x00800FC3, 0x00800FC4,
  0x00800FC5, 0x00800FC6, 0x00800FC7, 0x00800FC8, 0x00800FC9, 0x00800FCA, 0x00800FCB, 0x00800FCC, 0x00800FCD, 0x00800FCE,
  0x00800FCF, 0x00800FD0, 0x00800FD1, 0x00800FD2, 0x00800FD3, 0x00800FD4, 0x00800FD5, 0x00800FD6, 0x00800FD7, 0x00800FD8,
  0x00800FD9, 0x00800FDA, 0x00800FDB, 0x00800FDC, 0x00800FDD, 0x00800FDE, 0x00800FDF, 0x00800FE0, 0x00800FE1, 0x00800FE2,
  0x00800FE3, 0x00800FE4, 0x00800FE5, 0x00800FE6, 0x00800FE7, 0x00800FE8, 0x00800FE9, 0x00800FEA, 0x00800FEB, 0x00800FEC,
  0x00800FED, 0x00800FEE, 0x00800FEF, 0x00800FF0, 0x00800FF1, 0x00800FF2, 0x00800FF3, 0x00800FF4, 0x00800FF5, 0x00800FF6,
  0x00800FF7, 0x00800FF8, 0x00800FF9, 0x00800FFA, 0x00800FFB, 0x00800FFC, 0x00800FFD, 0x00800FFE, 0x00800FFF, 0x00801000,
  0x00801001, 0x00801002, 0x00801003, 0x00801004, 0x00801005, 0x00801006, 0x00801007, 0x00801008, 0x00801009, 0x0080100A,
  0x0080100B, 0x0080100C, 0x0080100D, 0x0080100E, 0x0080100F, 0x00801010, 0x00000000, 0x00000000, 0x00000000, 0x00801011,
  0x00801012, 0x00801013, 0x00801014, 0x00801015, 0x00801016, 0x00801017, 0x00801018, 0x00801019, 0x0080101A, 0x0080101B,
  0x0080101C, 0x0080101D, 0x0080101E, 0x00000000, 0x00000000, 0x00000000, 0x00000000, 0x00000000, 0x00000000, 0x00000000,
  0x00000000, 0x00000000, 0x00000000, 0x00000000, 0x00000000, 0x00000000, 0x00000000, 0x00000000, 0x00000000, 0x00000000,
  0x00000000, 0x00000000, 0x00000000, 0x00000000, 0x00000000, 0x00000000, 0x00000000, 0x00000000, 0x00000000, 0x00000000,
  0x00000000, 0x00000000, 0x00000000, 0x00000000, 0x00000000, 0x0080901F, 0x00809022, 0x00809025, 0x00809028, 0x0080902B,
  0x0080902E, 0x00809031, 0x00809034, 0x00809037, 0x0080903A, 0x0080903D, 0x00809040, 0x00809043, 0x00809046, 0x0080D049,
  0x0080D04D, 0x0080D051, 0x0080D055, 0x0080D059, 0x0080D05D, 0x0080D061, 0x0080D065, 0x0080D069, 0x0080D06D, 0x0080D071,
  0x0080D075, 0x0080D079, 0x0080D07D, 0x0080D081, 0x00819085, 0x0081508C, 0x00000000, 0x00809092, 0x00809095, 0x00809098,
  0x0080909B, 0x0080909E, 0x008090A1, 0x008090A4, 0x008090A7, 0x008090AA, 0x008090AD, 0x008090B0, 0x008090B3, 0x008090B6,
  0x008090B9, 0x008090BC, 0x008090BF, 0x008090C2, 0x008090C5, 0x008090C8, 0x008090CB, 0x008090CE, 0x008090D1, 0x008090D4,
  0x008090D7, 0x008090DA, 0x008090DD, 0x008090E0, 0x008090E3, 0x008090E6, 0x008090E9, 0x008090EC, 0x008090EF, 0x008090F2,
  0x008090F5, 0x008090F8, 0x008090FB, 0x008010FE, 0x008010FF, 0x00801100, 0x00801101, 0x00000000, 0x00000000, 0x00000000,
  0x00000000, 0x00000000, 0x00000000, 0x00000000, 0x00000000, 0x00809102, 0x00805105, 0x00805107, 0x00805109, 0x0080510B,
  0x0080510D, 0x0080510F, 0x00805111, 0x00805113, 0x00805115, 0x00805117, 0x00805119, 0x0080511B, 0x0080511D, 0x0080511F,
  0x00805121, 0x00801123, 0x00801124, 0x00801125, 0x00801126, 0x00801127, 0x00801128, 0x00801129, 0x0080112A, 0x0080112B,
  0x0080112C, 0x0080112D, 0x0080112E, 0x0080112F, 0x00801130, 0x00805131, 0x00805133, 0x00805135, 0x00805137, 0x00805139,
  0x0080513B, 0x0080513D, 0x0080513F, 0x00805141, 0x00805143, 0x00805145, 0x00805147, 0x00805149, 0x0080514B, 0x0081114D,
  0x0080D152, 0x00805156, 0x00000000, 0x00801158, 0x00801159, 0x0080115A, 0x0080115B, 0x0080115C, 0x0080115D, 0x0080115E,
  0x0080115F, 0x00801160, 0x00801161, 0x00801162, 0x00801163, 0x00801164, 0x00801165, 0x00801166, 0x00801167, 0x00801168,
  0x00801169, 0x0080116A, 0x0080116B, 0x0080116C, 0x0080116D, 0x0080116E, 0x0080116F, 0x00801170, 0x00801171, 0x00801172,
  0x00801173, 0x00801174, 0x00801175, 0x00801176, 0x00801177, 0x00801178, 0x00801179, 0x0080117A, 0x0080117B, 0x0080117C,
  0x0080117D, 0x0080117E, 0x0080117F, 0x00801180, 0x00801181, 0x00801182, 0x00801183, 0x00801184, 0x00801185, 0x00801186,
  0x00801187, 0x00801188, 0x00805189, 0x0080518B, 0x0080518D, 0x0080518F, 0x00805191, 0x00805193, 0x00805195, 0x00805197,
  0x00805199, 0x0080519B, 0x0080519D, 0x0080519F, 0x008051A1, 0x008051A3, 0x008051A5, 0x008051A7, 0x008051A9, 0x008051AB,
  0x008051AD, 0x008051AF, 0x008051B1, 0x008051B3, 0x008051B5, 0x008051B7, 0x008091B9, 0x008091BC, 0x008091BF, 0x008051C2,
  0x008091C4, 0x008051C7, 0x008091C9, 0x008011CC, 0x008011CD, 0x008011CE, 0x008011CF, 0x008011D0, 0x008011D1, 0x008011D2,
  0x008011D3, 0x008011D4, 0x008011D5, 0x008011D6, 0x008011D7, 0x008011D8, 0x008011D9, 0x008011DA, 0x008011DB, 0x008011DC,
  0x008011DD, 0x008011DE, 0x008011DF, 0x008011E0, 0x008011E1, 0x008011E2, 0x008011E3, 0x008011E4, 0x008011E5, 0x008011E6,
  0x008011E7, 0x008011E8, 0x008011E9, 0x008011EA, 0x008011EB, 0x008011EC, 0x008011ED, 0x008011EE, 0x008011EF, 0x008011F0,
  0x008011F1, 0x008011F2, 0x008011F3, 0x008011F4, 0x008011F5, 0x008011F6, 0x008011F7, 0x008011F8, 0x008011F9, 0x008011FA,
  0x008051FB, 0x008111FD, 0x0080D202, 0x00811206, 0x0080920B, 0x0881120E, 0x00809213, 0x00809216, 0x08815219, 0x0080D21F,
  0x00809223, 0x00809226, 0x00809229, 0x0080D22C, 0x0080D230, 0x0080D234, 0x0080D238, 0x0880D23C, 0x0080D240, 0x0080D244,
  0x00815248, 0x0080524E, 0x00815250, 0x00815256, 0x0081125C, 0x0080D261, 0x00815265, 0x0081526B, 0x0080D271, 0x00809275,
  0x00809278, 0x0880D27B, 0x0080D27F, 0x00811283, 0x08811288, 0x0080928D, 0x00809290, 0x0080D293, 0x00809297, 0x0080929A,
  0x0080529D, 0x0080529F, 0x008092A1, 0x008092A4, 0x008152A7, 0x0080D2AD, 0x008112B1, 0x008152B6, 0x0080D2BC, 0x008092C0,
  0x008092C3, 0x088152C6, 0x0080D2CC, 0x008152D0, 0x008092D6, 0x008112D9, 0x008092DE, 0x0080D2E1, 0x008092E5, 0x0080D2E8,
  0x088112EC, 0x0080D2F1, 0x008112F5, 0x0080D2FA, 0x008052FE, 0x08811300, 0x00809305, 0x00809308, 0x0080D30B, 0x0080930F,
  0x00809312, 0x00809315, 0x00811318, 0x0080D31D, 0x00805321, 0x00815323, 0x08809329, 0x0081132C, 0x0080D331, 0x0880D335,
  0x00809339, 0x0080933C, 0x0080D33F, 0x00805343, 0x0080D345, 0x00811349, 0x0080534E, 0x00815350, 0x00809356, 0x00805359,
  0x0080535B, 0x0080535D, 0x0080535F, 0x00805361, 0x00805363, 0x00805365, 0x00805367, 0x00805369, 0x0080536B, 0x0080936D,
  0x00809370, 0x00809373, 0x00809376, 0x00809379, 0x0080937C, 0x0080937F, 0x00809382, 0x00809385, 0x00809388, 0x0080938B,
  0x0080938E, 0x00809391, 0x00809394, 0x00809397, 0x0080939A, 0x0080539D, 0x0080539F, 0x008093A1, 0x008053A4, 0x008053A6,
  0x008053A8, 0x008093AA, 0x008093AD, 0x008053B0, 0x008053B2, 0x008053B4, 0x008053B6, 0x008053B8, 0x0080D3BA, 0x008053BE,
  0x008053C0, 0x008053C2, 0x008053C4, 0x008053C6, 0x008053C8, 0x008053CA, 0x008053CC, 0x008093CE, 0x0080D3D1, 0x008053D5,
  0x008053D7, 0x008053D9, 0x008053DB, 0x008053DD, 0x008053DF, 0x008053E1, 0x008093E3, 0x008093E6, 0x008093E9, 0x008093EC,
  0x008053EF, 0x008053F1, 0x008053F3, 0x008053F5, 0x008053F7, 0x008053F9, 0x008053FB, 0x008053FD, 0x008053FF, 0x00805401,
  0x00809403, 0x00809406, 0x00805409, 0x0080940B, 0x0080940E, 0x00809411, 0x00805414, 0x00809416, 0x00809419, 0x0080D41C,
  0x00805420, 0x00809422, 0x00809425, 0x00809428, 0x0080942B, 0x0081142E, 0x00815433, 0x00805439, 0x0080543B, 0x0080543D,
  0x0080543F, 0x00805441, 0x00805443, 0x00805445, 0x00805447, 0x00805449, 0x0080544B, 0x0080544D, 0x0080544F, 0x00805451,
  0x00805453, 0x00805455, 0x00805457, 0x00805459, 0x0080545B, 0x0080D45D, 0x00805461, 0x00805463, 0x00805465, 0x0080D467,
  0x0080946B, 0x0080546E, 0x00805470, 0x00805472, 0x00805474, 0x00805476, 0x00805478, 0x0080547A, 0x0080547C, 0x0080547E,
  0x00805480, 0x00809482, 0x00805485, 0x00805487, 0x00809489, 0x0080948C, 0x0080548F, 0x0080D491, 0x00809495, 0x00805498,
  0x0080549A, 0x0080549C, 0x0080549E, 0x008094A0, 0x008094A3, 0x008054A6, 0x008054A8, 0x008054AA, 0x008054AC, 0x008054AE,
  0x008054B0, 0x008054B2, 0x008054B4, 0x008054B6, 0x008094B8, 0x008094BB, 0x008094BE, 0x008094C1, 0x008094C4, 0x008094C7,
  0x008094CA, 0x008094CD, 0x008094D0, 0x008094D3, 0x008094D6, 0x008094D9, 0x008094DC, 0x008094DF, 0x008094E2, 0x008094E5,
  0x008094E8, 0x008094EB, 0x008094EE, 0x008094F1, 0x008094F4, 0x008094F7, 0x008094FA, 0x00000000, 0x00000000, 0x00000000,
  0x00000000, 0x00000000, 0x00000000, 0x00000000, 0x00000000, 0x00000000, 0x00000000, 0x00000000, 0x00000000, 0x00000000,
  0x00000000, 0x00000000, 0x00000000, 0x00000000, 0x00000000, 0x00000000, 0x00000000, 0x00000000, 0x00000000, 0x00000000,
  0x00000000, 0x00000000, 0x00000000, 0x00000000, 0x00000000, 0x00000000, 0x00000000, 0x00000000, 0x00000000, 0x00000000,
  0x00000000, 0x00000000, 0x00000000, 0x00000000, 0x00000000, 0x00000000, 0x00000000, 0x00000000, 0x00000000, 0x00000000,
  0x00000000, 0x00000000, 0x00000000, 0x00000000, 0xE60014FD, 0x00000000, 0x00000000, 0x00000000, 0x00000000, 0xE60014FE,
  0xE60014FF, 0xE6001500, 0xE6001501, 0xE6001502, 0xE6001503, 0xE6001504, 0xE6001505, 0xE6001506, 0xE6001507, 0x00000000,
  0x00000000, 0x00000000, 0x00000000, 0x00000000, 0x00000000, 0x00000000, 0x00000000, 0x00000000, 0x00000000, 0x00000000,
  0x00000000, 0x00000000, 0x00000000, 0x00000000, 0x00000000, 0x00000000, 0x00000000, 0x00000000, 0x00000000, 0x00000000,
  0x00000000, 0x00000000, 0x00000000, 0x00000000, 0x00000000, 0x00000000, 0x00000000, 0x00801508, 0x00801509, 0xE600150A,
  0xE600150B, 0x00000000, 0x00000000, 0x00000000, 0x00000000, 0x00000000, 0x00000000, 0x00000000, 0x00000000, 0x00000000,
  0x00000000, 0x00000000, 0x00000000, 0x00000000, 0x00000000, 0x00000000, 0x00000000, 0x00000000, 0x00000000, 0x00000000,
  0x00000000, 0x00000000, 0x00000000, 0x00000000, 0x00000000, 0x00000000, 0x00000000, 0x00000000, 0x00000000, 0x00000000,
  0x00000000, 0x00000000, 0x00000000, 0x00000000, 0x00000000, 0x00000000, 0x00000000, 0x00000000, 0x00000000, 0x00000000,
  0x00000000, 0x00000000, 0x00000000, 0x00000000, 0x00000000, 0x00000000, 0x00000000, 0x00000000, 0x00000000, 0xE600150C,
  0xE600150D, 0x00000000, 0x00000000, 0x00000000, 0x00000000, 0x00000000, 0x00000000, 0x00000000, 0x00000000, 0x00000000,
  0x00000000, 0x00000000, 0x00000000, 0x00000000, 0x00000000, 0x00000000, 0x00000000, 0x00000000, 0x00000000, 0x00000000,
  0x00000000, 0x00000000, 0x00000000, 0x00000000, 0x00000000, 0x00000000, 0x00000000, 0x00000000, 0x00000000, 0x00000000,
  0x00000000, 0x00000000, 0x00000000, 0x00000000, 0x00000000, 0x00000000, 0x00000000, 0x00000000, 0x00000000, 0x00000000,
  0x00000000, 0x00000000, 0x00000000, 0x00000000, 0x00000000, 0x00000000, 0x00000000, 0x00000000, 0x00000000, 0x0080150E,
  0x00000000, 0x00000000, 0x00000000, 0x00000000, 0x00000000, 0x00000000, 0x00000000, 0x00000000, 0x00000000, 0x00000000,
  0x00000000, 0x00000000, 0x00000000, 0x00000000, 0x00000000, 0x00000000, 0x00000000, 0x00000000, 0x00000000, 0x00000000,
  0x00000000, 0x00000000, 0x00000000, 0x00000000, 0x00000000, 0x00000000, 0x00000000, 0x00000000, 0x00000000, 0x00000000,
  0x00000000, 0x00000000, 0x00000000, 0x00000000, 0x00000000, 0x00000000, 0x00000000, 0x00000000, 0x00000000, 0x00000000,
  0x00000000, 0x00000000, 0x00000000, 0x00000000, 0x00000000, 0x00000000, 0x00000000, 0x00000000, 0x00000000, 0x0080150F,
  0x00801510, 0x00801511, 0x00801512, 0x00000000, 0x00000000, 0x00000000, 0x00801513, 0x00801514, 0x00000000, 0x00000000,
  0x00000000, 0x00000000, 0x00000000, 0x00000000, 0x09001515, 0x00000000, 0x00000000, 0x00000000, 0x00000000, 0x00000000,
  0x00000000, 0x00000000, 0x00000000, 0x00000000, 0x00000000, 0x00000000, 0x00000000, 0x00000000, 0x00000000, 0x00000000,
  0x00000000, 0x00000000, 0x00000000, 0x00000000, 0x00000000, 0x00000000, 0x00000000, 0x00000000, 0x00000000, 0x00000000,
  0x00000000, 0x00000000, 0x00000000, 0x00000000, 0x00000000, 0x00000000, 0x00000000, 0x00000000, 0x00000000, 0x00000000,
  0x00000000, 0x00000000, 0x09001516, 0x00000000, 0x00000000, 0x00000000, 0x00000000, 0x00000000, 0x00000000, 0x00000000,
  0x00000000, 0x00000000, 0x00000000, 0x00000000, 0x00000000, 0x00000000, 0x00000000, 0x00000000, 0x00000000, 0x00000000,
  0x00000000, 0x00000000, 0x09001517, 0x00000000, 0x00000000, 0x00000000, 0x00000000, 0x00000000, 0x00000000, 0x00000000,
  0x00000000, 0x00000000, 0x00000000, 0x00000000, 0x00000000, 0x00000000, 0x00000000, 0x00000000, 0x00000000, 0x00000000,
  0x00000000, 0x00000000, 0x00000000, 0x00000000, 0x00000000, 0x00000000, 0x00000000, 0x00000000, 0x00000000, 0x00000000,
  0xE6001518, 0xE6001519, 0xE600151A, 0xE600151B, 0xE600151C, 0xE600151D, 0xE600151E, 0xE600151F, 0xE6001520, 0xE6001521,
  0xE6001522, 0xE6001523, 0xE6001524, 0xE6001525, 0xE6001526, 0xE6001527, 0xE6001528, 0xE6001529, 0x00000000, 0x00000000,
  0x00000000, 0x00000000, 0x00000000, 0x00000000, 0x00000000, 0x00000000, 0x00000000, 0x00000000, 0x00000000, 0x00000000,
  0x00000000, 0x00000000, 0x00000000, 0x00000000, 0x00000000, 0x00000000, 0x00000000, 0x00000000, 0x00000000, 0x00000000,
  0x00000000, 0x00000000, 0x00000000, 0x00000000, 0x00000000, 0x00000000, 0x00000000, 0x00000000, 0x00000000, 0x00000000,
  0x00000000, 0x00000000, 0x00000000, 0x00000000, 0x00000000, 0x00000000, 0x00000000, 0x00000000, 0x00000000, 0x00000000,
  0x00000000, 0xDC00152A, 0xDC00152B, 0xDC00152C, 0x00000000, 0x00000000, 0x00000000, 0x00000000, 0x00000000, 0x00000000,
  0x00000000, 0x00000000, 0x00000000, 0x00000000, 0x00000000, 0x00000000, 0x00000000, 0x00000000, 0x00000000, 0x00000000,
  0x00000000, 0x00000000, 0x00000000, 0x0900152D, 0x00000000, 0x00000000, 0x00000000, 0x00000000, 0x00000000, 0x00000000,
  0x00000000, 0x00000000, 0x00000000, 0x00000000, 0x00000000, 0x00000000, 0x00000000, 0x00000000, 0x00000000, 0x00000000,
  0x00000000, 0x00000000, 0x00000000, 0x00000000, 0x00000000, 0x00000000, 0x00000000, 0x00000000, 0x00000000, 0x00000000,
  0x00000000, 0x00000000, 0x00000000, 0x00000000, 0x00000000, 0x00000000, 0x00000000, 0x00000000, 0x00000000, 0x00000000,
  0x00000000, 0x00000000, 0x00000000, 0x00000000, 0x00000000, 0x00000000, 0x00000000, 0x00000000, 0x00000000, 0x00000000,
  0x00000000, 0x00000000, 0x00000000, 0x00000000, 0x00000000, 0x0700152E, 0x00000000, 0x00000000, 0x00000000, 0x00000000,
  0x00000000, 0x00000000, 0x00000000, 0x00000000, 0x00000000, 0x00000000, 0x00000000, 0x00000000, 0x0900152F, 0x00000000,
  0x00000000, 0x00000000, 0x00000000, 0x00000000, 0x00000000, 0x00000000, 0x00000000, 0x00000000, 0x00000000, 0x00000000,
  0x00000000, 0x00000000, 0x00000000, 0x00000000, 0x00000000, 0x00000000, 0x00000000, 0x00000000, 0x00000000, 0x00000000,
  0x00000000, 0x00000000, 0x00000000, 0x00000000, 0x00000000, 0x00000000, 0x00000000, 0x00000000, 0x00000000, 0x00000000,
  0x00000000, 0x00000000, 0x00000000, 0x00000000, 0x00000000, 0x00000000, 0x00000000, 0x00000000, 0x00000000, 0x00000000,
  0x00000000, 0x00000000, 0x00000000, 0x00000000, 0x00000000, 0x00000000, 0x00000000, 0x00000000, 0x00000000, 0x00000000,
  0x00000000, 0x00000000, 0x00000000, 0x00000000, 0x00000000, 0x00000000, 0x00000000, 0x00000000, 0x00000000, 0x00000000,
  0x00000000, 0x00000000, 0xE6001530, 0x00000000, 0xE6001531, 0xE6001532, 0xDC001533, 0x00000000, 0x00000000, 0xE6001534,
  0xE6001535, 0x00000000, 0x00000000, 0x00000000, 0x00000000, 0x00000000, 0xE6001536, 0xE6001537, 0x00000000, 0xE6001538,
  0x00000000, 0x00000000, 0x00000000, 0x00000000, 0x00000000, 0x00000000, 0x00000000, 0x00000000, 0x00000000, 0x00000000,
  0x00000000, 0x00000000, 0x00000000, 0x00000000, 0x00000000, 0x00000000, 0x00000000, 0x00000000, 0x00000000, 0x00000000,
  0x00000000, 0x00000000, 0x00000000, 0x00000000, 0x00000000, 0x00000000, 0x00000000, 0x00000000, 0x00000000, 0x00000000,
  0x00000000, 0x00000000, 0x00000000, 0x00000000, 0x00000000, 0x00000000, 0x00000000, 0x00000000, 0x00000000, 0x00000000,
  0x00000000, 0x00000000, 0x00000000, 0x00000000, 0x00000000, 0x00000000, 0x00000000, 0x00000000, 0x00000000, 0x00000000,
  0x00000000, 0x00000000, 0x09001539, 0x00000000, 0x00000000, 0x00000000, 0x00000000, 0x00000000, 0x00000000, 0x00000000,
  0x00000000, 0x00000000, 0x00000000, 0x00000000, 0x00000000, 0x00000000, 0x00000000, 0x00000000, 0x00000000, 0x00000000,
  0x00000000, 0x00000000, 0x00000000, 0x00000000, 0x00000000, 0x00000000, 0x00000000, 0x00000000, 0x00000000, 0x00000000,
  0x00000000, 0x0080153A, 0x0080153B, 0x0080153C, 0x0080153D, 0x00000000, 0x00000000, 0x00000000, 0x00000000, 0x00000000,
  0x00000000, 0x00000000, 0x00000000, 0x00000000, 0x0080153E, 0x00000000, 0x00000000, 0x00000000, 0x00000000, 0x00000000,
  0x00000000, 0x00000000, 0x00000000, 0x00000000, 0x00000000, 0x00000000, 0x00000000, 0x00000000, 0x00000000, 0x00000000,
  0x00000000, 0x00000000, 0x00000000, 0x00000000, 0x00000000, 0x00000000, 0x00000000, 0x00000000, 0x00000000, 0x00000000,
  0x00000000, 0x00000000, 0x00000000, 0x00000000, 0x00000000, 0x00000000, 0x00000000, 0x00000000, 0x00000000, 0x00000000,
  0x00000000, 0x00000000, 0x00000000, 0x00000000, 0x00000000, 0x00000000, 0x00000000, 0x00000000, 0x00000000, 0x00000000,
  0x0900153F, 0x00000000, 0x00000000, 0x00000000, 0x00000000, 0x00000000, 0x00000000, 0x00000000, 0x00000000, 0x00000000,
  0x00000000, 0x00000000, 0x00000000, 0x00000000, 0x00000000, 0x00000000, 0x00000000, 0x00000000, 0x00000000, 0x00801540,
  0x00801541, 0x00801542, 0x00801543, 0x00801544, 0x00801545, 0x00801546, 0x00801547, 0x00801548, 0x00801549, 0x0080154A,
  0x0080154B, 0x0080154C, 0x0080154D, 0x0080154E, 0x0080154F, 0x00801550, 0x00801551, 0x00801552, 0x00801553, 0x00801554,
  0x00801555, 0x00801556, 0x00801557, 0x00801558, 0x00801559, 0x0080155A, 0x0080155B, 0x0080155C, 0x0080155D, 0x0080155E,
  0x0080155F, 0x00801560, 0x00801561, 0x00801562, 0x00801563, 0x00801564, 0x00801565, 0x00801566, 0x00801567, 0x00801568,
  0x00801569, 0x0080156A, 0x0080156B, 0x0080156C, 0x0080156D, 0x0080156E, 0x0080156F, 0x00801570, 0x00801571, 0x00801572,
  0x00801573, 0x00801574, 0x00801575, 0x00801576, 0x00801577, 0x00801578, 0x00801579, 0x0080157A, 0x0080157B, 0x0080157C,
  0x0080157D, 0x0080157E, 0x0080157F, 0x00801580, 0x00801581, 0x00801582, 0x00801583, 0x00801584, 0x00801585, 0x00801586,
  0x00801587, 0x00801588, 0x00801589, 0x0080158A, 0x0080158B, 0x0080158C, 0x0080158D, 0x0080158E, 0x0080158F, 0x00801590,
  0x00801591, 0x00801592, 0x00801593, 0x00801594, 0x00801595, 0x00801596, 0x00801597, 0x00801598, 0x00801599, 0x0080159A,
  0x0080159B, 0x0080159C, 0x0080159D, 0x0080159E, 0x0080159F, 0x008015A0, 0x008015A1, 0x008015A2, 0x008015A3, 0x008015A4,
  0x008015A5, 0x008015A6, 0x008015A7, 0x008015A8, 0x008015A9, 0x008015AA, 0x008015AB, 0x008015AC, 0x008015AD, 0x008015AE,
  0x008015AF, 0x008015B0, 0x008015B1, 0x008015B2, 0x008015B3, 0x008015B4, 0x008015B5, 0x008015B6, 0x008015B7, 0x008015B8,
  0x008015B9, 0x008015BA, 0x008015BB, 0x008015BC, 0x008015BD, 0x008015BE, 0x008015BF, 0x008015C0, 0x008015C1, 0x008015C2,
  0x008015C3, 0x008015C4, 0x008015C5, 0x008015C6, 0x008015C7, 0x008015C8, 0x008015C9, 0x008015CA, 0x008015CB, 0x008015CC,
  0x008015CD, 0x008015CE, 0x008015CF, 0x008015D0, 0x008015D1, 0x008015D2, 0x008015D3, 0x008015D4, 0x008015D5, 0x008015D6,
  0x008015D7, 0x008015D8, 0x008015D9, 0x008015DA, 0x008015DB, 0x008015DC, 0x008015DD, 0x008015DE, 0x008015DF, 0x008015E0,
  0x008015E1, 0x008015E2, 0x008015E3, 0x008015E4, 0x008015E5, 0x008015E6, 0x008015E7, 0x008015E8, 0x008015E9, 0x008015EA,
  0x008015EB, 0x008015EC, 0x008015ED, 0x008015EE, 0x008015EF, 0x008015F0, 0x008015F1, 0x008015F2, 0x008015F3, 0x008015F4,
  0x008015F5, 0x008015F6, 0x008015F7, 0x008015F8, 0x008015F9, 0x008015FA, 0x008015FB, 0x008015FC, 0x008015FD, 0x008015FE,
  0x008015FF, 0x00801600, 0x00801601, 0x00801602, 0x00801603, 0x00801604, 0x00801605, 0x00801606, 0x00801607, 0x00801608,
  0x00801609, 0x0080160A, 0x0080160B, 0x0080160C, 0x0080160D, 0x0080160E, 0x0080160F, 0x00801610, 0x00801611, 0x00801612,
  0x00801613, 0x00801614, 0x00801615, 0x00801616, 0x00801617, 0x00801618, 0x00801619, 0x0080161A, 0x0080161B, 0x0080161C,
  0x0080161D, 0x0080161E, 0x0080161F, 0x00801620, 0x00801621, 0x00801622, 0x00801623, 0x00801624, 0x00801625, 0x00801626,
  0x00801627, 0x00801628, 0x00801629, 0x0080162A, 0x0080162B, 0x0080162C, 0x0080162D, 0x0080162E, 0x0080162F, 0x00801630,
  0x00801631, 0x00801632, 0x00801633, 0x00801634, 0x00801635, 0x00801636, 0x00801637, 0x00801638, 0x00801639, 0x0080163A,
  0x0080163B, 0x0080163C, 0x0080163D, 0x0080163E, 0x0080163F, 0x00801640, 0x00801641, 0x00801642, 0x00801643, 0x00801644,
  0x00801645, 0x00801646, 0x00801647, 0x00801648, 0x00801649, 0x0080164A, 0x0080164B, 0x0080164C, 0x0080164D, 0x00000000,
  0x00000000, 0x0080164E, 0x00000000, 0x0080164F, 0x00000000, 0x00000000, 0x00801650, 0x00801651, 0x00801652, 0x00801653,
  0x00801654, 0x00801655, 0x00801656, 0x00801657, 0x00801658, 0x00801659, 0x00000000, 0x0080165A, 0x00000000, 0x0080165B,
  0x00000000, 0x00000000, 0x0080165C, 0x0080165D, 0x00000000, 0x00000000, 0x00000000, 0x0080165E, 0x0080165F, 0x00801660,
  0x00801661, 0x00801662, 0x00801663, 0x00801664, 0x00801665, 0x00801666, 0x00801667, 0x00801668, 0x00801669, 0x0080166A,
  0x0080166B, 0x0080166C, 0x0080166D, 0x0080166E, 0x0080166F, 0x00801670, 0x00801671, 0x00801672, 0x00801673, 0x00801674,
  0x00801675, 0x00801676, 0x00801677, 0x00801678, 0x00801679, 0x0080167A, 0x0080167B, 0x0080167C, 0x0080167D, 0x0080167E,
  0x0080167F, 0x00801680, 0x00801681, 0x00801682, 0x00801683, 0x00801684, 0x00801685, 0x00801686, 0x00801687, 0x00801688,
  0x00801689, 0x0080168A, 0x0080168B, 0x0080168C, 0x0080168D, 0x0080168E, 0x0080168F, 0x00801690, 0x00801691, 0x00801692,
  0x00801693, 0x00801694, 0x00801695, 0x00801696, 0x00801697, 0x00801698, 0x00801699, 0x0080169A, 0x0080169B, 0x0080169C,
  0x0080169D, 0x0080169E, 0x0080169F, 0x008056A0, 0x008016A2, 0x00000000, 0x00000000, 0x008016A3, 0x008016A4, 0x008016A5,
  0x008016A6, 0x008016A7, 0x008016A8, 0x008016A9, 0x008016AA, 0x008016AB, 0x008016AC, 0x008016AD, 0x008016AE, 0x008016AF,
  0x008016B0, 0x008016B1, 0x008016B2, 0x008016B3, 0x008016B4, 0x008016B5, 0x008016B6, 0x008016B7, 0x008016B8, 0x008016B9,
  0x008016BA, 0x008016BB, 0x008016BC, 0x008016BD, 0x008016BE, 0x008016BF, 0x008016C0, 0x008016C1, 0x008016C2, 0x008016C3,
  0x008016C4, 0x008016C5, 0x008016C6, 0x008016C7, 0x008016C8, 0x008016C9, 0x008016CA, 0x008016CB, 0x008016CC, 0x008016CD,
  0x008016CE, 0x008016CF, 0x008016D0, 0x008016D1, 0x008016D2, 0x008016D3, 0x008016D4, 0x008016D5, 0x008016D6, 0x008016D7,
  0x008016D8, 0x008016D9, 0x008016DA, 0x008016DB, 0x008016DC, 0x008016DD, 0x008016DE, 0x008016DF, 0x008016E0, 0x008016E1,
  0x008016E2, 0x008016E3, 0x008016E4, 0x008016E5, 0x008016E6, 0x008016E7, 0x008016E8, 0x008016E9, 0x008016EA, 0x008016EB,
  0x008016EC, 0x008016ED, 0x008016EE, 0x008016EF, 0x008016F0, 0x008016F1, 0x008016F2, 0x008016F3, 0x008016F4, 0x008016F5,
  0x008016F6, 0x008016F7, 0x008016F8, 0x008016F9, 0x008016FA, 0x008016FB, 0x008016FC, 0x008016FD, 0x008016FE, 0x008016FF,
  0x00801700, 0x00801701, 0x00805702, 0x00805704, 0x00805706, 0x00801708, 0x00801709, 0x0080170A, 0x0080570B, 0x0080570D,
  0x0080570F, 0x00801711, 0x00801712, 0x00000000, 0x00000000, 0x00000000, 0x00000000, 0x00000000, 0x00000000, 0x00000000,
  0x00000000, 0x00000000, 0x00000000, 0x00000000, 0x00000000, 0x00000000, 0x00000000, 0x00000000, 0x00000000, 0x00000000,
  0x00000000, 0x00000000, 0x00000000, 0x00000000, 0x00000000, 0x00000000, 0x00000000, 0x00000000, 0x00000000, 0x00000000,
  0x00000000, 0x00000000, 0x00000000, 0x00000000, 0x00000000, 0x00000000, 0x00000000, 0x00000000, 0x00000000, 0x00000000,
  0x00000000, 0x00805713, 0x00805715, 0x00805717, 0x00809719, 0x0080971C, 0x0080571F, 0x00805721, 0x00000000, 0x00000000,
  0x00000000, 0x00000000, 0x00000000, 0x00000000, 0x00000000, 0x00000000, 0x00000000, 0x00000000, 0x00000000, 0x00000000,
  0x00805723, 0x00805725, 0x00805727, 0x00805729, 0x0080572B, 0x00000000, 0x00000000, 0x00000000, 0x00000000, 0x00000000,
  0x0E80572D, 0x1A00172F, 0x11805730, 0x00801732, 0x00801733, 0x00801734, 0x00801735, 0x00801736, 0x00801737, 0x00801738,
  0x00801739, 0x0080173A, 0x0080173B, 0x1880573C, 0x1980573E, 0x18809740, 0x19809743, 0x11805746, 0x12805748, 0x1580574A,
  0x1580574C, 0x1580574E, 0x15805750, 0x15805752, 0x15805754, 0x15805756, 0x00000000, 0x15805758, 0x1580575A, 0x1580575C,
  0x1580575E, 0x15805760, 0x00000000, 0x15805762, 0x00000000, 0x15805764, 0x15805766, 0x00000000, 0x15805768, 0x1580576A,
  0x00000000, 0x1580576C, 0x1580576E, 0x15805770, 0x15805772, 0x15805774, 0x13805776, 0x17805778, 0x1780577A, 0x1780577C,
  0x0080577E, 0x00801780, 0x00801781, 0x00801782, 0x00801783, 0x00801784, 0x00801785, 0x00801786, 0x00801787, 0x00801788,
  0x00801789, 0x0080178A, 0x0080178B, 0x0080178C, 0x0080178D, 0x0080178E, 0x0080178F, 0x00801790, 0x00801791, 0x00801792,
  0x00801793, 0x00801794, 0x00801795, 0x00801796, 0x00801797, 0x00801798, 0x00801799, 0x0080179A, 0x0080179B, 0x0080179C,
  0x0080179D, 0x0080179E, 0x0080179F, 0x008017A0, 0x008017A1, 0x008017A2, 0x008017A3, 0x008017A4, 0x008017A5, 0x008017A6,
  0x008017A7, 0x008017A8, 0x008017A9, 0x008017AA, 0x008017AB, 0x008017AC, 0x008017AD, 0x008017AE, 0x008017AF, 0x008017B0,
  0x008017B1, 0x008017B2, 0x008017B3, 0x008017B4, 0x008017B5, 0x008017B6, 0x008017B7, 0x008017B8, 0x008017B9, 0x008017BA,
  0x008017BB, 0x008017BC, 0x008017BD, 0x008017BE, 0x008017BF, 0x008017C0, 0x008017C1, 0x008017C2, 0x008017C3, 0x008017C4,
  0x008017C5, 0x008017C6, 0x008017C7, 0x008017C8, 0x008017C9, 0x008017CA, 0x008017CB, 0x008017CC, 0x008017CD, 0x008017CE,
  0x008017CF, 0x008017D0, 0x008017D1, 0x008017D2, 0x008017D3, 0xE68057D4, 0xE68057D6, 0x008017D8, 0x008017D9, 0x008017DA,
  0x008017DB, 0x008017DC, 0x008017DD, 0x008017DE, 0x008017DF, 0x008017E0, 0x008017E1, 0xE68057E2, 0xE68057E4, 0x00000000,
  0x00000000, 0x00000000, 0x00000000, 0x00000000, 0x00000000, 0x00000000, 0x00000000, 0x00000000, 0x00000000, 0x00000000,
  0x00000000, 0x00000000, 0x00000000, 0x00000000, 0x00000000, 0x00000000, 0x00000000, 0x00000000, 0x008017E6, 0x008017E7,
  0x008017E8, 0x008017E9, 0x008017EA, 0x008017EB, 0x008017EC, 0x008017ED, 0x008017EE, 0x008017EF, 0x008057F0, 0x008017F2,
  0x008017F3, 0x008017F4, 0x008017F5, 0x008017F6, 0x008017F7, 0x008017F8, 0x008017F9, 0x008017FA, 0x008017FB, 0x008017FC,
  0x008017FD, 0x008097FE, 0x00809801, 0x00809804, 0x00809807, 0x0080980A, 0x0080980D, 0x00809810, 0x00809813, 0x00809816,
  0x00809819, 0x0080981C, 0x0080981F, 0x00809822, 0x00809825, 0x00809828, 0x0080982B, 0x0080982E, 0x00809831, 0x00801834,
  0x00801835, 0x00801836, 0x00801837, 0x00809838, 0x0080983B, 0x0080983E, 0x00809841, 0x00809844, 0x00805847, 0x00805849,
  0x0080584B, 0x0080584D, 0x0080584F, 0x00805851, 0x00805853, 0x00805855, 0x00805857, 0x00805859, 0x0080585B, 0x0080585D,
  0x0080585F, 0x00805861, 0x00805863, 0x00805865, 0x00805867, 0x00805869, 0x0080586B, 0x0080586D, 0x0080586F, 0x00805871,
  0x00805873, 0x00805875, 0x00805877, 0x00805879, 0x0080587B, 0x0080587D, 0x0080587F, 0x00805881, 0x00805883, 0x00805885,
  0x00805887, 0x00805889, 0x0080588B, 0x0080588D, 0x0080588F, 0x00805891, 0x00805893, 0x00805895, 0x00805897, 0x00805899,
  0x0080589B, 0x0080589D, 0x0080589F, 0x008058A1, 0x008058A3, 0x008058A5, 0x008058A7, 0x008058A9, 0x008058AB, 0x008058AD,
  0x008058AF, 0x008058B1, 0x008058B3, 0x008058B5, 0x008058B7, 0x008058B9, 0x008058BB, 0x008058BD, 0x008058BF, 0x008058C1,
  0x008058C3, 0x008058C5, 0x008058C7, 0x008058C9, 0x008058CB, 0x008058CD, 0x008058CF, 0x008058D1, 0x008058D3, 0x008058D5,
  0x008058D7, 0x008058D9, 0x008058DB, 0x008058DD, 0x008058DF, 0x008058E1, 0x008058E3, 0x008058E5, 0x008058E7, 0x008058E9,
  0x008058EB, 0x008058ED, 0x008058EF, 0x008058F1, 0x238058F3, 0x238058F5, 0x238058F7, 0x218098F9, 0x218098FC, 0x218098FF,
  0x21809902, 0x21809905, 0x23809908, 0x0080990B, 0x0080990E, 0x00809911, 0x00809914, 0x00809917, 0x0080991A, 0x0080591D,
  0x0080591F, 0x00805921, 0x00805923, 0x00805925, 0x00805927, 0x00805929, 0x0080592B, 0x0080592D, 0x0080592F, 0x00805931,
  0x00805933, 0x00805935, 0x00805937, 0x00805939, 0x0080593B, 0x0080593D, 0x0080593F, 0x00805941, 0x00805943, 0x00805945,
  0x00805947, 0x00805949, 0x0080594B, 0x0080594D, 0x0080594F, 0x00805951, 0x00805953, 0x00805955, 0x00805957, 0x00805959,
  0x0080595B, 0x0080595D, 0x0080595F, 0x00805961, 0x00805963, 0x00805965, 0x00805967, 0x23805969, 0x0080596B, 0x0080596D,
  0x0080596F, 0x00805971, 0x00805973, 0x00805975, 0x00809977, 0x0080997A, 0x0080997D, 0x00809980, 0x00809983, 0x00805986,
  0x00805988, 0x0080598A, 0x0080598C, 0x0080598E, 0x00805990, 0x00805992, 0x00805994, 0x00805996, 0x00805998, 0x0080599A,
  0x0080599C, 0x0080599E, 0x008059A0, 0x008059A2, 0x008059A4, 0x008059A6, 0x008059A8, 0x008059AA, 0x008059AC, 0x008059AE,
  0x008059B0, 0x008059B2, 0x008059B4, 0x008059B6, 0x008059B8, 0x008059BA, 0x008059BC, 0x008059BE, 0x008059C0, 0x008059C2,
  0x008059C4, 0x008059C6, 0x008059C8, 0x008059CA, 0x008059CC, 0x008059CE, 0x008059D0, 0x008059D2, 0x008059D4, 0x008059D6,
  0x008059D8, 0x008059DA, 0x008059DC, 0x008059DE, 0x008059E0, 0x008059E2, 0x008059E4, 0x008059E6, 0x008059E8, 0x008059EA,
  0x008059EC, 0x008059EE, 0x008059F0, 0x008059F2, 0x008059F4, 0x008059F6, 0x008059F8, 0x008059FA, 0x008059FC, 0x008059FE,
  0x23805A00, 0x00805A02, 0x00805A04, 0x00805A06, 0x00805A08, 0x00805A0A, 0x00809A0C, 0x00809A0F, 0x00805A12, 0x00805A14,
  0x00805A16, 0x00805A18, 0x00805A1A, 0x00805A1C, 0x00805A1E, 0x00805A20, 0x00805A22, 0x00805A24, 0x00805A26, 0x00805A28,
  0x00805A2A, 0x00805A2C, 0x00805A2E, 0x00805A30, 0x00805A32, 0x21809A34, 0x21809A37, 0x21809A3A, 0x00805A3D, 0x00805A3F,
  0x00805A41, 0x00805A43, 0x00805A45, 0x00805A47, 0x00805A49, 0x00805A4B, 0x00805A4D, 0x00805A4F, 0x00805A51, 0x00805A53,
  0x00805A55, 0x00805A57, 0x00805A59, 0x00805A5B, 0x00805A5D, 0x00805A5F, 0x00805A61, 0x00805A63, 0x00805A65, 0x00805A67,
  0x00805A69, 0x00805A6B, 0x00805A6D, 0x00805A6F, 0x00805A71, 0x00805A73, 0x00805A75, 0x00805A77, 0x00805A79, 0x00805A7B,
  0x00805A7D, 0x00805A7F, 0x00805A81, 0x00805A83, 0x00805A85, 0x00805A87, 0x00805A89, 0x00805A8B, 0x00805A8D, 0x00805A8F,
  0x00805A91, 0x00805A93, 0x00805A95, 0x00805A97, 0x00805A99, 0x00805A9B, 0x00805A9D, 0x00805A9F, 0x00805AA1, 0x00805AA3,
  0x00805AA5, 0x00805AA7, 0x00805AA9, 0x00805AAB, 0x00805AAD, 0x00805AAF, 0x00805AB1, 0x00805AB3, 0x00805AB5, 0x00805AB7,
  0x00805AB9, 0x00805ABB, 0x00805ABD, 0x00805ABF, 0x00805AC1, 0x00805AC3, 0x00805AC5, 0x00805AC7, 0x00805AC9, 0x1B805ACB,
  0x1B805ACD, 0x00000000, 0x00000000, 0x00000000, 0x00000000, 0x00000000, 0x00000000, 0x00000000, 0x00000000, 0x00000000,
  0x00000000, 0x00000000, 0x00000000, 0x00000000, 0x00000000, 0x00000000, 0x00000000, 0x00809ACF, 0x00809AD2, 0x00809AD5,
  0x00809AD8, 0x00809ADB, 0x00809ADE, 0x00809AE1, 0x00809AE4, 0x00809AE7, 0x00809AEA, 0x00809AED, 0x00809AF0, 0x00809AF3,
  0x00809AF6, 0x00809AF9, 0x00809AFC, 0x00809AFF, 0x00809B02, 0x00809B05, 0x00809B08, 0x00809B0B, 0x00809B0E, 0x00809B11,
  0x00809B14, 0x00809B17, 0x00809B1A, 0x00809B1D, 0x00809B20, 0x00809B23, 0x00809B26, 0x00809B29, 0x00809B2C, 0x00809B2F,
  0x00809B32, 0x00809B35, 0x00809B38, 0x00809B3B, 0x00809B3E, 0x00809B41, 0x00809B44, 0x00809B47, 0x00809B4A, 0x00809B4D,
  0x00809B50, 0x00809B53, 0x00809B56, 0x00809B59, 0x00809B5C, 0x00809B5F, 0x00809B62, 0x00809B65, 0x00809B68, 0x00809B6B,
  0x00809B6E, 0x00809B71, 0x00809B74, 0x00809B77, 0x00809B7A, 0x00809B7D, 0x00809B80, 0x00809B83, 0x00809B86, 0x00809B89,
  0x00809B8C, 0x00000000, 0x00000000, 0x00809B8F, 0x00809B92, 0x00809B95, 0x00809B98, 0x00809B9B, 0x00809B9E, 0x00809BA1,
  0x00809BA4, 0x00809BA7, 0x00809BAA, 0x00809BAD, 0x00809BB0, 0x00809BB3, 0x00809BB6, 0x00809BB9, 0x00809BBC, 0x00809BBF,
  0x00809BC2, 0x00809BC5, 0x00809BC8, 0x00809BCB, 0x00809BCE, 0x00809BD1, 0x00809BD4, 0x00809BD7, 0x00809BDA, 0x00809BDD,
  0x00809BE0, 0x00809BE3, 0x00809BE6, 0x00809BE9, 0x00809BEC, 0x00809BEF, 0x00809BF2, 0x00809BF5, 0x00809BF8, 0x00809BFB,
  0x00809BFE, 0x00809C01, 0x00809C04, 0x00809C07, 0x00809C0A, 0x00809C0D, 0x00809C10, 0x00809C13, 0x00809C16, 0x00809C19,
  0x00809C1C, 0x00809C1F, 0x00809C22, 0x00809C25, 0x00809C28, 0x00809C2B, 0x00809C2E, 0x00000000, 0x00000000, 0x00000000,
  0x00000000, 0x00000000, 0x00000000, 0x00000000, 0x00000000, 0x00000000, 0x00000000, 0x00000000, 0x00000000, 0x00000000,
  0x00000000, 0x00000000, 0x00000000, 0x00000000, 0x00000000, 0x00000000, 0x00000000, 0x00000000, 0x00000000, 0x00000000,
  0x00000000, 0x00000000, 0x00000000, 0x00000000, 0x00000000, 0x00000000, 0x00000000, 0x00000000, 0x00000000, 0x00000000,
  0x00000000, 0x00000000, 0x00000000, 0x00000000, 0x00000000, 0x00000000, 0x00000000, 0x00809C31, 0x00809C34, 0x0080DC37,
  0x0080DC3B, 0x0080DC3F, 0x0080DC43, 0x0080DC47, 0x0080DC4B, 0x0080DC4F, 0x00809C53, 0x00845C56, 0x0081DC68, 0x0080DC70,
  0x00000000, 0x00000000, 0x00000000, 0x00000000, 0x00000000, 0x00000000, 0x00000000, 0x00000000, 0x00000000, 0x00000000,
  0x00000000, 0x00000000, 0x00000000, 0x00000000, 0x00000000, 0x00000000, 0x00801C74, 0x00801C75, 0x00801C76, 0x00801C77,
  0x00801C78, 0x00801C79, 0x00801C7A, 0x00801C7B, 0x00801C7C, 0x00809C7D, 0x00000000, 0x00000000, 0x00000000, 0x00000000,
  0x00000000, 0x00000000, 0xE6001C80, 0xE6001C81, 0xE6001C82, 0xE6001C83, 0xE6001C84, 0xE6001C85, 0xE6001C86, 0xDC001C87,
  0xDC001C88, 0xDC001C89, 0xDC001C8A, 0xDC001C8B, 0xDC001C8C, 0xDC001C8D, 0xE6001C8E, 0xE6001C8F, 0x00805C90, 0x00801C92,
  0x00801C93, 0x00801C94, 0x00801C95, 0x00801C96, 0x00801C97, 0x00801C98, 0x00801C99, 0x00801C9A, 0x00801C9B, 0x00801C9C,
  0x00801C9D, 0x00801C9E, 0x00801C9F, 0x00801CA0, 0x00801CA1, 0x00801CA2, 0x00801CA3, 0x00801CA4, 0x00801CA5, 0x00000000,
  0x00000000, 0x00801CA6, 0x00801CA7, 0xE6805CA8, 0xE6805CAA, 0xE6805CAC, 0xE6805CAE, 0x00801CB0, 0x00801CB1, 0x00801CB2,
  0x00801CB3, 0x00801CB4, 0x00801CB5, 0x00000000, 0x00801CB6, 0x00801CB7, 0x00801CB8, 0x00801CB9, 0x00801CBA, 0x00801CBB,
  0x00801CBC, 0x00801CBD, 0x00801CBE, 0x00801CBF, 0x00801CC0, 0x00801CC1, 0x00801CC2, 0x00801CC3, 0x00801CC4, 0x00801CC5,
  0x00801CC6, 0x00801CC7, 0x00801CC8, 0x00000000, 0x00801CC9, 0x00801CCA, 0x00801CCB, 0x00801CCC, 0x00000000, 0x00000000,
  0x00000000, 0x00000000, 0x1B805CCD, 0x1B805CCF, 0x1C805CD1, 0x00000000, 0x1D805CD3, 0x00000000, 0x1E805CD5, 0x1E805CD7,
  0x1F805CD9, 0x1F805CDB, 0x20805CDD, 0x20805CDF, 0x21805CE1, 0x21805CE3, 0x22805CE5, 0x22805CE7, 0x00801CE9, 0xE6805CEA,
  0xE6805CEC, 0xE6805CEE, 0xE6805CF0, 0xE6805CF2, 0xE6805CF4, 0xDC805CF6, 0xDC805CF8, 0xE6805CFA, 0xE6805CFC, 0xE6805CFE,
  0xE6805D00, 0x00801D02, 0x00801D03, 0x00801D04, 0x00801D05, 0x00801D06, 0x00801D07, 0x00801D08, 0x00801D09, 0x00801D0A,
  0x00801D0B, 0x00801D0C, 0x00801D0D, 0x00801D0E, 0x00801D0F, 0x00801D10, 0x00801D11, 0x00801D12, 0x00801D13, 0x00801D14,
  0x00801D15, 0x00801D16, 0x00801D17, 0x00801D18, 0x00801D19, 0x00801D1A, 0x00801D1B, 0x00801D1C, 0x00801D1D, 0x00801D1E,
  0x00801D1F, 0x00801D20, 0x00801D21, 0x00801D22, 0x00801D23, 0x00801D24, 0x00801D25, 0x00801D26, 0x00801D27, 0x00801D28,
  0x00801D29, 0x00801D2A, 0x00801D2B, 0x00801D2C, 0x00801D2D, 0x00801D2E, 0x00801D2F, 0x00801D30, 0x00801D31, 0x00801D32,
  0x00801D33, 0x00801D34, 0x00801D35, 0x00801D36, 0x00801D37, 0x00801D38, 0x00801D39, 0x00801D3A, 0x00801D3B, 0x00801D3C,
  0x00801D3D, 0x00801D3E, 0x00801D3F, 0x00801D40, 0x00801D41, 0x00801D42, 0x00801D43, 0x00801D44, 0x00801D45, 0x00801D46,
  0x00801D47, 0x00801D48, 0x00801D49, 0x00801D4A, 0x00801D4B, 0x00801D4C, 0x00801D4D, 0x00801D4E, 0x00801D4F, 0x00801D50,
  0x00801D51, 0x00801D52, 0x00801D53, 0x00801D54, 0x00801D55, 0x00801D56, 0x00801D57, 0x00801D58, 0x00801D59, 0x00801D5A,
  0x00801D5B, 0x00801D5C, 0x00801D5D, 0x00801D5E, 0x00801D5F, 0x00801D60, 0x00801D61, 0x00801D62, 0x00801D63, 0x00801D64,
  0x00801D65, 0x00801D66, 0x00801D67, 0x00801D68, 0x00801D69, 0xE6809D6A, 0xE6809D6D, 0xE6809D70, 0xE6809D73, 0xDC809D76,
  0xDC809D79, 0x00805D7C, 0x00805D7E, 0x00000000, 0x00000000, 0x00000000, 0x00801D80, 0x00801D81, 0x00801D82, 0x00801D83,
  0x00801D84, 0x00801D85, 0x00801D86, 0x00801D87, 0x00801D88, 0x00801D89, 0x00801D8A, 0x00801D8B, 0x00801D8C, 0x00801D8D,
  0x00801D8E, 0x00801D8F, 0x00801D90, 0x00801D91, 0x00801D92, 0x00801D93, 0x00801D94, 0x00801D95, 0x00801D96, 0x00801D97,
  0x00801D98, 0x00801D99, 0x00801D9A, 0x00801D9B, 0x00801D9C, 0x00801D9D, 0x00801D9E, 0x00801D9F, 0x00801DA0, 0x00801DA1,
  0x00801DA2, 0x00801DA3, 0x00801DA4, 0x00801DA5, 0x00801DA6, 0x00801DA7, 0x00801DA8, 0x00801DA9, 0x00801DAA, 0x00801DAB,
  0x00801DAC, 0x00801DAD, 0x00801DAE, 0x00801DAF, 0x00801DB0, 0x00801DB1, 0x00801DB2, 0x00801DB3, 0x00801DB4, 0x00801DB5,
  0x00801DB6, 0x00801DB7, 0x00801DB8, 0x00801DB9, 0x00801DBA, 0x00801DBB, 0x00801DBC, 0x00801DBD, 0x00801DBE, 0x00801DBF,
  0x00801DC0, 0x00801DC1, 0x00801DC2, 0x00801DC3, 0x00801DC4, 0x00801DC5, 0x00801DC6, 0x00801DC7, 0x00801DC8, 0x00801DC9,
  0x00801DCA, 0x00801DCB, 0x00801DCC, 0x00801DCD, 0x00801DCE, 0x00801DCF, 0x00801DD0, 0x00801DD1, 0x00801DD2, 0x00801DD3,
  0x00801DD4, 0x00801DD5, 0x00801DD6, 0x00801DD7, 0x00801DD8, 0x00801DD9, 0x00801DDA, 0x00801DDB, 0x00801DDC, 0x00801DDD,
  0x00801DDE, 0x00801DDF, 0x00801DE0, 0x00801DE1, 0x00801DE2, 0x00801DE3, 0x00801DE4, 0x00801DE5, 0x00801DE6, 0x00801DE7,
  0x00801DE8, 0x00801DE9, 0x00801DEA, 0x00801DEB, 0x00801DEC, 0x00801DED, 0x00801DEE, 0x00801DEF, 0x00801DF0, 0x00801DF1,
  0x00801DF2, 0x00801DF3, 0x00801DF4, 0x00801DF5, 0x00801DF6, 0x00801DF7, 0x00801DF8, 0x00801DF9, 0x00801DFA, 0x00801DFB,
  0x00801DFC, 0x00801DFD, 0x00801DFE, 0x00801DFF, 0x00801E00, 0x00801E01, 0x00801E02, 0x00801E03, 0x00801E04, 0x00801E05,
  0x00801E06, 0x00801E07, 0x00801E08, 0x00801E09, 0x00801E0A, 0x00801E0B, 0x00801E0C, 0x00801E0D, 0x00801E0E, 0x00801E0F,
  0x00801E10, 0x00801E11, 0x00801E12, 0x00801E13, 0x00801E14, 0x00801E15, 0x00801E16, 0x00801E17, 0x00801E18, 0x00801E19,
  0x00801E1A, 0x00801E1B, 0x00801E1C, 0x08801E1D, 0x08801E1E, 0x00801E1F, 0x00801E20, 0x00801E21, 0x00801E22, 0x00801E23,
  0x00801E24, 0x00801E25, 0x00801E26, 0x00801E27, 0x00801E28, 0x00801E29, 0x00801E2A, 0x00801E2B, 0x00801E2C, 0x00801E2D,
  0x00801E2E, 0x00801E2F, 0x00801E30, 0x00801E31, 0x00801E32, 0x00801E33, 0x00801E34, 0x00801E35, 0x00801E36, 0x00801E37,
  0x00801E38, 0x00801E39, 0x00801E3A, 0x00801E3B, 0x00801E3C, 0x00801E3D, 0x00000000, 0x00000000, 0x00801E3E, 0x00801E3F,
  0x00801E40, 0x00801E41, 0x00801E42, 0x00801E43, 0x00000000, 0x00000000, 0x00801E44, 0x00801E45, 0x00801E46, 0x00801E47,
  0x00801E48, 0x00801E49, 0x00000000, 0x00000000, 0x00801E4A, 0x00801E4B, 0x00801E4C, 0x00801E4D, 0x00801E4E, 0x00801E4F,
  0x00000000, 0x00000000, 0x00801E50, 0x00801E51, 0x00801E52, 0x00000000, 0x00000000, 0x00000000, 0x00801E53, 0x00801E54,
  0x00801E55, 0xE6805E56, 0x00801E58, 0x00801E59, 0x00801E5A, 0x00000000, 0x00801E5B, 0x00801E5C, 0x00801E5D, 0x00801E5E,
  0x00801E5F, 0x00801E60, 0x00801E61, 0x00000000, 0x00000000, 0x00000000, 0x00000000, 0x00000000, 0x00000000, 0x00000000,
  0x00000000, 0x00000000, 0x00000000, 0x00000000, 0x00000000, 0x00000000, 0x00000000, 0x00000000, 0x00000000, 0x00000000,
  0x00000000, 0x00000000, 0x00000000, 0x00000000, 0x00000000, 0x00000000, 0x00000000, 0x00000000, 0x00000000, 0x00000000,
  0x00000000, 0x00000000, 0x00000000, 0x00000000, 0x00000000, 0x00000000, 0x00000000, 0x00000000, 0x00000000, 0x00000000,
  0x00000000, 0x00000000, 0x00000000, 0x00000000, 0x00000000, 0x00000000, 0x00000000, 0x00000000, 0x00000000, 0x00000000,
  0x00000000, 0x00000000, 0x00000000, 0x00000000, 0x00000000, 0x00000000, 0x00000000, 0x00000000, 0x00000000, 0x00000000,
  0x00000000, 0x00000000, 0x00000000, 0x00000000, 0xDC005E62, 0x00000000, 0x00000000, 0x00000000, 0x00000000, 0x00000000,
  0x00000000, 0x00000000, 0x00000000, 0x00000000, 0x00000000, 0x00000000, 0x00000000, 0x00000000, 0x00000000, 0x00000000,
  0x00000000, 0x00000000, 0x00000000, 0x00000000, 0x00000000, 0x00000000, 0x00000000, 0x00000000, 0x00000000, 0x00000000,
  0x00000000, 0x00000000, 0x00000000, 0x00000000, 0x00000000, 0x00000000, 0x00000000, 0xDC005E64, 0x00000000, 0x00000000,
  0x00000000, 0x00000000, 0x00000000, 0x00000000, 0x00000000, 0x00000000, 0x00000000, 0x00000000, 0x00000000, 0x00000000,
  0x00000000, 0x00000000, 0x00000000, 0x00000000, 0x00000000, 0x00000000, 0x00000000, 0x00000000, 0x00000000, 0x00000000,
  0x00000000, 0x00000000, 0x00000000, 0x00000000, 0x00000000, 0x00000000, 0x00000000, 0x00000000, 0x00000000, 0x00000000,
  0x00000000, 0x00000000, 0x00000000, 0x00000000, 0x00000000, 0x00000000, 0x00000000, 0x00000000, 0x00000000, 0x00000000,
  0x00000000, 0x00000000, 0x00000000, 0x00000000, 0x00000000, 0x00000000, 0x00000000, 0x00000000, 0x00000000, 0x00000000,
  0x00000000, 0x00000000, 0xE6005E66, 0xE6005E68, 0xE6005E6A, 0xE6005E6C, 0xE6005E6E, 0x00000000, 0x00000000, 0x00000000,
  0x00000000, 0x00000000, 0x00000000, 0x00000000, 0x00000000, 0x00000000, 0xE6809E70, 0x00000000, 0x00000000, 0x00000000,
  0x00000000, 0x00000000, 0x00000000, 0x00000000, 0x00000000, 0x00000000, 0x00000000, 0x00000000, 0x00000000, 0x00000000,
  0x00000000, 0x00000000, 0x00000000, 0x00000000, 0x00000000, 0x00000000, 0x00000000, 0x00000000, 0x00000000, 0x00000000,
  0x00000000, 0x00000000, 0x00000000, 0xE6809E73, 0x00000000, 0x00000000, 0x00000000, 0x00000000, 0x00000000, 0x00000000,
  0x00000000, 0x00000000, 0x00000000, 0x00000000, 0x00000000, 0x00000000, 0x00000000, 0x00000000, 0x00000000, 0x00000000,
  0x00000000, 0x00000000, 0x00000000, 0x00000000, 0x00000000, 0x00000000, 0x00000000, 0x00000000, 0x00000000, 0x00000000,
  0x00000000, 0x00801E76, 0x00801E77, 0x00801E78, 0x00801E79, 0x00801E7A, 0x00000000, 0x00801E7B, 0x00801E7C, 0x00801E7D,
  0x00801E7E, 0x00801E7F, 0x00801E80, 0x00801E81, 0x00801E82, 0x00801E83, 0x00801E84, 0x00801E85, 0x00801E86, 0x00801E87,
  0x00801E88, 0x00801E89, 0x00801E8A, 0x00801E8B, 0x00801E8C, 0x00801E8D, 0x00801E8E, 0x00801E8F, 0x00805E90, 0x00801E92,
  0x00801E93, 0x00805E94, 0x00801E96, 0x00805E97, 0x00801E99, 0x00801E9A, 0x00801E9B, 0x00801E9C, 0x00801E9D, 0x00805E9E,
  0x00801EA0, 0x00801EA1, 0x00801EA2, 0x00801EA3, 0x00801EA4, 0x00801EA5, 0x00801EA6, 0x00801EA7, 0x00801EA8, 0x00000000,
  0x00801EA9, 0x00801EAA, 0x00801EAB, 0x00801EAC, 0x00801EAD, 0x00801EAE, 0x00801EAF, 0x00805EB0, 0x00805EB2, 0x00000000,
  0x00000000, 0x00000000, 0x00000000, 0x00000000, 0x00000000, 0x00000000, 0x00000000, 0x00000000, 0x00000000, 0x00000000,
  0x00000000, 0x00000000, 0xDC005EB4, 0x00000000, 0xE6005EB6, 0x00000000, 0x00000000, 0x00000000, 0x00000000, 0x00000000,
  0x00000000, 0x00000000, 0x00000000, 0x00000000, 0x00000000, 0x00000000, 0x00000000, 0x00000000, 0x00000000, 0x00000000,
  0x00000000, 0x00000000, 0x00000000, 0x00000000, 0x00000000, 0x00000000, 0x00000000, 0x00000000, 0x00000000, 0x00000000,
  0x00000000, 0x00000000, 0x00000000, 0x00000000, 0x00000000, 0x00000000, 0x00000000, 0x00000000, 0x00000000, 0x00000000,
  0x00000000, 0x00000000, 0x00000000, 0x00000000, 0x00000000, 0xE6005EB8, 0x01005EBA, 0xDC005EBC, 0x00000000, 0x00000000,
  0x00000000, 0x00000000, 0x09005EBE, 0x00000000, 0x00000000, 0x00000000, 0x00000000, 0x00000000, 0x00000000, 0x00000000,
  0x00000000, 0x00000000, 0x00000000, 0x00000000, 0x00000000, 0x00000000, 0x00000000, 0x00000000, 0x00000000, 0x00000000,
  0x00000000, 0x00000000, 0x00000000, 0x00000000, 0x00000000, 0x00000000, 0x00000000, 0x00000000, 0x00000000, 0x00000000,
  0x00000000, 0x00000000, 0x00000000, 0x00000000, 0x00000000, 0x00000000, 0x00000000, 0x00000000, 0x00000000, 0x00000000,
  0xE6005EC0, 0xDC005EC2, 0x00000000, 0x00000000, 0x00000000, 0x00000000, 0x00000000, 0x00000000, 0x00000000, 0x00000000,
  0x00000000, 0x00000000, 0x00000000, 0x00000000, 0x00000000, 0x00000000, 0x00000000, 0x00000000, 0x00000000, 0x00000000,
  0x00000000, 0x00000000, 0x00000000, 0x00000000, 0x00000000, 0x00000000, 0x00000000, 0x00000000, 0x00000000, 0x00000000,
  0x00000000, 0x00000000, 0x00000000, 0x00000000, 0x00000000, 0x00000000, 0x00000000, 0x00000000, 0xE6005EC4, 0xE6005EC6,
  0xE6005EC8, 0xE6005ECA, 0x00000000, 0x00000000, 0x00000000, 0x00000000, 0x00000000, 0x00000000, 0x00000000, 0x00000000,
  0x00000000, 0x00000000, 0x00000000, 0x00000000, 0x00000000, 0x00000000, 0x00000000, 0x00000000, 0x00000000, 0x00000000,
  0x00000000, 0x00000000, 0x00000000, 0x00000000, 0x00000000, 0x00000000, 0x00000000, 0x00000000, 0x00000000, 0x00000000,
  0x00000000, 0x00000000, 0x00000000, 0x00000000, 0x00000000, 0x00000000, 0x00000000, 0x00000000, 0x00000000, 0x00000000,
  0x00000000, 0x00000000, 0x00000000, 0xE6005ECC, 0xE6005ECE, 0xE6005ED0, 0xE6005ED2, 0xE6005ED4, 0x00000000, 0x00000000,
  0x00000000, 0x00000000, 0x00000000, 0x00000000, 0x00000000, 0x00000000, 0x00000000, 0x00000000, 0x00000000, 0x00000000,
  0x00000000, 0x00000000, 0x00000000, 0x00000000, 0x00000000, 0x00000000, 0x00000000, 0x00000000, 0x00000000, 0x00000000,
  0x00000000, 0x00000000, 0x00000000, 0x00000000, 0x00000000, 0x00000000, 0x00000000, 0x00000000, 0x00000000, 0x00000000,
  0x00000000, 0x00000000, 0x00000000, 0x00000000, 0x00000000, 0x00000000, 0x00000000, 0x00000000, 0x00000000, 0x00000000,
  0x00000000, 0xE6005ED6, 0xE6005ED8, 0x00000000, 0x00000000, 0x00000000, 0x00000000, 0x00000000, 0x00000000, 0x00000000,
  0x00000000, 0x00000000, 0x00000000, 0x00000000, 0x00000000, 0x00000000, 0x00000000, 0x00000000, 0x00000000, 0x00000000,
  0x00000000, 0x00000000, 0x00000000, 0x00000000, 0x00000000, 0x00000000, 0x00000000, 0x00000000, 0x00000000, 0x00000000,
  0x00000000, 0x00000000, 0x00000000, 0x00000000, 0x00000000, 0x00000000, 0x00000000, 0x00000000, 0x00000000, 0x00000000,
  0x00000000, 0x00000000, 0x00000000, 0x00000000, 0x00000000, 0x00000000, 0x00000000, 0x00000000, 0x00000000, 0x00000000,
  0x00000000, 0x00000000, 0x00000000, 0x00000000, 0x00000000, 0x00000000, 0x00000000, 0x00000000, 0x00000000, 0x00000000,
  0x00000000, 0xDC005EDA, 0xDC005EDC, 0x00000000, 0xDC005EDE, 0xDC005EE0, 0xDC005EE2, 0x00000000, 0x00000000, 0x00000000,
  0x00000000, 0x00000000, 0x00000000, 0xDC005EE4, 0xDC005EE6, 0xE6005EE8, 0xE6005EEA, 0xE6005EEC, 0xDC005EEE, 0xE6005EF0,
  0xDC005EF2, 0xDC005EF4, 0xDC005EF6, 0xDC005EF8, 0x00000000, 0x00000000, 0x00000000, 0x00000000, 0x00000000, 0x00000000,
  0x00000000, 0x00000000, 0x00000000, 0x00000000, 0x00000000, 0x00000000, 0x00000000, 0x00000000, 0x00000000, 0x00000000,
  0x00000000, 0x00000000, 0x00000000, 0x00000000, 0x00000000, 0x00000000, 0x00000000, 0x00000000, 0x00000000, 0x00000000,
  0x00000000, 0x00000000, 0x00000000, 0x00000000, 0x00000000, 0x00000000, 0x00000000, 0x00000000, 0x00000000, 0x00000000,
  0x00000000, 0x00000000, 0x00000000, 0x00000000, 0x00000000, 0x00000000, 0x00000000, 0x00000000, 0x00000000, 0x00000000,
  0x00000000, 0xE6005EFA, 0xDC005EFC, 0xE6005EFE, 0xDC005F00, 0x00000000, 0x00000000, 0x00000000, 0x00000000, 0x00000000,
  0x00000000, 0x00000000, 0x00000000, 0x00000000, 0x00000000, 0x00000000, 0x00000000, 0x00000000, 0x00000000, 0x00000000,
  0x00000000, 0x00000000, 0x00000000, 0x00000000, 0x00000000, 0x00000000, 0x00000000, 0x00000000, 0x00000000, 0x00000000,
  0x00000000, 0x00000000, 0x00000000, 0x00000000, 0x00000000, 0x00000000, 0x00000000, 0x00000000, 0x00000000, 0x00000000,
  0x00000000, 0x00000000, 0x00000000, 0x00000000, 0x00000000, 0x00000000, 0x00000000, 0x00000000, 0x00000000, 0x00000000,
  0x00000000, 0x00000000, 0x00000000, 0x00000000, 0x00000000, 0x00000000, 0x00000000, 0x00000000, 0x00000000, 0x00000000,
  0x00000000, 0x00000000, 0x00000000, 0x09005F02, 0x00000000, 0x00000000, 0x00000000, 0x00000000, 0x00000000, 0x00000000,
  0x00000000, 0x00000000, 0x00000000, 0x00000000, 0x00000000, 0x00000000, 0x00000000, 0x00000000, 0x00000000, 0x00000000,
  0x00000000, 0x00000000, 0x00000000, 0x00000000, 0x00000000, 0x00000000, 0x00000000, 0x00000000, 0x00000000, 0x00000000,
  0x00000000, 0x00000000, 0x00000000, 0x00000000, 0x00000000, 0x00000000, 0x00000000, 0x00000000, 0x00000000, 0x00000000,
  0x00000000, 0x00000000, 0x00000000, 0x00000000, 0x00000000, 0x09005F04, 0x00000000, 0x00000000, 0x00000000, 0x00000000,
  0x00000000, 0x00000000, 0x00000000, 0x00000000, 0x00000000, 0x00000000, 0x00000000, 0x00000000, 0x00000000, 0x00000000,
  0x09005F06, 0x00000000, 0x00000000, 0x00000000, 0x00000000, 0x00000000, 0x00000000, 0x00000000, 0x00000000, 0x00000000,
  0x00000000, 0x00000000, 0x00000000, 0x00000000, 0x00000000, 0x00000000, 0x00000000, 0x00000000, 0x00000000, 0x00000000,
  0x00000000, 0x00000000, 0x00000000, 0x00000000, 0x00000000, 0x00000000, 0x00000000, 0x0780DF08, 0x00000000, 0x0780DF0C,
  0x00000000, 0x00000000, 0x00000000, 0x00000000, 0x00000000, 0x00000000, 0x00000000, 0x00000000, 0x00000000, 0x00000000,
  0x00000000, 0x00000000, 0x00000000, 0x00000000, 0x0780DF10, 0x00000000, 0x00000000, 0x00000000, 0x00000000, 0x00000000,
  0x00000000, 0x00000000, 0x00000000, 0x00000000, 0x00000000, 0x00000000, 0x00000000, 0x00000000, 0x09005F14, 0x07005F16,
  0x00000000, 0x00000000, 0x00000000, 0x00000000, 0x00000000, 0xE6005F18, 0xE6005F1A, 0xE6005F1C, 0x00000000, 0x00000000,
  0x00000000, 0x00000000, 0x00000000, 0x00000000, 0x00000000, 0x00000000, 0x00000000, 0x00000000, 0x00000000, 0x00000000,
  0x00000000, 0x00000000, 0x00000000, 0x00000000, 0x00000000, 0x00000000, 0x00000000, 0x00000000, 0x00000000, 0x00000000,
  0x00000000, 0x00000000, 0x00000000, 0x00000000, 0x00000000, 0x00000000, 0x00000000, 0x00000000, 0x00000000, 0x00000000,
  0x00000000, 0x00000000, 0x00000000, 0x00000000, 0x00000000, 0x00000000, 0x00000000, 0x00000000, 0x00000000, 0x00000000,
  0x00000000, 0x0080DF1E, 0x0080DF22, 0x00000000, 0x00000000, 0x00000000, 0x09005F26, 0x09005F28, 0x00000000, 0x00000000,
  0x00000000, 0x00000000, 0x00000000, 0x00000000, 0x00000000, 0x00000000, 0x00000000, 0x00000000, 0x00000000, 0x00000000,
  0x00000000, 0x00000000, 0x00000000, 0x00000000, 0x00000000, 0x00000000, 0x00000000, 0x00000000, 0x00000000, 0x00000000,
  0x00000000, 0x00000000, 0x00000000, 0x00000000, 0x00000000, 0x00000000, 0x00000000, 0x00000000, 0x00000000, 0x00000000,
  0x00000000, 0x00000000, 0x00000000, 0x00000000, 0x00000000, 0x00000000, 0x00000000, 0x00000000, 0x00000000, 0x00000000,
  0x00000000, 0x00000000, 0x00000000, 0x00000000, 0x00000000, 0x00000000, 0x00000000, 0x00000000, 0x00000000, 0x07005F2A,
  0x00000000, 0x00000000, 0x00000000, 0x00000000, 0x00000000, 0x00000000, 0x00000000, 0x00000000, 0x00000000, 0x00000000,
  0x00000000, 0x00000000, 0x09005F2C, 0x00000000, 0x00000000, 0x00000000, 0x00000000, 0x00000000, 0x00000000, 0x00000000,
  0x00000000, 0x00000000, 0x07005F2E, 0x00000000, 0x00000000, 0x00000000, 0x00000000, 0x00000000, 0x00000000, 0x00000000,
  0x00000000, 0x00000000, 0x00000000, 0x00000000, 0x00000000, 0x00000000, 0x00000000, 0x00000000, 0x00000000, 0x00000000,
  0x00000000, 0x00000000, 0x00000000, 0x00000000, 0x00000000, 0x00000000, 0x00000000, 0x00000000, 0x00000000, 0x00000000,
  0x00000000, 0x00000000, 0x00000000, 0x00000000, 0x00000000, 0x00000000, 0x00000000, 0x00000000, 0x00000000, 0x00000000,
  0x00000000, 0x00000000, 0x00000000, 0x00000000, 0x00000000, 0x00000000, 0x00000000, 0x00000000, 0x00000000, 0x00000000,
  0x00000000, 0x00000000, 0x00000000, 0x00000000, 0x00000000, 0x00000000, 0x09005F30, 0x07005F32, 0x00000000, 0x00000000,
  0x00000000, 0x00000000, 0x00000000, 0x00000000, 0x00000000, 0x00000000, 0x00000000, 0x00000000, 0x00000000, 0x00000000,
  0x00000000, 0x00000000, 0x00000000, 0x00000000, 0x00000000, 0x00000000, 0x00000000, 0x00000000, 0x00000000, 0x00000000,
  0x00000000, 0x00000000, 0x00000000, 0x00000000, 0x00000000, 0x00000000, 0x00000000, 0x00000000, 0x00000000, 0x00000000,
  0x00000000, 0x00000000, 0x00000000, 0x00000000, 0x00000000, 0x00000000, 0x00000000, 0x00000000, 0x00000000, 0x07005F34,
  0x09005F36, 0x00000000, 0x00000000, 0x00000000, 0x00000000, 0x00000000, 0x00000000, 0x00000000, 0x00000000, 0x00000000,
  0x00000000, 0x00000000, 0x00000000, 0x00000000, 0x00000000, 0x00000000, 0x00000000, 0x00000000, 0x00000000, 0x00000000,
  0x00000000, 0x00000000, 0x00000000, 0x00000000, 0x00000000, 0x00000000, 0x00000000, 0x00000000, 0x00000000, 0x00000000,
  0x00000000, 0x00000000, 0x00000000, 0x00000000, 0x00000000, 0x00000000, 0x00000000, 0x00000000, 0x00000000, 0x00000000,
  0x00000000, 0x00000000, 0x00000000, 0x00000000, 0x00000000, 0x00000000, 0x00000000, 0x00000000, 0x00000000, 0x00000000,
  0x00000000, 0x00000000, 0x00000000, 0x00000000, 0x00000000, 0x00000000, 0x00000000, 0x00000000, 0x00000000, 0x00000000,
  0x07005F38, 0x07005F3A, 0x00000000, 0x00000000, 0x00000000, 0x00000000, 0x00000000, 0x00000000, 0x00000000, 0x00000000,
  0x00000000, 0x00000000, 0x00000000, 0x0080DF3C, 0x0080DF40, 0x09005F44, 0x00000000, 0x00000000, 0x00000000, 0x00000000,
  0x00000000, 0x00000000, 0x00000000, 0x00000000, 0x00000000, 0x00000000, 0x00000000, 0x00000000, 0x00000000, 0x00000000,
  0x00000000, 0x00000000, 0x00000000, 0x00000000, 0x00000000, 0x00000000, 0x00000000, 0x00000000, 0x00000000, 0x00000000,
  0xE6005F46, 0xE6005F48, 0xE6005F4A, 0xE6005F4C, 0xE6005F4E, 0xE6005F50, 0xE6005F52, 0x00000000, 0x00000000, 0x00000000,
  0xE6005F54, 0xE6005F56, 0xE6005F58, 0xE6005F5A, 0xE6005F5C, 0x00000000, 0x00000000, 0x00000000, 0x00000000, 0x00000000,
  0x00000000, 0x00000000, 0x00000000, 0x00000000, 0x00000000, 0x00000000, 0x0080DF5E, 0x00000000, 0x0080DF62, 0x00000000,
  0x00000000, 0x00000000, 0x00000000, 0x00000000, 0x00000000, 0x00000000, 0x00000000, 0x0080DF66, 0x00000000, 0x00000000,
  0x0080DF6A, 0x00000000, 0x00000000, 0x00000000, 0x00000000, 0x00000000, 0x00000000, 0x00000000, 0x00000000, 0x00000000,
  0x00000000, 0x00000000, 0x00000000, 0x00000000, 0x00000000, 0x00000000, 0x00000000, 0x00000000, 0x00000000, 0x00000000,
  0x00000000, 0x00000000, 0x00000000, 0x00000000, 0x00000000, 0x00000000, 0x00000000, 0x00000000, 0x00000000, 0x00000000,
  0x00000000, 0x00000000, 0x00000000, 0x00000000, 0x00000000, 0x00000000, 0x00000000, 0x00000000, 0x00000000, 0x00000000,
  0x00000000, 0x00000000, 0x00000000, 0x00000000, 0x00000000, 0x00000000, 0x00000000, 0x0080DF6E, 0x00000000, 0x0080DF72,
  0x0080DF76, 0x00000000, 0x00000000, 0x00000000, 0x00000000, 0x00000000, 0x09005F7A, 0x09005F7C, 0x09005F7E, 0x00000000,
  0x00000000, 0x00000000, 0x00000000, 0x00000000, 0x00000000, 0x00000000, 0x00000000, 0x00000000, 0x00000000, 0x00000000,
  0x00000000, 0x00000000, 0x00000000, 0x00000000, 0x00000000, 0x00000000, 0x00000000, 0x00000000, 0x00000000, 0x00000000,
  0x00000000, 0x00000000, 0x00000000, 0x00000000, 0x00000000, 0x00000000, 0x00000000, 0x00000000, 0x00000000, 0x00000000,
  0x00000000, 0x00000000, 0x00000000, 0x00000000, 0x00000000, 0x00000000, 0x00000000, 0x00000000, 0x00000000, 0x00000000,
  0x00000000, 0x00000000, 0x00000000, 0x00000000, 0x00000000, 0x00000000, 0x09005F80, 0x00000000, 0x00000000, 0x00000000,
  0x07005F82, 0x00000000, 0x00000000, 0x00000000, 0x00000000, 0x00000000, 0x00000000, 0x00000000, 0x00000000, 0x00000000,
  0x00000000, 0x00000000, 0x00000000, 0x00000000, 0x00000000, 0x00000000, 0x00000000, 0x00000000, 0x00000000, 0x00000000,
  0x00000000, 0x00000000, 0x00000000, 0x00000000, 0xE6005F84, 0x00000000, 0x00000000, 0x00000000, 0x00000000, 0x00000000,
  0x00000000, 0x00000000, 0x00000000, 0x00000000, 0x00000000, 0x00000000, 0x00000000, 0x00000000, 0x00000000, 0x00000000,
  0x00000000, 0x00000000, 0x00000000, 0x00000000, 0x00000000, 0x00000000, 0x00000000, 0x00000000, 0x00000000, 0x00000000,
  0x00000000, 0x00000000, 0x00000000, 0x00000000, 0x00000000, 0x00000000, 0x00000000, 0x00000000, 0x00000000, 0x00000000,
  0x00000000, 0x00000000, 0x00000000, 0x00000000, 0x00000000, 0x00000000, 0x00000000, 0x00000000, 0x00000000, 0x00000000,
  0x00000000, 0x00000000, 0x00000000, 0x00000000, 0x00000000, 0x00000000, 0x00000000, 0x00000000, 0x00000000, 0x00000000,
  0x00000000, 0x00000000, 0x00000000, 0x00000000, 0x0080DF86, 0x0080DF8A, 0x00000000, 0x0080DF8E, 0x00000000, 0x00000000,
  0x09005F92, 0x07005F94, 0x00000000, 0x00000000, 0x00000000, 0x00000000, 0x00000000, 0x00000000, 0x00000000, 0x00000000,
  0x00000000, 0x00000000, 0x00000000, 0x00000000, 0x00000000, 0x00000000, 0x00000000, 0x00000000, 0x00000000, 0x00000000,
  0x00000000, 0x00000000, 0x00000000, 0x00000000, 0x00000000, 0x00000000, 0x00000000, 0x00000000, 0x00000000, 0x00000000,
  0x00000000, 0x00000000, 0x00000000, 0x00000000, 0x00000000, 0x00000000, 0x00000000, 0x00000000, 0x00000000, 0x00000000,
  0x00000000, 0x00000000, 0x00000000, 0x00000000, 0x00000000, 0x00000000, 0x00000000, 0x00000000, 0x00000000, 0x00000000,
  0x00000000, 0x00000000, 0x00000000, 0x00000000, 0x00000000, 0x00000000, 0x00000000, 0x00000000, 0x00000000, 0x00000000,
  0x00000000, 0x00000000, 0x0080DF96, 0x0080DF9A, 0x00000000, 0x00000000, 0x00000000, 0x09005F9E, 0x07005FA0, 0x00000000,
  0x00000000, 0x00000000, 0x00000000, 0x00000000, 0x00000000, 0x00000000, 0x00000000, 0x00000000, 0x00000000, 0x00000000,
  0x00000000, 0x00000000, 0x00000000, 0x00000000, 0x00000000, 0x00000000, 0x00000000, 0x00000000, 0x00000000, 0x00000000,
  0x00000000, 0x00000000, 0x00000000, 0x00000000, 0x00000000, 0x00000000, 0x00000000, 0x00000000, 0x00000000, 0x00000000,
  0x00000000, 0x00000000, 0x00000000, 0x00000000, 0x00000000, 0x00000000, 0x00000000, 0x00000000, 0x00000000, 0x00000000,
  0x00000000, 0x00000000, 0x00000000, 0x00000000, 0x00000000, 0x00000000, 0x00000000, 0x00000000, 0x00000000, 0x00000000,
  0x00000000, 0x00000000, 0x00000000, 0x00000000, 0x00000000, 0x00000000, 0x00000000, 0x00000000, 0x00000000, 0x00000000,
  0x00000000, 0x00000000, 0x09005FA2, 0x00000000, 0x00000000, 0x00000000, 0x00000000, 0x00000000, 0x00000000, 0x00000000,
  0x00000000, 0x00000000, 0x00000000, 0x00000000, 0x00000000, 0x00000000, 0x00000000, 0x00000000, 0x00000000, 0x00000000,
  0x00000000, 0x00000000, 0x00000000, 0x00000000, 0x00000000, 0x00000000, 0x00000000, 0x00000000, 0x00000000, 0x00000000,
  0x00000000, 0x00000000, 0x00000000, 0x00000000, 0x00000000, 0x00000000, 0x00000000, 0x00000000, 0x00000000, 0x00000000,
  0x00000000, 0x00000000, 0x00000000, 0x00000000, 0x00000000, 0x00000000, 0x00000000, 0x00000000, 0x00000000, 0x00000000,
  0x00000000, 0x00000000, 0x00000000, 0x00000000, 0x00000000, 0x00000000, 0x00000000, 0x09005FA4, 0x07005FA6, 0x00000000,
  0x00000000, 0x00000000, 0x00000000, 0x00000000, 0x00000000, 0x00000000, 0x00000000, 0x00000000, 0x00000000, 0x00000000,
  0x00000000, 0x00000000, 0x00000000, 0x00000000, 0x00000000, 0x00000000, 0x00000000, 0x00000000, 0x00000000, 0x00000000,
  0x00000000, 0x00000000, 0x00000000, 0x00000000, 0x00000000, 0x00000000, 0x00000000, 0x00000000, 0x00000000, 0x00000000,
  0x00000000, 0x00000000, 0x00000000, 0x00000000, 0x00000000, 0x00000000, 0x00000000, 0x00000000, 0x00000000, 0x00000000,
  0x00000000, 0x00000000, 0x09005FA8, 0x00000000, 0x00000000, 0x00000000, 0x00000000, 0x00000000, 0x00000000, 0x00000000,
  0x00000000, 0x00000000, 0x00000000, 0x00000000, 0x00000000, 0x00000000, 0x00000000, 0x00000000, 0x00000000, 0x00000000,
  0x00000000, 0x00000000, 0x00000000, 0x00000000, 0x00000000, 0x00000000, 0x00000000, 0x00000000, 0x00000000, 0x00000000,
  0x00000000, 0x00000000, 0x00000000, 0x00000000, 0x00000000, 0x00000000, 0x00000000, 0x00000000, 0x00000000, 0x00000000,
  0x00000000, 0x00000000, 0x00000000, 0x00000000, 0x00000000, 0x00000000, 0x00000000, 0x00000000, 0x00000000, 0x00000000,
  0x00000000, 0x00000000, 0x00000000, 0x00000000, 0x00000000, 0x00000000, 0x00000000, 0x00000000, 0x00000000, 0x00000000,
  0x09005FAA, 0x07005FAC, 0x00000000, 0x00000000, 0x00000000, 0x00000000, 0x00000000, 0x00000000, 0x00000000, 0x00000000,
  0x00000000, 0x00000000, 0x00000000, 0x00000000, 0x00000000, 0x00000000, 0x00000000, 0x00000000, 0x00000000, 0x00000000,
  0x00000000, 0x00000000, 0x00000000, 0x00000000, 0x00000000, 0x00000000, 0x00000000, 0x00000000, 0x00000000, 0x00000000,
  0x00000000, 0x00000000, 0x00000000, 0x00000000, 0x00000000, 0x00000000, 0x00000000, 0x00000000, 0x00000000, 0x00000000,
  0x00000000, 0x00000000, 0x00000000, 0x00000000, 0x00000000, 0x00000000, 0x00000000, 0x00000000, 0x00000000, 0x00000000,
  0x00000000, 0x00000000, 0x00000000, 0x00000000, 0x00000000, 0x00000000, 0x00000000, 0x00000000, 0x0080DFAE, 0x00000000,
  0x00000000, 0x00000000, 0x00000000, 0x09005FB2, 0x09005FB4, 0x00000000, 0x00000000, 0x00000000, 0x07005FB6, 0x00000000,
  0x00000000, 0x00000000, 0x00000000, 0x00000000, 0x00000000, 0x00000000, 0x00000000, 0x00000000, 0x00000000, 0x00000000,
  0x00000000, 0x00000000, 0x00000000, 0x00000000, 0x00000000, 0x00000000, 0x00000000, 0x00000000, 0x00000000, 0x00000000,
  0x00000000, 0x00000000, 0x00000000, 0x00000000, 0x00000000, 0x00000000, 0x00000000, 0x00000000, 0x00000000, 0x00000000,
  0x00000000, 0x00000000, 0x00000000, 0x00000000, 0x00000000, 0x00000000, 0x00000000, 0x00000000, 0x00000000, 0x00000000,
  0x00000000, 0x00000000, 0x00000000, 0x00000000, 0x00000000, 0x00000000, 0x00000000, 0x00000000, 0x00000000, 0x00000000,
  0x00000000, 0x00000000, 0x00000000, 0x00000000, 0x00000000, 0x00000000, 0x00000000, 0x00000000, 0x00000000, 0x09005FB8,
  0x00000000, 0x00000000, 0x00000000, 0x00000000, 0x00000000, 0x00000000, 0x00000000, 0x00000000, 0x00000000, 0x00000000,
  0x00000000, 0x00000000, 0x00000000, 0x00000000, 0x00000000, 0x00000000, 0x00000000, 0x00000000, 0x00000000, 0x00000000,
  0x00000000, 0x00000000, 0x00000000, 0x00000000, 0x00000000, 0x00000000, 0x00000000, 0x00000000, 0x00000000, 0x00000000,
  0x00000000, 0x00000000, 0x00000000, 0x00000000, 0x00000000, 0x00000000, 0x00000000, 0x00000000, 0x00000000, 0x00000000,
  0x00000000, 0x00000000, 0x00000000, 0x00000000, 0x00000000, 0x00000000, 0x00000000, 0x00000000, 0x00000000, 0x00000000,
  0x00000000, 0x00000000, 0x09005FBA, 0x00000000, 0x00000000, 0x00000000, 0x00000000, 0x00000000, 0x00000000, 0x00000000,
  0x00000000, 0x00000000, 0x00000000, 0x00000000, 0x09005FBC, 0x00000000, 0x00000000, 0x00000000, 0x00000000, 0x00000000,
  0x00000000, 0x00000000, 0x00000000, 0x00000000, 0x00000000, 0x00000000, 0x00000000, 0x00000000, 0x00000000, 0x00000000,
  0x00000000, 0x00000000, 0x00000000, 0x00000000, 0x00000000, 0x00000000, 0x00000000, 0x00000000, 0x00000000, 0x00000000,
  0x00000000, 0x00000000, 0x00000000, 0x00000000, 0x00000000, 0x00000000, 0x00000000, 0x00000000, 0x00000000, 0x00000000,
  0x00000000, 0x00000000, 0x00000000, 0x00000000, 0x00000000, 0x00000000, 0x00000000, 0x00000000, 0x00000000, 0x00000000,
  0x00000000, 0x00000000, 0x00000000, 0x00000000, 0x00000000, 0x00000000, 0x00000000, 0x00000000, 0x00000000, 0x00000000,
  0x00000000, 0x09005FBE, 0x00000000, 0x00000000, 0x00000000, 0x00000000, 0x00000000, 0x00000000, 0x00000000, 0x00000000,
  0x00000000, 0x00000000, 0x00000000, 0x00000000, 0x00000000, 0x00000000, 0x00000000, 0x00000000, 0x00000000, 0x00000000,
  0x00000000, 0x00000000, 0x00000000, 0x00000000, 0x00000000, 0x00000000, 0x00000000, 0x00000000, 0x00000000, 0x00000000,
  0x00000000, 0x00000000, 0x00000000, 0x00000000, 0x00000000, 0x00000000, 0x00000000, 0x00000000, 0x00000000, 0x00000000,
  0x00000000, 0x00000000, 0x00000000, 0x00000000, 0x00000000, 0x00000000, 0x00000000, 0x00000000, 0x00000000, 0x00000000,
  0x00000000, 0x00000000, 0x00000000, 0x00000000, 0x00000000, 0x00000000, 0x00000000, 0x00000000, 0x00000000, 0x00000000,
  0x00000000, 0x00000000, 0x00000000, 0x00000000, 0x00000000, 0x09005FC0, 0x00000000, 0x00000000, 0x07005FC2, 0x00000000,
  0x09005FC4, 0x09005FC6, 0x00000000, 0x00000000, 0x00000000, 0x00000000, 0x00000000, 0x00000000, 0x00000000, 0x00000000,
  0x00000000, 0x00000000, 0x00000000, 0x00000000, 0x00000000, 0x00000000, 0x00000000, 0x00000000, 0x00000000, 0x00000000,
  0x00000000, 0x00000000, 0x00000000, 0x00000000, 0x00000000, 0x00000000, 0x00000000, 0x00000000, 0x00000000, 0x00000000,
  0x00000000, 0x00000000, 0x00000000, 0x00000000, 0x00000000, 0x00000000, 0x00000000, 0x00000000, 0x00000000, 0x00000000,
  0x00000000, 0x00000000, 0x00000000, 0x00000000, 0x00000000, 0x00000000, 0x00000000, 0x00000000, 0x00000000, 0x00000000,
  0x00000000, 0x00000000, 0x00000000, 0x00000000, 0x00000000, 0x00000000, 0x00000000, 0x00000000, 0x00000000, 0x00000000,
  0x09005FC8, 0x00000000, 0x00000000, 0x00000000, 0x00000000, 0x00000000, 0x00000000, 0x00000000, 0x00000000, 0x00000000,
  0x00000000, 0x00000000, 0x00000000, 0x00000000, 0x00000000, 0x00000000, 0x00000000, 0x00000000, 0x00000000, 0x00000000,
  0x00000000, 0x00000000, 0x00000000, 0x00000000, 0x00000000, 0x00000000, 0x00000000, 0x00000000, 0x00000000, 0x00000000,
  0x00000000, 0x00000000, 0x00000000, 0x00000000, 0x00000000, 0x00000000, 0x00000000, 0x00000000, 0x00000000, 0x00000000,
  0x00000000, 0x09005FCA, 0x09005FCC, 0x00000000, 0x00000000, 0x00000000, 0x00000000, 0x00000000, 0x00000000, 0x00000000,
  0x00000000, 0x00000000, 0x00000000, 0x00000000, 0x00000000, 0x00000000, 0x00000000, 0x00000000, 0x00000000, 0x00000000,
  0x00000000, 0x00000000, 0x00000000, 0x00000000, 0x00000000, 0x00000000, 0x00000000, 0x00000000, 0x00000000, 0x00000000,
  0x00000000, 0x00000000, 0x00000000, 0x00000000, 0x00000000, 0x00000000, 0x00000000, 0x00000000, 0x00000000, 0x00000000,
  0x00000000, 0x00000000, 0x00000000, 0x00000000, 0x00000000, 0x00000000, 0x00000000, 0x00000000, 0x00000000, 0x00000000,
  0x00000000, 0x00000000, 0x00000000, 0x00000000, 0x00000000, 0x00000000, 0x00000000, 0x00000000, 0x00000000, 0x00000000,
  0x00000000, 0x00000000, 0x00000000, 0x00000000, 0x0080DFCE, 0x0080DFD2, 0x0080DFD6, 0x0080DFDA, 0x0080DFDE, 0x00815FE2,
  0x00815FE8, 0x00815FEE, 0x00000000, 0x00000000, 0x00000000, 0x00000000, 0x00000000, 0x00000000, 0x09005FF4, 0x00000000,
  0x00000000, 0x00000000, 0x00000000, 0x00000000, 0x00000000, 0x00000000, 0x00000000, 0x00000000, 0x00000000, 0x00000000,
  0x00000000, 0x00000000, 0x00000000, 0x00000000, 0x00000000, 0x00000000, 0x00000000, 0x00000000, 0x00000000, 0x00000000,
  0x00000000, 0x00000000, 0x00000000, 0x00000000, 0x00000000, 0x00000000, 0x00000000, 0x00000000, 0x00000000, 0x00000000,
  0x00000000, 0x00000000, 0x00000000, 0x00000000, 0x00000000, 0x00000000, 0x00000000, 0x00000000, 0x00000000, 0x00000000,
  0x00000000, 0x00000000, 0x00000000, 0x00000000, 0x00000000, 0x00000000, 0x00000000, 0x01005FF6, 0x01005FF8, 0x01005FFA,
  0x01005FFC, 0x01005FFE, 0x00000000, 0x00000000, 0x00000000, 0x00000000, 0x00000000, 0x00000000, 0x00000000, 0x00000000,
  0x00000000, 0x00000000, 0x00000000, 0x00000000, 0x00000000, 0x00000000, 0x00000000, 0x00000000, 0x00000000, 0x00000000,
  0x00000000, 0x00000000, 0x00000000, 0x00000000, 0x00000000, 0x00000000, 0x00000000, 0x00000000, 0x00000000, 0x00000000,
  0x00000000, 0x00000000, 0x00000000, 0x00000000, 0x00000000, 0x00000000, 0x00000000, 0x00000000, 0x00000000, 0x00000000,
  0x00000000, 0x00000000, 0x00000000, 0x00000000, 0x00000000, 0x00000000, 0x00000000, 0x00000000, 0x00000000, 0x00000000,
  0xE6006000, 0xE6006002, 0xE6006004, 0xE6006006, 0xE6006008, 0xE600600A, 0xE600600C, 0x00000000, 0x00000000, 0x00000000,
  0x00000000, 0x00000000, 0x00000000, 0x00000000, 0x00000000, 0x00000000, 0x00000000, 0x00000000, 0x00000000, 0x00000000,
  0x00000000, 0x00000000, 0x00000000, 0x00000000, 0x00000000, 0x00000000, 0x00000000, 0x00000000, 0x00000000, 0x00000000,
  0x00000000, 0x00000000, 0x00000000, 0x00000000, 0x00000000, 0x00000000, 0x00000000, 0x00000000, 0x00000000, 0x00000000,
  0x00000000, 0x00000000, 0x00000000, 0x00000000, 0x00000000, 0x00000000, 0x00000000, 0x0080E00E, 0x0080E012, 0x00816016,
  0x00000000, 0x00000000, 0x00000000, 0x00000000, 0x00000000, 0x00000000, 0x00000000, 0x00000000, 0x00000000, 0x00000000,
  0x00000000, 0x00000000, 0x00000000, 0x00000000, 0x00000000, 0x00000000, 0x00000000, 0x00000000, 0x00000000, 0x00000000,
  0x00000000, 0x00000000, 0x00000000, 0x00000000, 0x00000000, 0x00000000, 0x00000000, 0x00000000, 0x00000000, 0x00000000,
  0x00000000, 0x00000000, 0x00000000, 0x00000000, 0x00000000, 0x00000000, 0x00000000, 0x00000000, 0x00000000, 0x00000000,
  0x00000000, 0x00000000, 0x00000000, 0x00000000, 0x00000000, 0x00000000, 0x00000000, 0x00000000, 0x0600601C, 0x0600601E,
  0x00000000, 0x00000000, 0x00000000, 0x00000000, 0x00000000, 0x00000000, 0x00000000, 0x00000000, 0x00000000, 0x00000000,
  0x00000000, 0x00000000, 0x00000000, 0x00000000, 0x00000000, 0x00000000, 0x00000000, 0x00000000, 0x00000000, 0x00000000,
  0x00000000, 0x00000000, 0x00000000, 0x00000000, 0x00000000, 0x00000000, 0x00000000, 0x00000000, 0x00000000, 0x00000000,
  0x01006020, 0x00000000, 0x00000000, 0x00000000, 0x00000000, 0x00000000, 0x00000000, 0x00000000, 0x00000000, 0x00000000,
  0x00000000, 0x00000000, 0x00000000, 0x00000000, 0x00000000, 0x00000000, 0x00000000, 0x00000000, 0x00000000, 0x00000000,
  0x00000000, 0x00000000, 0x00000000, 0x00000000, 0x00000000, 0x00000000, 0x00000000, 0x00000000, 0x00000000, 0x00000000,
  0x00000000, 0x00000000, 0x00000000, 0x00000000, 0x00802022, 0x00802023, 0x00802024, 0x00802025, 0x00802026, 0x00802027,
  0x00802028, 0x00802029, 0x0080202A, 0x0080202B, 0x0080202C, 0x0080202D, 0x0080202E, 0x0080202F, 0x00802030, 0x00802031,
  0x00802032, 0x00802033, 0x00802034, 0x00802035, 0x00802036, 0x00802037, 0x00802038, 0x00802039, 0x0080203A, 0x0080203B,
  0x0080203C, 0x0080203D, 0x0080203E, 0x0080203F, 0x00802040, 0x00802041, 0x00802042, 0x00802043, 0x00802044, 0x00802045,
  0x00000000, 0x00000000, 0x00000000, 0x00000000, 0x00000000, 0x00000000, 0x00000000, 0x00000000, 0x00000000, 0x00000000,
  0x00000000, 0x00000000, 0x00000000, 0x00000000, 0x00000000, 0x00000000, 0x00000000, 0x00000000, 0x00000000, 0x00000000,
  0x00000000, 0x00000000, 0x00000000, 0x00000000, 0x00000000, 0x00000000, 0x00000000, 0x00000000, 0x00000000, 0x00000000,
  0xD880E046, 0xD880E04A, 0xD881604E, 0xD8816054, 0xD881605A, 0xD8816060, 0xD8816066, 0xD800606C, 0xD800606E, 0x01006070,
  0x01006072, 0x01006074, 0x00000000, 0x00000000, 0x00000000, 0xE2006076, 0xD8006078, 0xD800607A, 0xD800607C, 0xD800607E,
  0xD8006080, 0x00000000, 0x00000000, 0x00000000, 0x00000000, 0x00000000, 0x00000000, 0x00000000, 0x00000000, 0xDC006082,
  0xDC006084, 0xDC006086, 0xDC006088, 0xDC00608A, 0xDC00608C, 0xDC00608E, 0xDC006090, 0x00000000, 0x00000000, 0xE6006092,
  0xE6006094, 0xE6006096, 0xE6006098, 0xE600609A, 0xDC00609C, 0xDC00609E, 0x00000000, 0x00000000, 0x00000000, 0x00000000,
  0x00000000, 0x00000000, 0x00000000, 0x00000000, 0x00000000, 0x00000000, 0x00000000, 0x00000000, 0x00000000, 0x00000000,
  0x00000000, 0x00000000, 0x00000000, 0x00000000, 0x00000000, 0x00000000, 0x00000000, 0x00000000, 0x00000000, 0x00000000,
  0x00000000, 0x00000000, 0x00000000, 0x00000000, 0x00000000, 0x00000000, 0xE60060A0, 0xE60060A2, 0xE60060A4, 0xE60060A6,
  0x00000000, 0x00000000, 0x00000000, 0x00000000, 0x00000000, 0x00000000, 0x00000000, 0x00000000, 0x00000000, 0x00000000,
  0x00000000, 0x00000000, 0x00000000, 0xD880E0A8, 0xD880E0AC, 0xD88160B0, 0xD88160B6, 0xD88160BC, 0xD88160C2, 0x00000000,
  0x00000000, 0x00000000, 0x00000000, 0x00000000, 0x00000000, 0x00000000, 0x00000000, 0x00000000, 0x00000000, 0x00000000,
  0x00000000, 0x00000000, 0x00000000, 0x00000000, 0x00000000, 0x00000000, 0x00000000, 0x00000000, 0x00000000, 0x00000000,
  0x00000000, 0x00000000, 0x00000000, 0x00000000, 0x00000000, 0x00000000, 0x00000000, 0x00000000, 0x00000000, 0x00000000,
  0x00000000, 0x00000000, 0x00000000, 0x00000000, 0x00000000, 0x00000000, 0x00000000, 0x00000000, 0x00000000, 0x00000000,
  0x00000000, 0x00000000, 0x00000000, 0x00000000, 0x00000000, 0x00000000, 0x00000000, 0x00000000, 0x00000000, 0x00000000,
  0x00000000, 0x00000000, 0x00000000, 0x00000000, 0x00000000, 0x00000000, 0x00000000, 0x00000000, 0x00000000, 0x00000000,
  0x00000000, 0x00000000, 0xE60060C8, 0xE60060CA, 0xE60060CC, 0x00000000, 0x00000000, 0x00000000, 0x00000000, 0x00000000,
  0x00000000, 0x00000000, 0x00000000, 0x00000000, 0x00000000, 0x00000000, 0x00000000, 0x00000000, 0x00000000, 0x00000000,
  0x00000000, 0x00000000, 0x00000000, 0x00000000, 0x00000000, 0x00000000, 0x00000000, 0x00000000, 0x00000000, 0x00000000,
  0x00000000, 0x00000000, 0x00000000, 0x00000000, 0x00000000, 0x00000000, 0x00000000, 0x00000000, 0x00000000, 0x00000000,
  0x00000000, 0x00000000, 0x00000000, 0x00000000, 0x00000000, 0x00000000, 0x00000000, 0x00000000, 0x00000000, 0x00000000,
  0x00000000, 0x00000000, 0x00000000, 0x00000000, 0x00000000, 0x00000000, 0x00000000, 0x00000000, 0x00000000, 0x00000000,
  0x00000000, 0x00000000, 0x00000000, 0x00000000, 0x008020CE, 0x008020CF, 0x008020D0, 0x008020D1, 0x008020D2, 0x008020D3,
  0x008020D4, 0x008020D5, 0x008020D6, 0x008020D7, 0x008020D8, 0x008020D9, 0x008020DA, 0x008020DB, 0x008020DC, 0x008020DD,
  0x008020DE, 0x008020DF, 0x008020E0, 0x008020E1, 0x008020E2, 0x008020E3, 0x008020E4, 0x008020E5, 0x008020E6, 0x008020E7,
  0x008020E8, 0x008020E9, 0x008020EA, 0x008020EB, 0x008020EC, 0x008020ED, 0x008020EE, 0x008020EF, 0x008020F0, 0x008020F1,
  0x008020F2, 0x008020F3, 0x008020F4, 0x008020F5, 0x008020F6, 0x008020F7, 0x008020F8, 0x008020F9, 0x008020FA, 0x008020FB,
  0x008020FC, 0x008020FD, 0x008020FE, 0x008020FF, 0x00802100, 0x00802101, 0x00802102, 0x00802103, 0x00802104, 0x00802105,
  0x00802106, 0x00802107, 0x00802108, 0x00802109, 0x0080210A, 0x0080210B, 0x0080210C, 0x0080210D, 0x0080210E, 0x0080210F,
  0x00802110, 0x00802111, 0x00802112, 0x00802113, 0x00802114, 0x00802115, 0x00802116, 0x00802117, 0x00802118, 0x00802119,
  0x0080211A, 0x0080211B, 0x0080211C, 0x0080211D, 0x0080211E, 0x0080211F, 0x00802120, 0x00802121, 0x00802122, 0x00000000,
  0x00802123, 0x00802124, 0x00802125, 0x00802126, 0x00802127, 0x00802128, 0x00802129, 0x0080212A, 0x0080212B, 0x0080212C,
  0x0080212D, 0x0080212E, 0x0080212F, 0x00802130, 0x00802131, 0x00802132, 0x00802133, 0x00802134, 0x00802135, 0x00802136,
  0x00802137, 0x00802138, 0x00802139, 0x0080213A, 0x0080213B, 0x0080213C, 0x0080213D, 0x0080213E, 0x0080213F, 0x00802140,
  0x00802141, 0x00802142, 0x00802143, 0x00802144, 0x00802145, 0x00802146, 0x00802147, 0x00802148, 0x00802149, 0x0080214A,
  0x0080214B, 0x0080214C, 0x0080214D, 0x0080214E, 0x0080214F, 0x00802150, 0x00802151, 0x00802152, 0x00802153, 0x00802154,
  0x00802155, 0x00802156, 0x00802157, 0x00802158, 0x00802159, 0x0080215A, 0x0080215B, 0x0080215C, 0x0080215D, 0x0080215E,
  0x0080215F, 0x00802160, 0x00802161, 0x00802162, 0x00802163, 0x00802164, 0x00802165, 0x00802166, 0x00802167, 0x00802168,
  0x00802169, 0x00000000, 0x0080216A, 0x0080216B, 0x00000000, 0x00000000, 0x0080216C, 0x00000000, 0x00000000, 0x0080216D,
  0x0080216E, 0x00000000, 0x00000000, 0x0080216F, 0x00802170, 0x00802171, 0x00802172, 0x00000000, 0x00802173, 0x00802174,
  0x00802175, 0x00802176, 0x00802177, 0x00802178, 0x00802179, 0x0080217A, 0x0080217B, 0x0080217C, 0x0080217D, 0x0080217E,
  0x00000000, 0x0080217F, 0x00000000, 0x00802180, 0x00802181, 0x00802182, 0x00802183, 0x00802184, 0x00802185, 0x00802186,
  0x00000000, 0x00802187, 0x00802188, 0x00802189, 0x0080218A, 0x0080218B, 0x0080218C, 0x0080218D, 0x0080218E, 0x0080218F,
  0x00802190, 0x00802191, 0x00802192, 0x00802193, 0x00802194, 0x00802195, 0x00802196, 0x00802197, 0x00802198, 0x00802199,
  0x0080219A, 0x0080219B, 0x0080219C, 0x0080219D, 0x0080219E, 0x0080219F, 0x008021A0, 0x008021A1, 0x008021A2, 0x008021A3,
  0x008021A4, 0x008021A5, 0x008021A6, 0x008021A7, 0x008021A8, 0x008021A9, 0x008021AA, 0x008021AB, 0x008021AC, 0x008021AD,
  0x008021AE, 0x008021AF, 0x008021B0, 0x008021B1, 0x008021B2, 0x008021B3, 0x008021B4, 0x008021B5, 0x008021B6, 0x008021B7,
  0x008021B8, 0x008021B9, 0x008021BA, 0x008021BB, 0x008021BC, 0x008021BD, 0x008021BE, 0x008021BF, 0x008021C0, 0x008021C1,
  0x008021C2, 0x008021C3, 0x008021C4, 0x008021C5, 0x008021C6, 0x008021C7, 0x00000000, 0x008021C8, 0x008021C9, 0x008021CA,
  0x008021CB, 0x00000000, 0x00000000, 0x008021CC, 0x008021CD, 0x008021CE, 0x008021CF, 0x008021D0, 0x008021D1, 0x008021D2,
  0x008021D3, 0x00000000, 0x008021D4, 0x008021D5, 0x008021D6, 0x008021D7, 0x008021D8, 0x008021D9, 0x008021DA, 0x00000000,
  0x008021DB, 0x008021DC, 0x008021DD, 0x008021DE, 0x008021DF, 0x008021E0, 0x008021E1, 0x008021E2, 0x008021E3, 0x008021E4,
  0x008021E5, 0x008021E6, 0x008021E7, 0x008021E8, 0x008021E9, 0x008021EA, 0x008021EB, 0x008021EC, 0x008021ED, 0x008021EE,
  0x008021EF, 0x008021F0, 0x008021F1, 0x008021F2, 0x008021F3, 0x008021F4, 0x008021F5, 0x008021F6, 0x00000000, 0x008021F7,
  0x008021F8, 0x008021F9, 0x008021FA, 0x00000000, 0x008021FB, 0x008021FC, 0x008021FD, 0x008021FE, 0x008021FF, 0x00000000,
  0x00802200, 0x00000000, 0x00000000, 0x00000000, 0x00802201, 0x00802202, 0x00802203, 0x00802204, 0x00802205, 0x00802206,
  0x00802207, 0x00000000, 0x00802208, 0x00802209, 0x0080220A, 0x0080220B, 0x0080220C, 0x0080220D, 0x0080220E, 0x0080220F,
  0x00802210, 0x00802211, 0x00802212, 0x00802213, 0x00802214, 0x00802215, 0x00802216, 0x00802217, 0x00802218, 0x00802219,
  0x0080221A, 0x0080221B, 0x0080221C, 0x0080221D, 0x0080221E, 0x0080221F, 0x00802220, 0x00802221, 0x00802222, 0x00802223,
  0x00802224, 0x00802225, 0x00802226, 0x00802227, 0x00802228, 0x00802229, 0x0080222A, 0x0080222B, 0x0080222C, 0x0080222D,
  0x0080222E, 0x0080222F, 0x00802230, 0x00802231, 0x00802232, 0x00802233, 0x00802234, 0x00802235, 0x00802236, 0x00802237,
  0x00802238, 0x00802239, 0x0080223A, 0x0080223B, 0x0080223C, 0x0080223D, 0x0080223E, 0x0080223F, 0x00802240, 0x00802241,
  0x00802242, 0x00802243, 0x00802244, 0x00802245, 0x00802246, 0x00802247, 0x00802248, 0x00802249, 0x0080224A, 0x0080224B,
  0x0080224C, 0x0080224D, 0x0080224E, 0x0080224F, 0x00802250, 0x00802251, 0x00802252, 0x00802253, 0x00802254, 0x00802255,
  0x00802256, 0x00802257, 0x00802258, 0x00802259, 0x0080225A, 0x0080225B, 0x0080225C, 0x0080225D, 0x0080225E, 0x0080225F,
  0x00802260, 0x00802261, 0x00802262, 0x00802263, 0x00802264, 0x00802265, 0x00802266, 0x00802267, 0x00802268, 0x00802269,
  0x0080226A, 0x0080226B, 0x0080226C, 0x0080226D, 0x0080226E, 0x0080226F, 0x00802270, 0x00802271, 0x00802272, 0x00802273,
  0x00802274, 0x00802275, 0x00802276, 0x00802277, 0x00802278, 0x00802279, 0x0080227A, 0x0080227B, 0x0080227C, 0x0080227D,
  0x0080227E, 0x0080227F, 0x00802280, 0x00802281, 0x00802282, 0x00802283, 0x00802284, 0x00802285, 0x00802286, 0x00802287,
  0x00802288, 0x00802289, 0x0080228A, 0x0080228B, 0x0080228C, 0x0080228D, 0x0080228E, 0x0080228F, 0x00802290, 0x00802291,
  0x00802292, 0x00802293, 0x00802294, 0x00802295, 0x00802296, 0x00802297, 0x00802298, 0x00802299, 0x0080229A, 0x0080229B,
  0x0080229C, 0x0080229D, 0x0080229E, 0x0080229F, 0x008022A0, 0x008022A1, 0x008022A2, 0x008022A3, 0x008022A4, 0x008022A5,
  0x008022A6, 0x008022A7, 0x008022A8, 0x008022A9, 0x008022AA, 0x008022AB, 0x008022AC, 0x008022AD, 0x008022AE, 0x008022AF,
  0x008022B0, 0x008022B1, 0x008022B2, 0x008022B3, 0x008022B4, 0x008022B5, 0x008022B6, 0x008022B7, 0x008022B8, 0x008022B9,
  0x008022BA, 0x008022BB, 0x008022BC, 0x008022BD, 0x008022BE, 0x008022BF, 0x008022C0, 0x008022C1, 0x008022C2, 0x008022C3,
  0x008022C4, 0x008022C5, 0x008022C6, 0x008022C7, 0x008022C8, 0x008022C9, 0x008022CA, 0x008022CB, 0x008022CC, 0x008022CD,
  0x008022CE, 0x008022CF, 0x008022D0, 0x008022D1, 0x008022D2, 0x008022D3, 0x008022D4, 0x008022D5, 0x008022D6, 0x008022D7,
  0x008022D8, 0x008022D9, 0x008022DA, 0x008022DB, 0x008022DC, 0x008022DD, 0x008022DE, 0x008022DF, 0x008022E0, 0x008022E1,
  0x008022E2, 0x008022E3, 0x008022E4, 0x008022E5, 0x008022E6, 0x008022E7, 0x008022E8, 0x008022E9, 0x008022EA, 0x008022EB,
  0x008022EC, 0x008022ED, 0x008022EE, 0x008022EF, 0x008022F0, 0x008022F1, 0x008022F2, 0x008022F3, 0x008022F4, 0x008022F5,
  0x008022F6, 0x008022F7, 0x008022F8, 0x008022F9, 0x008022FA, 0x008022FB, 0x008022FC, 0x008022FD, 0x008022FE, 0x008022FF,
  0x00802300, 0x00802301, 0x00802302, 0x00802303, 0x00802304, 0x00802305, 0x00802306, 0x00802307, 0x00802308, 0x00802309,
  0x0080230A, 0x0080230B, 0x0080230C, 0x0080230D, 0x0080230E, 0x0080230F, 0x00802310, 0x00802311, 0x00802312, 0x00802313,
  0x00802314, 0x00802315, 0x00802316, 0x00802317, 0x00802318, 0x00802319, 0x0080231A, 0x0080231B, 0x0080231C, 0x0080231D,
  0x0080231E, 0x0080231F, 0x00802320, 0x00802321, 0x00802322, 0x00802323, 0x00802324, 0x00802325, 0x00802326, 0x00802327,
  0x00802328, 0x00802329, 0x0080232A, 0x0080232B, 0x0080232C, 0x0080232D, 0x0080232E, 0x0080232F, 0x00802330, 0x00802331,
  0x00802332, 0x00802333, 0x00802334, 0x00802335, 0x00802336, 0x00802337, 0x00802338, 0x00802339, 0x0080233A, 0x0080233B,
  0x0080233C, 0x0080233D, 0x0080233E, 0x0080233F, 0x00802340, 0x00802341, 0x00802342, 0x00802343, 0x00802344, 0x00802345,
  0x00802346, 0x00802347, 0x00802348, 0x00802349, 0x0080234A, 0x0080234B, 0x0080234C, 0x0080234D, 0x0080234E, 0x0080234F,
  0x00802350, 0x00802351, 0x00802352, 0x00802353, 0x00802354, 0x00802355, 0x00802356, 0x00802357, 0x00802358, 0x00802359,
  0x0080235A, 0x0080235B, 0x00000000, 0x00000000, 0x0080235C, 0x0080235D, 0x0080235E, 0x0080235F, 0x00802360, 0x00802361,
  0x00802362, 0x00802363, 0x00802364, 0x00802365, 0x00802366, 0x00802367, 0x00802368, 0x00802369, 0x0080236A, 0x0080236B,
  0x0080236C, 0x0080236D, 0x0080236E, 0x0080236F, 0x00802370, 0x00802371, 0x00802372, 0x00802373, 0x00802374, 0x00802375,
  0x00802376, 0x00802377, 0x00802378, 0x00802379, 0x0080237A, 0x0080237B, 0x0080237C, 0x0080237D, 0x0080237E, 0x0080237F,
  0x00802380, 0x00802381, 0x00802382, 0x00802383, 0x00802384, 0x00802385, 0x00802386, 0x00802387, 0x00802388, 0x00802389,
  0x0080238A, 0x0080238B, 0x0080238C, 0x0080238D, 0x0080238E, 0x0080238F, 0x00802390, 0x00802391, 0x00802392, 0x00802393,
  0x00802394, 0x00802395, 0x00802396, 0x00802397, 0x00802398, 0x00802399, 0x0080239A, 0x0080239B, 0x0080239C, 0x0080239D,
  0x0080239E, 0x0080239F, 0x008023A0, 0x008023A1, 0x008023A2, 0x008023A3, 0x008023A4, 0x008023A5, 0x008023A6, 0x008023A7,
  0x008023A8, 0x008023A9, 0x008023AA, 0x008023AB, 0x008023AC, 0x008023AD, 0x008023AE, 0x008023AF, 0x008023B0, 0x008023B1,
  0x008023B2, 0x008023B3, 0x008023B4, 0x008023B5, 0x008023B6, 0x008023B7, 0x008023B8, 0x008023B9, 0x008023BA, 0x008023BB,
  0x008023BC, 0x008023BD, 0x008023BE, 0x008023BF, 0x008023C0, 0x008023C1, 0x008023C2, 0x008023C3, 0x008023C4, 0x008023C5,
  0x008023C6, 0x008023C7, 0x008023C8, 0x008023C9, 0x008023CA, 0x008023CB, 0x008023CC, 0x008023CD, 0x008023CE, 0x008023CF,
  0x008023D0, 0x008023D1, 0x008023D2, 0x008023D3, 0x008023D4, 0x008023D5, 0x008023D6, 0x008023D7, 0x008023D8, 0x008023D9,
  0x008023DA, 0x008023DB, 0x008023DC, 0x008023DD, 0x008023DE, 0x008023DF, 0x008023E0, 0x008023E1, 0x008023E2, 0x008023E3,
  0x008023E4, 0x008023E5, 0x008023E6, 0x008023E7, 0x008023E8, 0x008023E9, 0x008023EA, 0x008023EB, 0x008023EC, 0x008023ED,
  0x008023EE, 0x008023EF, 0x008023F0, 0x008023F1, 0x008023F2, 0x008023F3, 0x008023F4, 0x008023F5, 0x008023F6, 0x008023F7,
  0x008023F8, 0x008023F9, 0x008023FA, 0x008023FB, 0x008023FC, 0x008023FD, 0x008023FE, 0x008023FF, 0x00802400, 0x00802401,
  0x00802402, 0x00802403, 0x00802404, 0x00802405, 0x00802406, 0x00802407, 0x00802408, 0x00802409, 0x0080240A, 0x0080240B,
  0x0080240C, 0x0080240D, 0x0080240E, 0x0080240F, 0x00802410, 0x00802411, 0x00802412, 0x00802413, 0x00802414, 0x00802415,
  0x00802416, 0x00802417, 0x00802418, 0x00802419, 0x0080241A, 0x0080241B, 0x0080241C, 0x0080241D, 0x0080241E, 0x0080241F,
  0x00802420, 0x00802421, 0x00802422, 0x00802423, 0x00802424, 0x00802425, 0x00802426, 0x00802427, 0x00802428, 0x00802429,
  0x0080242A, 0x0080242B, 0x0080242C, 0x0080242D, 0x0080242E, 0x0080242F, 0x00802430, 0x00802431, 0x00802432, 0x00802433,
  0x00802434, 0x00802435, 0x00802436, 0x00802437, 0x00802438, 0x00802439, 0x0080243A, 0x0080243B, 0x0080243C, 0x0080243D,
  0x0080243E, 0x0080243F, 0x00802440, 0x00802441, 0x00802442, 0x00802443, 0x00802444, 0x00802445, 0x00802446, 0x00802447,
  0x00802448, 0x00802449, 0x0080244A, 0x0080244B, 0x0080244C, 0x0080244D, 0x0080244E, 0x0080244F, 0x00802450, 0x00802451,
  0x00802452, 0x00802453, 0x00802454, 0x00802455, 0x00802456, 0x00802457, 0x00802458, 0x00802459, 0x0080245A, 0x0080245B,
  0x0080245C, 0x0080245D, 0x0080245E, 0x0080245F, 0x00802460, 0x00802461, 0x00802462, 0x00802463, 0x00802464, 0x00802465,
  0x00802466, 0x00802467, 0x00802468, 0x00802469, 0x0080246A, 0x0080246B, 0x0080246C, 0x0080246D, 0x0080246E, 0x0080246F,
  0x00802470, 0x00802471, 0x00802472, 0x00802473, 0x00802474, 0x00802475, 0x00802476, 0x00802477, 0x00802478, 0x00802479,
  0x0080247A, 0x0080247B, 0x0080247C, 0x0080247D, 0x0080247E, 0x0080247F, 0x00000000, 0x00000000, 0x00802480, 0x00802481,
  0x00802482, 0x00802483, 0x00802484, 0x00802485, 0x00802486, 0x00802487, 0x00802488, 0x00802489, 0x0080248A, 0x0080248B,
  0x0080248C, 0x0080248D, 0x0080248E, 0x0080248F, 0x00802490, 0x00802491, 0x00802492, 0x00802493, 0x00802494, 0x00802495,
  0x00802496, 0x00802497, 0x00802498, 0x00802499, 0x0080249A, 0x0080249B, 0x0080249C, 0x0080249D, 0x0080249E, 0x0080249F,
  0x008024A0, 0x008024A1, 0x008024A2, 0x008024A3, 0x008024A4, 0x008024A5, 0x008024A6, 0x008024A7, 0x008024A8, 0x008024A9,
  0x008024AA, 0x008024AB, 0x008024AC, 0x008024AD, 0x008024AE, 0x008024AF, 0x008024B0, 0x008024B1, 0xE60064B2, 0xE60064B4,
  0xE60064B6, 0xE60064B8, 0xE60064BA, 0xE60064BC, 0xE60064BE, 0x00000000, 0xE60064C0, 0xE60064C2, 0xE60064C4, 0xE60064C6,
  0xE60064C8, 0xE60064CA, 0xE60064CC, 0xE60064CE, 0xE60064D0, 0xE60064D2, 0xE60064D4, 0xE60064D6, 0xE60064D8, 0xE60064DA,
  0xE60064DC, 0xE60064DE, 0xE60064E0, 0x00000000, 0x00000000, 0xE60064E2, 0xE60064E4, 0xE60064E6, 0xE60064E8, 0xE60064EA,
  0xE60064EC, 0xE60064EE, 0x00000000, 0xE60064F0, 0xE60064F2, 0x00000000, 0xE60064F4, 0xE60064F6, 0xE60064F8, 0xE60064FA,
  0xE60064FC, 0x00000000, 0x00000000, 0x00000000, 0x00000000, 0x00000000, 0x008024FE, 0x008024FF, 0x00802500, 0x00802501,
  0x00802502, 0x00802503, 0x00802504, 0x00802505, 0x00802506, 0x00802507, 0x00802508, 0x00802509, 0x0080250A, 0x0080250B,
  0x0080250C, 0x0080250D, 0x0080250E, 0x0080250F, 0x00802510, 0x00802511, 0x00802512, 0x00802513, 0x00802514, 0x00802515,
  0x00802516, 0x00802517, 0x00802518, 0x00802519, 0x0080251A, 0x0080251B, 0x0080251C, 0x0080251D, 0x0080251E, 0x0080251F,
  0x00802520, 0x00802521, 0x00802522, 0x00802523, 0x00802524, 0x00802525, 0x00802526, 0x00802527, 0x00802528, 0x00802529,
  0x0080252A, 0x0080252B, 0x0080252C, 0x0080252D, 0x0080252E, 0x0080252F, 0x00802530, 0x00802531, 0x00802532, 0x00802533,
  0x00802534, 0x00802535, 0x00802536, 0x00802537, 0x00802538, 0x00802539, 0x0080253A, 0x0080253B, 0x00000000, 0x00000000,
  0x00000000, 0x00000000, 0x00000000, 0x00000000, 0x00000000, 0x00000000, 0x00000000, 0x00000000, 0x00000000, 0x00000000,
  0x00000000, 0x00000000, 0x00000000, 0x00000000, 0x00000000, 0x00000000, 0xE600653C, 0x00000000, 0x00000000, 0x00000000,
  0x00000000, 0x00000000, 0x00000000, 0x00000000, 0x00000000, 0x00000000, 0x00000000, 0x00000000, 0x00000000, 0x00000000,
  0x00000000, 0x00000000, 0x00000000, 0x00000000, 0x00000000, 0x00000000, 0x00000000, 0x00000000, 0x00000000, 0x00000000,
  0x00000000, 0x00000000, 0x00000000, 0x00000000, 0x00000000, 0x00000000, 0x00000000, 0x00000000, 0x00000000, 0x00000000,
  0x00000000, 0x00000000, 0x00000000, 0x00000000, 0x00000000, 0x00000000, 0x00000000, 0x00000000, 0x00000000, 0x00000000,
  0x00000000, 0x00000000, 0x00000000, 0x00000000, 0x00000000, 0xE600653E, 0xE6006540, 0xE6006542, 0xE6006544, 0xE6006546,
  0xE6006548, 0xE600654A, 0x00000000, 0x00000000, 0x00000000, 0x00000000, 0x00000000, 0x00000000, 0x00000000, 0x00000000,
  0x00000000, 0x00000000, 0x00000000, 0x00000000, 0x00000000, 0x00000000, 0x00000000, 0x00000000, 0x00000000, 0x00000000,
  0x00000000, 0x00000000, 0x00000000, 0x00000000, 0x00000000, 0x00000000, 0x00000000, 0x00000000, 0x00000000, 0x00000000,
  0x00000000, 0x00000000, 0x00000000, 0x00000000, 0x00000000, 0x00000000, 0x00000000, 0x00000000, 0x00000000, 0x00000000,
  0x00000000, 0x00000000, 0x00000000, 0x00000000, 0x00000000, 0x00000000, 0x00000000, 0x00000000, 0xE600654C, 0x00000000,
  0x00000000, 0x00000000, 0x00000000, 0x00000000, 0x00000000, 0x00000000, 0x00000000, 0x00000000, 0x00000000, 0x00000000,
  0x00000000, 0x00000000, 0x00000000, 0x00000000, 0x00000000, 0x00000000, 0x00000000, 0x00000000, 0x00000000, 0x00000000,
  0x00000000, 0x00000000, 0x00000000, 0x00000000, 0x00000000, 0x00000000, 0x00000000, 0x00000000, 0x00000000, 0x00000000,
  0x00000000, 0x00000000, 0x00000000, 0x00000000, 0x00000000, 0x00000000, 0x00000000, 0x00000000, 0x00000000, 0x00000000,
  0x00000000, 0x00000000, 0x00000000, 0xE600654E, 0xE6006550, 0xE6006552, 0xE6006554, 0x00000000, 0x00000000, 0x00000000,
  0x00000000, 0x00000000, 0x00000000, 0x00000000, 0x00000000, 0x00000000, 0x00000000, 0x00000000, 0x00000000, 0x00000000,
  0x00000000, 0x00000000, 0x00000000, 0x00000000, 0x00000000, 0x00000000, 0x00000000, 0x00000000, 0x00000000, 0x00000000,
  0x00000000, 0x00000000, 0x00000000, 0x00000000, 0x00000000, 0x00000000, 0x00000000, 0x00000000, 0x00000000, 0x00000000,
  0x00000000, 0x00000000, 0x00000000, 0x00000000, 0x00000000, 0x00000000, 0x00000000, 0x00000000, 0x00000000, 0x00000000,
  0x00000000, 0xE8006556, 0xE8006558, 0xDC00655A, 0xE600655C, 0x00000000, 0x00000000, 0x00000000, 0x00000000, 0x00000000,
  0x00000000, 0x00000000, 0x00000000, 0x00000000, 0x00000000, 0x00000000, 0x00000000, 0x00000000, 0x00000000, 0x00000000,
  0x00000000, 0x00000000, 0x00000000, 0x00000000, 0x00000000, 0x00000000, 0x00000000, 0x00000000, 0x00000000, 0x00000000,
  0x00000000, 0x00000000, 0x00000000, 0x00000000, 0x00000000, 0x00000000, 0x00000000, 0x00000000, 0x00000000, 0x00000000,
  0x00000000, 0x00000000, 0x00000000, 0x00000000, 0x00000000, 0x00000000, 0x00000000, 0x00000000, 0x00000000, 0x00000000,
  0x00000000, 0xE600655E, 0xDC006560, 0x00000000, 0x00000000, 0x00000000, 0x00000000, 0x00000000, 0x00000000, 0x00000000,
  0x00000000, 0x00000000, 0x00000000, 0x00000000, 0x00000000, 0x00000000, 0x00000000, 0x00000000, 0x00000000, 0x00000000,
  0x00000000, 0x00000000, 0x00000000, 0x00000000, 0x00000000, 0x00000000, 0x00000000, 0x00000000, 0x00000000, 0x00000000,
  0x00000000, 0x00000000, 0x00000000, 0x00000000, 0x00000000, 0x00000000, 0x00000000, 0x00000000, 0xE6006562, 0x00000000,
  0x00000000, 0xE6006564, 0x00000000, 0x00000000, 0x00000000, 0x00000000, 0x00000000, 0x00000000, 0x00000000, 0xE6006566,
  0xE6006568, 0x00000000, 0x00000000, 0x00000000, 0x00000000, 0x00000000, 0xE600656A, 0x00000000, 0x00000000, 0x00000000,
  0x00000000, 0x00000000, 0x00000000, 0x00000000, 0x00000000, 0x00000000, 0x00000000, 0x00000000, 0x00000000, 0x00000000,
  0x00000000, 0x00000000, 0x00000000, 0xDC00656C, 0xDC00656E, 0xDC006570, 0xDC006572, 0xDC006574, 0xDC006576, 0xDC006578,
  0x00000000, 0x00000000, 0x00000000, 0x00000000, 0x00000000, 0x00000000, 0x00000000, 0x00000000, 0x00000000, 0x00000000,
  0x00000000, 0x00000000, 0x00000000, 0x00000000, 0x00000000, 0x00000000, 0x00000000, 0x00000000, 0x00000000, 0x00000000,
  0x00000000, 0x00000000, 0x00000000, 0x00000000, 0x00000000, 0x00000000, 0x00000000, 0x00000000, 0x00000000, 0x00000000,
  0x00000000, 0x00000000, 0x00000000, 0x00000000, 0x00000000, 0x00000000, 0x00000000, 0x00000000, 0x00000000, 0x00000000,
  0x00000000, 0xE600657A, 0xE600657C, 0xE600657E, 0xE6006580, 0xE6006582, 0xE6006584, 0x07006586, 0x00000000, 0x00000000,
  0x00000000, 0x00000000, 0x00000000, 0x00000000, 0x00000000, 0x00000000, 0x00000000, 0x00000000, 0x00000000, 0x00000000,
  0x00000000, 0x00000000, 0x00000000, 0x00000000, 0x00000000, 0x00000000, 0x00000000, 0x00000000, 0x00000000, 0x00000000,
  0x00000000, 0x00000000, 0x00000000, 0x00000000, 0x00000000, 0x00000000, 0x00000000, 0x00000000, 0x00000000, 0x00000000,
  0x00000000, 0x00000000, 0x00000000, 0x00000000, 0x00000000, 0x00000000, 0x00000000, 0x00000000, 0x00000000, 0x00000000,
  0x00000000, 0x00000000, 0x00000000, 0x00000000, 0x00000000, 0x00000000, 0x00000000, 0x00000000, 0x00000000, 0x00000000,
  0x00000000, 0x00802588, 0x00802589, 0x0080258A, 0x0080258B, 0x00000000, 0x0080258C, 0x0080258D, 0x0080258E, 0x0080258F,
  0x00802590, 0x00802591, 0x00802592, 0x00802593, 0x00802594, 0x00802595, 0x00802596, 0x00802597, 0x00802598, 0x00802599,
  0x0080259A, 0x0080259B, 0x0080259C, 0x0080259D, 0x0080259E, 0x0080259F, 0x008025A0, 0x008025A1, 0x008025A2, 0x008025A3,
  0x008025A4, 0x008025A5, 0x008025A6, 0x00000000, 0x008025A7, 0x008025A8, 0x00000000, 0x008025A9, 0x00000000, 0x00000000,
  0x008025AA, 0x00000000, 0x008025AB, 0x008025AC, 0x008025AD, 0x008025AE, 0x008025AF, 0x008025B0, 0x008025B1, 0x008025B2,
  0x008025B3, 0x008025B4, 0x00000000, 0x008025B5, 0x008025B6, 0x008025B7, 0x008025B8, 0x00000000, 0x008025B9, 0x00000000,
  0x008025BA, 0x00000000, 0x00000000, 0x00000000, 0x00000000, 0x008025BB, 0x00000000, 0x00000000, 0x00000000, 0x00000000,
  0x008025BC, 0x00000000, 0x008025BD, 0x00000000, 0x008025BE, 0x00000000, 0x008025BF, 0x008025C0, 0x008025C1, 0x00000000,
  0x008025C2, 0x008025C3, 0x00000000, 0x008025C4, 0x00000000, 0x00000000, 0x008025C5, 0x00000000, 0x008025C6, 0x00000000,
  0x008025C7, 0x00000000, 0x008025C8, 0x00000000, 0x008025C9, 0x00000000, 0x008025CA, 0x008025CB, 0x00000000, 0x008025CC,
  0x00000000, 0x00000000, 0x008025CD, 0x008025CE, 0x008025CF, 0x008025D0, 0x00000000, 0x008025D1, 0x008025D2, 0x008025D3,
  0x008025D4, 0x008025D5, 0x008025D6, 0x008025D7, 0x00000000, 0x008025D8, 0x008025D9, 0x008025DA, 0x008025DB, 0x00000000,
  0x008025DC, 0x008025DD, 0x008025DE, 0x008025DF, 0x00000000, 0x008025E0, 0x00000000, 0x008025E1, 0x008025E2, 0x008025E3,
  0x008025E4, 0x008025E5, 0x008025E6, 0x008025E7, 0x008025E8, 0x008025E9, 0x008025EA, 0x00000000, 0x008025EB, 0x008025EC,
  0x008025ED, 0x008025EE, 0x008025EF, 0x008025F0, 0x008025F1, 0x008025F2, 0x008025F3, 0x008025F4, 0x008025F5, 0x008025F6,
  0x008025F7, 0x008025F8, 0x008025F9, 0x008025FA, 0x008025FB, 0x00000000, 0x00000000, 0x00000000, 0x00000000, 0x00000000,
  0x008025FC, 0x008025FD, 0x008025FE, 0x00000000, 0x008025FF, 0x00802600, 0x00802601, 0x00802602, 0x00802603, 0x00000000,
  0x00802604, 0x00802605, 0x00802606, 0x00802607, 0x00802608, 0x00802609, 0x0080260A, 0x0080260B, 0x0080260C, 0x0080260D,
  0x0080260E, 0x0080260F, 0x00802610, 0x00802611, 0x00802612, 0x00802613, 0x00802614, 0x00000000, 0x00000000, 0x00000000,
  0x00000000, 0x00806615, 0x00806617, 0x00806619, 0x0080661B, 0x0080661D, 0x0080661F, 0x00806621, 0x00806623, 0x00806625,
  0x00806627, 0x00806629, 0x00000000, 0x00000000, 0x00000000, 0x00000000, 0x00000000, 0x0080A62B, 0x0080A62E, 0x0080A631,
  0x0080A634, 0x0080A637, 0x0080A63A, 0x0080A63D, 0x0080A640, 0x0080A643, 0x0080A646, 0x0080A649, 0x0080A64C, 0x0080A64F,
  0x0080A652, 0x0080A655, 0x0080A658, 0x0080A65B, 0x0080A65E, 0x0080A661, 0x0080A664, 0x0080A667, 0x0080A66A, 0x0080A66D,
  0x0080A670, 0x0080A673, 0x0080A676, 0x0080A679, 0x0080267C, 0x0080267D, 0x0080667E, 0x00806680, 0x00000000, 0x00802682,
  0x00802683, 0x00802684, 0x00802685, 0x00802686, 0x00802687, 0x00802688, 0x00802689, 0x0080268A, 0x0080268B, 0x0080268C,
  0x0080268D, 0x0080268E, 0x0080268F, 0x00802690, 0x00802691, 0x00802692, 0x00802693, 0x00802694, 0x00802695, 0x00802696,
  0x00802697, 0x00802698, 0x00802699, 0x0080269A, 0x0080269B, 0x0080669C, 0x0080669E, 0x008066A0, 0x008066A2, 0x0080A6A4,
  0x008066A7, 0x00000000, 0x00000000, 0x00000000, 0x00000000, 0x00000000, 0x00000000, 0x00000000, 0x00000000, 0x00000000,
  0x00000000, 0x00000000, 0x00000000, 0x00000000, 0x00000000, 0x00000000, 0x00000000, 0x00000000, 0x00000000, 0x00000000,
  0x00000000, 0x00000000, 0x00000000, 0x00000000, 0x00000000, 0x00000000, 0x00000000, 0x008066A9, 0x008066AB, 0x008066AD,
  0x00000000, 0x00000000, 0x00000000, 0x00000000, 0x00000000, 0x00000000, 0x00000000, 0x00000000, 0x00000000, 0x00000000,
  0x00000000, 0x00000000, 0x00000000, 0x00000000, 0x00000000, 0x00000000, 0x00000000, 0x00000000, 0x00000000, 0x008066AF,
  0x00000000, 0x00000000, 0x00000000, 0x00000000, 0x00000000, 0x00000000, 0x00000000, 0x00000000, 0x00000000, 0x00000000,
  0x00000000, 0x00000000, 0x00000000, 0x00000000, 0x00000000, 0x00000000, 0x00000000, 0x00000000, 0x00000000, 0x00000000,
  0x00000000, 0x00000000, 0x00000000, 0x00000000, 0x00000000, 0x00000000, 0x00000000, 0x00000000, 0x00000000, 0x00000000,
  0x00000000, 0x00000000, 0x00000000, 0x00000000, 0x00000000, 0x00000000, 0x00000000, 0x00000000, 0x00000000, 0x00000000,
  0x00000000, 0x00000000, 0x00000000, 0x00000000, 0x00000000, 0x00000000, 0x00000000, 0x008066B1, 0x008066B3, 0x008026B5,
  0x00000000, 0x00000000, 0x00000000, 0x00000000, 0x00000000, 0x00000000, 0x00000000, 0x00000000, 0x00000000, 0x00000000,
  0x00000000, 0x00000000, 0x00000000, 0x008026B6, 0x008026B7, 0x008026B8, 0x088066B9, 0x008026BB, 0x008026BC, 0x008026BD,
  0x008026BE, 0x008026BF, 0x008026C0, 0x008026C1, 0x008026C2, 0x008026C3, 0x008026C4, 0x008026C5, 0x008026C6, 0x008026C7,
  0x008026C8, 0x008026C9, 0x008026CA, 0x008026CB, 0x008026CC, 0x008026CD, 0x008026CE, 0x008026CF, 0x008026D0, 0x008026D1,
  0x008026D2, 0x008026D3, 0x008026D4, 0x008026D5, 0x008026D6, 0x008026D7, 0x008026D8, 0x008026D9, 0x008026DA, 0x008026DB,
  0x008026DC, 0x008026DD, 0x008026DE, 0x008026DF, 0x008026E0, 0x008026E1, 0x008026E2, 0x00000000, 0x00000000, 0x00000000,
  0x00000000, 0x0080A6E3, 0x0080A6E6, 0x0080A6E9, 0x0080A6EC, 0x0080A6EF, 0x0080A6F2, 0x0080A6F5, 0x0080A6F8, 0x0080A6FB,
  0x00000000, 0x00000000, 0x00000000, 0x00000000, 0x00000000, 0x00000000, 0x00000000, 0x008026FE, 0x008026FF, 0x00000000,
  0x00000000, 0x00000000, 0x00000000, 0x00000000, 0x00000000, 0x00000000, 0x00000000, 0x00000000, 0x00000000, 0x00000000,
  0x00000000, 0x00000000, 0x00000000, 0x00000000, 0x00000000, 0x00000000, 0x00000000, 0x00000000, 0x00000000, 0x00000000,
  0x00000000, 0x00000000, 0x00000000, 0x00000000, 0x00000000, 0x00000000, 0x00000000, 0x00000000, 0x00000000, 0x00000000,
  0x00000000, 0x00000000, 0x00000000, 0x00000000, 0x00000000, 0x00000000, 0x00000000, 0x00000000, 0x00000000, 0x00000000,
  0x00000000, 0x00000000, 0x00000000, 0x00000000, 0x00000000, 0x00000000, 0x00000000, 0x00802700, 0x00802701, 0x00802702,
  0x00802703, 0x00802704, 0x00802705, 0x00802706, 0x00802707, 0x00802708, 0x00802709, 0x00000000, 0x00000000, 0x00000000,
  0x00000000, 0x00000000, 0x00000000, 0x0080270A, 0x0080270B, 0x0080270C, 0x0080670D, 0x0080270F, 0x00802710, 0x00802711,
  0x00802712, 0x00802713, 0x00802714, 0x00802715, 0x00802716, 0x00802717, 0x00806718, 0x0080271A, 0x0080271B, 0x0080271C,
  0x0080271D, 0x0080671E, 0x00802720, 0x00802721, 0x00802722, 0x00806723, 0x00802725, 0x00802726, 0x00802727, 0x00802728,
  0x00802729, 0x0080672A, 0x0080272C, 0x0080272D, 0x0080272E, 0x0080272F, 0x00802730, 0x00802731, 0x00802732, 0x00802733,
  0x00802734, 0x00802735, 0x00802736, 0x00802737, 0x00802738, 0x00802739, 0x0080273A, 0x0080273B, 0x0080273C, 0x0080273D,
  0x0080273E, 0x0080273F, 0x00802740, 0x00802741, 0x00802742, 0x00806743, 0x00802745, 0x00802746, 0x00802747, 0x00806748,
  0x0080274A, 0x0080274B, 0x0080274C, 0x0080274D, 0x0080274E, 0x0080274F, 0x00802750, 0x00802751, 0x00802752, 0x00802753,
  0x00802754, 0x00802755, 0x00802756, 0x00802757, 0x00802758, 0x00802759, 0x0080275A, 0x0080275B, 0x0080275C, 0x0080275D,
  0x0080275E, 0x0080275F, 0x00802760, 0x00802761, 0x00802762, 0x00802763, 0x00802764, 0x00802765, 0x00802766, 0x00802767,
  0x00802768, 0x00802769, 0x0080676A, 0x0080276C, 0x0080276D, 0x0080276E, 0x0080276F, 0x00802770, 0x00802771, 0x00806772,
  0x00806774, 0x00802776, 0x00802777, 0x00802778, 0x00802779, 0x0080277A, 0x0080277B, 0x0080277C, 0x0080277D, 0x0080277E,
  0x0080277F, 0x00806780, 0x00802782, 0x00802783, 0x00802784, 0x00802785, 0x00806786, 0x00802788, 0x00802789, 0x0080278A,
  0x0080278B, 0x0080278C, 0x0080278D, 0x0080278E, 0x0080278F, 0x00802790, 0x00806791, 0x00802793, 0x00806794, 0x00802796,
  0x00802797, 0x00802798, 0x00802799, 0x0080279A, 0x0080279B, 0x0080279C, 0x0080279D, 0x0080279E, 0x0080279F, 0x008027A0,
  0x008067A1, 0x008027A3, 0x008027A4, 0x008027A5, 0x008027A6, 0x008027A7, 0x008067A8, 0x008027AA, 0x008067AB, 0x008067AD,
  0x008027AF, 0x008027B0, 0x008027B1, 0x008027B2, 0x008067B3, 0x008067B5, 0x008027B7, 0x008027B8, 0x008027B9, 0x008027BA,
  0x008027BB, 0x008027BC, 0x008027BD, 0x008027BE, 0x008027BF, 0x008027C0, 0x008027C1, 0x008067C2, 0x008027C4, 0x008027C5,
  0x008027C6, 0x008027C7, 0x008027C8, 0x008027C9, 0x008027CA, 0x008027CB, 0x008027CC, 0x008027CD, 0x008027CE, 0x008027CF,
  0x008027D0, 0x008027D1, 0x008027D2, 0x008027D3, 0x008027D4, 0x008027D5, 0x008027D6, 0x008067D7, 0x008027D9, 0x008027DA,
  0x008027DB, 0x008027DC, 0x008027DD, 0x008067DE, 0x008027E0, 0x008027E1, 0x008027E2, 0x008027E3, 0x008027E4, 0x008027E5,
  0x008027E6, 0x008027E7, 0x008027E8, 0x008027E9, 0x008027EA, 0x008067EB, 0x008027ED, 0x008027EE, 0x008027EF, 0x008027F0,
  0x008027F1, 0x008027F2, 0x008027F3, 0x008027F4, 0x008027F5, 0x008027F6, 0x008027F7, 0x008027F8, 0x008027F9, 0x008027FA,
  0x008027FB, 0x008027FC, 0x008027FD, 0x008027FE, 0x008067FF, 0x00802801, 0x00802802, 0x00802803, 0x00802804, 0x00802805,
  0x00806806, 0x00802808, 0x00802809, 0x0080280A, 0x0080280B, 0x0080280C, 0x0080280D, 0x0080280E, 0x0080280F, 0x00806810,
  0x00802812, 0x00802813, 0x00802814, 0x00806815, 0x00802817, 0x00802818, 0x00802819, 0x0080281A, 0x0080281B, 0x0080281C,
  0x0080681D, 0x0080681F, 0x00806821, 0x00802823, 0x00806824, 0x00802826, 0x00802827, 0x00802828, 0x00802829, 0x0080282A,
  0x0080282B, 0x0080282C, 0x0080282D, 0x0080282E, 0x0080282F, 0x00806830, 0x00802832, 0x00802833, 0x00802834, 0x00802835,
  0x00802836, 0x00802837, 0x00806838, 0x0080283A, 0x0080283B, 0x0080683C, 0x0080683E, 0x00802840, 0x00802841, 0x00802842,
  0x00802843, 0x00802844, 0x00802845, 0x00802846, 0x00802847, 0x00802848, 0x00806849, 0x0080284B, 0x0080684C, 0x0080284E,
  0x0080684F, 0x00802851, 0x00802852, 0x00802853, 0x00806854, 0x00802856, 0x00802857, 0x00806858, 0x0080685A, 0x0080285C,
  0x0080285D, 0x0080285E, 0x0080285F, 0x00802860, 0x00802861, 0x00802862, 0x00802863, 0x00802864, 0x00802865, 0x00802866,
  0x00802867, 0x00802868, 0x00806869, 0x0080286B, 0x0080686C, 0x0080286E, 0x0080686F, 0x00802871, 0x00806872, 0x00806874,
  0x00806876, 0x00802878, 0x00802879, 0x0080287A, 0x0080687B, 0x0080687D, 0x0080687F, 0x00806881, 0x00802883, 0x00802884,
  0x00802885, 0x00802886, 0x00802887, 0x00802888, 0x00802889, 0x0080288A, 0x0080688B, 0x0080288D, 0x0080288E, 0x0080288F,
  0x00802890, 0x00806891, 0x00802893, 0x00806894, 0x00806896, 0x00802898, 0x00802899, 0x0080289A, 0x0080289B, 0x0080289C,
  0x0080289D, 0x0080689E, 0x008068A0, 0x008068A2, 0x008028A4, 0x008028A5, 0x008068A6, 0x008028A8, 0x008028A9, 0x008028AA,
  0x008068AB, 0x008028AD, 0x008028AE, 0x008028AF, 0x008028B0, 0x008028B1, 0x008068B2, 0x008028B4, 0x008028B5, 0x008028B6,
  0x008028B7, 0x008028B8, 0x008028B9, 0x008068BA, 0x008068BC, 0x008028BE, 0x008068BF, 0x008028C1, 0x008068C2, 0x008028C4,
  0x008028C5, 0x008028C6, 0x008068C7, 0x008068C9, 0x008028CB, 0x008068CC, 0x008028CE, 0x008068CF, 0x008028D1, 0x008028D2,
  0x008028D3, 0x008028D4, 0x008028D5, 0x008028D6, 0x008068D7, 0x008068D9, 0x008068DB, 0x008068DD, 0x008028DF, 0x008028E0,
  0x008028E1, 0x008028E2, 0x008028E3, 0x008028E4, 0x008028E5, 0x008028E6, 0x008028E7, 0x008028E8, 0x008028E9, 0x008028EA,
  0x008068EB, 0x008028ED, 0x008028EE, 0x008028EF, 0x008028F0, 0x008028F1, 0x008028F2, 0x008028F3, 0x008028F4, 0x008028F5,
  0x008028F6, 0x008028F7, 0x008028F8, 0x008068F9, 0x008068FB, 0x008068FD, 0x008028FF, 0x00802900, 0x00802901, 0x00802902,
  0x00806903, 0x00802905, 0x00806906, 0x00802908, 0x00802909, 0x0080690A, 0x0080690C, 0x0080290E, 0x0080290F, 0x00802910,
  0x00802911, 0x00802912, 0x00802913, 0x00802914, 0x00802915, 0x00802916, 0x00802917, 0x00802918, 0x00802919, 0x0080291A,
  0x0080291B, 0x0080291C, 0x0080291D, 0x0080291E, 0x0080291F, 0x00802920, 0x00806921, 0x00802923, 0x00802924, 0x00802925,
  0x00802926, 0x00802927, 0x00806928, 0x0080692A, 0x0080292C, 0x0080292D, 0x0080292E, 0x0080292F, 0x00802930, 0x00802931,
  0x00806932, 0x00802934, 0x00802935, 0x00802936, 0x00802937, 0x00806938, 0x0080693A, 0x0080293C, 0x0080293D, 0x0080293E,
  0x0080693F, 0x00802941, 0x00802942, 0x00806943, 0x00806945, 0x00802947, 0x00802948, 0x00802949, 0x0080694A, 0x0080294C,
  0x0080294D, 0x0080294E, 0x0080294F, 0x00802950, 0x00802951, 0x00802952, 0x00806953, 0x00802955, 0x00802956, 0x00802957,
  0x00806958, 0x0080295A, 0x0080295B, 0x0080295C, 0x0080295D, 0x0080695E, 0x00806960, 0x00802962, 0x00802963, 0x00802964,
  0x00806965, 0x00802967, 0x00806968, 0x0080296A, 0x0080296B, 0x0080296C, 0x0080696D, 0x0080296F, 0x00802970, 0x00802971,
  0x00802972, 0x00802973, 0x00802974, 0x00802975, 0x00806976, 0x00802978, 0x00802979, 0x0080297A, 0x0080297B, 0x0080297C,
  0x0080297D, 0x0080697E, 0x00802980, 0x00806981, 0x00806983, 0x00806985, 0x00802987, 0x00802988, 0x00802989, 0x0080298A,
  0x0080298B, 0x0080298C, 0x0080298D, 0x0080298E, 0x0080698F, 0x00000000, 0x00000000, 0x00000000, 0x00000000, 0x00000000,
  0x00000000, 0x00000000, 0x00000000, 0x00000000, 0x00000000, 0x00000000, 0x00000000, 0x00000000, 0x00000000, 0x00000000,
  0x00000000, 0x00000000, 0x00000000, 0x00000000, 0x00000000, 0x00000000, 0x00000000, 0x00000000, 0x00000000, 0x00000000,
  0x00000000, 0x00000000, 0x00000000, 0x00000000, 0x00000000, 0x00000000, 0x00000000, 0x00000000, 0x00000000,
};

const uint16_t check_trie_index[1024] = {
  0x0000, 0x0000, 0x0020, 0x0060, 0x009F, 0x00DE, 0x011E, 0x015A, 0x0196, 0x0000,
  0x01CA, 0x0203, 0x0243, 0x0283, 0x02C2, 0x02F8, 0x0338, 0x0372, 0x03AF, 0x03EE,
  0x0000, 0x0000, 0x0428, 0x0468, 0x0498, 0x04CD, 0x0000, 0x050D, 0x053C, 0x057B,
  0x0000, 0x0590, 0x05CE, 0x05FC, 0x0625, 0x065B, 0x069B, 0x06D8, 0x06F8, 0x0735,
  0x0774, 0x07B1, 0x06F8, 0x07E4, 0x06F8, 0x081C, 0x0848, 0x087E, 0x06F8, 0x08B6,
  0x06F8, 0x08F6, 0x0904, 0x087E, 0x0000, 0x0941, 0x0960, 0x099B, 0x09A8, 0x09E3,
  0x0A17, 0x0A54, 0x0A94, 0x0ACE, 0x0AE8, 0x0000, 0x0B23, 0x0004, 0x0000, 0x0000,
  0x0000, 0x0000, 0x0000, 0x0000, 0x0000, 0x0000, 0x0000, 0x0B46, 0x0000, 0x0000,
  0x0000, 0x0000, 0x0000, 0x0000, 0x0000, 0x0000, 0x0000, 0x0000, 0x0000, 0x0000,
  0x0000, 0x0000, 0x0B72, 0x0000, 0x0000, 0x0BA7, 0x0000, 0x0000, 0x0BC5, 0x0000,
  0x0BEF, 0x0000, 0x0000, 0x0000, 0x0C2B, 0x0C4B, 0x0C8B, 0x0CCA, 0x0D04, 0x0D44,
  0x0D78, 0x0DA4, 0x06FD, 0x0000, 0x0000, 0x0DD8, 0x0E12, 0x0E4E, 0x0E87, 0x0EC7,
  0x0F07, 0x0F41, 0x0F7D, 0x0FBB, 0x0FFB, 0x103B, 0x107B, 0x10BA, 0x10FA, 0x1139,
  0x116D, 0x119D, 0x11DD, 0x121C, 0x125C, 0x128F, 0x12CB, 0x130A, 0x133A, 0x136A,
  0x1398, 0x0000, 0x0000, 0x0000, 0x0000, 0x13C3, 0x1400, 0x1436, 0x0000, 0x0000,
  0x0000, 0x0000, 0x0000, 0x0000, 0x0000, 0x0000, 0x0000, 0x0000, 0x0000, 0x0000,
  0x0000, 0x0000, 0x0000, 0x0000, 0x0000, 0x0000, 0x0000, 0x0000, 0x146A, 0x1477,
  0x0000, 0x0840, 0x0000, 0x0000, 0x0000, 0x0000, 0x0000, 0x14AE, 0x0000, 0x0B34,
  0x0000, 0x14EC, 0x0000, 0x152C, 0x0000, 0x0000, 0x156C, 0x158C, 0x15CC, 0x15CC,
  0x15CC, 0x15F6, 0x1636, 0x1671, 0x16AF, 0x16EB, 0x172B, 0x15CC, 0x175C, 0x0000,
  0x179C, 0x17D8, 0x1818, 0x184F, 0x188F, 0x18CF, 0x190F, 0x194D, 0x0000, 0x0000,
  0x0000, 0x0000, 0x0000, 0x0000, 0x0000, 0x0000, 0x0000, 0x0000, 0x0000, 0x0000,
  0x0000, 0x0000, 0x0000, 0x0000, 0x0000, 0x0000, 0x0000, 0x0000, 0x0000, 0x0000,
  0x0000, 0x0000, 0x0000, 0x0000, 0x0000, 0x0000, 0x0000, 0x0000, 0x0000, 0x0000,
  0x0000, 0x0000, 0x0000, 0x0000, 0x0000, 0x0000, 0x0000, 0x0000, 0x0000, 0x0000,
  0x0000, 0x0000, 0x0000, 0x0000, 0x0000, 0x0000, 0x0000, 0x0000, 0x0000, 0x0000,
  0x0000, 0x0000, 0x0000, 0x0000, 0x0000, 0x0000, 0x0000, 0x0000, 0x0000, 0x0000,
  0x0000, 0x0000, 0x0000, 0x0000, 0x0000, 0x0000, 0x0000, 0x0000, 0x0000, 0x0000,
  0x0000, 0x0000, 0x0000, 0x0000, 0x0000, 0x0000, 0x0000, 0x0000, 0x0000, 0x0000,
  0x0000, 0x0000, 0x0000, 0x0000, 0x0000, 0x0000, 0x0000, 0x0000, 0x0000, 0x0000,
  0x0000, 0x0000, 0x0000, 0x0000, 0x0000, 0x0000, 0x0000, 0x0000, 0x0000, 0x0000,
  0x0000, 0x0000, 0x0000, 0x0000, 0x0000, 0x0000, 0x0000, 0x0000, 0x0000, 0x0000,
  0x0000, 0x0000, 0x0000, 0x0000, 0x0000, 0x0000, 0x0000, 0x0000, 0x0000, 0x0000,
  0x0000, 0x0000, 0x0000, 0x0000, 0x0000, 0x0000, 0x0000, 0x0000, 0x0000, 0x0000,
  0x0000, 0x0000, 0x0000, 0x0000, 0x0000, 0x0000, 0x0000, 0x0000, 0x0000, 0x0000,
  0x0000, 0x0000, 0x0000, 0x0000, 0x0000, 0x0000, 0x0000, 0x0000, 0x0000, 0x0000,
  0x0000, 0x0000, 0x0000, 0x0000, 0x0000, 0x0000, 0x0000, 0x0000, 0x0000, 0x0000,
  0x0000, 0x0000, 0x0000, 0x0000, 0x0000, 0x0000, 0x0000, 0x0000, 0x0000, 0x0000,
  0x0000, 0x0000, 0x0000, 0x0000, 0x0000, 0x0000, 0x0000, 0x0000, 0x0000, 0x0000,
  0x0000, 0x0000, 0x0000, 0x0000, 0x0000, 0x0000, 0x0000, 0x0000, 0x0000, 0x0000,
  0x0000, 0x0000, 0x0000, 0x0000, 0x0000, 0x0000, 0x0000, 0x0000, 0x0000, 0x0000,
  0x0000, 0x0000, 0x0000, 0x0000, 0x0000, 0x0000, 0x0000, 0x0000, 0x0000, 0x0000,
  0x0000, 0x0000, 0x0000, 0x0000, 0x0000, 0x0000, 0x0000, 0x0000, 0x0000, 0x0000,
  0x0000, 0x0000, 0x0000, 0x0000, 0x0000, 0x0000, 0x0000, 0x0000, 0x0000, 0x0000,
  0x0000, 0x0000, 0x0000, 0x0000, 0x0000, 0x0000, 0x0000, 0x0000, 0x0000, 0x0000,
  0x0000, 0x0000, 0x0000, 0x0000, 0x0000, 0x0000, 0x0000, 0x0000, 0x0000, 0x0000,
  0x0000, 0x0000, 0x0000, 0x0000, 0x0000, 0x0000, 0x0000, 0x0000, 0x0000, 0x0000,
  0x0000, 0x0000, 0x0000, 0x0000, 0x0000, 0x0000, 0x0000, 0x0000, 0x0000, 0x0000,
  0x0000, 0x0000, 0x0000, 0x0000, 0x0000, 0x0000, 0x0000, 0x0000, 0x0000, 0x0000,
  0x0000, 0x0000, 0x0000, 0x0000, 0x0000, 0x0000, 0x0000, 0x0000, 0x0000, 0x0000,
  0x0000, 0x0000, 0x0000, 0x0000, 0x0000, 0x0000, 0x0000, 0x0000, 0x0000, 0x0000,
  0x0000, 0x0000, 0x0000, 0x0000, 0x0000, 0x0000, 0x0000, 0x0000, 0x0000, 0x0000,
  0x0000, 0x0000, 0x0000, 0x0000, 0x0000, 0x0000, 0x0000, 0x0000, 0x0000, 0x0000,
  0x0000, 0x0000, 0x0000, 0x0000, 0x0000, 0x0000, 0x0000, 0x0000, 0x0000, 0x0000,
  0x0000, 0x0000, 0x0000, 0x0000, 0x0000, 0x0000, 0x0000, 0x0000, 0x0000, 0x0000,
  0x0000, 0x0000, 0x0000, 0x0000, 0x0000, 0x0000, 0x0000, 0x0000, 0x0000, 0x0000,
  0x0000, 0x0000, 0x0000, 0x0000, 0x0000, 0x0000, 0x0000, 0x0000, 0x0000, 0x0000,
  0x0000, 0x0000, 0x0000, 0x0000, 0x0000, 0x0000, 0x0000, 0x0000, 0x0000, 0x0000,
  0x0000, 0x0000, 0x0000, 0x0000, 0x0000, 0x0000, 0x0000, 0x0000, 0x0000, 0x0000,
  0x0000, 0x0000, 0x0000, 0x0000, 0x0000, 0x0000, 0x0000, 0x0000, 0x0000, 0x0000,
  0x0000, 0x0000, 0x0000, 0x0000, 0x0000, 0x0000, 0x0000, 0x0000, 0x0000, 0x0000,
  0x0000, 0x0000, 0x0000, 0x0000, 0x0000, 0x0000, 0x0000, 0x0000, 0x0000, 0x0000,
  0x0000, 0x0000, 0x0000, 0x0000, 0x0000, 0x0000, 0x0000, 0x0000, 0x0000, 0x0000,
  0x0000, 0x0000, 0x0000, 0x0000, 0x0000, 0x0000, 0x0000, 0x0000, 0x0000, 0x0000,
  0x0000, 0x0000, 0x0000, 0x0000, 0x0000, 0x0000, 0x0000, 0x0000, 0x0000, 0x0000,
  0x0000, 0x0000, 0x0000, 0x0000, 0x0000, 0x0000, 0x0000, 0x0000, 0x0000, 0x0000,
  0x0000, 0x0000, 0x0000, 0x0000, 0x0000, 0x198D, 0x19CB, 0x19EB, 0x0000, 0x1A1D,
  0x0000, 0x1A4E, 0x1A88, 0x0000, 0x0000, 0x1AB0, 0x1AE2, 0x07DE, 0x1B10, 0x1B50,
  0x0000, 0x0000, 0x1B60, 0x1BA0, 0x0000, 0x1BD7, 0x0000, 0x1BA9, 0x1C17, 0x1C1F,
  0x1C27, 0x1C2F, 0x1C1B, 0x1C23, 0x1C2B, 0x1C17, 0x1C1F, 0x1C27, 0x1C2F, 0x1C1B,
  0x1C23, 0x1C2B, 0x1C17, 0x1C1F, 0x1C27, 0x1C2F, 0x1C1B, 0x1C23, 0x1C2B, 0x1C17,
  0x1C1F, 0x1C27, 0x1C2F, 0x1C1B, 0x1C23, 0x1C2B, 0x1C17, 0x1C1F, 0x1C27, 0x1C2F,
  0x1C1B, 0x1C23, 0x1C2B, 0x1C17, 0x1C1F, 0x1C27, 0x1C2F, 0x1C1B, 0x1C23, 0x1C2B,
  0x1C17, 0x1C1F, 0x1C27, 0x1C2F, 0x1C1B, 0x1C23, 0x1C2B, 0x1C17, 0x1C1F, 0x1C27,
  0x1C2F, 0x1C1B, 0x1C23, 0x1C2B, 0x1C17, 0x1C1F, 0x1C27, 0x1C2F, 0x1C1B, 0x1C23,
  0x1C2B, 0x1C17, 0x1C1F, 0x1C27, 0x1C2F, 0x1C1B, 0x1C23, 0x1C2B, 0x1C17, 0x1C1F,
  0x1C27, 0x1C2F, 0x1C1B, 0x1C23, 0x1C2B, 0x1C17, 0x1C1F, 0x1C27, 0x1C2F, 0x1C1B,
  0x1C23, 0x1C2B, 0x1C17, 0x1C1F, 0x1C27, 0x1C2F, 0x1C1B, 0x1C23, 0x1C2B, 0x1C17,
  0x1C1F, 0x1C27, 0x1C2F, 0x1C1B, 0x1C23, 0x1C2B, 0x1C17, 0x1C1F, 0x1C27, 0x1C2F,
  0x1C1B, 0x1C23, 0x1C2B, 0x1C17, 0x1C1F, 0x1C27, 0x1C2F, 0x1C1B, 0x1C23, 0x1C2B,
  0x1C17, 0x1C1F, 0x1C27, 0x1C2F, 0x1C1B, 0x1C23, 0x1C2B, 0x1C17, 0x1C1F, 0x1C27,
  0x1C2F, 0x1C1B, 0x1C23, 0x1C2B, 0x1C17, 0x1C1F, 0x1C27, 0x1C2F, 0x1C1B, 0x1C23,
  0x1C2B, 0x1C17, 0x1C1F, 0x1C27, 0x1C2F, 0x1C1B, 0x1C23, 0x1C2B, 0x1C17, 0x1C1F,
  0x1C27, 0x1C2F, 0x1C1B, 0x1C23, 0x1C2B, 0x1C17, 0x1C1F, 0x1C27, 0x1C2F, 0x1C1B,
  0x1C23, 0x1C2B, 0x1C17, 0x1C1F, 0x1C27, 0x1C2F, 0x1C1B, 0x1C23, 0x1C2B, 0x1C17,
  0x1C1F, 0x1C27, 0x1C2F, 0x1C1B, 0x1C23, 0x1C2B, 0x1C17, 0x1C1F, 0x1C27, 0x1C2F,
  0x1C1B, 0x1C23, 0x1C63, 0x0000, 0x1CA3, 0x1CA3, 0x1CA3, 0x1CA3, 0x1CA3, 0x1CA3,
  0x1CA3, 0x1CA3, 0x1CA3, 0x1CA3, 0x1CA3, 0x1CA3, 0x1CA3, 0x1CA3, 0x1CA3, 0x1CA3,
  0x1CA3, 0x1CA3, 0x1CA3, 0x1CA3, 0x1CA3, 0x1CA3, 0x1CA3, 0x1CA3, 0x1CA3, 0x1CA3,
  0x1CA3, 0x1CA3, 0x1CA3, 0x1CA3, 0x1CA3, 0x1CA3, 0x0000, 0x0000, 0x0000, 0x0000,
  0x0000, 0x0000, 0x0000, 0x0000, 0x0000, 0x0000, 0x0000, 0x0000, 0x0000, 0x0000,
  0x0000, 0x0000, 0x0000, 0x0000, 0x0000, 0x0000, 0x0000, 0x0000, 0x0000, 0x0000,
  0x0000, 0x0000, 0x0000, 0x0000, 0x0000, 0x0000, 0x0000, 0x0000, 0x0000, 0x0000,
  0x0000, 0x0000, 0x0000, 0x0000, 0x0000, 0x0000, 0x0000, 0x0000, 0x0000, 0x0000,
  0x0000, 0x0000, 0x0000, 0x0000, 0x0000, 0x0000, 0x0000, 0x0000, 0x0000, 0x0000,
  0x0000, 0x0000, 0x0000, 0x0000, 0x0000, 0x0000, 0x0000, 0x0000, 0x0000, 0x0000,
  0x0000, 0x0000, 0x0000, 0x0000, 0x0000, 0x0000, 0x0000, 0x0000, 0x0000, 0x0000,
  0x0000, 0x0000, 0x0000, 0x0000, 0x0000, 0x0000, 0x0000, 0x0000, 0x0000, 0x0000,
  0x0000, 0x0000, 0x0000, 0x0000, 0x0000, 0x0000, 0x0000, 0x0000, 0x0000, 0x0000,
  0x0000, 0x0000, 0x0000, 0x0000, 0x0000, 0x0000, 0x15CC, 0x15CC, 0x15CC, 0x15CC,
  0x1CE3, 0x1D0D, 0x15CC, 0x1D3E, 0x1D7E, 0x1DBE, 0x1DDA, 0x1E0C, 0x1E4C, 0x1E6E,
  0x1E98, 0x1EB9, 0x1EEE, 0x1F2C, 0x1F5C, 0x1F94, 0x1FD1, 0x200C, 0x204C, 0x2059,
  0x15CB, 0x15CC, 0x2099, 0x20D8,
};

const uint16_t check_trie_index1[512] = {
  0x0000, 0x001F, 0x003E, 0x005E, 0x007C, 0x007C, 0x007C, 0x007C, 0x007C, 0x007C,
  0x007C, 0x007C, 0x0098, 0x00AD, 0x007C, 0x007C, 0x007C, 0x007C, 0x007C, 0x007C,
  0x007C, 0x007C, 0x007C, 0x00CD, 0x007C, 0x00E0, 0x00FB, 0x007C, 0x011B, 0x0138,
  0x0154, 0x0165, 0x007C, 0x007C, 0x007C, 0x007C, 0x007C, 0x007C, 0x007C, 0x007C,
  0x007C, 0x007C, 0x007C, 0x007C, 0x007C, 0x007C, 0x007C, 0x007C, 0x007C, 0x007C,
  0x007C, 0x007C, 0x007C, 0x007C, 0x007C, 0x007C, 0x007C, 0x007C, 0x007C, 0x007C,
  0x007C, 0x007C, 0x007C, 0x0185, 0x007C, 0x007C, 0x007C, 0x007C, 0x007C, 0x007C,
  0x007C, 0x007C, 0x007C, 0x007C, 0x007C, 0x007C, 0x007C, 0x007C, 0x007C, 0x007C,
  0x007C, 0x007C, 0x007C, 0x007C, 0x007C, 0x007C, 0x007C, 0x007C, 0x007C, 0x007C,
  0x007C, 0x007C, 0x007C, 0x007C, 0x007C, 0x007C, 0x007C, 0x007C, 0x007C, 0x007C,
  0x007C, 0x007C, 0x007C, 0x007C, 0x007C, 0x007C, 0x007C, 0x007C, 0x007C, 0x007C,
  0x007C, 0x007C, 0x007C, 0x007C, 0x007C, 0x007C, 0x007C, 0x007C, 0x007C, 0x007C,
  0x007C, 0x007C, 0x007C, 0x007C, 0x007C, 0x007C, 0x007C, 0x007C, 0x007C, 0x007C,
  0x007C, 0x007C, 0x007C, 0x007C, 0x007C, 0x007C, 0x007C, 0x007C, 0x007C, 0x007C,
  0x007C, 0x007C, 0x007C, 0x007C, 0x007C, 0x007C, 0x007C, 0x007C, 0x007C, 0x007C,
  0x007C, 0x007C, 0x007C, 0x007C, 0x007C, 0x007C, 0x007C, 0x007C, 0x007C, 0x007C,
  0x007C, 0x007C, 0x007C, 0x007C, 0x007C, 0x007C, 0x007C, 0x007C, 0x007C, 0x007C,
  0x007C, 0x007C, 0x007C, 0x007C, 0x007C, 0x007C, 0x007C, 0x007C, 0x007C, 0x007C,
  0x007C, 0x007C, 0x007C, 0x007C, 0x007C, 0x007C, 0x007C, 0x007C, 0x007C, 0x007C,
  0x007C, 0x007C, 0x007C, 0x007C, 0x007C, 0x007C, 0x007C, 0x007C, 0x007C, 0x007C,
  0x007C, 0x007C, 0x007C, 0x007C, 0x007C, 0x007C, 0x007C, 0x007C, 0x007C, 0x007C,
  0x007C, 0x007C, 0x007C, 0x007C, 0x007C, 0x007C, 0x007C, 0x007C, 0x007C, 0x007C,
  0x007C, 0x007C, 0x007C, 0x007C, 0x007C, 0x007C, 0x007C, 0x007C, 0x007C, 0x007C,
  0x007C, 0x007C, 0x007C, 0x007C, 0x007C, 0x007C, 0x007C, 0x007C, 0x007C, 0x007C,
  0x007C, 0x007C, 0x007C, 0x007C, 0x007C, 0x007C, 0x007C, 0x007C, 0x007C, 0x007C,
  0x007C, 0x007C, 0x007C, 0x007C, 0x007C, 0x007C, 0x007C, 0x007C, 0x007C, 0x007C,
  0x007C, 0x007C, 0x007C, 0x007C, 0x007C, 0x007C, 0x007C, 0x007C, 0x007C, 0x007C,
  0x007C, 0x007C, 0x007C, 0x007C, 0x007C, 0x007C, 0x007C, 0x007C, 0x007C, 0x007C,
  0x007C, 0x007C, 0x007C, 0x007C, 0x007C, 0x007C, 0x007C, 0x007C, 0x007C, 0x007C,
  0x007C, 0x007C, 0x007C, 0x007C, 0x007C, 0x007C, 0x007C, 0x007C, 0x007C, 0x007C,
  0x007C, 0x007C, 0x007C, 0x007C, 0x007C, 0x007C, 0x007C, 0x007C, 0x007C, 0x007C,
  0x007C, 0x007C, 0x007C, 0x007C, 0x007C, 0x007C, 0x007C, 0x007C, 0x007C, 0x007C,
  0x007C, 0x007C, 0x007C, 0x007C, 0x007C, 0x007C, 0x007C, 0x007C, 0x007C, 0x007C,
  0x007C, 0x007C, 0x007C, 0x007C, 0x007C, 0x007C, 0x007C, 0x007C, 0x007C, 0x007C,
  0x007C, 0x007C, 0x007C, 0x007C, 0x007C, 0x007C, 0x007C, 0x007C, 0x007C, 0x007C,
  0x007C, 0x007C, 0x007C, 0x007C, 0x007C, 0x007C, 0x007C, 0x007C, 0x007C, 0x007C,
  0x007C, 0x007C, 0x007C, 0x007C, 0x007C, 0x007C, 0x007C, 0x007C, 0x007C, 0x007C,
  0x007C, 0x007C, 0x007C, 0x007C, 0x007C, 0x007C, 0x007C, 0x007C, 0x007C, 0x007C,
  0x007C, 0x007C, 0x007C, 0x007C, 0x007C, 0x007C, 0x007C, 0x007C, 0x007C, 0x007C,
  0x007C, 0x007C, 0x007C, 0x007C, 0x007C, 0x007C, 0x007C, 0x007C, 0x007C, 0x007C,
  0x007C, 0x007C, 0x007C, 0x007C, 0x007C, 0x007C, 0x007C, 0x007C, 0x007C, 0x007C,
  0x007C, 0x007C, 0x007C, 0x007C, 0x007C, 0x007C, 0x007C, 0x007C, 0x007C, 0x007C,
  0x007C, 0x007C, 0x007C, 0x007C, 0x007C, 0x007C, 0x007C, 0x007C, 0x007C, 0x007C,
  0x007C, 0x007C, 0x007C, 0x007C, 0x007C, 0x007C, 0x007C, 0x007C, 0x007C, 0x007C,
  0x007C, 0x007C, 0x007C, 0x007C, 0x007C, 0x007C, 0x007C, 0x007C, 0x007C, 0x007C,
  0x007C, 0x007C, 0x007C, 0x007C, 0x007C, 0x007C, 0x007C, 0x007C, 0x007C, 0x007C,
  0x007C, 0x007C, 0x007C, 0x007C, 0x007C, 0x007C, 0x007C, 0x007C, 0x007C, 0x007C,
  0x007C, 0x007C, 0x007C, 0x007C, 0x007C, 0x007C, 0x007C, 0x007C, 0x007C, 0x007C,
  0x007C, 0x007C, 0x007C, 0x007C, 0x007C, 0x007C, 0x007C, 0x007C, 0x007C, 0x007C,
  0x007C, 0x007C, 0x007C, 0x007C, 0x007C, 0x007C, 0x007C, 0x007C, 0x007C, 0x007C,
  0x007C, 0x007C, 0x007C, 0x007C, 0x007C, 0x007C, 0x007C, 0x007C, 0x007C, 0x007C,
  0x007C, 0x007C,
};

const uint16_t check_trie_index2[421] = {
  0x2118, 0x2118, 0x2118, 0x2118, 0x2118, 0x2118, 0x2118, 0x211B, 0x2118, 0x2118,
  0x2118, 0x2138, 0x2118, 0x2159, 0x2118, 0x2118, 0x2118, 0x2118, 0x2118, 0x2118,
  0x2118, 0x2118, 0x2118, 0x2194, 0x2118, 0x2118, 0x2118, 0x2118, 0x2118, 0x2118,
  0x21D3, 0x2118, 0x2118, 0x2118, 0x2118, 0x2118, 0x2118, 0x2118, 0x2118, 0x220E,
  0x2118, 0x2118, 0x224E, 0x2118, 0x2118, 0x2118, 0x2118, 0x2118, 0x2118, 0x2118,
  0x2118, 0x2275, 0x229D, 0x2118, 0x2118, 0x2118, 0x2118, 0x22CB, 0x22F8, 0x2118,
  0x2338, 0x2376, 0x2118, 0x23B0, 0x23F0, 0x2118, 0x2430, 0x2465, 0x2118, 0x24A5,
  0x24B0, 0x2118, 0x2118, 0x24E7, 0x2512, 0x254F, 0x258C, 0x25C7, 0x2118, 0x2605,
  0x2624, 0x2663, 0x2118, 0x2118, 0x2669, 0x26A9, 0x26AA, 0x2118, 0x26B3, 0x2118,
  0x238B, 0x2118, 0x2118, 0x2118, 0x26B0, 0x2118, 0x2118, 0x2118, 0x26EB, 0x272A,
  0x2118, 0x2396, 0x2382, 0x2763, 0x239D, 0x2118, 0x2118, 0x2118, 0x2118, 0x2118,
  0x26AA, 0x2118, 0x2118, 0x2118, 0x2118, 0x27A1, 0x239F, 0x2118, 0x2118, 0x2118,
  0x2118, 0x2118, 0x2118, 0x27A4, 0x2118, 0x2118, 0x2118, 0x2118, 0x2118, 0x2118,
  0x2118, 0x2118, 0x2118, 0x2118, 0x2118, 0x2118, 0x2118, 0x2118, 0x2118, 0x2118,
  0x2118, 0x2118, 0x2118, 0x2118, 0x2118, 0x2118, 0x2118, 0x2118, 0x2118, 0x2118,
  0x2118, 0x2118, 0x2118, 0x2118, 0x2118, 0x2118, 0x27C3, 0x2118, 0x2118, 0x2118,
  0x2118, 0x2118, 0x2118, 0x2118, 0x2118, 0x2118, 0x2118, 0x2118, 0x2118, 0x2118,
  0x2118, 0x2118, 0x2118, 0x2118, 0x2118, 0x2118, 0x2118, 0x2118, 0x2118, 0x2118,
  0x2118, 0x2118, 0x2118, 0x2118, 0x27F3, 0x2828, 0x2118, 0x2118, 0x2118, 0x2118,
  0x2118, 0x2118, 0x2118, 0x2118, 0x285F, 0x2118, 0x2118, 0x2118, 0x2118, 0x2118,
  0x2118, 0x2118, 0x2118, 0x2118, 0x288A, 0x2118, 0x2118, 0x2118, 0x2118, 0x2118,
  0x2118, 0x2118, 0x2118, 0x2118, 0x2118, 0x2118, 0x2118, 0x2118, 0x2118, 0x2118,
  0x2118, 0x2118, 0x2118, 0x28BC, 0x2118, 0x2118, 0x2118, 0x2118, 0x2118, 0x2118,
  0x2118, 0x2118, 0x2118, 0x2118, 0x2118, 0x2118, 0x2118, 0x2118, 0x2118, 0x2118,
  0x2118, 0x2118, 0x2118, 0x28E6, 0x2118, 0x2118, 0x2118, 0x2118, 0x2118, 0x2118,
  0x2118, 0x2118, 0x2118, 0x2118, 0x2118, 0x2118, 0x2920, 0x295D, 0x299C, 0x2118,
  0x29DA, 0x2118, 0x2118, 0x2118, 0x2118, 0x2118, 0x2118, 0x15CC, 0x2A1A, 0x2A3D,
  0x2A7A, 0x2AB4, 0x2AF4, 0x15CC, 0x15CC, 0x15CC, 0x15CC, 0x2B0E, 0x15CC, 0x15CC,
  0x15CC, 0x15CC, 0x2B28, 0x2B68, 0x2B98, 0x2614, 0x2118, 0x2828, 0x2118, 0x2118,
  0x2118, 0x2118, 0x2118, 0x2BC6, 0x2BF5, 0x2118, 0x2118, 0x2118, 0x2118, 0x2118,
  0x2118, 0x2118, 0x2C25, 0x2118, 0x2118, 0x2118, 0x2C55, 0x2118, 0x2118, 0x2118,
  0x2C85, 0x2118, 0x2118, 0x2118, 0x2118, 0x2CBB, 0x2118, 0x2CF7, 0x2118, 0x2118,
  0x2118, 0x2118, 0x2118, 0x2118, 0x2118, 0x2118, 0x2118, 0x2118, 0x2118, 0x2118,
  0x2118, 0x2118, 0x2118, 0x2118, 0x2118, 0x2118, 0x2D37, 0x2D75, 0x2DB5, 0x2118,
  0x2118, 0x2118, 0x2118, 0x2118, 0x2DF5, 0x2E2B, 0x2E5B, 0x2118, 0x2E9B, 0x2EDB,
  0x2118, 0x2118, 0x2118, 0x2118, 0x2118, 0x2118, 0x2118, 0x2118, 0x2118, 0x2118,
  0x2118, 0x2118, 0x2118, 0x2118, 0x2118, 0x2118, 0x2118, 0x2118, 0x2118, 0x2118,
  0x2118, 0x2118, 0x2EED, 0x2118, 0x2118, 0x2118, 0x2118, 0x2118, 0x2118, 0x2118,
  0x2118, 0x2118, 0x2118, 0x2118, 0x2118, 0x2118, 0x2118, 0x2118, 0x2118, 0x2F2D,
  0x2F66, 0x2FA4, 0x2FE3, 0x301F, 0x305E, 0x309C, 0x30D7, 0x3113, 0x2118, 0x2118,
  0x2118, 0x2118, 0x2118, 0x2118, 0x2118, 0x2118, 0x2118, 0x2118, 0x2118, 0x2118,
  0x2118, 0x2118, 0x2118, 0x2118, 0x2118, 0x2118, 0x2118, 0x2118, 0x2118, 0x2118,
  0x2118,
};

const uint16_t check_trie_data[12627] = {
  0x0001, 0x0001, 0x0001, 0x0001, 0x0001, 0x0001, 0x0001, 0x0001, 0x0001, 0x0001,
  0x0001, 0x0001, 0x0001, 0x0001, 0x0001, 0x0001, 0x0001, 0x0001, 0x0001, 0x0001,
  0x0001, 0x0001, 0x0001, 0x0001, 0x0001, 0x0001, 0x0001, 0x0001, 0x0001, 0x0001,
  0x0001, 0x0001, 0x0001, 0x0001, 0x0001, 0x0001, 0x0001, 0x0001, 0x0001, 0x0001,
  0x0001, 0x0001, 0x0001, 0x0001, 0x0001, 0x0001, 0x0001, 0x0001, 0x0001, 0x0001,
  0x0001, 0x0001, 0x0001, 0x0001, 0x0001, 0x0001, 0x0001, 0x0001, 0x0001, 0x0001,
  0x0001, 0x0001, 0x0001, 0x0001, 0xC001, 0x0001, 0x0001, 0x0001, 0x0001, 0x0001,
  0x0001, 0x0001, 0xC002, 0x0001, 0xC001, 0x0001, 0x0001, 0x0001, 0x0001, 0xC002,
  0x0001, 0x0001, 0xC001, 0xC001, 0xC002, 0xC001, 0x0001, 0x0001, 0xC002, 0xC001,
  0xC001, 0x0001, 0xC003, 0xC003, 0xC003, 0x0001, 0xC002, 0xC002, 0xC002, 0xC002,
  0xC002, 0xC002, 0x0001, 0xC002, 0xC002, 0xC002, 0xC002, 0xC002, 0xC002, 0xC002,
  0xC002, 0xC002, 0x0001, 0xC002, 0xC002, 0xC002, 0xC002, 0xC002, 0xC002, 0x0001,
  0x0001, 0xC002, 0xC002, 0xC002, 0xC002, 0xC002, 0x0001, 0x0001, 0xC002, 0xC002,
  0xC002, 0xC002, 0xC002, 0xC002, 0x0001, 0xC002, 0xC002, 0xC002, 0xC002, 0xC002,
  0xC002, 0xC002, 0xC002, 0xC002, 0x0001, 0xC002, 0xC002, 0xC002, 0xC002, 0xC002,
  0xC002, 0x0001, 0x0001, 0xC002, 0xC002, 0xC002, 0xC002, 0xC002, 0x0001, 0xC002,
  0xC002, 0xC002, 0xC002, 0xC002, 0xC002, 0xC002, 0xC002, 0xC002, 0xC002, 0xC002,
  0xC002, 0xC002, 0xC002, 0xC002, 0xC002, 0x0001, 0x0001, 0xC002, 0xC002, 0xC002,
  0xC002, 0xC002, 0xC002, 0xC002, 0xC002, 0xC002, 0xC002, 0xC002, 0xC002, 0xC002,
  0xC002, 0xC002, 0xC002, 0xC002, 0xC002, 0xC002, 0xC002, 0x0001, 0x0001, 0xC002,
  0xC002, 0xC002, 0xC002, 0xC002, 0xC002, 0xC002, 0xC002, 0xC002, 0x0001, 0xC002,
  0xC002, 0xC002, 0xC002, 0xC002, 0xC002, 0x0001, 0xC002, 0xC002, 0xC002, 0xC002,
  0xC002, 0xC002, 0xC002, 0x0001, 0x0001, 0xC002, 0xC002, 0xC002, 0xC002, 0xC002,
  0xC002, 0xC002, 0x0001, 0x0001, 0xC002, 0xC002, 0xC002, 0xC002, 0xC002, 0xC002,
  0x0001, 0x0001, 0xC002, 0xC002, 0xC002, 0xC002, 0xC002, 0xC002, 0xC002, 0xC002,
  0xC002, 0xC002, 0xC002, 0xC002, 0xC002, 0xC002, 0xC002, 0xC002, 0xC002, 0xC002,
  0x0001, 0x0001, 0xC002, 0xC002, 0xC002, 0xC002, 0xC002, 0xC002, 0xC002, 0xC002,
  0xC002, 0xC002, 0xC002, 0xC002, 0xC002, 0xC002, 0xC002, 0xC002, 0xC002, 0xC002,
  0xC002, 0xC002, 0xC002, 0xC002, 0xC002, 0xC001, 0x0001, 0x0001, 0x0001, 0x0001,
  0x0001, 0x0001, 0x0001, 0x0001, 0x0001, 0x0001, 0x0001, 0x0001, 0x0001, 0x0001,
  0x0001, 0x0001, 0x0001, 0x0001, 0x0001, 0x0001, 0x0001, 0x0001, 0x0001, 0x0001,
  0x0001, 0x0001, 0x0001, 0x0001, 0x0001, 0x0001, 0x0001, 0x0001, 0xC002, 0xC002,
  0x0001, 0x0001, 0x0001, 0x0001, 0x0001, 0x0001, 0x0001, 0x0001, 0x0001, 0x0001,
  0x0001, 0x0001, 0x0001, 0xC002, 0xC002, 0x0001, 0x0001, 0x0001, 0x0001, 0x0001,
  0x0001, 0x0001, 0x0001, 0x0001, 0x0001, 0x0001, 0x0001, 0x0001, 0x0001, 0x0001,
  0xC003, 0xC003, 0xC003, 0xC002, 0xC002, 0xC002, 0xC002, 0xC002, 0xC002, 0xC002,
  0xC002, 0xC002, 0xC002, 0xC002, 0xC002, 0xC002, 0xC002, 0xC003, 0xC003, 0xC003,
  0xC003, 0xC003, 0xC003, 0xC003, 0xC003, 0x0001, 0xC003, 0xC003, 0xC003, 0xC003,
  0xC002, 0xC002, 0x0001, 0x0001, 0xC002, 0xC002, 0xC002, 0xC002, 0xC002, 0xC002,
  0xC003, 0xC003, 0xC002, 0xC002, 0xC002, 0xC002, 0xC002, 0xC002, 0xC002, 0xC002,
  0x0001, 0x0001, 0xC002, 0xC002, 0xC003, 0xC003, 0xC002, 0xC002, 0xC002, 0xC002,
  0xC002, 0xC002, 0xC002, 0xC002, 0xC002, 0xC002, 0xC002, 0xC002, 0xC002, 0xC002,
  0xC002, 0xC002, 0xC002, 0xC002, 0xC002, 0xC002, 0xC002, 0xC002, 0xC002, 0xC002,
  0xC002, 0xC002, 0xC002, 0xC002, 0x0001, 0x0001, 0xC002, 0xC002, 0x0001, 0x0001,
  0x0001, 0x0001, 0x0001, 0x0001, 0xC002, 0xC002, 0xC002, 0xC002, 0xC003, 0xC003,
  0xC003, 0xC003, 0xC002, 0xC002, 0xC003, 0xC003, 0xC002, 0xC002, 0x0001, 0x0001,
  0x0001, 0x0001, 0x0001, 0x0001, 0x0001, 0x0001, 0x0001, 0x0001, 0x0001, 0x0001,
  0x0001, 0x0001, 0x0001, 0x0001, 0x0001, 0x0001, 0x0001, 0x0001, 0x0001, 0x0001,
  0x0001, 0x0001, 0x0001, 0x0001, 0x0001, 0x0001, 0x0001, 0x0001, 0x0001, 0x0001,
  0x0001, 0x0001, 0x0001, 0x0001, 0x0001, 0x0001, 0x0001, 0x0001, 0x0001, 0x0001,
  0x0001, 0x0001, 0x0001, 0x0001, 0x0001, 0x0001, 0xC001, 0xC001, 0xC001, 0xC001,
  0xC001, 0xC001, 0xC001, 0xC001, 0xC001, 0x0001, 0x0001, 0x0001, 0x0001, 0x0001,
  0x0001, 0x0001, 0x0001, 0x0001, 0x0001, 0x0001, 0x0001, 0x0001, 0x0001, 0x0001,
  0x0001, 0x0001, 0x0001, 0x0001, 0x0001, 0x0001, 0x0001, 0x0001, 0x0001, 0xC002,
  0xC002, 0xC002, 0xC002, 0xC002, 0xC002, 0x0001, 0x0001, 0xC001, 0xC001, 0xC001,
  0xC001, 0xC001, 0x0001, 0x0001, 0x0001, 0x0001, 0x0001, 0x0001, 0x0001, 0x0001,
  0x0001, 0x0001, 0x0001, 0x0001, 0x0001, 0x0001, 0x0001, 0x0001, 0x0001, 0x0001,
  0x0001, 0x0001, 0x0001, 0x0001, 0x0001, 0x0001, 0x0001, 0x0001, 0x0001, 0x7981,
  0x7981, 0x7981, 0x7981, 0x7981, 0x7981, 0x7981, 0x7981, 0x7981, 0x7981, 0x7981,
  0x7981, 0x7981, 0x7981, 0x7981, 0x7981, 0x7981, 0x7981, 0x7981, 0x7981, 0x7981,
  0x7A01, 0x7701, 0x7701, 0x7701, 0x7701, 0x7A01, 0x7601, 0x7701, 0x7701, 0x7701,
  0x7701, 0x7701, 0x7281, 0x7281, 0x7701, 0x7701, 0x7701, 0x7701, 0x7281, 0x7281,
  0x7701, 0x7701, 0x7701, 0x7701, 0x7701, 0x7701, 0x7701, 0x7701, 0x7701, 0x7701,
  0x7701, 0x4041, 0x4041, 0x4041, 0x4041, 0x4041, 0x7701, 0x7701, 0x7701, 0x7701,
  0x7981, 0x7981, 0x7981, 0xF981, 0xF981, 0x7981, 0xF981, 0xF982, 0x7C01, 0x7981,
  0x7701, 0x7701, 0x7701, 0x7981, 0x7981, 0x7981, 0x7701, 0x7701, 0x0001, 0x7981,
  0x7981, 0x7981, 0x7701, 0x7701, 0x7701, 0x7701, 0x7981, 0x7A01, 0x7701, 0x7701,
  0x7981, 0x7A41, 0x7A81, 0x7A81, 0x7A41, 0x7A81, 0x7A81, 0x7A41, 0x7981, 0x7981,
  0x7981, 0x7981, 0x7981, 0x7981, 0x7981, 0x7981, 0x7981, 0x7981, 0x7981, 0x7981,
  0x7981, 0x0001, 0x0001, 0x0001, 0x0001, 0xC001, 0x0001, 0x0001, 0x0001, 0x0001,
  0x0001, 0xC002, 0x0001, 0x0001, 0x0001, 0xC001, 0x0001, 0x0001, 0x0001, 0x0001,
  0xC002, 0xC003, 0xC002, 0xC001, 0xC002, 0xC002, 0xC002, 0x0001, 0xC002, 0x0001,
  0xC002, 0xC002, 0xC003, 0x0001, 0x0001, 0x0001, 0x0001, 0x0001, 0x0001, 0x0001,
  0x0001, 0x0001, 0x0001, 0x0001, 0x0001, 0x0001, 0x0001, 0x0001, 0x0001, 0x0001,
  0x0001, 0x0001, 0x0001, 0x0001, 0x0001, 0x0001, 0x0001, 0x0001, 0xC002, 0xC002,
  0xC002, 0xC002, 0xC002, 0xC002, 0xC003, 0x0001, 0x0001, 0x0001, 0x0001, 0x0001,
  0x0001, 0x0001, 0x0001, 0x0001, 0x0001, 0x0001, 0x0001, 0x0001, 0x0001, 0x0001,
  0xC002, 0xC002, 0xC002, 0xC002, 0xC002, 0x0001, 0xC001, 0xC001, 0xC001, 0xC002,
  0xC002, 0xC001, 0xC001, 0x0001, 0x0001, 0x0001, 0x0001, 0x0001, 0x0001, 0x0001,
  0x0001, 0x0001, 0x0001, 0x0001, 0x0001, 0x0001, 0x0001, 0x0001, 0x0001, 0x0001,
  0x0001, 0x0001, 0x0001, 0x0001, 0x0001, 0x0001, 0x0001, 0x0001, 0xC001, 0xC001,
  0xC001, 0x0001, 0xC001, 0xC001, 0x0001, 0x0001, 0x0001, 0xC001, 0x0001, 0x0001,
  0x0001, 0x0001, 0x0001, 0x0001, 0xC002, 0xC002, 0x0001, 0xC002, 0x0001, 0x0001,
  0x0001, 0xC002, 0x0001, 0x0001, 0x0001, 0x0001, 0xC002, 0xC002, 0xC002, 0x0001,
  0x0001, 0x0001, 0x0001, 0x0001, 0x0001, 0x0001, 0x0001, 0x0001, 0x0001, 0xC002,
  0x0001, 0x0001, 0x0001, 0x0001, 0x0001, 0x0001, 0x0001, 0x0001, 0x0001, 0x0001,
  0x0001, 0x0001, 0x0001, 0x0001, 0x0001, 0x0001, 0x0001, 0x0001, 0x0001, 0x0001,
  0x0001, 0x0001, 0x0001, 0x0001, 0x0001, 0x0001, 0x0001, 0x0001, 0x0001, 0x0001,
  0x0001, 0xC002, 0x0001, 0x0001, 0x0001, 0x0001, 0x0001, 0x0001, 0x0001, 0x0001,
  0x0001, 0x0001, 0x0001, 0x0001, 0x0001, 0x0001, 0x0001, 0x0001, 0xC002, 0xC002,
  0x0001, 0xC002, 0x0001, 0x0001, 0x0001, 0xC002, 0x0001, 0x0001, 0x0001, 0x0001,
  0xC002, 0xC002, 0xC002, 0x0001, 0x0001, 0x0001, 0x0001, 0x0001, 0x0001, 0x0001,
  0x0001, 0x0001, 0x0001, 0x0001, 0x0001, 0x0001, 0x0001, 0x0001, 0x0001, 0x0001,
  0x0001, 0x0001, 0x0001, 0x0001, 0x0001, 0x0001, 0xC002, 0xC002, 0x0001, 0x0001,
  0x0001, 0x0001, 0x0001, 0x0001, 0x0001, 0x0001, 0x7981, 0x7981, 0x7981, 0x7981,
  0x7981, 0x0001, 0x0001, 0x0001, 0x0001, 0x0001, 0x0001, 0x0001, 0x0001, 0x0001,
  0x0001, 0x0001, 0x0001, 0x0001, 0x0001, 0x0001, 0x0001, 0x0001, 0x0001, 0x0001,
  0x0001, 0x0001, 0x0001, 0x0001, 0x0001, 0x0001, 0x0001, 0x0001, 0x0001, 0x0001,
  0x0001, 0x0001, 0x0001, 0x0001, 0x0001, 0x0001, 0x0001, 0x0001, 0x0001, 0x0001,
  0x0001, 0x0001, 0x0001, 0x0001, 0x0001, 0x0001, 0x0001, 0x0001, 0x0001, 0x0001,
  0x0001, 0x0001, 0x0001, 0x0001, 0x0001, 0x0001, 0x0001, 0xC002, 0xC002, 0x0001,
  0x0001, 0x0001, 0x0001, 0x0001, 0x0001, 0x0001, 0x0001, 0x0001, 0x0001, 0x0001,
  0x0001, 0x0001, 0xC002, 0xC002, 0xC002, 0xC002, 0x0001, 0x0001, 0xC002, 0xC002,
  0x0001, 0x0001, 0xC002, 0xC002, 0xC002, 0xC002, 0xC002, 0xC002, 0x0001, 0x0001,
  0xC002, 0xC002, 0xC002, 0xC002, 0xC002, 0xC002, 0x0001, 0x0001, 0xC002, 0xC002,
  0xC002, 0xC002, 0xC002, 0xC002, 0xC002, 0xC002, 0xC002, 0xC002, 0xC002, 0xC002,
  0x0001, 0x0001, 0xC002, 0xC002, 0x0001, 0x0001, 0x0001, 0x0001, 0x0001, 0x0001,
  0x0001, 0xC002, 0x0001, 0x0001, 0x0001, 0x0001, 0x0001, 0x0001, 0x0001, 0x0001,
  0x0001, 0x7701, 0x7981, 0x7981, 0x7981, 0x7981, 0x7701, 0x7981, 0x7981, 0x7981,
  0x7781, 0x7701, 0x7981, 0x7981, 0x7981, 0x7981, 0x7981, 0x7981, 0x7701, 0x7701,
  0x7701, 0x7701, 0x7701, 0x7701, 0x7981, 0x7981, 0x7701, 0x7981, 0x7981, 0x7781,
  0x7901, 0x7981, 0x4281, 0x42C1, 0x4301, 0x4341, 0x4381, 0x43C1, 0x4401, 0x4441,
  0x4481, 0x44C1, 0x44C1, 0x4501, 0x4541, 0x4581, 0x0001, 0x45C1, 0x0001, 0x4601,
  0x4641, 0x0001, 0x7981, 0x7701, 0x0001, 0x4481, 0x0001, 0x0001, 0x0001, 0x0001,
  0x0001, 0x0001, 0x0001, 0x0001, 0x0001, 0x0001, 0x0001, 0x0001, 0x0001, 0x0001,
  0x0001, 0x0001, 0x0001, 0x0001, 0x0001, 0x0001, 0x0001, 0x0001, 0x0001, 0x0001,
  0x0001, 0x0001, 0x0001, 0x0001, 0x0001, 0x0001, 0x0001, 0x0001, 0x0001, 0x0001,
  0x0001, 0x0001, 0x0001, 0x0001, 0x0001, 0x0001, 0x0001, 0x0001, 0x0001, 0x0001,
  0x0001, 0x0001, 0x0001, 0x0001, 0x0001, 0x0001, 0x0001, 0x0001, 0x0001, 0x0001,
  0x0001, 0x0001, 0x7981, 0x7981, 0x7981, 0x7981, 0x7981, 0x7981, 0x7981, 0x7981,
  0x4781, 0x47C1, 0x4801, 0x0001, 0x0001, 0x0001, 0x0001, 0x0001, 0x0001, 0x0001,
  0xC002, 0xC002, 0xC002, 0xC002, 0xC002, 0x0001, 0x0001, 0x0001, 0x0001, 0x0001,
  0x0001, 0x0001, 0x0001, 0x0001, 0x0001, 0x0001, 0x0001, 0x0001, 0x0001, 0x0001,
  0x0001, 0x0001, 0x0001, 0x0001, 0x0001, 0x0001, 0x0001, 0x0001, 0x0001, 0x0001,
  0x46C1, 0x4701, 0x4741, 0x4781, 0x47C1, 0x4801, 0x4841, 0x4881, 0x7981, 0x7981,
  0x7701, 0x7701, 0x7981, 0x7981, 0x7981, 0x7981, 0x7981, 0x7701, 0x7981, 0x7981,
  0x7701, 0x0001, 0x0001, 0x0001, 0x0001, 0x0001, 0x0001, 0x0001, 0x0001, 0x0001,
  0x0001, 0x0001, 0x0001, 0x0001, 0x0001, 0x0001, 0x0001, 0x48C1, 0x0001, 0x0001,
  0x0001, 0x0001, 0xC002, 0xC002, 0xC002, 0xC002, 0x0001, 0x0001, 0x0001, 0x0001,
  0x0001, 0x0001, 0x0001, 0xC002, 0x0001, 0xC002, 0x0001, 0x0001, 0x0001, 0x0001,
  0x0001, 0x0001, 0x0001, 0x0001, 0x0001, 0x0001, 0x0001, 0x0001, 0x0001, 0x0001,
  0x0001, 0x0001, 0xC002, 0x0001, 0x0001, 0x7981, 0x7981, 0x7981, 0x7981, 0x7981,
  0x7981, 0x7981, 0x0001, 0x0001, 0x7981, 0x7981, 0x7981, 0x7981, 0x7701, 0x7981,
  0x0001, 0x0001, 0x7981, 0x7981, 0x0001, 0x7701, 0x7981, 0x7981, 0x7701, 0x0001,
  0x0001, 0x0001, 0x0001, 0x0001, 0x0001, 0x0001, 0x0001, 0x0001, 0x0001, 0x0001,
  0x0001, 0x0001, 0x0001, 0x0001, 0x0001, 0x0001, 0x0001, 0x4901, 0x0001, 0x0001,
  0x0001, 0x0001, 0x0001, 0x0001, 0x0001, 0x0001, 0x0001, 0x0001, 0x0001, 0x0001,
  0x0001, 0x0001, 0x0001, 0x0001, 0x0001, 0x0001, 0x0001, 0x0001, 0x0001, 0x0001,
  0x0001, 0x0001, 0x0001, 0x0001, 0x0001, 0x0001, 0x0001, 0x0001, 0x7981, 0x7701,
  0x7981, 0x7981, 0x7701, 0x7981, 0x7981, 0x7701, 0x7701, 0x7701, 0x7981, 0x7701,
  0x7701, 0x7981, 0x7701, 0x7981, 0x7981, 0x7701, 0x7981, 0x7701, 0x7981, 0x7701,
  0x7981, 0x7701, 0x7981, 0x7981, 0x0001, 0x0001, 0x0001, 0x0001, 0x0001, 0x0001,
  0x0001, 0x0001, 0x0001, 0x0001, 0x0001, 0x0001, 0x0001, 0x0001, 0x0001, 0x0001,
  0x0001, 0x0001, 0x0001, 0x0001, 0x0001, 0x0001, 0x0001, 0x0001, 0x0001, 0x0001,
  0x0001, 0x0001, 0x0001, 0x0001, 0x0001, 0x0001, 0x0001, 0x0001, 0x0001, 0x0001,
  0x0001, 0x0001, 0x0001, 0x0001, 0x0001, 0x0001, 0x0001, 0x0001, 0x0001, 0x0001,
  0x0001, 0x0001, 0x0001, 0x0001, 0x0001, 0x0001, 0x0001, 0x7981, 0x7981, 0x7981,
  0x7981, 0x7981, 0x7981, 0x7981, 0x7701, 0x7981, 0x0001, 0x0001, 0x0001, 0x0001,
  0x0001, 0x0001, 0x0001, 0x0001, 0x0001, 0x7701, 0x0001, 0x0001, 0x0001, 0x0001,
  0x0001, 0x0001, 0x0001, 0x0001, 0x0001, 0x0001, 0x0001, 0x0001, 0x0001, 0x0001,
  0x0001, 0x0001, 0x0001, 0x0001, 0x0001, 0x0001, 0x0001, 0x0001, 0x7981, 0x7981,
  0x7981, 0x7981, 0x0001, 0x7981, 0x7981, 0x7981, 0x7981, 0x7981, 0x7981, 0x7981,
  0x7981, 0x7981, 0x0001, 0x7981, 0x7981, 0x7981, 0x0001, 0x7981, 0x7981, 0x7981,
  0x7981, 0x7981, 0x0001, 0x0001, 0x0001, 0x0001, 0x0001, 0x0001, 0x0001, 0x0001,
  0x0001, 0x0001, 0x0001, 0x0001, 0x0001, 0x0001, 0x0001, 0x0001, 0x0001, 0x0001,
  0x0001, 0x0001, 0x0001, 0x0001, 0x0001, 0x0001, 0x0001, 0x7701, 0x7701, 0x7701,
  0x0001, 0x0001, 0x0001, 0x0001, 0x0001, 0x0001, 0x0001, 0x0001, 0x0001, 0x0001,
  0x0001, 0x0001, 0x0001, 0x0001, 0x0001, 0x0001, 0x0001, 0x0001, 0x0001, 0x0001,
  0x0001, 0x0001, 0x0001, 0x0001, 0x0001, 0x0001, 0x0001, 0x0001, 0x0001, 0x0001,
  0x0001, 0x0001, 0x0001, 0x0001, 0x0001, 0x0001, 0x7981, 0x7981, 0x7701, 0x7701,
  0x7701, 0x7981, 0x7981, 0x7981, 0x7981, 0x0001, 0x0001, 0x0001, 0x0001, 0x0001,
  0x0001, 0x0001, 0x0001, 0x0001, 0x0001, 0x0001, 0x0001, 0x0001, 0x0001, 0x0001,
  0x0001, 0x0001, 0x0001, 0x0001, 0x0001, 0x0001, 0x0001, 0x0001, 0x0001, 0x0001,
  0x0001, 0x0001, 0x0001, 0x0001, 0x0001, 0x0001, 0x0001, 0x7981, 0x7981, 0x7981,
  0x7981, 0x7981, 0x7701, 0x7701, 0x7701, 0x7701, 0x7701, 0x7981, 0x7981, 0x7981,
  0x7981, 0x7981, 0x7981, 0x7981, 0x7981, 0x7981, 0x7981, 0x7981, 0x7981, 0x7981,
  0x7981, 0x0001, 0x7701, 0x7981, 0x7981, 0x7701, 0x7981, 0x7981, 0x7701, 0x7981,
  0x7981, 0x7981, 0x7701, 0x7701, 0x7701, 0x46C1, 0x4701, 0x4741, 0x7981, 0x7981,
  0x7981, 0x7701, 0x7981, 0x7981, 0x7701, 0x7701, 0x7981, 0x7981, 0x7981, 0x7981,
  0x7981, 0x0001, 0x0001, 0x0001, 0x0001, 0x0001, 0x0001, 0x0001, 0x0001, 0x0001,
  0x0001, 0x0001, 0x0001, 0x0001, 0x0001, 0x0001, 0x0001, 0x0001, 0x0001, 0x0001,
  0x0001, 0x0001, 0x0001, 0x0001, 0x0001, 0x0001, 0x0001, 0x0001, 0x0001, 0x0001,
  0x0001, 0x0001, 0x0001, 0x0001, 0x0001, 0x0001, 0x0001, 0x0001, 0x0001, 0x0001,
  0x0001, 0x0001, 0xC002, 0x0001, 0x0001, 0x0001, 0x0001, 0x0001, 0x0001, 0x0001,
  0xC002, 0x0001, 0x0001, 0xC002, 0x0001, 0x0001, 0x0001, 0x0001, 0x0001, 0x0001,
  0x0001, 0x41C1, 0x0001, 0x0001, 0x0001, 0x0001, 0x0001, 0x0001, 0x0001, 0x0001,
  0x0001, 0x0001, 0x0001, 0x0001, 0x0001, 0x4241, 0x0001, 0x0001, 0x0001, 0x7981,
  0x7701, 0x7981, 0x7981, 0x0001, 0x0001, 0x0001, 0xC002, 0xC002, 0xC002, 0xC002,
  0xC002, 0xC002, 0xC002, 0xC002, 0x0001, 0x0001, 0x0001, 0x0001, 0x0001, 0x0001,
  0x0001, 0x0001, 0x0001, 0x0001, 0x0001, 0x0001, 0x0001, 0x0001, 0x0001, 0x0001,
  0x0001, 0x0001, 0x0001, 0x0001, 0x0001, 0x0001, 0x0001, 0x0001, 0x0001, 0x0001,
  0x0001, 0x0001, 0x0001, 0x0001, 0x0001, 0x0001, 0x0001, 0x0001, 0x0001, 0x0001,
  0x0001, 0x0001, 0x0001, 0x0001, 0x0001, 0x0001, 0x0001, 0x0001, 0x0001, 0x0001,
  0x0001, 0x0001, 0x0001, 0x0001, 0x0001, 0x0001, 0x0001, 0x0001, 0x0001, 0x0001,
  0x0001, 0x0001, 0x0001, 0x0001, 0x41C1, 0x0001, 0x0001, 0x0001, 0x0001, 0x0001,
  0x0001, 0x0001, 0x0001, 0x0001, 0x0001, 0x0001, 0xC002, 0xC002, 0x4241, 0x0001,
  0x0001, 0x0001, 0x0001, 0x0001, 0x0001, 0x0001, 0x0001, 0x0001, 0x0001, 0x0001,
  0x0001, 0x0001, 0x0001, 0xC002, 0xC002, 0x0001, 0xC002, 0x0001, 0x0001, 0x0001,
  0x0001, 0x0001, 0x0001, 0x0001, 0x0001, 0x0001, 0x0001, 0x0001, 0x0001, 0x0001,
  0x0001, 0x0001, 0x0001, 0x0001, 0x0001, 0x0001, 0x0001, 0x0001, 0x0001, 0x0001,
  0x0001, 0x0001, 0x0001, 0x0001, 0x0001, 0x0001, 0x0001, 0x7981, 0x0001, 0x0001,
  0x0001, 0x0001, 0x0001, 0x0001, 0x0001, 0x0001, 0x0001, 0x0001, 0x0001, 0x0001,
  0x0001, 0x0001, 0x0001, 0x0001, 0x0001, 0x0001, 0x0001, 0x0001, 0x0001, 0x0001,
  0x0001, 0x0001, 0x0001, 0x0001, 0x0001, 0x0001, 0x0001, 0x0001, 0x0001, 0x0001,
  0x0001, 0x0001, 0x0001, 0x0001, 0x0001, 0x0001, 0x0001, 0x0001, 0x0001, 0x0001,
  0x0001, 0x0001, 0x0001, 0x0001, 0x0001, 0x0001, 0x0001, 0x0001, 0x0001, 0xC002,
  0x0001, 0x0001, 0xC002, 0x0001, 0x0001, 0x0001, 0x0001, 0x0001, 0x41C1, 0x0001,
  0x0001, 0x0001, 0x0001, 0x0001, 0x0001, 0x0001, 0x0001, 0x0001, 0x0001, 0x0001,
  0x0001, 0x0001, 0x4241, 0x0001, 0x0001, 0x0001, 0x0001, 0x0001, 0x0001, 0x0001,
  0x0001, 0x0001, 0x0001, 0x0001, 0xC002, 0xC002, 0xC002, 0x0001, 0x0001, 0xC002,
  0x0001, 0x0001, 0x0001, 0x0001, 0x0001, 0x0001, 0x0001, 0x0001, 0x0001, 0x0001,
  0x0001, 0x0001, 0x0001, 0x0001, 0x0001, 0x0001, 0x0001, 0x0001, 0x0001, 0x0001,
  0x0001, 0x0001, 0x0001, 0x0001, 0x0001, 0x0001, 0x0001, 0x0001, 0x0001, 0x0001,
  0x0001, 0x0001, 0x0001, 0x4241, 0x0001, 0x0001, 0x0001, 0x0001, 0x0001, 0x0001,
  0x0001, 0x0001, 0x0001, 0x0001, 0x0001, 0x0001, 0x0001, 0x0001, 0x0001, 0x0001,
  0x0001, 0x0001, 0x0001, 0x0001, 0x0001, 0x0001, 0x0001, 0x0001, 0x0001, 0x0001,
  0x0001, 0x0001, 0x0001, 0x0001, 0x0001, 0x0001, 0x0001, 0x0001, 0x0001, 0x0001,
  0x0001, 0x0001, 0x0001, 0x0001, 0x0001, 0x0001, 0x0001, 0x0001, 0x0001, 0x0001,
  0x0001, 0x0001, 0x0001, 0x0001, 0xC002, 0x0001, 0x0001, 0xC002, 0xC002, 0x4241,
  0x0001, 0x0001, 0x0001, 0x0001, 0x0001, 0x0001, 0x0001, 0x0001, 0x0001, 0x0001,
  0x0001, 0x0001, 0x0001, 0x0001, 0xC002, 0xC002, 0x0001, 0x0001, 0x0001, 0x0001,
  0x0001, 0x0001, 0x0001, 0x0001, 0x0001, 0x0001, 0x0001, 0x0001, 0x0001, 0x0001,
  0x0001, 0x0001, 0x0001, 0x0001, 0x0001, 0x0001, 0x0001, 0x0001, 0x0001, 0x0001,
  0x0001, 0x0001, 0x0001, 0x0001, 0x0001, 0x0001, 0x0001, 0x0001, 0x0001, 0x0001,
  0xC002, 0x0001, 0x0001, 0x0001, 0x0001, 0x0001, 0x0001, 0x0001, 0x0001, 0x0001,
  0x0001, 0x0001, 0x0001, 0x0001, 0x0001, 0x0001, 0x0001, 0x0001, 0x0001, 0x0001,
  0x0001, 0x0001, 0x0001, 0x0001, 0x0001, 0x0001, 0x0001, 0x0001, 0x0001, 0x0001,
  0x0001, 0x0001, 0x0001, 0x0001, 0x0001, 0x0001, 0x0001, 0x0001, 0x0001, 0x0001,
  0x0001, 0x0001, 0x0001, 0x0001, 0xC002, 0xC002, 0xC002, 0x4241, 0x0001, 0x0001,
  0x0001, 0x0001, 0x0001, 0x0001, 0x0001, 0x0001, 0x0001, 0x0001, 0x0001, 0x0001,
  0x0001, 0x0001, 0x0001, 0x0001, 0x0001, 0x0001, 0x0001, 0x0001, 0x0001, 0x0001,
  0x0001, 0x0001, 0x0001, 0x0001, 0x0001, 0x0001, 0x0001, 0x0001, 0x0001, 0x0001,
  0x0001, 0x0001, 0x0001, 0x0001, 0x0001, 0x0001, 0x0001, 0x0001, 0x0001, 0x0001,
  0x0001, 0x0001, 0x0001, 0x0001, 0x0001, 0x0001, 0x0001, 0x0001, 0xC002, 0x0001,
  0x0001, 0x0001, 0x0001, 0x4241, 0x0001, 0x0001, 0x0001, 0x0001, 0x0001, 0x0001,
  0x0001, 0x5501, 0x56C1, 0x0001, 0x0001, 0x0001, 0x0001, 0x0001, 0x0001, 0x0001,
  0x0001, 0x0001, 0x0001, 0x0001, 0x0001, 0x0001, 0x0001, 0x0001, 0x0001, 0x0001,
  0x0001, 0x0001, 0x0001, 0x0001, 0x0001, 0x0001, 0x0001, 0x0001, 0x0001, 0x0001,
  0x0001, 0x0001, 0x0001, 0x0001, 0x0001, 0x0001, 0x0001, 0x0001, 0x0001, 0x0001,
  0x0001, 0x0001, 0x0001, 0x0001, 0xC002, 0x0001, 0x0001, 0x0001, 0x0001, 0x0001,
  0x0001, 0xC002, 0xC002, 0x0001, 0xC002, 0xC003, 0x0001, 0x4241, 0x0001, 0x0001,
  0x0001, 0x0001, 0x0001, 0x0001, 0x0001, 0x0001, 0x0001, 0x0001, 0x0001, 0x0001,
  0x0001, 0x0001, 0x0001, 0x0001, 0x0001, 0x0001, 0x0001, 0x0001, 0x0001, 0x0001,
  0x0001, 0x0001, 0x0001, 0x0001, 0x0001, 0x0001, 0x0001, 0x0001, 0x0001, 0x0001,
  0x0001, 0x0001, 0x0001, 0x0001, 0x0001, 0x0001, 0x0001, 0x0001, 0x0001, 0x0001,
  0x0001, 0x0001, 0x0001, 0x0001, 0x0001, 0x0001, 0x0001, 0x0001, 0x0001, 0x0001,
  0x0001, 0x0001, 0x0001, 0x0001, 0x0001, 0x0001, 0x0001, 0x4241, 0x4241, 0x0001,
  0x0001, 0x0001, 0x0001, 0x0001, 0x0001, 0x0001, 0x0001, 0x0001, 0x0001, 0x4241,
  0x0001, 0x0001, 0x0001, 0x0001, 0x0001, 0x0001, 0x0001, 0x0001, 0x0001, 0x0001,
  0x0001, 0x0001, 0x0001, 0x0001, 0x0001, 0xC002, 0x0001, 0xC002, 0xC003, 0xC002,
  0x0001, 0x0001, 0x0001, 0x0001, 0x0001, 0x0001, 0x0001, 0x0001, 0x0001, 0x0001,
  0x0001, 0x0001, 0x0001, 0x0001, 0x0001, 0x0001, 0x0001, 0x0001, 0x0001, 0x0001,
  0x0001, 0x0001, 0x0001, 0x0001, 0x0001, 0x0001, 0x0001, 0x0001, 0x0001, 0x0001,
  0x0001, 0x0001, 0x0001, 0x0001, 0x0001, 0x0001, 0x0001, 0x0001, 0x0001, 0x0001,
  0x0001, 0x0001, 0x0001, 0x0001, 0x0001, 0x0001, 0x0001, 0x0001, 0x0001, 0x0001,
  0x0001, 0xC002, 0x0001, 0x0001, 0x0001, 0x0001, 0x59C1, 0x59C1, 0x4241, 0x0001,
  0x0001, 0x0001, 0x0001, 0x0001, 0x0001, 0x0001, 0x0001, 0x5AC1, 0x5AC1, 0x5AC1,
  0x5AC1, 0x0001, 0x0001, 0x0001, 0x0001, 0x0001, 0x0001, 0x0001, 0x0001, 0x0001,
  0x0001, 0x0001, 0x0001, 0x0001, 0x0001, 0x0001, 0x0001, 0x0001, 0x0001, 0x0001,
  0x0001, 0x0001, 0x0001, 0x0001, 0x0001, 0x0001, 0x0001, 0x0001, 0x0001, 0x0001,
  0x0001, 0x0001, 0x0001, 0x0001, 0x0001, 0x0001, 0x0001, 0x0001, 0x0001, 0x0001,
  0x0001, 0x0001, 0x0001, 0x0001, 0x0001, 0x0001, 0x0001, 0x0001, 0x0001, 0x0001,
  0x0001, 0x0001, 0x0001, 0xC002, 0x0001, 0x0001, 0x0001, 0x0001, 0x5D81, 0x5D81,
  0x4241, 0x0001, 0x0001, 0x0001, 0x0001, 0x0001, 0x0001, 0x0001, 0x0001, 0x5E81,
  0x5E81, 0x5E81, 0x5E81, 0x0001, 0x0001, 0x0001, 0x0001, 0x0001, 0x0001, 0x0001,
  0x0001, 0x0001, 0x0001, 0x0001, 0x0001, 0x0001, 0x0001, 0x0001, 0x0001, 0xC002,
  0xC002, 0x0001, 0x0001, 0x0001, 0x0001, 0x0001, 0x0001, 0x0001, 0x0001, 0x0001,
  0x0001, 0x0001, 0x0001, 0x0001, 0x0001, 0x0001, 0x0001, 0x0001, 0x0001, 0x0001,
  0x0001, 0x0001, 0x0001, 0x0001, 0x0001, 0x0001, 0x0001, 0x0001, 0x0001, 0x0001,
  0x0001, 0x0001, 0x0001, 0x0001, 0x0001, 0xC001, 0x0001, 0x0001, 0x0001, 0x0001,
  0x0001, 0x0001, 0x0001, 0x0001, 0x0001, 0x0001, 0x0001, 0x7701, 0x7701, 0x0001,
  0x0001, 0x0001, 0x0001, 0x0001, 0x0001, 0x0001, 0x0001, 0x0001, 0x0001, 0x0001,
  0x0001, 0x0001, 0x0001, 0x0001, 0x0001, 0x0001, 0x0001, 0x0001, 0x0001, 0x0001,
  0x0001, 0x0001, 0x0001, 0x0001, 0x0001, 0x0001, 0x7701, 0x0001, 0x7701, 0x0001,
  0x7601, 0x0001, 0x0001, 0x0001, 0x0001, 0x0001, 0x0001, 0xC002, 0x0001, 0x0001,
  0x0001, 0x0001, 0x0001, 0x0001, 0x0001, 0x0001, 0x0001, 0xC002, 0x0001, 0x0001,
  0x0001, 0x0001, 0xC002, 0x0001, 0x0001, 0x0001, 0x0001, 0xC002, 0x0001, 0x0001,
  0x0001, 0x0001, 0xC002, 0x0001, 0x0001, 0x0001, 0x0001, 0x0001, 0x0001, 0x0001,
  0x0001, 0x0001, 0x0001, 0x0001, 0x0001, 0xC002, 0x0001, 0x0001, 0x0001, 0x0001,
  0x0001, 0x0001, 0x0001, 0x6041, 0x6081, 0xC042, 0x6101, 0xC042, 0xC002, 0xC003,
  0xC002, 0xC003, 0x6081, 0x6081, 0x6081, 0x6081, 0x0001, 0x0001, 0x6081, 0xC042,
  0x7981, 0x7981, 0x4241, 0x0001, 0x7981, 0x7981, 0x0001, 0x0001, 0x0001, 0x0001,
  0x0001, 0x0001, 0x0001, 0x0001, 0x0001, 0x0001, 0x0001, 0xC002, 0x0001, 0x0001,
  0x0001, 0x0001, 0x0001, 0x0001, 0x0001, 0x0001, 0x0001, 0xC002, 0x0001, 0x0001,
  0x0001, 0x0001, 0xC002, 0x0001, 0x0001, 0x0001, 0x0001, 0xC002, 0x0001, 0x0001,
  0x0001, 0x0001, 0xC002, 0x0001, 0x0001, 0x0001, 0x0001, 0x0001, 0x0001, 0x0001,
  0x0001, 0x0001, 0x0001, 0x0001, 0x0001, 0xC002, 0x0001, 0x0001, 0x0001, 0x0001,
  0x0001, 0x0001, 0x7701, 0x0001, 0x0001, 0x0001, 0x0001, 0x0001, 0x0001, 0x0001,
  0x0001, 0x0001, 0x0001, 0x0001, 0x0001, 0x0001, 0x0001, 0x0001, 0x0001, 0x0001,
  0x0001, 0x0001, 0x0001, 0x0001, 0x0001, 0x0001, 0x0001, 0x0001, 0x0001, 0x0001,
  0x0001, 0x0001, 0x0001, 0x0001, 0x0001, 0x0001, 0x0001, 0x0001, 0x0001, 0x0001,
  0x0001, 0x0001, 0x0001, 0x0001, 0x0001, 0x0001, 0x0001, 0x0001, 0x0001, 0x0001,
  0x0001, 0x0001, 0x0001, 0x0001, 0x0001, 0x0001, 0x0001, 0x0001, 0x0001, 0x0001,
  0xC002, 0x0001, 0x0001, 0x0001, 0x0001, 0x0001, 0x0001, 0x0001, 0x0001, 0x0001,
  0x0001, 0x0001, 0x0001, 0x0001, 0x0001, 0x0001, 0x0001, 0x41C1, 0x0001, 0x4241,
  0x4241, 0x0001, 0x0001, 0x0001, 0x0001, 0x0001, 0x0001, 0x0001, 0x0001, 0x0001,
  0x0001, 0x0001, 0x0001, 0x0001, 0x7701, 0x0001, 0x0001, 0x0001, 0x0001, 0x0001,
  0x0001, 0x0001, 0x0001, 0x0001, 0x0001, 0x0001, 0x0001, 0x0001, 0x0001, 0x0001,
  0x0001, 0x0001, 0x0001, 0x0001, 0x0001, 0x0001, 0x0001, 0x0001, 0x0001, 0x0001,
  0x0001, 0x0001, 0x0001, 0x0001, 0x0001, 0x0001, 0x0001, 0x0001, 0x0001, 0x0001,
  0x0001, 0x0001, 0x0001, 0x0001, 0x0001, 0x0001, 0x0001, 0x0001, 0x0001, 0x0001,
  0x0001, 0x0001, 0x0001, 0x0001, 0x0001, 0x7981, 0x7981, 0x7981, 0x0001, 0x0001,
  0x0001, 0x0001, 0x0001, 0x0001, 0x0001, 0x0001, 0x0001, 0x0001, 0x0001, 0x0001,
  0x0001, 0x0001, 0x0001, 0x0001, 0x0001, 0x0001, 0x0001, 0x0001, 0x0001, 0x0001,
  0x0001, 0x0001, 0x0001, 0x0001, 0x0001, 0x0001, 0x0001, 0x0001, 0x0001, 0x0001,
  0x4241, 0x4241, 0x0001, 0x0001, 0x0001, 0x0001, 0x0001, 0x0001, 0x0001, 0x0001,
  0x0001, 0x0001, 0x0001, 0x0001, 0x0001, 0x0001, 0x0001, 0x0001, 0x0001, 0x0001,
  0x0001, 0x0001, 0x0001, 0x0001, 0x0001, 0x0001, 0x0001, 0x0001, 0x0001, 0x0001,
  0x0001, 0x0001, 0x4241, 0x0001, 0x0001, 0x0001, 0x0001, 0x0001, 0x0001, 0x0001,
  0x0001, 0x0001, 0x0001, 0x0001, 0x0001, 0x0001, 0x0001, 0x0001, 0x0001, 0x0001,
  0x0001, 0x4241, 0x0001, 0x0001, 0x0001, 0x0001, 0x0001, 0x0001, 0x0001, 0x0001,
  0x0001, 0x0001, 0x7981, 0x0001, 0x0001, 0x0001, 0x0001, 0x0001, 0x0001, 0x0001,
  0x0001, 0x0001, 0x0001, 0x0001, 0x0001, 0x0001, 0x0001, 0x0001, 0x0001, 0x0001,
  0x0001, 0x0001, 0x0001, 0x0001, 0x0001, 0x0001, 0x0001, 0x0001, 0x0001, 0x0001,
  0x0001, 0x0001, 0x0001, 0x0001, 0x0001, 0x0001, 0x0001, 0x0001, 0x0001, 0x0001,
  0x0001, 0x0001, 0x0001, 0x0001, 0x7901, 0x0001, 0x0001, 0x0001, 0x0001, 0x0001,
  0x0001, 0x0001, 0x0001, 0x0001, 0x0001, 0x0001, 0x0001, 0x0001, 0x0001, 0x0001,
  0x0001, 0x0001, 0x0001, 0x0001, 0x0001, 0x0001, 0x0001, 0x0001, 0x0001, 0x0001,
  0x0001, 0x0001, 0x0001, 0x0001, 0x0001, 0x0001, 0x0001, 0x0001, 0x0001, 0x0001,
  0x0001, 0x0001, 0x0001, 0x0001, 0x0001, 0x0001, 0x0001, 0x0001, 0x0001, 0x0001,
  0x0001, 0x0001, 0x0001, 0x0001, 0x0001, 0x0001, 0x0001, 0x0001, 0x0001, 0x0001,
  0x0001, 0x0001, 0x7781, 0x7981, 0x7701, 0x0001, 0x0001, 0x0001, 0x0001, 0x0001,
  0x0001, 0x0001, 0x0001, 0x0001, 0x0001, 0x0001, 0x0001, 0x0001, 0x0001, 0x0001,
  0x0001, 0x0001, 0x0001, 0x0001, 0x0001, 0x0001, 0x0001, 0x0001, 0x7981, 0x7701,
  0x0001, 0x0001, 0x0001, 0x0001, 0x0001, 0x0001, 0x0001, 0x0001, 0x0001, 0x0001,
  0x0001, 0x0001, 0x0001, 0x0001, 0x0001, 0x0001, 0x0001, 0x0001, 0x0001, 0x0001,
  0x0001, 0x0001, 0x0001, 0x0001, 0x0001, 0x0001, 0x0001, 0x0001, 0x0001, 0x0001,
  0x0001, 0x0001, 0x0001, 0x0001, 0x0001, 0x0001, 0x0001, 0x0001, 0x0001, 0x4241,
  0x0001, 0x0001, 0x0001, 0x0001, 0x0001, 0x0001, 0x0001, 0x0001, 0x0001, 0x0001,
  0x0001, 0x0001, 0x0001, 0x0001, 0x0001, 0x0001, 0x0001, 0x0001, 0x0001, 0x0001,
  0x7981, 0x7981, 0x7981, 0x7981, 0x7981, 0x7981, 0x7981, 0x7981, 0x0001, 0x0001,
  0x7701, 0x0001, 0x0001, 0x0001, 0x0001, 0x0001, 0x0001, 0x0001, 0x0001, 0x0001,
  0x0001, 0x0001, 0x0001, 0x0001, 0x0001, 0x0001, 0x0001, 0x0001, 0x0001, 0x0001,
  0x0001, 0x0001, 0x0001, 0x0001, 0x0001, 0x0001, 0x0001, 0x0001, 0x0001, 0x0001,
  0x0001, 0x0001, 0x0001, 0x0001, 0x0001, 0x0001, 0x0001, 0x0001, 0x0001, 0x0001,
  0x0001, 0x0001, 0x0001, 0x0001, 0x0001, 0x0001, 0x0001, 0x0001, 0x0001, 0x7981,
  0x7981, 0x7981, 0x7981, 0x7981, 0x7701, 0x7701, 0x7701, 0x7701, 0x7701, 0x7701,
  0x7981, 0x7981, 0x7701, 0x0001, 0x7701, 0x7981, 0x7981, 0x7701, 0x7701, 0x7981,
  0x7981, 0x7981, 0x7981, 0x7981, 0x7701, 0x7981, 0x7981, 0x7981, 0x7981, 0x7981,
  0x7981, 0x7981, 0x7981, 0x7981, 0x7981, 0x7981, 0x7981, 0x7981, 0x7981, 0x7981,
  0x7981, 0x7981, 0x7981, 0x7701, 0x0001, 0x0001, 0x7981, 0x7981, 0x7981, 0x7981,
  0x7981, 0x7981, 0x7701, 0x7981, 0x7981, 0x7981, 0x7981, 0x7A81, 0x0001, 0x0001,
  0x0001, 0x0001, 0x0001, 0x0001, 0x0001, 0x0001, 0x0001, 0x0001, 0x0001, 0x0001,
  0x0001, 0x0001, 0x0001, 0x0001, 0x0001, 0x0001, 0x0001, 0x0001, 0xC002, 0x0001,
  0xC002, 0x0001, 0xC002, 0x0001, 0xC002, 0x0001, 0xC002, 0x0001, 0x0001, 0x0001,
  0xC002, 0x0001, 0x0001, 0x0001, 0x0001, 0x0001, 0x0001, 0x0001, 0x0001, 0x0001,
  0x0001, 0x0001, 0x0001, 0x0001, 0x0001, 0x0001, 0x0001, 0x0001, 0x0001, 0x0001,
  0x0001, 0x0001, 0x0001, 0x0001, 0x0001, 0x0001, 0x0001, 0x0001, 0x0001, 0x0001,
  0x0001, 0x0001, 0x0001, 0x0001, 0x41C1, 0x0001, 0x0001, 0x0001, 0x0001, 0x0001,
  0x0001, 0xC002, 0x0001, 0xC002, 0x0001, 0x0001, 0xC002, 0xC002, 0x0001, 0xC002,
  0x4241, 0x0001, 0x0001, 0x0001, 0x0001, 0x0001, 0x0001, 0x0001, 0x0001, 0x0001,
  0x0001, 0x0001, 0x0001, 0x0001, 0x0001, 0x0001, 0x0001, 0x0001, 0x0001, 0x0001,
  0x0001, 0x0001, 0x0001, 0x0001, 0x0001, 0x0001, 0x0001, 0x0001, 0x0001, 0x0001,
  0x0001, 0x0001, 0x0001, 0x0001, 0x0001, 0x0001, 0x0001, 0x0001, 0x0001, 0x7981,
  0x7701, 0x7981, 0x7981, 0x7981, 0x7981, 0x7981, 0x7981, 0x7981, 0x0001, 0x0001,
  0x0001, 0x0001, 0x0001, 0x0001, 0x0001, 0x0001, 0x0001, 0x0001, 0x0001, 0x0001,
  0x0001, 0x0001, 0x0001, 0x0001, 0x0001, 0x0001, 0x0001, 0x0001, 0x0001, 0x0001,
  0x0001, 0x0001, 0x0001, 0x0001, 0x0001, 0x0001, 0x0001, 0x0001, 0x0001, 0x0001,
  0x0001, 0x0001, 0x0001, 0x0001, 0x0001, 0x0001, 0x0001, 0x0001, 0x0001, 0x0001,
  0x4241, 0x4241, 0x0001, 0x0001, 0x0001, 0x0001, 0x0001, 0x0001, 0x0001, 0x0001,
  0x0001, 0x0001, 0x0001, 0x0001, 0x0001, 0x0001, 0x0001, 0x0001, 0x0001, 0x0001,
  0x0001, 0x0001, 0x0001, 0x0001, 0x0001, 0x0001, 0x0001, 0x0001, 0x0001, 0x0001,
  0x0001, 0x0001, 0x0001, 0x0001, 0x0001, 0x0001, 0x0001, 0x0001, 0x0001, 0x0001,
  0x41C1, 0x0001, 0x0001, 0x0001, 0x0001, 0x0001, 0x0001, 0x0001, 0x0001, 0x0001,
  0x0001, 0x0001, 0x4241, 0x4241, 0x0001, 0x0001, 0x0001, 0x0001, 0x0001, 0x0001,
  0x0001, 0x0001, 0x0001, 0x0001, 0x0001, 0x0001, 0x0001, 0x0001, 0x0001, 0x0001,
  0x7981, 0x7981, 0x7981, 0x0001, 0x4041, 0x7701, 0x7701, 0x7701, 0x7701, 0x7701,
  0x7981, 0x7981, 0x7701, 0x7701, 0x7701, 0x7701, 0x7981, 0x0001, 0x4041, 0x4041,
  0x4041, 0x4041, 0x4041, 0x4041, 0x4041, 0x0001, 0x0001, 0x0001, 0x0001, 0x7701,
  0x0001, 0x0001, 0x0001, 0x0001, 0x0001, 0x0001, 0x7981, 0x0001, 0x0001, 0x0001,
  0x7981, 0x7981, 0x0001, 0x0001, 0x0001, 0x0001, 0x0001, 0x0001, 0x0001, 0x0001,
  0x0001, 0x0001, 0x0001, 0x0001, 0x0001, 0x0001, 0x0001, 0x0001, 0x0001, 0x0001,
  0x0001, 0x0001, 0x0001, 0x0001, 0x0001, 0x0001, 0x0001, 0x0001, 0x0001, 0x0001,
  0x0001, 0x0001, 0x0001, 0x0001, 0x0001, 0x0001, 0x0001, 0x0001, 0x0001, 0x0001,
  0x0001, 0x0001, 0x0001, 0x0001, 0x0001, 0x0001, 0xC001, 0xC001, 0xC001, 0x0001,
  0xC001, 0xC001, 0xC001, 0xC001, 0xC001, 0xC001, 0xC001, 0xC001, 0xC001, 0xC001,
  0xC001, 0x0001, 0xC001, 0xC001, 0xC001, 0xC001, 0xC001, 0xC001, 0xC001, 0xC001,
  0xC001, 0xC001, 0xC001, 0xC001, 0xC001, 0xC001, 0x0001, 0xC001, 0xC001, 0xC001,
  0xC001, 0xC001, 0xC001, 0xC001, 0xC001, 0xC001, 0xC001, 0xC001, 0xC001, 0xC001,
  0xC001, 0xC001, 0xC001, 0xC001, 0xC001, 0xC001, 0xC001, 0xC001, 0xC001, 0xC001,
  0xC001, 0xC001, 0xC001, 0xC001, 0xC001, 0x0001, 0x0001, 0x0001, 0x0001, 0x0001,
  0x0001, 0x0001, 0x0001, 0x0001, 0x0001, 0x0001, 0x0001, 0x0001, 0xC001, 0x0001,
  0x0001, 0x0001, 0x0001, 0x0001, 0x0001, 0x0001, 0x0001, 0x0001, 0x0001, 0x0001,
  0x0001, 0x0001, 0x0001, 0x0001, 0x0001, 0x0001, 0x0001, 0x0001, 0x0001, 0x0001,
  0x0001, 0x0001, 0x0001, 0x0001, 0x0001, 0x0001, 0xC001, 0xC001, 0xC001, 0xC001,
  0xC001, 0xC001, 0xC001, 0xC001, 0xC001, 0xC001, 0xC001, 0xC001, 0xC001, 0xC001,
  0xC001, 0xC001, 0xC001, 0xC001, 0xC001, 0xC001, 0xC001, 0xC001, 0xC001, 0xC001,
  0xC001, 0xC001, 0xC001, 0xC001, 0xC001, 0xC001, 0xC001, 0xC001, 0xC001, 0xC001,
  0xC001, 0xC001, 0xC001, 0x7981, 0x7981, 0x7701, 0x7981, 0x7981, 0x7981, 0x7981,
  0x7981, 0x7981, 0x7981, 0x7701, 0x7981, 0x7981, 0x7A81, 0x7581, 0x7701, 0x7281,
  0x7981, 0x7981, 0x7981, 0x7981, 0x7981, 0x7981, 0x7981, 0x7981, 0x7981, 0x7981,
  0x7981, 0x7981, 0x7981, 0x7981, 0x7981, 0x7981, 0x7981, 0x7981, 0x7981, 0x7981,
  0x7981, 0x7981, 0x7981, 0x7981, 0x7981, 0x7981, 0x7981, 0x7981, 0x7981, 0x7981,
  0x7981, 0x7981, 0x7981, 0x7981, 0x7981, 0x7981, 0x7981, 0x7A01, 0x7901, 0x7901,
  0x7701, 0x7681, 0x7981, 0x7A41, 0x7701, 0x7981, 0x7701, 0xC002, 0xC002, 0xC002,
  0xC002, 0xC002, 0xC002, 0xC002, 0xC002, 0xC003, 0xC003, 0xC002, 0xC002, 0xC002,
  0xC002, 0xC002, 0xC002, 0xC002, 0xC002, 0xC002, 0xC002, 0xC003, 0xC003, 0xC003,
  0xC003, 0xC002, 0xC002, 0xC002, 0xC002, 0xC003, 0xC003, 0xC002, 0xC002, 0xC002,
  0xC002, 0xC002, 0xC002, 0xC002, 0xC002, 0xC002, 0xC002, 0xC002, 0xC002, 0xC002,
  0xC002, 0xC002, 0xC002, 0xC003, 0xC003, 0xC002, 0xC002, 0xC002, 0xC002, 0xC002,
  0xC002, 0xC002, 0xC002, 0xC003, 0xC003, 0xC002, 0xC002, 0xC002, 0xC002, 0xC002,
  0xC002, 0xC002, 0xC002, 0xC002, 0xC002, 0xC002, 0xC002, 0xC003, 0xC003, 0xC003,
  0xC003, 0xC003, 0xC003, 0xC003, 0xC003, 0xC002, 0xC002, 0xC002, 0xC002, 0xC002,
  0xC002, 0xC002, 0xC002, 0xC003, 0xC003, 0xC002, 0xC002, 0xC002, 0xC002, 0xC002,
  0xC002, 0xC003, 0xC003, 0xC003, 0xC003, 0xC003, 0xC003, 0xC002, 0xC002, 0xC002,
  0xC002, 0xC002, 0xC002, 0xC002, 0xC002, 0xC002, 0xC002, 0xC002, 0xC002, 0xC002,
  0xC002, 0xC003, 0xC003, 0xC003, 0xC003, 0xC002, 0xC002, 0xC002, 0xC002, 0xC002,
  0xC002, 0xC002, 0xC002, 0xC002, 0xC002, 0xC002, 0xC002, 0xC002, 0xC002, 0xC002,
  0xC002, 0xC002, 0xC002, 0xC002, 0xC002, 0xC002, 0xC002, 0xC002, 0xC002, 0xC002,
  0xC002, 0xC002, 0xC002, 0x0001, 0x0001, 0x0001, 0x0001, 0xC002, 0xC002, 0xC002,
  0xC002, 0xC003, 0xC003, 0xC003, 0xC003, 0xC003, 0xC003, 0xC003, 0xC003, 0xC003,
  0xC003, 0xC003, 0xC003, 0xC003, 0xC003, 0xC003, 0xC003, 0xC003, 0xC003, 0xC003,
  0xC003, 0xC002, 0xC002, 0xC002, 0xC002, 0xC002, 0xC002, 0xC003, 0xC003, 0xC003,
  0xC003, 0xC003, 0xC003, 0xC003, 0xC003, 0xC002, 0xC002, 0xC002, 0xC002, 0xC002,
  0xC002, 0xC002, 0xC002, 0xC003, 0xC003, 0xC003, 0xC003, 0xC003, 0xC003, 0xC003,
  0xC003, 0xC003, 0xC003, 0xC003, 0xC003, 0xC003, 0xC003, 0xC003, 0xC003, 0xC003,
  0xC003, 0xC003, 0xC003, 0xC002, 0xC002, 0xC002, 0xC002, 0xC003, 0xC003, 0xC003,
  0xC003, 0xC003, 0xC003, 0xC003, 0xC003, 0xC003, 0xC003, 0xC002, 0xC002, 0xC002,
  0xC002, 0xC002, 0xC002, 0xC002, 0xC002, 0x0001, 0x0001, 0x0001, 0x0001, 0x0001,
  0x0001, 0xC002, 0xC002, 0xC003, 0xC003, 0xC003, 0xC003, 0xC003, 0xC003, 0xC002,
  0xC002, 0xC003, 0xC003, 0xC003, 0xC003, 0xC003, 0xC003, 0xC002, 0xC002, 0xC003,
  0xC003, 0xC003, 0xC003, 0x0001, 0x0001, 0xC002, 0xC002, 0xC003, 0xC003, 0xC003,
  0xC003, 0x0001, 0x0001, 0xC002, 0xC002, 0xC003, 0xC003, 0xC003, 0xC003, 0xC003,
  0xC003, 0xC002, 0xC002, 0xC003, 0xC003, 0xC003, 0xC003, 0xC003, 0xC003, 0xC002,
  0xC002, 0xC003, 0xC003, 0xC003, 0xC003, 0xC003, 0xC003, 0xC002, 0xC002, 0xC003,
  0xC003, 0xC003, 0xC003, 0xC003, 0xC003, 0xC002, 0xC002, 0xC003, 0xC003, 0xC003,
  0xC003, 0x0001, 0x0001, 0xC002, 0xC002, 0xC003, 0xC003, 0xC003, 0xC003, 0x0001,
  0x0001, 0xC002, 0xC002, 0xC003, 0xC003, 0xC003, 0xC003, 0xC003, 0xC003, 0x0001,
  0xC002, 0x0001, 0xC003, 0x0001, 0xC003, 0x0001, 0xC003, 0xC002, 0xC002, 0xC003,
  0xC003, 0xC003, 0xC003, 0xC003, 0xC003, 0xC002, 0xC002, 0xC003, 0xC003, 0xC003,
  0xC003, 0xC003, 0xC003, 0xC002, 0xC002, 0xC002, 0xC002, 0xC002, 0xC002, 0xC002,
  0xC002, 0xC002, 0xC002, 0xC002, 0xC002, 0xC002, 0xC002, 0x0001, 0x0001, 0xC003,
  0xC003, 0xC004, 0xC004, 0xC004, 0xC004, 0xC004, 0xC004, 0xC003, 0xC003, 0xC004,
  0xC004, 0xC004, 0xC004, 0xC004, 0xC004, 0xC003, 0xC003, 0xC004, 0xC004, 0xC004,
  0xC004, 0xC004, 0xC004, 0xC003, 0xC003, 0xC004, 0xC004, 0xC004, 0xC004, 0xC004,
  0xC004, 0xC003, 0xC003, 0xC004, 0xC004, 0xC004, 0xC004, 0xC004, 0xC004, 0xC003,
  0xC003, 0xC004, 0xC004, 0xC004, 0xC004, 0xC004, 0xC004, 0xC002, 0xC002, 0xC003,
  0xC002, 0xC003, 0x0001, 0xC002, 0xC003, 0xC002, 0xC002, 0xC002, 0xC002, 0xC002,
  0xC002, 0xC001, 0xC002, 0xC003, 0xC003, 0xC002, 0xC003, 0x0001, 0xC002, 0xC003,
  0xC002, 0xC002, 0xC002, 0xC002, 0xC002, 0xC003, 0xC003, 0xC003, 0xC002, 0xC002,
  0xC003, 0xC003, 0x0001, 0x0001, 0xC002, 0xC003, 0xC002, 0xC002, 0xC002, 0xC002,
  0x0001, 0xC003, 0xC003, 0xC003, 0xC002, 0xC002, 0xC003, 0xC003, 0xC002, 0xC002,
  0xC002, 0xC003, 0xC002, 0xC002, 0xC002, 0xC002, 0xC002, 0xC003, 0xC003, 0xC001,
  0x0001, 0x0001, 0xC003, 0xC002, 0xC003, 0x0001, 0xC002, 0xC003, 0xC002, 0xC002,
  0xC002, 0xC002, 0xC002, 0xC002, 0xC002, 0x0001, 0xC001, 0xC001, 0xC001, 0xC001,
  0xC001, 0xC001, 0xC001, 0xC001, 0xC001, 0xC001, 0xC001, 0x0001, 0x0001, 0x0001,
  0x0001, 0x0001, 0x0001, 0xC001, 0x0001, 0x0001, 0x0001, 0x0001, 0x0001, 0xC002,
  0x0001, 0x0001, 0x0001, 0x0001, 0x0001, 0x0001, 0x0001, 0x0001, 0x0001, 0x0001,
  0x0001, 0x0001, 0xC001, 0xC002, 0xC003, 0x0001, 0x0001, 0x0001, 0x0001, 0x0001,
  0x0001, 0x0001, 0x0001, 0xC001, 0x0001, 0x0001, 0x0001, 0xC002, 0xC003, 0x0001,
  0xC002, 0xC003, 0x0001, 0x0001, 0x0001, 0x0001, 0xC002, 0x0001, 0xC002, 0x0001,
  0x0001, 0x0001, 0x0001, 0x0001, 0x0001, 0x0001, 0xC002, 0xC002, 0xC002, 0x0001,
  0x0001, 0x0001, 0x0001, 0x0001, 0x0001, 0x0001, 0x0001, 0x0001, 0x0001, 0x0001,
  0x0001, 0x0001, 0xC004, 0x0001, 0x0001, 0x0001, 0x0001, 0x0001, 0x0001, 0x0001,
  0xC001, 0x0001, 0x0001, 0x0001, 0x0001, 0x0001, 0x0001, 0x0001, 0x0001, 0x0001,
  0x0001, 0x0001, 0x0001, 0x0001, 0x0001, 0x0001, 0x0001, 0xC001, 0xC001, 0x0001,
  0x0001, 0xC001, 0xC001, 0xC001, 0xC001, 0xC001, 0xC001, 0xC001, 0xC001, 0xC001,
  0xC001, 0xC001, 0xC001, 0xC001, 0xC001, 0xC001, 0x0001, 0xC001, 0xC001, 0xC001,
  0xC001, 0xC001, 0xC001, 0xC001, 0xC001, 0xC001, 0xC001, 0xC001, 0xC001, 0xC001,
  0x0001, 0x0001, 0x0001, 0x0001, 0x0001, 0x0001, 0x0001, 0x0001, 0x0001, 0x0001,
  0x0001, 0xC002, 0x0001, 0x0001, 0x0001, 0x0001, 0x0001, 0x0001, 0x0001, 0x0001,
  0x0001, 0x0001, 0x0001, 0x0001, 0x0001, 0x0001, 0x0001, 0x0001, 0x0001, 0x0001,
  0x0001, 0x0001, 0x0001, 0x0001, 0x0001, 0x7981, 0x7981, 0x4041, 0x4041, 0x7981,
  0x7981, 0x7981, 0x7981, 0x4041, 0x4041, 0x4041, 0x7981, 0x7981, 0x0001, 0x0001,
  0x0001, 0x0001, 0x7981, 0x0001, 0x0001, 0x0001, 0x4041, 0x4041, 0x7981, 0x7701,
  0x7981, 0x4041, 0x4041, 0x7701, 0x7701, 0x7701, 0x7701, 0x7981, 0x0001, 0x0001,
  0x0001, 0x0001, 0x0001, 0x0001, 0x0001, 0x0001, 0x0001, 0x0001, 0x0001, 0x0001,
  0x0001, 0x0001, 0x0001, 0xC003, 0xC003, 0xC001, 0xC002, 0x0001, 0xC003, 0xC003,
  0xC001, 0x0001, 0xC002, 0xC001, 0xC001, 0xC001, 0xC001, 0xC001, 0xC001, 0xC001,
  0xC001, 0xC001, 0xC001, 0x0001, 0xC001, 0xC002, 0x0001, 0x0001, 0xC001, 0xC001,
  0xC001, 0xC001, 0xC001, 0x0001, 0x0001, 0xC002, 0xC003, 0xC002, 0x0001, 0xC001,
  0x0001, 0xC001, 0x0001, 0xC001, 0x0001, 0xC001, 0xC002, 0xC001, 0xC001, 0x0001,
  0xC001, 0xC001, 0xC001, 0x0001, 0xC001, 0xC001, 0xC001, 0xC001, 0xC001, 0xC001,
  0xC001, 0x0001, 0xC003, 0xC001, 0xC001, 0xC001, 0xC001, 0x0001, 0x0001, 0x0001,
  0x0001, 0xC001, 0xC001, 0xC001, 0xC001, 0xC001, 0x0001, 0x0001, 0x0001, 0x0001,
  0x0001, 0x0001, 0xC003, 0xC003, 0xC004, 0xC003, 0xC003, 0xC003, 0xC003, 0xC003,
  0xC003, 0xC003, 0xC003, 0xC003, 0xC003, 0xC003, 0xC003, 0xC002, 0xC001, 0xC002,
  0xC003, 0xC002, 0xC001, 0xC002, 0xC003, 0xC004, 0xC002, 0xC001, 0xC002, 0xC003,
  0xC001, 0xC001, 0xC001, 0xC001, 0xC001, 0xC002, 0xC003, 0xC002, 0xC001, 0xC002,
  0xC003, 0xC004, 0xC002, 0xC001, 0xC002, 0xC003, 0xC001, 0xC001, 0xC001, 0xC001,
  0x0001, 0x0001, 0x0001, 0x0001, 0x0001, 0x0001, 0x0001, 0x0001, 0x0001, 0xC003,
  0x0001, 0x0001, 0x0001, 0x0001, 0x0001, 0x0001, 0x0001, 0x0001, 0x0001, 0x0001,
  0x0001, 0x0001, 0x0001, 0x0001, 0x0001, 0x0001, 0xC002, 0xC002, 0x0001, 0x0001,
  0x0001, 0x0001, 0x0001, 0x0001, 0x0001, 0x0001, 0x0001, 0x0001, 0x0001, 0x0001,
  0x0001, 0x0001, 0x0001, 0x0001, 0x0001, 0x0001, 0xC002, 0x0001, 0x0001, 0x0001,
  0x0001, 0x0001, 0x0001, 0x0001, 0x0001, 0x0001, 0x0001, 0x0001, 0x0001, 0x0001,
  0x0001, 0x0001, 0x0001, 0x0001, 0xC002, 0xC002, 0xC002, 0x0001, 0x0001, 0x0001,
  0x0001, 0x0001, 0x0001, 0x0001, 0x0001, 0x0001, 0x0001, 0x0001, 0x0001, 0x0001,
  0x0001, 0x0001, 0x0001, 0x0001, 0x0001, 0x0001, 0x0001, 0x0001, 0x0001, 0x0001,
  0x0001, 0x0001, 0x0001, 0x0001, 0x0001, 0x0001, 0x0001, 0x0001, 0x0001, 0x0001,
  0x0001, 0x0001, 0x0001, 0x0001, 0x0001, 0x0001, 0x0001, 0x0001, 0x0001, 0x0001,
  0x0001, 0x0001, 0x0001, 0x0001, 0x0001, 0xC002, 0x0001, 0x0001, 0x0001, 0x0001,
  0xC002, 0x0001, 0x0001, 0xC002, 0x0001, 0x0001, 0x0001, 0x0001, 0x0001, 0x0001,
  0x0001, 0x0001, 0x0001, 0x0001, 0x0001, 0x0001, 0x0001, 0x0001, 0x0001, 0x0001,
  0x0001, 0x0001, 0x0001, 0x0001, 0x0001, 0x0001, 0x0001, 0xC002, 0x0001, 0xC002,
  0x0001, 0x0001, 0x0001, 0x0001, 0x0001, 0xC002, 0xC003, 0x0001, 0xC002, 0xC003,
  0x0001, 0x0001, 0x0001, 0x0001, 0x0001, 0x0001, 0x0001, 0x0001, 0x0001, 0x0001,
  0x0001, 0x0001, 0x0001, 0x0001, 0x0001, 0xC002, 0x0001, 0x0001, 0xC002, 0x0001,
  0x0001, 0xC002, 0x0001, 0xC002, 0x0001, 0x0001, 0x0001, 0x0001, 0x0001, 0x0001,
  0x0001, 0x0001, 0x0001, 0x0001, 0x0001, 0x0001, 0x0001, 0x0001, 0x0001, 0x0001,
  0x0001, 0x0001, 0x0001, 0x0001, 0x0001, 0x0001, 0xC002, 0x0001, 0xC002, 0x0001,
  0x0001, 0x0001, 0x0001, 0x0001, 0x0001, 0x0001, 0x0001, 0x0001, 0x0001, 0xC002,
  0xC002, 0xC002, 0xC002, 0xC002, 0x0001, 0x0001, 0xC002, 0xC002, 0x0001, 0x0001,
  0xC002, 0xC002, 0x0001, 0x0001, 0x0001, 0x0001, 0x0001, 0x0001, 0x0001, 0x0001,
  0x0001, 0x0001, 0x0001, 0x0001, 0x0001, 0x0001, 0x0001, 0x0001, 0x0001, 0x0001,
  0x0001, 0x0001, 0x0001, 0x0001, 0x0001, 0x0001, 0x0001, 0x0001, 0x0001, 0x0001,
  0x0001, 0x0001, 0x0001, 0x0001, 0x0001, 0x0001, 0xC002, 0xC002, 0xC002, 0xC002,
  0x0001, 0x0001, 0x0001, 0x0001, 0x0001, 0x0001, 0x0001, 0x0001, 0x0001, 0x0001,
  0x0001, 0x0001, 0x0001, 0x0001, 0x0001, 0x0001, 0x0001, 0x0001, 0x0001, 0x0001,
  0x0001, 0x0001, 0x0001, 0x0001, 0x0001, 0x0001, 0x0001, 0x0001, 0x0001, 0x0001,
  0x0001, 0x0001, 0xC002, 0xC002, 0xC002, 0xC002, 0x0001, 0x0001, 0x0001, 0x0001,
  0x0001, 0x0001, 0xC002, 0xC002, 0xC002, 0xC002, 0x0001, 0x0001, 0x0001, 0x0001,
  0x0001, 0x0001, 0x0001, 0x0001, 0x0001, 0x0001, 0x0001, 0x0001, 0x0001, 0x0001,
  0x0001, 0x0001, 0x0001, 0x0001, 0x0001, 0x0001, 0x0001, 0x0001, 0x0001, 0x0001,
  0x0001, 0x0001, 0x0001, 0x0001, 0x0001, 0x0001, 0x0001, 0x0001, 0x0001, 0x0001,
  0x0001, 0x0001, 0x0001, 0x0001, 0x0001, 0x0001, 0x0001, 0xC001, 0xC001, 0x0001,
  0x0001, 0x0001, 0x0001, 0x0001, 0x0001, 0x0001, 0x0001, 0x0001, 0x0001, 0x0001,
  0x0001, 0x0001, 0x0001, 0x0001, 0x0001, 0x0001, 0x0001, 0x0001, 0x0001, 0x0001,
  0x0001, 0x0001, 0x0001, 0x0001, 0x0001, 0x0001, 0x0001, 0x0001, 0x0001, 0x0001,
  0x0001, 0xC001, 0xC001, 0xC001, 0xC001, 0xC001, 0xC001, 0xC001, 0xC001, 0xC001,
  0xC002, 0xC002, 0xC002, 0xC002, 0xC002, 0xC002, 0xC002, 0xC002, 0xC002, 0xC002,
  0xC002, 0xC003, 0xC003, 0xC003, 0xC003, 0xC003, 0xC003, 0xC003, 0xC003, 0xC003,
  0xC004, 0xC004, 0xC004, 0xC004, 0xC004, 0xC004, 0xC004, 0xC004, 0xC002, 0xC002,
  0xC002, 0xC002, 0xC002, 0xC002, 0xC002, 0xC002, 0xC002, 0xC003, 0xC003, 0xC003,
  0xC003, 0xC003, 0xC003, 0xC003, 0xC003, 0xC003, 0xC003, 0xC003, 0xC003, 0xC003,
  0xC003, 0xC003, 0xC003, 0xC003, 0xC003, 0xC003, 0xC003, 0xC003, 0xC003, 0xC003,
  0xC003, 0xC003, 0xC003, 0xC003, 0xC003, 0xC003, 0xC003, 0xC003, 0xC003, 0xC003,
  0xC003, 0xC003, 0xC003, 0xC003, 0xC001, 0xC001, 0xC001, 0xC001, 0xC001, 0xC001,
  0xC001, 0xC001, 0xC001, 0xC001, 0xC001, 0xC001, 0xC001, 0xC001, 0xC001, 0xC001,
  0xC001, 0xC001, 0xC001, 0xC001, 0xC001, 0xC001, 0xC001, 0xC001, 0xC001, 0xC001,
  0xC001, 0xC001, 0xC001, 0xC001, 0xC001, 0xC001, 0xC001, 0xC001, 0xC001, 0xC001,
  0xC001, 0xC001, 0xC001, 0xC001, 0xC001, 0xC001, 0xC001, 0x0001, 0x0001, 0x0001,
  0x0001, 0x0001, 0x0001, 0x0001, 0x0001, 0x0001, 0x0001, 0x0001, 0x0001, 0x0001,
  0x0001, 0x0001, 0x0001, 0x0001, 0x0001, 0x0001, 0x0001, 0x0001, 0xC004, 0x0001,
  0x0001, 0x0001, 0x0001, 0x0001, 0x0001, 0x0001, 0x0001, 0x0001, 0x0001, 0x0001,
  0x0001, 0x0001, 0x0001, 0x0001, 0x0001, 0x0001, 0x0001, 0x0001, 0x0001, 0x0001,
  0x0001, 0x0001, 0x0001, 0x0001, 0x0001, 0x0001, 0x0001, 0x0001, 0x0001, 0x0001,
  0x0001, 0x0001, 0x0001, 0x0001, 0x0001, 0x0001, 0x0001, 0x0001, 0x0001, 0x0001,
  0x0001, 0x0001, 0x0001, 0x0001, 0x0001, 0x0001, 0x0001, 0x0001, 0x0001, 0x0001,
  0x0001, 0xC003, 0xC002, 0xC003, 0x0001, 0x0001, 0x0001, 0x0001, 0x0001, 0x0001,
  0x0001, 0x0001, 0x0001, 0x0001, 0x0001, 0x0001, 0x0001, 0x0001, 0x0001, 0x0001,
  0x0001, 0x0001, 0x0001, 0x0001, 0x0001, 0x0001, 0x0001, 0x0001, 0x0001, 0x0001,
  0x0001, 0x0001, 0x0001, 0x0001, 0x0001, 0x0001, 0x0001, 0x0001, 0x0001, 0x0001,
  0x0001, 0x0001, 0x0001, 0x0001, 0x0001, 0x0001, 0x0001, 0x0001, 0x0001, 0x0001,
  0x0001, 0x0001, 0x0001, 0x0001, 0x0001, 0x0001, 0x0001, 0x0001, 0x0001, 0x0001,
  0x0001, 0x0001, 0x0001, 0x0001, 0xC001, 0xC001, 0x0001, 0x0001, 0x0001, 0x0001,
  0x0001, 0x0001, 0x0001, 0x0001, 0x0001, 0x0001, 0x0001, 0x0001, 0x0001, 0x0001,
  0x0001, 0x0001, 0x0001, 0x0001, 0x0001, 0x0001, 0x0001, 0x0001, 0x0001, 0x0001,
  0x0001, 0x0001, 0x0001, 0x0001, 0x0001, 0x0001, 0x0001, 0x0001, 0x0001, 0x0001,
  0x0001, 0x0001, 0x0001, 0x0001, 0x0001, 0x0001, 0x0001, 0x0001, 0x0001, 0x0001,
  0x0001, 0x0001, 0x0001, 0xC001, 0x0001, 0x0001, 0x0001, 0x0001, 0x0001, 0x0001,
  0x0001, 0x0001, 0x0001, 0x0001, 0x0001, 0x0001, 0x0001, 0x0001, 0x0001, 0x4241,
  0x0001, 0x0001, 0x0001, 0x0001, 0x0001, 0x0001, 0x0001, 0x0001, 0x0001, 0x0001,
  0x0001, 0x0001, 0x0001, 0x0001, 0x0001, 0x0001, 0x0001, 0x0001, 0x0001, 0x0001,
  0x0001, 0x0001, 0x0001, 0x0001, 0x0001, 0x0001, 0x0001, 0x0001, 0x0001, 0x0001,
  0x0001, 0x0001, 0x7981, 0x7981, 0x7981, 0x7981, 0x7981, 0x7981, 0x7981, 0x7981,
  0x7981, 0x7981, 0x7981, 0x7981, 0x7981, 0x7981, 0x7981, 0x7981, 0x7981, 0x7981,
  0x7981, 0x7981, 0x7981, 0x7981, 0x7981, 0x7981, 0x7981, 0x7981, 0x7981, 0x7981,
  0x7981, 0x7981, 0x7981, 0x7981, 0x0001, 0x0001, 0x0001, 0x0001, 0x0001, 0x0001,
  0x0001, 0x0001, 0x0001, 0x0001, 0x0001, 0x0001, 0x0001, 0x0001, 0x0001, 0x0001,
  0x0001, 0x0001, 0x0001, 0x0001, 0x0001, 0x0001, 0x0001, 0x0001, 0x0001, 0x0001,
  0x0001, 0x0001, 0x0001, 0x0001, 0x0001, 0xC001, 0x0001, 0x0001, 0x0001, 0x0001,
  0x0001, 0x0001, 0x0001, 0x0001, 0x0001, 0x0001, 0x0001, 0x0001, 0x0001, 0x0001,
  0x0001, 0x0001, 0x0001, 0x0001, 0x0001, 0x0001, 0x0001, 0x0001, 0x0001, 0x0001,
  0x0001, 0x0001, 0x0001, 0x0001, 0x0001, 0x0001, 0x0001, 0x0001, 0x0001, 0x0001,
  0x0001, 0x0001, 0x0001, 0x0001, 0x0001, 0x0001, 0x0001, 0x0001, 0x0001, 0x0001,
  0x0001, 0x0001, 0x0001, 0x0001, 0x0001, 0x0001, 0x0001, 0xC001, 0x0001, 0x0001,
  0x0001, 0x0001, 0x0001, 0x0001, 0x0001, 0x0001, 0x0001, 0x0001, 0x0001, 0x0001,
  0xC001, 0xC001, 0xC001, 0xC001, 0xC001, 0xC001, 0xC001, 0xC001, 0xC001, 0xC001,
  0xC001, 0xC001, 0xC001, 0xC001, 0xC001, 0xC001, 0xC001, 0xC001, 0xC001, 0xC001,
  0xC001, 0xC001, 0xC001, 0xC001, 0xC001, 0xC001, 0xC001, 0xC001, 0xC001, 0xC001,
  0xC001, 0xC001, 0xC001, 0xC001, 0xC001, 0xC001, 0xC001, 0xC001, 0xC001, 0xC001,
  0xC001, 0xC001, 0xC001, 0xC001, 0xC001, 0xC001, 0xC001, 0xC001, 0xC001, 0xC001,
  0xC001, 0xC001, 0xC001, 0xC001, 0xC001, 0xC001, 0xC001, 0xC001, 0xC001, 0xC001,
  0xC001, 0xC001, 0xC001, 0xC001, 0x0001, 0x0001, 0x0001, 0x0001, 0x0001, 0x0001,
  0x0001, 0x0001, 0x0001, 0x0001, 0x0001, 0x0001, 0x0001, 0x0001, 0x0001, 0x0001,
  0x0001, 0x0001, 0x0001, 0x0001, 0x0001, 0x0001, 0x0001, 0x0001, 0x0001, 0x0001,
  0x0001, 0x0001, 0x0001, 0x0001, 0x0001, 0x0001, 0x0001, 0x0001, 0x0001, 0x0001,
  0x0001, 0x0001, 0x0001, 0x0001, 0x0001, 0x0001, 0xC001, 0x0001, 0x0001, 0x0001,
  0x0001, 0x0001, 0x0001, 0x0001, 0x0001, 0x0001, 0x0001, 0x0001, 0x0001, 0x0001,
  0x0001, 0x0001, 0x0001, 0x0001, 0x0001, 0x0001, 0x0001, 0x0001, 0x0001, 0x0001,
  0x0001, 0x0001, 0x0001, 0x0001, 0x0001, 0x0001, 0x0001, 0x0001, 0x0001, 0x0001,
  0x0001, 0x0001, 0x0001, 0x0001, 0x0001, 0x0001, 0x0001, 0x0001, 0x7681, 0x7901,
  0x7A01, 0x7781, 0x7801, 0x7801, 0x0001, 0x0001, 0x0001, 0x0001, 0x0001, 0x0001,
  0xC001, 0x0001, 0xC001, 0xC001, 0xC001, 0x0001, 0x0001, 0x0001, 0x0001, 0x0001,
  0x0001, 0x0001, 0x0001, 0x0001, 0x0001, 0x0001, 0x0001, 0xC002, 0x0001, 0xC002,
  0x0001, 0xC002, 0x0001, 0xC002, 0x0001, 0xC002, 0x0001, 0xC002, 0x0001, 0xC002,
  0x0001, 0xC002, 0x0001, 0xC002, 0x0001, 0xC002, 0x0001, 0xC002, 0x0001, 0xC002,
  0x0001, 0x0001, 0xC002, 0x0001, 0xC002, 0x0001, 0xC002, 0x0001, 0x0001, 0x0001,
  0x0001, 0x0001, 0x0001, 0xC002, 0xC002, 0x0001, 0xC002, 0xC002, 0x0001, 0xC002,
  0xC002, 0x0001, 0xC002, 0xC002, 0x0001, 0xC002, 0xC002, 0x0001, 0x0001, 0x0001,
  0x0001, 0x0001, 0x0001, 0x0001, 0x0001, 0x0001, 0x0001, 0x0001, 0x0001, 0x0001,
  0x0001, 0x0001, 0x0001, 0x0001, 0x0001, 0x0001, 0x0001, 0xC002, 0x0001, 0x0001,
  0x0001, 0x0001, 0x4201, 0x4201, 0xC002, 0xC002, 0x0001, 0xC002, 0xC002, 0x0001,
  0x0001, 0x0001, 0x0001, 0x0001, 0x0001, 0x0001, 0x0001, 0x0001, 0x0001, 0x0001,
  0x0001, 0xC002, 0x0001, 0xC002, 0x0001, 0xC002, 0x0001, 0xC002, 0x0001, 0xC002,
  0x0001, 0xC002, 0x0001, 0xC002, 0x0001, 0xC002, 0x0001, 0xC002, 0x0001, 0xC002,
  0x0001, 0x0001, 0xC002, 0x0001, 0xC002, 0x0001, 0xC002, 0x0001, 0x0001, 0x0001,
  0x0001, 0x0001, 0x0001, 0xC002, 0xC002, 0x0001, 0xC002, 0xC002, 0x0001, 0xC002,
  0xC002, 0x0001, 0xC002, 0xC002, 0x0001, 0xC002, 0xC002, 0x0001, 0x0001, 0x0001,
  0x0001, 0x0001, 0x0001, 0x0001, 0x0001, 0x0001, 0x0001, 0x0001, 0x0001, 0x0001,
  0x0001, 0x0001, 0x0001, 0x0001, 0x0001, 0x0001, 0x0001, 0x0001, 0x0001, 0xC002,
  0x0001, 0x0001, 0xC002, 0xC002, 0xC002, 0xC002, 0x0001, 0x0001, 0x0001, 0xC002,
  0xC002, 0x0001, 0x0001, 0x0001, 0x0001, 0x0001, 0x0001, 0x0001, 0x0001, 0x0001,
  0x0001, 0x0001, 0x0001, 0x0001, 0x0001, 0x0001, 0x0001, 0x0001, 0x0001, 0x0001,
  0x0001, 0x0001, 0x0001, 0x0001, 0x0001, 0x0001, 0x0001, 0x0001, 0x0001, 0x0001,
  0x0001, 0x0001, 0x0001, 0x0001, 0x0001, 0x0001, 0x0001, 0x0001, 0x0001, 0x0001,
  0x0001, 0x0001, 0x0001, 0x0001, 0x0001, 0x0001, 0x0001, 0x0001, 0x0001, 0x0001,
  0xC001, 0xC001, 0xC001, 0xC001, 0xC001, 0xC001, 0xC001, 0xC001, 0xC001, 0xC001,
  0xC001, 0xC001, 0xC001, 0xC001, 0xC001, 0x0001, 0x0001, 0x0001, 0xC001, 0xC001,
  0xC001, 0xC001, 0xC001, 0xC001, 0xC001, 0xC001, 0xC001, 0xC001, 0xC001, 0xC001,
  0xC001, 0xC001, 0x0001, 0x0001, 0x0001, 0x0001, 0x0001, 0x0001, 0x0001, 0x0001,
  0x0001, 0x0001, 0x0001, 0x0001, 0x0001, 0x0001, 0x0001, 0x0001, 0x0001, 0x0001,
  0x0001, 0x0001, 0x0001, 0x0001, 0x0001, 0x0001, 0x0001, 0x0001, 0x0001, 0x0001,
  0x0001, 0x0001, 0x0001, 0x0001, 0xC003, 0xC003, 0xC003, 0xC003, 0xC003, 0xC003,
  0xC003, 0xC003, 0xC003, 0xC003, 0xC003, 0xC003, 0xC003, 0xC003, 0xC004, 0xC004,
  0xC004, 0xC004, 0xC004, 0xC004, 0xC004, 0xC004, 0xC004, 0xC004, 0xC004, 0xC004,
  0xC004, 0xC004, 0xC004, 0xC007, 0xC006, 0x0001, 0xC003, 0xC003, 0xC003, 0xC003,
  0xC003, 0xC003, 0xC003, 0xC003, 0xC003, 0xC003, 0xC003, 0xC003, 0xC003, 0xC003,
  0xC003, 0xC003, 0xC003, 0xC003, 0xC003, 0xC003, 0xC003, 0xC003, 0xC003, 0xC003,
  0xC003, 0xC003, 0xC003, 0xC003, 0xC003, 0xC003, 0xC003, 0xC003, 0xC001, 0xC001,
  0xC001, 0xC001, 0x0001, 0x0001, 0x0001, 0x0001, 0x0001, 0x0001, 0x0001, 0x0001,
  0xC003, 0xC002, 0xC002, 0xC002, 0xC002, 0xC002, 0xC002, 0xC002, 0xC002, 0xC002,
  0xC002, 0xC002, 0xC002, 0xC002, 0xC002, 0xC002, 0xC001, 0xC001, 0xC001, 0xC001,
  0xC001, 0xC001, 0xC001, 0xC001, 0xC001, 0xC001, 0xC001, 0xC001, 0xC001, 0xC001,
  0xC002, 0xC002, 0xC002, 0xC002, 0xC002, 0xC002, 0xC002, 0xC002, 0xC002, 0xC002,
  0xC002, 0xC002, 0xC002, 0xC002, 0xC005, 0xC004, 0xC002, 0x0001, 0xC001, 0xC001,
  0xC001, 0xC001, 0xC001, 0xC001, 0xC001, 0xC001, 0xC001, 0xC001, 0xC001, 0xC001,
  0xC001, 0xC001, 0xC001, 0xC001, 0xC001, 0xC001, 0xC001, 0xC001, 0xC001, 0xC001,
  0xC001, 0xC001, 0xC001, 0xC001, 0xC001, 0xC001, 0xC001, 0xC001, 0xC001, 0xC001,
  0xC001, 0xC001, 0xC001, 0xC001, 0xC001, 0xC001, 0xC001, 0xC001, 0xC001, 0xC001,
  0xC001, 0xC001, 0xC001, 0xC001, 0xC001, 0xC001, 0xC001, 0xC002, 0xC002, 0xC002,
  0xC002, 0xC002, 0xC002, 0xC002, 0xC002, 0xC002, 0xC002, 0xC002, 0xC002, 0xC002,
  0xC002, 0xC002, 0xC003, 0xC003, 0xC003, 0xC002, 0xC003, 0xC002, 0xC003, 0xC001,
  0xC001, 0xC001, 0xC001, 0xC001, 0xC001, 0xC001, 0xC001, 0xC001, 0xC001, 0xC001,
  0xC001, 0xC001, 0xC001, 0xC001, 0xC001, 0xC001, 0xC001, 0xC001, 0xC001, 0xC001,
  0xC001, 0xC001, 0xC001, 0xC001, 0xC001, 0xC001, 0xC001, 0xC001, 0xC001, 0xC001,
  0xC001, 0xC001, 0xC001, 0xC001, 0xC001, 0xC001, 0xC001, 0xC001, 0xC001, 0xC001,
  0xC001, 0xC001, 0xC001, 0xC001, 0xC001, 0xC001, 0xC002, 0xC005, 0xC004, 0xC005,
  0xC003, 0xC005, 0xC003, 0xC003, 0xC006, 0xC004, 0xC003, 0xC003, 0xC003, 0xC004,
  0xC004, 0xC004, 0xC004, 0xC004, 0xC004, 0xC004, 0xC006, 0xC002, 0xC006, 0xC006,
  0xC005, 0xC004, 0xC006, 0xC006, 0xC004, 0xC003, 0xC003, 0xC004, 0xC004, 0xC005,
  0xC005, 0xC003, 0xC003, 0xC004, 0xC003, 0xC003, 0xC002, 0xC002, 0xC003, 0xC003,
  0xC006, 0xC004, 0xC005, 0xC006, 0xC004, 0xC003, 0xC003, 0xC006, 0xC004, 0xC006,
  0xC003, 0xC005, 0xC003, 0xC004, 0xC003, 0xC004, 0xC005, 0xC004, 0xC005, 0xC004,
  0xC002, 0xC005, 0xC003, 0xC003, 0xC004, 0xC003, 0xC003, 0xC003, 0xC005, 0xC004,
  0xC002, 0xC006, 0xC003, 0xC005, 0xC004, 0xC004, 0xC003, 0xC003, 0xC004, 0xC002,
  0xC004, 0xC005, 0xC002, 0xC006, 0xC003, 0xC002, 0xC002, 0xC002, 0xC002, 0xC002,
  0xC002, 0xC002, 0xC002, 0xC002, 0xC002, 0xC003, 0xC003, 0xC003, 0xC003, 0xC003,
  0xC003, 0xC003, 0xC003, 0xC003, 0xC003, 0xC003, 0xC003, 0xC003, 0xC003, 0xC003,
  0xC003, 0xC002, 0xC002, 0xC003, 0xC002, 0xC002, 0xC002, 0xC003, 0xC003, 0xC002,
  0xC002, 0xC002, 0xC002, 0xC002, 0xC004, 0xC002, 0xC002, 0xC002, 0xC002, 0xC002,
  0xC002, 0xC002, 0xC002, 0xC003, 0xC004, 0xC002, 0xC002, 0xC002, 0xC002, 0xC002,
  0xC002, 0xC002, 0xC003, 0xC003, 0xC003, 0xC003, 0xC002, 0xC002, 0xC002, 0xC002,
  0xC002, 0xC002, 0xC002, 0xC002, 0xC002, 0xC002, 0xC003, 0xC003, 0xC002, 0xC003,
  0xC003, 0xC003, 0xC002, 0xC003, 0xC003, 0xC004, 0xC002, 0xC003, 0xC003, 0xC003,
  0xC003, 0xC005, 0xC006, 0xC002, 0xC002, 0xC002, 0xC002, 0xC002, 0xC002, 0xC002,
  0xC002, 0xC002, 0xC002, 0xC002, 0xC002, 0xC002, 0xC002, 0xC002, 0xC002, 0xC004,
  0xC002, 0xC002, 0xC002, 0xC004, 0xC003, 0xC002, 0xC002, 0xC002, 0xC002, 0xC002,
  0xC002, 0xC002, 0xC002, 0xC002, 0xC002, 0xC003, 0xC002, 0xC002, 0xC003, 0xC003,
  0xC002, 0xC004, 0xC003, 0xC002, 0xC002, 0xC002, 0xC002, 0xC003, 0xC003, 0xC002,
  0xC002, 0xC002, 0xC002, 0xC002, 0xC002, 0xC002, 0xC002, 0xC002, 0xC003, 0xC003,
  0xC003, 0xC003, 0xC003, 0xC003, 0xC003, 0xC003, 0xC003, 0xC003, 0xC003, 0xC003,
  0xC003, 0xC003, 0xC003, 0xC003, 0xC003, 0xC003, 0xC003, 0xC003, 0xC003, 0xC003,
  0xC003, 0x0001, 0x0001, 0x0001, 0x0001, 0x0001, 0x0001, 0x0001, 0x0001, 0x0001,
  0x0001, 0x0001, 0x0001, 0x0001, 0x0001, 0x0001, 0x0001, 0x0001, 0x0001, 0x0001,
  0x0001, 0x0001, 0x0001, 0x0001, 0x0001, 0x0001, 0x0001, 0x0001, 0x0001, 0x0001,
  0x0001, 0x0001, 0x0001, 0x0001, 0x0001, 0x0001, 0x0001, 0x0001, 0x0001, 0x0001,
  0x0001, 0x0001, 0x0001, 0x0001, 0x0001, 0x0001, 0x0001, 0x0001, 0x7981, 0x0001,
  0x0001, 0x0001, 0x0001, 0x7981, 0x7981, 0x7981, 0x7981, 0x7981, 0x7981, 0x7981,
  0x7981, 0x7981, 0x7981, 0x0001, 0x0001, 0x0001, 0x0001, 0x0001, 0x0001, 0x0001,
  0x0001, 0x0001, 0x0001, 0x0001, 0x0001, 0x0001, 0x0001, 0x0001, 0x0001, 0x0001,
  0x0001, 0x0001, 0x0001, 0x0001, 0x0001, 0x0001, 0x0001, 0x0001, 0x0001, 0x0001,
  0x0001, 0xC001, 0xC001, 0x7981, 0x7981, 0x0001, 0x0001, 0x0001, 0x0001, 0x0001,
  0x0001, 0x0001, 0x0001, 0x0001, 0x0001, 0x0001, 0x0001, 0x0001, 0x0001, 0x0001,
  0x0001, 0x0001, 0x0001, 0x0001, 0x0001, 0x0001, 0x0001, 0x0001, 0x0001, 0x0001,
  0x0001, 0x0001, 0x0001, 0x0001, 0x0001, 0x0001, 0x0001, 0x0001, 0x0001, 0x0001,
  0x0001, 0x0001, 0x0001, 0x0001, 0x0001, 0x0001, 0x0001, 0x0001, 0x0001, 0x0001,
  0x0001, 0x0001, 0x0001, 0x7981, 0x7981, 0x0001, 0x0001, 0x0001, 0x0001, 0x0001,
  0x0001, 0x0001, 0x0001, 0x0001, 0x0001, 0x0001, 0x0001, 0x0001, 0x0001, 0x0001,
  0x0001, 0x0001, 0x0001, 0x0001, 0x0001, 0x0001, 0x0001, 0x0001, 0x0001, 0x0001,
  0x0001, 0x0001, 0x0001, 0x0001, 0x0001, 0x0001, 0x0001, 0x0001, 0x0001, 0x0001,
  0x0001, 0x0001, 0x0001, 0x0001, 0x0001, 0x0001, 0x0001, 0x0001, 0x0001, 0x0001,
  0x0001, 0x0001, 0x0001, 0xC001, 0x0001, 0x0001, 0x0001, 0x0001, 0x0001, 0x0001,
  0x0001, 0x0001, 0x0001, 0x0001, 0x0001, 0x0001, 0x0001, 0x0001, 0x0001, 0x0001,
  0x0001, 0x0001, 0x0001, 0x0001, 0x0001, 0x0001, 0x0001, 0x0001, 0x0001, 0x0001,
  0x0001, 0x0001, 0x0001, 0x0001, 0x0001, 0x0001, 0x0001, 0x0001, 0x0001, 0x0001,
  0x0001, 0x0001, 0x0001, 0x0001, 0x0001, 0x0001, 0x0001, 0x0001, 0x0001, 0x0001,
  0x0001, 0x0001, 0x0001, 0xC001, 0xC001, 0xC001, 0xC001, 0x0001, 0x0001, 0x0001,
  0xC001, 0xC001, 0x0001, 0x0001, 0x0001, 0x0001, 0x0001, 0x0001, 0x4241, 0x0001,
  0x0001, 0x0001, 0x0001, 0x0001, 0x0001, 0x0001, 0x0001, 0x0001, 0x0001, 0x0001,
  0x0001, 0x0001, 0x0001, 0x0001, 0x0001, 0x0001, 0x0001, 0x0001, 0x0001, 0x0001,
  0x0001, 0x0001, 0x0001, 0x0001, 0x0001, 0x0001, 0x0001, 0x0001, 0x0001, 0x0001,
  0x0001, 0x0001, 0x0001, 0x0001, 0x0001, 0x0001, 0x4241, 0x0001, 0x0001, 0x0001,
  0x0001, 0x0001, 0x0001, 0x0001, 0x0001, 0x0001, 0x0001, 0x0001, 0x0001, 0x0001,
  0x0001, 0x0001, 0x0001, 0x0001, 0x0001, 0x0001, 0x0001, 0x0001, 0x0001, 0x0001,
  0x0001, 0x0001, 0x0001, 0x0001, 0x7981, 0x7981, 0x7981, 0x7981, 0x7981, 0x7981,
  0x7981, 0x7981, 0x7981, 0x7981, 0x7981, 0x7981, 0x7981, 0x7981, 0x7981, 0x7981,
  0x7981, 0x7981, 0x0001, 0x0001, 0x0001, 0x0001, 0x0001, 0x0001, 0x0001, 0x0001,
  0x0001, 0x0001, 0x0001, 0x0001, 0x0001, 0x0001, 0x0001, 0x0001, 0x0001, 0x0001,
  0x0001, 0x0001, 0x0001, 0x0001, 0x0001, 0x0001, 0x0001, 0x0001, 0x0001, 0x0001,
  0x0001, 0x0001, 0x0001, 0x0001, 0x0001, 0x0001, 0x0001, 0x0001, 0x0001, 0x0001,
  0x0001, 0x0001, 0x0001, 0x0001, 0x0001, 0x7701, 0x7701, 0x7701, 0x0001, 0x0001,
  0x0001, 0x0001, 0x0001, 0x0001, 0x0001, 0x0001, 0x0001, 0x0001, 0x0001, 0x0001,
  0x0001, 0x0001, 0x0001, 0x0001, 0x0001, 0x0001, 0x0001, 0x0001, 0x0001, 0x0001,
  0x0001, 0x0001, 0x0001, 0x0001, 0x0001, 0x0001, 0x0001, 0x0001, 0x0001, 0x0001,
  0x0001, 0x0001, 0x0001, 0x0001, 0x0001, 0x0001, 0x0001, 0x0001, 0x0001, 0x0001,
  0x0001, 0x0001, 0x0001, 0x0001, 0x0001, 0x0001, 0x0001, 0x0001, 0x0001, 0x41C1,
  0x0001, 0x0001, 0x0001, 0x0001, 0x0001, 0x0001, 0x0001, 0x0001, 0x0001, 0x0001,
  0x0001, 0x0001, 0x4241, 0x0001, 0x0001, 0x0001, 0x0001, 0x0001, 0x0001, 0x0001,
  0x0001, 0x0001, 0x0001, 0x0001, 0x0001, 0x0001, 0x0001, 0x0001, 0x0001, 0x0001,
  0x0001, 0x0001, 0x0001, 0x0001, 0x0001, 0x0001, 0x0001, 0x0001, 0x0001, 0x0001,
  0x0001, 0x0001, 0x0001, 0x0001, 0x0001, 0x0001, 0x0001, 0x0001, 0x0001, 0x0001,
  0x0001, 0x0001, 0x0001, 0x0001, 0x0001, 0x0001, 0x0001, 0x0001, 0x0001, 0x0001,
  0x0001, 0x0001, 0x0001, 0x0001, 0x0001, 0x0001, 0x0001, 0x0001, 0x0001, 0x0001,
  0x0001, 0x0001, 0x0001, 0x0001, 0x0001, 0x0001, 0x7981, 0x0001, 0x7981, 0x7981,
  0x7701, 0x0001, 0x0001, 0x7981, 0x7981, 0x0001, 0x0001, 0x0001, 0x0001, 0x0001,
  0x7981, 0x7981, 0x0001, 0x7981, 0x0001, 0x0001, 0x0001, 0x0001, 0x0001, 0x0001,
  0x0001, 0x0001, 0x0001, 0x0001, 0x0001, 0x0001, 0x0001, 0x0001, 0x0001, 0x0001,
  0x0001, 0x0001, 0x0001, 0x0001, 0x0001, 0x0001, 0x0001, 0x0001, 0x0001, 0x0001,
  0x0001, 0x0001, 0x0001, 0x0001, 0x0001, 0x0001, 0x0001, 0x0001, 0x0001, 0x0001,
  0x0001, 0x0001, 0x0001, 0x0001, 0x0001, 0x0001, 0x0001, 0x0001, 0x0001, 0x0001,
  0x0001, 0x0001, 0x0001, 0x0001, 0x0001, 0x0001, 0x4241, 0x0001, 0x0001, 0x0001,
  0x0001, 0x0001, 0x0001, 0x0001, 0x0001, 0x0001, 0x0001, 0x0001, 0x0001, 0x0001,
  0x0001, 0x0001, 0x0001, 0x0001, 0x0001, 0x0001, 0x0001, 0x0001, 0x0001, 0x0001,
  0x0001, 0x0001, 0x0001, 0x0001, 0x0001, 0xC001, 0xC001, 0xC001, 0xC001, 0x0001,
  0x0001, 0x0001, 0x0001, 0x0001, 0x0001, 0x0001, 0x0001, 0x0001, 0xC001, 0x0001,
  0x0001, 0x0001, 0x0001, 0x0001, 0x0001, 0x0001, 0x0001, 0x0001, 0x0001, 0x0001,
  0x0001, 0x0001, 0x0001, 0x0001, 0x0001, 0x0001, 0x0001, 0x0001, 0x0001, 0x0001,
  0x0001, 0xC002, 0xC003, 0xC003, 0xC003, 0xC003, 0xC003, 0xC003, 0xC003, 0xC003,
  0xC003, 0xC003, 0xC003, 0xC003, 0xC003, 0xC003, 0xC003, 0xC003, 0xC003, 0xC003,
  0xC003, 0xC003, 0xC003, 0xC003, 0xC003, 0xC003, 0xC003, 0xC003, 0xC003, 0xC002,
  0xC003, 0xC003, 0xC003, 0xC003, 0xC003, 0xC003, 0xC003, 0xC003, 0xC003, 0xC003,
  0xC003, 0xC003, 0xC003, 0xC003, 0xC003, 0xC003, 0xC003, 0xC003, 0xC003, 0xC003,
  0xC003, 0xC003, 0xC003, 0xC003, 0xC003, 0xC003, 0xC003, 0xC002, 0xC003, 0xC003,
  0xC003, 0xC003, 0xC003, 0xC003, 0xC003, 0xC003, 0xC003, 0xC003, 0xC003, 0xC003,
  0xC003, 0xC003, 0xC003, 0xC003, 0xC003, 0xC003, 0xC003, 0xC003, 0xC003, 0xC003,
  0xC003, 0xC003, 0xC003, 0xC003, 0xC003, 0xC002, 0xC003, 0xC003, 0xC003, 0xC003,
  0xC003, 0xC003, 0xC003, 0xC003, 0xC003, 0xC003, 0xC003, 0xC003, 0xC003, 0xC003,
  0xC003, 0xC003, 0xC003, 0xC003, 0xC003, 0xC003, 0xC003, 0xC003, 0xC003, 0xC003,
  0xC003, 0xC003, 0xC003, 0x0001, 0x0001, 0x0001, 0x0001, 0x0001, 0x0001, 0x0001,
  0x0001, 0x0001, 0x0001, 0x0001, 0x0001, 0x0001, 0x0001, 0x0001, 0x0001, 0x0001,
  0x0001, 0x0001, 0x0001, 0x0001, 0x0001, 0x0001, 0x0001, 0x0001, 0x0001, 0x0001,
  0x0001, 0x0000, 0x0000, 0x0000, 0x0000, 0x0000, 0x0000, 0x0000, 0x0000, 0x0000,
  0x0000, 0x0000, 0x0000, 0x0000, 0x0000, 0x0000, 0x0000, 0x0000, 0x0000, 0x0000,
  0x0000, 0x0000, 0x0000, 0x0000, 0x0000, 0x0000, 0x0000, 0x0000, 0x0000, 0x0000,
  0x0000, 0x0000, 0x0000, 0x0000, 0x0000, 0x0000, 0x0000, 0x0000, 0x0000, 0x0000,
  0x0000, 0x0000, 0x0000, 0x0000, 0x0000, 0x0000, 0x0000, 0x0000, 0x0000, 0x0000,
  0x0000, 0x0000, 0x0000, 0x0000, 0x0000, 0x0000, 0x0000, 0x0000, 0x0000, 0x0000,
  0x0000, 0x0000, 0x0000, 0x0000, 0x0000, 0xC001, 0xC001, 0xC001, 0xC001, 0xC001,
  0xC001, 0xC001, 0xC001, 0xC001, 0xC001, 0xC001, 0xC001, 0xC001, 0xC001, 0x0001,
  0x0001, 0xC001, 0x0001, 0xC001, 0x0001, 0x0001, 0xC001, 0xC001, 0xC001, 0xC001,
  0xC001, 0xC001, 0xC001, 0xC001, 0xC001, 0xC001, 0x0001, 0xC001, 0x0001, 0xC001,
  0x0001, 0x0001, 0xC001, 0xC001, 0x0001, 0x0001, 0x0001, 0xC001, 0xC001, 0xC001,
  0xC001, 0xC001, 0xC001, 0xC001, 0xC001, 0xC001, 0xC001, 0xC001, 0xC001, 0xC001,
  0xC001, 0xC001, 0xC001, 0xC001, 0xC001, 0xC001, 0xC001, 0xC001, 0xC001, 0xC001,
  0xC001, 0xC001, 0xC001, 0xC001, 0xC001, 0xC001, 0xC001, 0xC001, 0xC001, 0xC001,
  0xC001, 0xC001, 0xC001, 0xC001, 0xC001, 0xC001, 0xC001, 0xC001, 0xC001, 0xC001,
  0xC001, 0xC002, 0xC001, 0x0001, 0x0001, 0xC001, 0xC001, 0xC001, 0xC001, 0xC001,
  0xC001, 0xC001, 0xC001, 0xC001, 0xC001, 0xC001, 0xC001, 0xC001, 0xC001, 0xC001,
  0xC001, 0xC002, 0xC002, 0xC002, 0xC001, 0xC001, 0xC001, 0xC002, 0xC002, 0xC002,
  0xC001, 0xC001, 0x0001, 0x0001, 0x0001, 0x0001, 0x0001, 0x0001, 0x0001, 0x0001,
  0x0001, 0x0001, 0x0001, 0x0001, 0x0001, 0x0001, 0x0001, 0x0001, 0x0001, 0x0001,
  0x0001, 0x0001, 0x0001, 0x0001, 0x0001, 0x0001, 0x0001, 0x0001, 0x0001, 0x0001,
  0x0001, 0x0001, 0x0001, 0x0001, 0x0001, 0x0001, 0x0001, 0x0001, 0x0001, 0x0001,
  0xC002, 0xC002, 0xC002, 0xC003, 0xC003, 0xC002, 0xC002, 0x0001, 0x0001, 0x0001,
  0x0001, 0x0001, 0x0001, 0x0001, 0x0001, 0x0001, 0x0001, 0x0001, 0x0001, 0xC002,
  0xC002, 0xC002, 0xC002, 0xC002, 0x0001, 0x0001, 0x0001, 0x0001, 0x0001, 0xC002,
  0x4681, 0xC002, 0xC001, 0xC001, 0xC001, 0xC001, 0xC001, 0xC001, 0xC001, 0xC001,
  0xC001, 0xC001, 0xC002, 0xC002, 0xC003, 0xC003, 0xC002, 0xC002, 0xC002, 0xC002,
  0xC002, 0xC002, 0xC002, 0xC002, 0xC002, 0x0001, 0xC002, 0xC002, 0xC002, 0xC002,
  0xC002, 0x0001, 0xC002, 0x0001, 0xC002, 0xC002, 0x0001, 0xC002, 0xC002, 0x0001,
  0xC002, 0xC002, 0xC002, 0xC002, 0xC002, 0xC002, 0xC002, 0xC002, 0xC002, 0xC002,
  0xC001, 0xC001, 0xC001, 0xC001, 0xC001, 0xC001, 0xC001, 0xC001, 0xC001, 0xC001,
  0xC001, 0xC001, 0xC001, 0xC001, 0xC001, 0xC001, 0xC001, 0xC001, 0xC001, 0xC001,
  0xC001, 0xC001, 0xC001, 0xC001, 0xC001, 0xC001, 0xC001, 0xC001, 0xC001, 0xC001,
  0xC001, 0xC001, 0xC001, 0xC001, 0xC001, 0xC001, 0xC001, 0xC001, 0xC001, 0xC001,
  0xC001, 0xC001, 0xC001, 0xC001, 0xC001, 0xC001, 0xC001, 0xC001, 0xC002, 0xC002,
  0xC001, 0xC001, 0xC001, 0xC001, 0xC001, 0xC001, 0xC001, 0xC001, 0xC001, 0xC001,
  0xC002, 0xC002, 0x0001, 0x0001, 0x0001, 0x0001, 0x0001, 0x0001, 0x0001, 0x0001,
  0x0001, 0x0001, 0x0001, 0x0001, 0x0001, 0x0001, 0x0001, 0x0001, 0x0001, 0x0001,
  0x0001, 0xC001, 0xC001, 0xC001, 0xC001, 0xC001, 0xC001, 0xC001, 0xC001, 0xC001,
  0xC001, 0xC002, 0xC001, 0xC001, 0xC001, 0xC001, 0xC001, 0xC001, 0xC001, 0xC001,
  0xC001, 0xC001, 0xC001, 0xC001, 0xC003, 0xC003, 0xC003, 0xC003, 0xC003, 0xC003,
  0xC003, 0xC003, 0xC003, 0xC003, 0xC003, 0xC003, 0xC003, 0xC003, 0xC003, 0xC003,
  0xC003, 0xC003, 0xC001, 0xC001, 0xC001, 0xC001, 0xC003, 0xC003, 0xC003, 0xC003,
  0xC003, 0xC002, 0xC002, 0xC002, 0xC002, 0xC002, 0xC002, 0xC002, 0xC002, 0xC002,
  0xC002, 0xC002, 0xC002, 0xC002, 0xC002, 0xC002, 0xC002, 0xC002, 0xC002, 0xC002,
  0xC002, 0xC002, 0xC002, 0xC002, 0xC002, 0xC002, 0xC002, 0xC002, 0xC002, 0xC002,
  0xC002, 0xC002, 0xC002, 0xC002, 0xC002, 0xC002, 0xC002, 0xC002, 0xC002, 0xC002,
  0xC002, 0xC002, 0xC002, 0xC002, 0xC002, 0xC002, 0xC002, 0xC002, 0xC002, 0xC002,
  0xC002, 0xC002, 0xC002, 0xC002, 0xC002, 0xC002, 0xC002, 0xC002, 0xC002, 0xC002,
  0xC003, 0xC003, 0xC003, 0xC003, 0xC003, 0xC003, 0xC003, 0xC003, 0xC003, 0xC003,
  0xC003, 0xC003, 0xC002, 0xC002, 0xC002, 0xC002, 0xC002, 0xC002, 0xC002, 0xC002,
  0xC002, 0xC002, 0xC002, 0xC002, 0xC002, 0xC002, 0xC002, 0xC002, 0xC002, 0xC002,
  0xC002, 0xC002, 0xC002, 0xC002, 0xC002, 0xC003, 0xC003, 0xC003, 0xC003, 0xC003,
  0xC002, 0xC002, 0xC002, 0xC002, 0xC002, 0xC002, 0xC002, 0xC002, 0xC002, 0xC002,
  0xC002, 0xC002, 0xC002, 0xC002, 0xC002, 0xC002, 0xC002, 0xC002, 0xC002, 0xC002,
  0xC002, 0xC002, 0xC002, 0xC002, 0xC002, 0xC002, 0xC002, 0xC002, 0xC002, 0xC002,
  0xC002, 0xC002, 0xC002, 0xC002, 0xC002, 0xC002, 0xC003, 0xC003, 0xC002, 0xC002,
  0xC002, 0xC002, 0xC002, 0xC002, 0xC002, 0xC002, 0xC002, 0xC002, 0xC002, 0xC002,
  0xC002, 0xC002, 0xC002, 0xC002, 0xC002, 0xC003, 0xC003, 0xC003, 0xC002, 0xC002,
  0xC002, 0xC002, 0xC002, 0xC002, 0xC002, 0xC002, 0xC002, 0xC002, 0xC002, 0xC002,
  0xC002, 0xC002, 0xC002, 0xC002, 0xC002, 0xC002, 0xC002, 0xC002, 0xC002, 0xC002,
  0xC002, 0xC002, 0xC002, 0xC002, 0xC002, 0xC002, 0xC002, 0xC002, 0xC002, 0xC002,
  0xC002, 0xC002, 0xC002, 0xC002, 0xC002, 0xC002, 0xC002, 0xC002, 0xC002, 0xC002,
  0xC002, 0xC002, 0xC002, 0xC002, 0xC002, 0xC002, 0xC002, 0xC002, 0xC002, 0xC002,
  0xC002, 0xC002, 0xC002, 0xC002, 0xC002, 0xC002, 0xC002, 0xC002, 0xC002, 0xC002,
  0x0001, 0x0001, 0x0001, 0x0001, 0x0001, 0x0001, 0x0001, 0x0001, 0x0001, 0x0001,
  0x0001, 0x0001, 0x0001, 0x0001, 0x0001, 0x0001, 0xC003, 0xC003, 0xC003, 0xC003,
  0xC003, 0xC003, 0xC003, 0xC003, 0xC003, 0xC003, 0xC003, 0xC003, 0xC003, 0xC003,
  0xC003, 0xC003, 0xC003, 0xC003, 0xC003, 0xC003, 0xC003, 0xC003, 0xC003, 0xC003,
  0xC003, 0xC003, 0xC003, 0xC003, 0xC003, 0xC003, 0xC003, 0xC003, 0xC003, 0xC003,
  0xC003, 0xC003, 0xC003, 0xC003, 0xC003, 0xC003, 0xC003, 0xC003, 0xC003, 0xC003,
  0xC003, 0xC003, 0xC003, 0xC003, 0x0001, 0x0001, 0xC003, 0xC003, 0xC003, 0xC003,
  0xC003, 0xC003, 0xC003, 0xC003, 0xC003, 0xC003, 0xC003, 0xC003, 0xC003, 0xC003,
  0xC003, 0xC003, 0xC003, 0xC003, 0xC003, 0xC003, 0xC003, 0xC003, 0xC003, 0xC003,
  0xC003, 0xC003, 0xC003, 0xC003, 0xC003, 0xC003, 0xC003, 0xC003, 0xC003, 0xC003,
  0xC003, 0xC003, 0xC003, 0xC003, 0xC003, 0xC003, 0xC003, 0xC003, 0xC003, 0xC003,
  0xC003, 0xC003, 0x0001, 0x0001, 0x0001, 0x0001, 0x0001, 0x0001, 0x0001, 0x0001,
  0x0001, 0x0001, 0x0001, 0x0001, 0x0001, 0x0001, 0x0001, 0x0001, 0x0001, 0x0001,
  0x0001, 0x0001, 0x0001, 0x0001, 0x0001, 0x0001, 0x0001, 0x0001, 0x0001, 0x0001,
  0x0001, 0x0001, 0x0001, 0x0001, 0x0001, 0x0001, 0x0001, 0x0001, 0x0001, 0x0001,
  0x0001, 0x0001, 0xC003, 0xC003, 0xC004, 0xC004, 0xC004, 0xC004, 0xC004, 0xC004,
  0xC004, 0xC003, 0xC012, 0xC008, 0xC004, 0x0001, 0x0001, 0x0001, 0x0001, 0x0001,
  0x0001, 0x0001, 0x0001, 0x0001, 0x0001, 0x0001, 0x0001, 0x0001, 0x0001, 0x0001,
  0x0001, 0xC001, 0xC001, 0xC001, 0xC001, 0xC001, 0xC001, 0xC001, 0xC001, 0xC001,
  0xC003, 0x0001, 0x0001, 0x0001, 0x0001, 0x0001, 0x0001, 0x7981, 0x7981, 0x7981,
  0x7981, 0x7981, 0x7981, 0x7981, 0x7701, 0x7701, 0x7701, 0x7701, 0x7701, 0x7701,
  0x7701, 0x7981, 0x7981, 0xC002, 0xC001, 0xC001, 0xC001, 0xC001, 0xC001, 0xC001,
  0xC001, 0xC001, 0xC001, 0xC001, 0xC001, 0xC001, 0xC001, 0xC001, 0xC001, 0x0001,
  0x0001, 0xC001, 0xC001, 0xC002, 0xC002, 0xC002, 0xC002, 0xC001, 0xC001, 0xC001,
  0xC001, 0xC001, 0xC001, 0x0001, 0xC001, 0xC001, 0xC001, 0xC001, 0xC001, 0xC001,
  0xC001, 0xC001, 0xC001, 0xC001, 0xC001, 0xC001, 0xC001, 0xC001, 0xC001, 0xC001,
  0xC001, 0xC001, 0xC001, 0x0001, 0xC001, 0xC001, 0xC001, 0xC001, 0x0001, 0x0001,
  0x0001, 0x0001, 0xC002, 0xC002, 0xC002, 0x0001, 0xC002, 0x0001, 0xC002, 0xC002,
  0xC002, 0xC002, 0xC002, 0xC002, 0xC002, 0xC002, 0xC002, 0xC002, 0xC001, 0xC002,
  0xC002, 0xC002, 0xC002, 0xC002, 0xC002, 0xC002, 0xC002, 0xC002, 0xC002, 0xC002,
  0xC002, 0xC001, 0xC001, 0xC001, 0xC001, 0xC001, 0xC001, 0xC001, 0xC001, 0xC001,
  0xC001, 0xC001, 0xC001, 0xC001, 0xC001, 0xC001, 0xC001, 0xC001, 0xC001, 0xC001,
  0xC001, 0xC001, 0xC001, 0xC001, 0xC001, 0xC001, 0xC001, 0xC001, 0xC001, 0xC001,
  0xC001, 0xC001, 0xC001, 0xC001, 0xC001, 0xC001, 0xC001, 0xC001, 0xC001, 0xC001,
  0xC001, 0xC001, 0xC001, 0xC001, 0xC001, 0xC001, 0xC001, 0xC001, 0xC001, 0xC001,
  0xC001, 0xC001, 0xC001, 0xC001, 0xC003, 0xC003, 0xC003, 0xC003, 0xC003, 0xC003,
  0xC002, 0xC002, 0x0001, 0x0001, 0x0001, 0xC001, 0xC001, 0xC001, 0xC001, 0xC001,
  0xC001, 0xC001, 0xC001, 0xC001, 0xC001, 0xC001, 0xC001, 0xC001, 0xC001, 0xC001,
  0xC001, 0xC001, 0xC001, 0xC001, 0xC001, 0xC001, 0xC001, 0xC001, 0xC001, 0xC001,
  0xC001, 0xC001, 0xC001, 0xC001, 0xC001, 0xC041, 0xC041, 0xC001, 0xC001, 0xC001,
  0xC001, 0xC001, 0xC001, 0xC001, 0xC001, 0xC001, 0xC001, 0xC001, 0xC001, 0xC001,
  0xC001, 0xC001, 0xC001, 0xC001, 0xC001, 0xC001, 0xC001, 0xC001, 0xC001, 0xC001,
  0xC001, 0xC001, 0xC001, 0xC001, 0xC001, 0xC001, 0xC001, 0xC001, 0x0001, 0x0001,
  0xC001, 0xC001, 0xC001, 0xC001, 0xC001, 0xC001, 0x0001, 0x0001, 0xC001, 0xC001,
  0xC001, 0xC001, 0xC001, 0xC001, 0x0001, 0x0001, 0xC001, 0xC001, 0xC001, 0xC001,
  0xC001, 0xC001, 0x0001, 0x0001, 0xC001, 0xC001, 0xC001, 0x0001, 0x0001, 0x0001,
  0xC001, 0xC001, 0xC001, 0xC002, 0xC001, 0xC001, 0xC001, 0x0001, 0xC001, 0xC001,
  0xC001, 0xC001, 0xC001, 0xC001, 0xC001, 0x0001, 0x0001, 0x0001, 0x0001, 0x0001,
  0x0001, 0x0001, 0x0001, 0x0001, 0x0001, 0x0001, 0x0001, 0x0001, 0x0001, 0x0001,
  0x0001, 0x0001, 0x0002, 0x0002, 0x0002, 0x0002, 0x0002, 0x0002, 0x0002, 0x0002,
  0x0002, 0x0002, 0x0002, 0x0002, 0x0002, 0x0002, 0x0002, 0x0002, 0x0002, 0x0002,
  0x0002, 0x0002, 0x0002, 0x0002, 0x0002, 0x0002, 0x0002, 0x0002, 0x0002, 0x0002,
  0x0002, 0x0002, 0x0002, 0x0002, 0x0002, 0x0002, 0x0002, 0x0002, 0x0002, 0x0002,
  0x0002, 0x0002, 0x0002, 0x0002, 0x0002, 0x0002, 0x0002, 0x0002, 0x0002, 0x0002,
  0x0002, 0x0002, 0x0002, 0x0002, 0x0002, 0x0002, 0x0002, 0x0002, 0x0002, 0x0002,
  0x0002, 0x0002, 0x0002, 0x0002, 0x0002, 0x0002, 0x7702, 0x0002, 0x0002, 0x0002,
  0x0002, 0x0002, 0x0002, 0x0002, 0x0002, 0x0002, 0x0002, 0x0002, 0x0002, 0x0002,
  0x0002, 0x0002, 0x0002, 0x0002, 0x0002, 0x0002, 0x0002, 0x0002, 0x0002, 0x0002,
  0x0002, 0x0002, 0x0002, 0x0002, 0x0002, 0x0002, 0x0002, 0x0002, 0x0002, 0x0002,
  0x0002, 0x0002, 0x0002, 0x0002, 0x0002, 0x0002, 0x0002, 0x0002, 0x0002, 0x0002,
  0x0002, 0x0002, 0x0002, 0x0002, 0x0002, 0x0002, 0x0002, 0x0002, 0x0002, 0x0002,
  0x0002, 0x7982, 0x7982, 0x7982, 0x7982, 0x7982, 0x0002, 0x0002, 0x0002, 0x0002,
  0x0002, 0x0002, 0x0002, 0x0002, 0x0002, 0xC003, 0x0002, 0x0002, 0x0002, 0x0002,
  0x0002, 0x0002, 0x0002, 0x0002, 0x0002, 0x0002, 0x0002, 0x0002, 0x0002, 0x0002,
  0x0002, 0x0002, 0x0002, 0x0002, 0x0002, 0x0002, 0x0002, 0x0002, 0x0002, 0x0002,
  0x0002, 0x0002, 0xC003, 0x0002, 0x0002, 0x0002, 0x0002, 0x0002, 0x0002, 0x0002,
  0x0002, 0x0002, 0x0002, 0x0002, 0x0002, 0x0002, 0x0002, 0x0002, 0x0002, 0x0002,
  0x0002, 0x0002, 0x0002, 0x0002, 0x0002, 0x0002, 0x0002, 0x0002, 0x0002, 0x0002,
  0xC001, 0xC001, 0xC001, 0xC001, 0xC001, 0x0002, 0xC001, 0xC001, 0xC001, 0xC001,
  0xC001, 0xC001, 0xC001, 0xC001, 0xC001, 0xC001, 0xC001, 0xC001, 0xC001, 0xC001,
  0xC001, 0xC001, 0xC001, 0xC001, 0xC001, 0xC001, 0xC001, 0xC002, 0xC001, 0xC001,
  0xC002, 0xC001, 0xC002, 0xC001, 0xC001, 0xC001, 0xC001, 0xC001, 0xC002, 0xC001,
  0xC001, 0xC001, 0xC001, 0xC001, 0xC001, 0xC001, 0xC001, 0xC001, 0x0002, 0xC001,
  0xC001, 0xC001, 0xC001, 0xC001, 0xC001, 0xC001, 0xC002, 0xC002, 0x0002, 0x0002,
  0x0002, 0x0002, 0x0002, 0x0002, 0x0002, 0x0002, 0x0002, 0x0002, 0x0002, 0x0002,
  0x0002, 0x7702, 0x0002, 0x7982, 0x0002, 0x0002, 0x0002, 0x0002, 0x0002, 0x0002,
  0x0002, 0x0002, 0x0002, 0x0002, 0x0002, 0x0002, 0x0002, 0x0002, 0x0002, 0x0002,
  0x0002, 0x0002, 0x0002, 0x0002, 0x0002, 0x0002, 0x0002, 0x0002, 0x0002, 0x0002,
  0x0002, 0x0002, 0x0002, 0x0002, 0x0002, 0x0002, 0x0002, 0x0002, 0x0002, 0x0002,
  0x0002, 0x0002, 0x0002, 0x0002, 0x7982, 0x4042, 0x7702, 0x0002, 0x0002, 0x0002,
  0x0002, 0x4242, 0x0002, 0x0002, 0x0002, 0x0002, 0x0002, 0x0002, 0x0002, 0x0002,
  0x0002, 0x0002, 0x0002, 0x0002, 0x0002, 0x0002, 0x0002, 0x0002, 0x0002, 0x0002,
  0x0002, 0x0002, 0x0002, 0x0002, 0x0002, 0x0002, 0x0002, 0x0002, 0x0002, 0x0002,
  0x0002, 0x0002, 0x0002, 0x0002, 0x0002, 0x0002, 0x0002, 0x0002, 0x0002, 0x7982,
  0x7702, 0x0002, 0x0002, 0x0002, 0x0002, 0x0002, 0x0002, 0x0002, 0x0002, 0x0002,
  0x0002, 0x0002, 0x0002, 0x0002, 0x0002, 0x0002, 0x0002, 0x0002, 0x0002, 0x0002,
  0x0002, 0x0002, 0x0002, 0x0002, 0x0002, 0x0002, 0x0002, 0x0002, 0x0002, 0x0002,
  0x0002, 0x0002, 0x0002, 0x0002, 0x0002, 0x0002, 0x0002, 0x7982, 0x7982, 0x7982,
  0x7982, 0x0002, 0x0002, 0x0002, 0x0002, 0x0002, 0x0002, 0x0002, 0x0002, 0x0002,
  0x0002, 0x0002, 0x0002, 0x0002, 0x0002, 0x0002, 0x0002, 0x0002, 0x0002, 0x0002,
  0x0002, 0x0002, 0x0002, 0x0002, 0x0002, 0x0002, 0x0002, 0x0002, 0x0002, 0x0002,
  0x0002, 0x0002, 0x0002, 0x0002, 0x0002, 0x0002, 0x0002, 0x0002, 0x0002, 0x0002,
  0x0002, 0x0002, 0x7982, 0x7982, 0x7982, 0x7982, 0x7982, 0x0002, 0x0002, 0x0002,
  0x0002, 0x0002, 0x0002, 0x0002, 0x0002, 0x0002, 0x0002, 0x0002, 0x0002, 0x0002,
  0x0002, 0x0002, 0x0002, 0x0002, 0x0002, 0x0002, 0x0002, 0x0002, 0x0002, 0x0002,
  0x0002, 0x0002, 0x0002, 0x0002, 0x0002, 0x0002, 0x0002, 0x0002, 0x0002, 0x0002,
  0x0002, 0x0002, 0x0002, 0x0002, 0x0002, 0x0002, 0x0002, 0x0002, 0x0002, 0x0002,
  0x7982, 0x7982, 0x0002, 0x0002, 0x0002, 0x0002, 0x0002, 0x0002, 0x0002, 0x0002,
  0x0002, 0x0002, 0x0002, 0x0002, 0x0002, 0x0002, 0x0002, 0x0002, 0x0002, 0x0002,
  0x0002, 0x0002, 0x0002, 0x0002, 0x0002, 0x0002, 0x0002, 0x0002, 0x0002, 0x0002,
  0x0002, 0x0002, 0x0002, 0x0002, 0x0002, 0x0002, 0x0002, 0x0002, 0x0002, 0x0002,
  0x0002, 0x0002, 0x0002, 0x0002, 0x0002, 0x0002, 0x0002, 0x0002, 0x0002, 0x0002,
  0x0002, 0x0002, 0x0002, 0x0002, 0x0002, 0x0002, 0x0002, 0x0002, 0x0002, 0x0002,
  0x7702, 0x7702, 0x0002, 0x7702, 0x7702, 0x7702, 0x0002, 0x0002, 0x0002, 0x0002,
  0x0002, 0x0002, 0x7702, 0x7702, 0x7982, 0x7982, 0x7982, 0x7702, 0x7982, 0x7702,
  0x7702, 0x7702, 0x7702, 0x0002, 0x0002, 0x0002, 0x0002, 0x0002, 0x0002, 0x0002,
  0x0002, 0x0002, 0x0002, 0x0002, 0x0002, 0x0002, 0x0002, 0x0002, 0x0002, 0x0002,
  0x0002, 0x0002, 0x0002, 0x0002, 0x0002, 0x0002, 0x0002, 0x0002, 0x0002, 0x0002,
  0x0002, 0x0002, 0x0002, 0x0002, 0x0002, 0x0002, 0x0002, 0x0002, 0x0002, 0x0002,
  0x0002, 0x0002, 0x0002, 0x0002, 0x0002, 0x0002, 0x0002, 0x0002, 0x0002, 0x0002,
  0x7982, 0x7702, 0x7982, 0x7702, 0x0002, 0x0002, 0x0002, 0x0002, 0x0002, 0x0002,
  0x0002, 0x0002, 0x0002, 0x0002, 0x0002, 0x0002, 0x0002, 0x0002, 0x0002, 0x0002,
  0x0002, 0x0002, 0x0002, 0x0002, 0x0002, 0x0002, 0x0002, 0x0002, 0x0002, 0x0002,
  0x0002, 0x0002, 0x0002, 0x0002, 0x0002, 0x0002, 0x0002, 0x0002, 0x0002, 0x0002,
  0x0002, 0x0002, 0x0002, 0x0002, 0x0002, 0x0002, 0x0002, 0x0002, 0x0002, 0x0002,
  0x0002, 0x0002, 0x0002, 0x0002, 0x0002, 0x0002, 0x0002, 0x0002, 0x0002, 0x0002,
  0x0002, 0x0002, 0x4242, 0x0002, 0x0002, 0x0002, 0x0002, 0x0002, 0x0002, 0x0002,
  0x0002, 0x0002, 0x0002, 0x0002, 0x0002, 0x0002, 0x0002, 0x0002, 0x0002, 0x0002,
  0x0002, 0x0002, 0x0002, 0x0002, 0x0002, 0x0002, 0x0002, 0x0002, 0x0002, 0x0002,
  0x0002, 0x0002, 0x0002, 0x0002, 0x0002, 0x0002, 0x0002, 0x0002, 0x0002, 0x0002,
  0x0002, 0x0002, 0x0002, 0x0002, 0x4242, 0x0002, 0x0002, 0x0002, 0x0002, 0x0002,
  0x0002, 0x0002, 0x0002, 0x0002, 0x0002, 0x0002, 0x0002, 0x0002, 0x0002, 0x4242,
  0x0002, 0x0002, 0x0002, 0x0002, 0x0002, 0x0002, 0x0002, 0x0002, 0x0002, 0x0002,
  0x0002, 0x0002, 0x0002, 0x0002, 0x0002, 0x0002, 0x0002, 0x0002, 0x0002, 0x0002,
  0x0002, 0x0002, 0x0002, 0x0002, 0x0002, 0x0002, 0xC004, 0x0002, 0xC004, 0x0002,
  0x0002, 0x0002, 0x0002, 0x0002, 0x0002, 0x0002, 0x0002, 0x0002, 0x0002, 0x0002,
  0x0002, 0x0002, 0x0002, 0xC004, 0x0002, 0x0002, 0x0002, 0x0002, 0x0002, 0x0002,
  0x0002, 0x0002, 0x0002, 0x0002, 0x0002, 0x0002, 0x0002, 0x4242, 0x41C2, 0x0002,
  0x0002, 0x0002, 0x0002, 0x0002, 0x7982, 0x7982, 0x7982, 0x0002, 0x0002, 0x0002,
  0x0002, 0x0002, 0x0002, 0x0002, 0x0002, 0x0002, 0x0002, 0x0002, 0x0002, 0x0002,
  0x0002, 0x0002, 0x0002, 0x0002, 0x0002, 0x0002, 0x0002, 0x0002, 0x0002, 0x0002,
  0x0002, 0x0002, 0x0002, 0x0002, 0x0002, 0x0002, 0x0002, 0x0002, 0x0002, 0x0002,
  0x0002, 0x0002, 0x0002, 0x0002, 0x0002, 0x0002, 0x0002, 0x0002, 0x0002, 0x0002,
  0xC004, 0xC004, 0x0002, 0x0002, 0x0002, 0x4242, 0x4242, 0x0002, 0x0002, 0x0002,
  0x0002, 0x0002, 0x0002, 0x0002, 0x0002, 0x0002, 0x0002, 0x0002, 0x0002, 0x0002,
  0x0002, 0x0002, 0x0002, 0x0002, 0x0002, 0x0002, 0x0002, 0x0002, 0x0002, 0x0002,
  0x0002, 0x0002, 0x0002, 0x0002, 0x0002, 0x0002, 0x0002, 0x0002, 0x0002, 0x0002,
  0x0002, 0x0002, 0x0002, 0x0002, 0x0002, 0x0002, 0x0002, 0x0002, 0x0002, 0x0002,
  0x0002, 0x0002, 0x0002, 0x0002, 0x0002, 0x0002, 0x0002, 0x0002, 0x41C2, 0x0002,
  0x0002, 0x0002, 0x0002, 0x0002, 0x0002, 0x0002, 0x0002, 0x0002, 0x0002, 0x0002,
  0x0002, 0x4242, 0x0002, 0x0002, 0x0002, 0x0002, 0x0002, 0x0002, 0x0002, 0x0002,
  0x0002, 0x41C2, 0x0002, 0x0002, 0x0002, 0x0002, 0x0002, 0x0002, 0x0002, 0x0002,
  0x0002, 0x0002, 0x0002, 0x0002, 0x0002, 0x0002, 0x0002, 0x0002, 0x0002, 0x0002,
  0x0002, 0x0002, 0x0002, 0x0002, 0x0002, 0x0002, 0x0002, 0x0002, 0x0002, 0x0002,
  0x0002, 0x0002, 0x0002, 0x0002, 0x0002, 0x0002, 0x0002, 0x0002, 0x0002, 0x0002,
  0x0002, 0x0002, 0x0002, 0x0002, 0x0002, 0x0002, 0x0002, 0x0002, 0x0002, 0x0002,
  0x0002, 0x0002, 0x0002, 0x0002, 0x0002, 0x4242, 0x41C2, 0x0002, 0x0002, 0x0002,
  0x0002, 0x0002, 0x0002, 0x0002, 0x0002, 0x0002, 0x0002, 0x0002, 0x0002, 0x0002,
  0x0002, 0x0002, 0x0002, 0x0002, 0x0002, 0x0002, 0x0002, 0x0002, 0x0002, 0x0002,
  0x0002, 0x0002, 0x0002, 0x0002, 0x0002, 0x0002, 0x0002, 0x0002, 0x0002, 0x0002,
  0x0002, 0x0002, 0x0002, 0x0002, 0x0002, 0x0002, 0x0002, 0x0002, 0x41C2, 0x4242,
  0x0002, 0x0002, 0x0002, 0x0002, 0x0002, 0x0002, 0x0002, 0x0002, 0x0002, 0x0002,
  0x0002, 0x0002, 0x0002, 0x0002, 0x0002, 0x0002, 0x0002, 0x0002, 0x0002, 0x0002,
  0x0002, 0x0002, 0x0002, 0x0002, 0x0002, 0x0002, 0x0002, 0x0002, 0x0002, 0x0002,
  0x0002, 0x0002, 0x0002, 0x0002, 0x0002, 0x0002, 0x0002, 0x0002, 0x0002, 0x0002,
  0x0002, 0x0002, 0x0002, 0x0002, 0x0002, 0x0002, 0x0002, 0x0002, 0x0002, 0x0002,
  0x0002, 0x0002, 0x0002, 0x0002, 0x0002, 0x0002, 0x0002, 0x0002, 0x0002, 0x41C2,
  0x41C2, 0x0002, 0x0002, 0x0002, 0x0002, 0x0002, 0x0002, 0x0002, 0x0002, 0x0002,
  0x0002, 0x0002, 0xC004, 0xC004, 0x4242, 0x0002, 0x0002, 0x0002, 0x0002, 0x0002,
  0x0002, 0x0002, 0x0002, 0x0002, 0x0002, 0x0002, 0x0002, 0x0002, 0x0002, 0x0002,
  0x0002, 0x0002, 0x0002, 0x0002, 0x0002, 0x0002, 0x0002, 0x0002, 0x0002, 0x7982,
  0x7982, 0x7982, 0x7982, 0x7982, 0x7982, 0x7982, 0x0002, 0x0002, 0x0002, 0x7982,
  0x7982, 0x7982, 0x7982, 0x7982, 0x0002, 0x0002, 0x0002, 0x0002, 0x0002, 0x0002,
  0x0002, 0x0002, 0x0002, 0x0002, 0x0002, 0xC004, 0x0002, 0xC004, 0x0002, 0x0002,
  0x0002, 0x0002, 0x0002, 0x0002, 0x0002, 0x0002, 0xC004, 0x0002, 0x0002, 0xC004,
  0x0002, 0x0002, 0x0002, 0x0002, 0x0002, 0x0002, 0x0002, 0x0002, 0x0002, 0x0002,
  0x0002, 0x0002, 0x0002, 0x0002, 0x0002, 0x0002, 0x0002, 0x0002, 0x0002, 0x0002,
  0x0002, 0x0002, 0x0002, 0x0002, 0x0002, 0x0002, 0x0002, 0x0002, 0x0002, 0x0002,
  0x0002, 0x0002, 0x0002, 0x0002, 0x0002, 0x0002, 0x0002, 0x0002, 0x0002, 0x0002,
  0x0002, 0x0002, 0x0002, 0x0002, 0x0002, 0x0002, 0xC004, 0x0002, 0xC004, 0xC004,
  0x0002, 0x0002, 0x0002, 0x0002, 0x0002, 0x4242, 0x4242, 0x4242, 0x0002, 0x0002,
  0x0002, 0x0002, 0x0002, 0x0002, 0x0002, 0x0002, 0x0002, 0x0002, 0x0002, 0x0002,
  0x0002, 0x0002, 0x0002, 0x0002, 0x0002, 0x0002, 0x0002, 0x0002, 0x0002, 0x0002,
  0x0002, 0x0002, 0x0002, 0x0002, 0x0002, 0x0002, 0x0002, 0x0002, 0x0002, 0x0002,
  0x0002, 0x0002, 0x0002, 0x0002, 0x0002, 0x0002, 0x0002, 0x0002, 0x0002, 0x0002,
  0x0002, 0x0002, 0x0002, 0x0002, 0x0002, 0x4242, 0x0002, 0x0002, 0x0002, 0x41C2,
  0x0002, 0x0002, 0x0002, 0x0002, 0x0002, 0x0002, 0x0002, 0x0002, 0x0002, 0x0002,
  0x0002, 0x0002, 0x0002, 0x0002, 0x0002, 0x0002, 0x0002, 0x0002, 0x0002, 0x0002,
  0x0002, 0x0002, 0x0002, 0x7982, 0x0002, 0x0002, 0x0002, 0x0002, 0x0002, 0x0002,
  0x0002, 0x0002, 0x0002, 0x0002, 0x0002, 0x0002, 0x0002, 0x0002, 0x0002, 0x0002,
  0x0002, 0x0002, 0x0002, 0x0002, 0x0002, 0x0002, 0x0002, 0x0002, 0x0002, 0x0002,
  0x0002, 0x0002, 0x0002, 0x0002, 0x0002, 0x0002, 0x0002, 0x0002, 0x0002, 0x0002,
  0x0002, 0x0002, 0x0002, 0x0002, 0x0002, 0x0002, 0x0002, 0x0002, 0x0002, 0x0002,
  0x0002, 0x0002, 0x0002, 0x0002, 0x0002, 0x0002, 0x0002, 0x0002, 0x0002, 0x0002,
  0x0002, 0x0002, 0x0002, 0xC004, 0xC004, 0x0002, 0xC004, 0x0002, 0x0002, 0x4242,
  0x41C2, 0x0002, 0x0002, 0x0002, 0x0002, 0x0002, 0x0002, 0x0002, 0x0002, 0x0002,
  0x0002, 0x0002, 0x0002, 0x0002, 0x0002, 0x0002, 0x0002, 0x0002, 0x0002, 0x0002,
  0x0002, 0x0002, 0x0002, 0x0002, 0x0002, 0x0002, 0x0002, 0x0002, 0x0002, 0x0002,
  0x0002, 0x0002, 0x0002, 0x0002, 0x0002, 0x0002, 0x0002, 0x0002, 0x0002, 0x0002,
  0x0002, 0x0002, 0x0002, 0x0002, 0x0002, 0x0002, 0x0002, 0x0002, 0x0002, 0x0002,
  0x0002, 0x0002, 0x0002, 0x0002, 0x0002, 0x0002, 0x0002, 0x0002, 0x0002, 0x0002,
  0x0002, 0xC004, 0xC004, 0x0002, 0x0002, 0x0002, 0x4242, 0x41C2, 0x0002, 0x0002,
  0x0002, 0x0002, 0x0002, 0x0002, 0x0002, 0x0002, 0x0002, 0x0002, 0x0002, 0x0002,
  0x0002, 0x0002, 0x0002, 0x0002, 0x0002, 0x0002, 0x0002, 0x0002, 0x0002, 0x0002,
  0x0002, 0x0002, 0x0002, 0x0002, 0x0002, 0x0002, 0x0002, 0x0002, 0x0002, 0x0002,
  0x0002, 0x0002, 0x0002, 0x0002, 0x0002, 0x0002, 0x0002, 0x0002, 0x0002, 0x0002,
  0x0002, 0x0002, 0x0002, 0x0002, 0x0002, 0x0002, 0x0002, 0x0002, 0x0002, 0x0002,
  0x0002, 0x0002, 0x0002, 0x0002, 0x0002, 0x0002, 0x0002, 0x0002, 0x0002, 0x0002,
  0x0002, 0x4242, 0x41C2, 0x0002, 0x0002, 0x0002, 0x0002, 0x0002, 0x0002, 0x0002,
  0x0002, 0x0002, 0x0002, 0x0002, 0x0002, 0x0002, 0x0002, 0x0002, 0x0002, 0x0002,
  0x0002, 0x0002, 0x0002, 0x0002, 0x0002, 0x0002, 0x0002, 0x0002, 0x0002, 0x0002,
  0x0002, 0x0002, 0x0002, 0x0002, 0x0002, 0x0002, 0x0002, 0x0002, 0x0002, 0x0002,
  0x0002, 0x0002, 0x0002, 0x0002, 0x0002, 0x0002, 0x0002, 0x0002, 0x0002, 0x0002,
  0x0002, 0x0002, 0x0002, 0x0002, 0x0002, 0x0002, 0x0002, 0x0002, 0x0002, 0xC004,
  0x0002, 0x0002, 0x0002, 0x0002, 0x4242, 0x4242, 0x0002, 0x0002, 0x0002, 0x41C2,
  0x0002, 0x0002, 0x0002, 0x0002, 0x0002, 0x0002, 0x0002, 0x0002, 0x0002, 0x0002,
  0x0002, 0x0002, 0x0002, 0x0002, 0x0002, 0x0002, 0x0002, 0x0002, 0x0002, 0x0002,
  0x0002, 0x0002, 0x0002, 0x0002, 0x0002, 0x0002, 0x0002, 0x0002, 0x0002, 0x0002,
  0x0002, 0x0002, 0x0002, 0x0002, 0x0002, 0x0002, 0x0002, 0x0002, 0x0002, 0x0002,
  0x0002, 0x0002, 0x0002, 0x0002, 0x0002, 0x0002, 0x0002, 0x0002, 0x0002, 0x0002,
  0x0002, 0x0002, 0x0002, 0x0002, 0x0002, 0x0002, 0x0002, 0x0002, 0x0002, 0x0002,
  0x4242, 0x0002, 0x0002, 0x0002, 0x0002, 0x0002, 0x0002, 0x0002, 0x0002, 0x0002,
  0x0002, 0x0002, 0x0002, 0x0002, 0x0002, 0x0002, 0x0002, 0x0002, 0x0002, 0x0002,
  0x0002, 0x0002, 0x0002, 0x0002, 0x0002, 0x0002, 0x0002, 0x0002, 0x0002, 0x0002,
  0x0002, 0x0002, 0x0002, 0x0002, 0x0002, 0x0002, 0x0002, 0x0002, 0x0002, 0x0002,
  0x0002, 0x0002, 0x0002, 0x0002, 0x0002, 0x0002, 0x0002, 0x0002, 0x0002, 0x0002,
  0x0002, 0x0002, 0x0002, 0x0002, 0x0002, 0x0002, 0x0002, 0x41C2, 0x0002, 0x4242,
  0x4242, 0x0002, 0x0002, 0x0002, 0x0002, 0x0002, 0x0002, 0x0002, 0x0002, 0x0002,
  0x0002, 0x0002, 0x0002, 0x0002, 0x0002, 0x0002, 0x0002, 0x0002, 0x0002, 0x0002,
  0x0002, 0x0002, 0x0002, 0x0002, 0x0002, 0x0002, 0x0002, 0x0002, 0x0002, 0x0002,
  0x0002, 0x0002, 0x0002, 0x0002, 0x0002, 0x0002, 0x0002, 0x0002, 0x0002, 0x0002,
  0x0002, 0x0002, 0x0002, 0x0002, 0x0002, 0x0002, 0x0002, 0x0002, 0x0002, 0x0002,
  0x0002, 0x0002, 0x0002, 0x0002, 0x0002, 0x0002, 0x0002, 0x0002, 0x0002, 0x0002,
  0x0002, 0x0002, 0xC004, 0xC004, 0xC004, 0xC004, 0xC004, 0xC006, 0xC006, 0xC006,
  0x0002, 0x0002, 0x0002, 0x0002, 0x0002, 0x0002, 0x4242, 0x0002, 0x0002, 0x0002,
  0x0002, 0x0002, 0x0002, 0x0002, 0x0002, 0x0002, 0x0002, 0x0002, 0x0002, 0x0002,
  0x0002, 0x0002, 0x0002, 0x0002, 0x0002, 0x0002, 0x0002, 0x0002, 0x0002, 0x0002,
  0x0002, 0x0002, 0x0002, 0x0002, 0x0002, 0x0002, 0x0002, 0x0002, 0x0002, 0x0002,
  0x0002, 0x0002, 0x0002, 0x0002, 0x0002, 0x0002, 0x0002, 0x0002, 0x0002, 0x0002,
  0x0002, 0x0002, 0x0002, 0x0002, 0x0002, 0x4042, 0x4042, 0x4042, 0x4042, 0x4042,
  0x0002, 0x0002, 0x0002, 0x0002, 0x0002, 0x0002, 0x0002, 0x0002, 0x0002, 0x0002,
  0x0002, 0x0002, 0x0002, 0x0002, 0x0002, 0x0002, 0x0002, 0x0002, 0x0002, 0x0002,
  0x0002, 0x0002, 0x0002, 0x0002, 0x0002, 0x0002, 0x0002, 0x0002, 0x0002, 0x0002,
  0x0002, 0x0002, 0x0002, 0x0002, 0x0002, 0x0002, 0x0002, 0x0002, 0x0002, 0x0002,
  0x0002, 0x0002, 0x0002, 0x0002, 0x0002, 0x0002, 0x0002, 0x0002, 0x7982, 0x7982,
  0x7982, 0x7982, 0x7982, 0x7982, 0x7982, 0x0002, 0x0002, 0x0002, 0x0002, 0x0002,
  0x0002, 0x0002, 0x0002, 0x0002, 0x0002, 0x0002, 0x0002, 0x0002, 0x0002, 0x0002,
  0x0002, 0x0002, 0x0002, 0x0002, 0x0002, 0x0002, 0x0002, 0x0002, 0x0002, 0x0002,
  0x0002, 0x0002, 0x0002, 0x0002, 0x0002, 0x0002, 0x0002, 0x0002, 0x0002, 0x0002,
  0x0002, 0x0002, 0x0002, 0x0002, 0x0002, 0xC004, 0xC004, 0xC006, 0x0002, 0x0002,
  0x0002, 0x0002, 0x0002, 0x0002, 0x0002, 0x0002, 0x0002, 0x0002, 0x0002, 0x0002,
  0x0002, 0x0002, 0x0002, 0x0002, 0x0002, 0x0002, 0x0002, 0x0002, 0x0002, 0x0002,
  0x0002, 0x0002, 0x0002, 0x0002, 0x0002, 0x0002, 0x0002, 0x0002, 0x0002, 0x0002,
  0x0002, 0x0002, 0x0002, 0x0002, 0x0002, 0x0002, 0x0002, 0x0002, 0x0002, 0x0002,
  0x0002, 0x0002, 0x0002, 0x0002, 0x0002, 0x0002, 0x4182, 0x4182, 0x0002, 0x0002,
  0x0002, 0x0002, 0x0002, 0x0002, 0x0002, 0x0002, 0x0002, 0x0002, 0x0002, 0x0002,
  0x0002, 0x0002, 0x0002, 0x0002, 0x0002, 0x0002, 0x0002, 0x0002, 0x0002, 0x0002,
  0x0002, 0x0002, 0x0002, 0x0002, 0x0002, 0x0002, 0x0002, 0x0002, 0x4042, 0x0002,
  0x0002, 0x0002, 0x0002, 0x0002, 0x0002, 0x0002, 0x0002, 0x0002, 0x0002, 0x0002,
  0x0002, 0x0002, 0x0002, 0x0002, 0x0002, 0x0002, 0x0002, 0x0002, 0x0002, 0x0002,
  0x0002, 0x0002, 0x0002, 0x0002, 0x0002, 0x0002, 0x0002, 0x0002, 0x0002, 0x0002,
  0x0002, 0x0002, 0xC001, 0xC001, 0xC001, 0xC001, 0xC001, 0xC001, 0xC001, 0xC001,
  0xC001, 0xC001, 0xC001, 0xC001, 0xC001, 0xC001, 0xC001, 0xC001, 0xC001, 0xC001,
  0xC001, 0xC001, 0xC001, 0xC001, 0xC001, 0xC001, 0xC001, 0xC001, 0xC001, 0xC001,
  0xC001, 0xC001, 0xC001, 0xC001, 0xC001, 0xC001, 0xC001, 0xC001, 0x0002, 0x0002,
  0x0002, 0x0002, 0x0002, 0x0002, 0x0002, 0x0002, 0x0002, 0x0002, 0x0002, 0x0002,
  0x0002, 0x0002, 0x0002, 0x0002, 0x0002, 0x0002, 0x0002, 0x0002, 0x0002, 0x0002,
  0x0002, 0x0002, 0x0002, 0x0002, 0x0002, 0x0002, 0x0002, 0x0002, 0xC004, 0xC004,
  0xC006, 0xC006, 0xC006, 0xC006, 0xC006, 0x7602, 0x7602, 0x4042, 0x4042, 0x4042,
  0x0002, 0x0002, 0x0002, 0x7882, 0x7602, 0x7602, 0x7602, 0x7602, 0x7602, 0x0002,
  0x0002, 0x0002, 0x0002, 0x0002, 0x0002, 0x0002, 0x0002, 0x7702, 0x7702, 0x7702,
  0x7702, 0x7702, 0x0002, 0x0002, 0x7982, 0x7982, 0x7982, 0x7982, 0x7982, 0x7702,
  0x7702, 0x0002, 0x0002, 0x0002, 0x0002, 0x0002, 0x0002, 0x0002, 0x0002, 0x0002,
  0x0002, 0x0002, 0x0002, 0x0002, 0x0002, 0x0002, 0x0002, 0x0002, 0x0002, 0x0002,
  0x0002, 0x0002, 0x0002, 0x0002, 0x0002, 0x0002, 0x0002, 0x0002, 0x0002, 0x0002,
  0x0002, 0x7982, 0x7982, 0x7982, 0x7982, 0x0002, 0x0002, 0x0002, 0x0002, 0x0002,
  0x0002, 0x0002, 0x0002, 0x0002, 0x0002, 0x0002, 0x0002, 0x0002, 0xC004, 0xC004,
  0xC006, 0xC006, 0xC006, 0x0002, 0x0002, 0x0002, 0x0002, 0x0002, 0x0002, 0x0002,
  0x0002, 0x0002, 0x0002, 0x0002, 0x0002, 0x0002, 0x0002, 0x0002, 0x0002, 0x0002,
  0x0002, 0x0002, 0x0002, 0x0002, 0x0002, 0x0002, 0x0002, 0x0002, 0x0002, 0x0002,
  0x0002, 0x0002, 0x0002, 0x0002, 0x0002, 0x0002, 0x0002, 0x0002, 0x0002, 0x0002,
  0x0002, 0x0002, 0x0002, 0x0002, 0x0002, 0x0002, 0x0002, 0x0002, 0x0002, 0x0002,
  0x0002, 0x0002, 0x0002, 0x0002, 0x0002, 0x0002, 0x0002, 0x0002, 0x0002, 0x0002,
  0x0002, 0x0002, 0x0002, 0x0002, 0x0002, 0x0002, 0x7982, 0x7982, 0x7982, 0x0002,
  0x0002, 0x0002, 0x0002, 0x0002, 0x0002, 0x0002, 0x0002, 0x0002, 0x0002, 0x0002,
  0x0002, 0x0002, 0x0002, 0x0002, 0x0002, 0x0002, 0x0002, 0x0002, 0x0002, 0x0002,
  0x0002, 0x0002, 0x0002, 0x0002, 0x0002, 0x0002, 0x0002, 0x0002, 0x0002, 0x0002,
  0x0002, 0x0002, 0x0002, 0x0002, 0x0002, 0x0002, 0x0002, 0x0002, 0x0002, 0x0002,
  0x0002, 0x0002, 0x0002, 0x0002, 0x0002, 0x0002, 0x0002, 0x0002, 0x0002, 0x0002,
  0x0002, 0x0002, 0x0002, 0x0002, 0x0002, 0x0002, 0x0002, 0x0002, 0xC001, 0xC001,
  0xC001, 0xC001, 0xC001, 0xC001, 0xC001, 0xC001, 0xC001, 0xC001, 0xC001, 0xC001,
  0xC001, 0xC001, 0xC001, 0xC001, 0xC001, 0xC001, 0xC001, 0xC001, 0xC001, 0x0002,
  0xC001, 0xC001, 0xC001, 0xC001, 0xC001, 0xC001, 0xC001, 0xC001, 0xC001, 0xC001,
  0xC001, 0xC001, 0xC001, 0xC001, 0xC001, 0xC001, 0xC001, 0xC001, 0xC001, 0xC001,
  0xC001, 0xC001, 0xC001, 0xC001, 0xC001, 0xC001, 0xC001, 0xC001, 0xC001, 0xC001,
  0xC001, 0xC001, 0xC001, 0xC001, 0xC001, 0xC001, 0xC001, 0xC001, 0xC001, 0xC001,
  0xC001, 0xC001, 0x0002, 0xC001, 0xC001, 0x0002, 0x0002, 0xC001, 0x0002, 0x0002,
  0xC001, 0xC001, 0x0002, 0x0002, 0xC001, 0xC001, 0xC001, 0xC001, 0x0002, 0xC001,
  0xC001, 0xC001, 0xC001, 0xC001, 0xC001, 0xC001, 0xC001, 0xC001, 0xC001, 0xC001,
  0xC001, 0x0002, 0xC001, 0x0002, 0xC001, 0xC001, 0xC001, 0xC001, 0x0002, 0xC001,
  0xC001, 0xC001, 0xC001, 0xC001, 0xC001, 0xC001, 0xC001, 0xC001, 0xC001, 0xC001,
  0xC001, 0xC001, 0xC001, 0xC001, 0xC001, 0xC001, 0xC001, 0xC001, 0xC001, 0xC001,
  0xC001, 0xC001, 0xC001, 0xC001, 0xC001, 0xC001, 0xC001, 0xC001, 0xC001, 0xC001,
  0xC001, 0xC001, 0xC001, 0xC001, 0xC001, 0xC001, 0xC001, 0xC001, 0xC001, 0xC001,
  0xC001, 0xC001, 0xC001, 0xC001, 0xC001, 0xC001, 0xC001, 0xC001, 0xC001, 0xC001,
  0xC001, 0xC001, 0xC001, 0xC001, 0xC001, 0xC001, 0xC001, 0xC001, 0x0002, 0xC001,
  0xC001, 0xC001, 0xC001, 0x0002, 0x0002, 0xC001, 0xC001, 0xC001, 0xC001, 0xC001,
  0xC001, 0xC001, 0xC001, 0x0002, 0xC001, 0xC001, 0xC001, 0xC001, 0xC001, 0xC001,
  0xC001, 0x0002, 0xC001, 0xC001, 0xC001, 0xC001, 0xC001, 0xC001, 0xC001, 0xC001,
  0xC001, 0xC001, 0xC001, 0xC001, 0xC001, 0xC001, 0xC001, 0xC001, 0xC001, 0xC001,
  0xC001, 0xC001, 0xC001, 0xC001, 0xC001, 0xC001, 0xC001, 0xC001, 0xC001, 0xC001,
  0x0002, 0xC001, 0xC001, 0xC001, 0xC001, 0x0002, 0xC001, 0xC001, 0xC001, 0xC001,
  0xC001, 0x0002, 0xC001, 0x0002, 0x0002, 0x0002, 0xC001, 0xC001, 0xC001, 0xC001,
  0xC001, 0xC001, 0xC001, 0x0002, 0xC001, 0xC001, 0xC001, 0xC001, 0xC001, 0xC001,
  0xC001, 0xC001, 0xC001, 0xC001, 0xC001, 0xC001, 0xC001, 0xC001, 0xC001, 0xC001,
  0xC001, 0xC001, 0xC001, 0xC001, 0xC001, 0xC001, 0xC001, 0xC001, 0xC001, 0xC001,
  0xC001, 0xC001, 0xC001, 0xC001, 0xC001, 0xC001, 0xC001, 0xC001, 0xC001, 0xC001,
  0xC001, 0xC001, 0xC001, 0xC001, 0xC001, 0xC001, 0xC001, 0xC001, 0xC001, 0xC001,
  0x0002, 0x0002, 0xC001, 0xC001, 0xC001, 0xC001, 0xC001, 0xC001, 0xC001, 0xC001,
  0xC001, 0xC001, 0xC001, 0xC001, 0xC001, 0xC001, 0xC001, 0xC001, 0xC001, 0xC001,
  0xC001, 0xC001, 0xC001, 0xC001, 0xC001, 0xC001, 0xC001, 0xC001, 0xC001, 0xC001,
  0xC001, 0xC001, 0xC001, 0xC001, 0xC001, 0xC001, 0xC001, 0xC001, 0xC001, 0xC001,
  0xC001, 0xC001, 0xC001, 0xC001, 0xC001, 0xC001, 0xC001, 0xC001, 0xC001, 0xC001,
  0xC001, 0xC001, 0x7982, 0x7982, 0x7982, 0x7982, 0x7982, 0x7982, 0x7982, 0x0002,
  0x7982, 0x7982, 0x7982, 0x7982, 0x7982, 0x7982, 0x7982, 0x7982, 0x7982, 0x7982,
  0x7982, 0x7982, 0x7982, 0x7982, 0x7982, 0x7982, 0x7982, 0x0002, 0x0002, 0x7982,
  0x7982, 0x7982, 0x7982, 0x7982, 0x7982, 0x7982, 0x0002, 0x7982, 0x7982, 0x0002,
  0x7982, 0x7982, 0x7982, 0x7982, 0x7982, 0x0002, 0x0002, 0x0002, 0x0002, 0x0002,
  0xC001, 0xC001, 0xC001, 0xC001, 0xC001, 0xC001, 0xC001, 0xC001, 0xC001, 0xC001,
  0xC001, 0xC001, 0xC001, 0xC001, 0xC001, 0xC001, 0xC001, 0xC001, 0xC001, 0xC001,
  0xC001, 0xC001, 0xC001, 0xC001, 0xC001, 0xC001, 0xC001, 0xC001, 0xC001, 0xC001,
  0xC001, 0xC001, 0xC001, 0xC001, 0xC001, 0xC001, 0xC001, 0xC001, 0xC001, 0xC001,
  0xC001, 0xC001, 0xC001, 0xC001, 0xC001, 0xC001, 0x0002, 0x0002, 0x0002, 0x0002,
  0x0002, 0x0002, 0x0002, 0x0002, 0x0002, 0x0002, 0x0002, 0x0002, 0x0002, 0x0002,
  0x0002, 0x0002, 0x0002, 0x0002, 0x0002, 0x0002, 0x0002, 0x0002, 0x0002, 0x0002,
  0x0002, 0x0002, 0x0002, 0x0002, 0x0002, 0x0002, 0x0002, 0x0002, 0x0002, 0x0002,
  0x0002, 0x0002, 0x0002, 0x0002, 0x0002, 0x0002, 0x0002, 0x0002, 0x0002, 0x0002,
  0x0002, 0x0002, 0x7982, 0x0002, 0x0002, 0x0002, 0x0002, 0x0002, 0x0002, 0x0002,
  0x0002, 0x0002, 0x0002, 0x0002, 0x0002, 0x0002, 0x0002, 0x0002, 0x0002, 0x0002,
  0x0002, 0x0002, 0x0002, 0x0002, 0x0002, 0x0002, 0x0002, 0x0002, 0x0002, 0x0002,
  0x0002, 0x0002, 0x0002, 0x0002, 0x0002, 0x0002, 0x0002, 0x0002, 0x0002, 0x0002,
  0x0002, 0x0002, 0x0002, 0x0002, 0x0002, 0x0002, 0x0002, 0x7982, 0x7982, 0x7982,
  0x7982, 0x0002, 0x0002, 0x0002, 0x0002, 0x0002, 0x0002, 0x0002, 0x0002, 0x0002,
  0x0002, 0x0002, 0x0002, 0x0002, 0x0002, 0x0002, 0x0002, 0x0002, 0x0002, 0x0002,
  0x0002, 0x0002, 0x0002, 0x0002, 0x0002, 0x0002, 0x0002, 0x0002, 0x0002, 0x0002,
  0x0002, 0x0002, 0x0002, 0x0002, 0x0002, 0x0002, 0x0002, 0x0002, 0x0002, 0x0002,
  0x0002, 0x0002, 0x0002, 0x0002, 0x0002, 0x7A02, 0x7A02, 0x7702, 0x7982, 0x0002,
  0x0002, 0x0002, 0x0002, 0x0002, 0x0002, 0x0002, 0x0002, 0x0002, 0x0002, 0x0002,
  0x0002, 0x0002, 0x0002, 0x0002, 0x0002, 0x0002, 0x0002, 0x0002, 0x0002, 0x0002,
  0x0002, 0x0002, 0x0002, 0x0002, 0x0002, 0x0002, 0x0002, 0x0002, 0x0002, 0x0002,
  0x0002, 0x0002, 0x0002, 0x0002, 0x0002, 0x0002, 0x0002, 0x0002, 0x0002, 0x0002,
  0x0002, 0x0002, 0x0002, 0x0002, 0x0002, 0x7982, 0x7702, 0x0002, 0x0002, 0x0002,
  0x0002, 0x0002, 0x0002, 0x0002, 0x0002, 0x0002, 0x0002, 0x0002, 0x0002, 0x0002,
  0x0002, 0x0002, 0x0002, 0x0002, 0x0002, 0x0002, 0x0002, 0x0002, 0x0002, 0x0002,
  0x0002, 0x0002, 0x0002, 0x0002, 0x0002, 0x0002, 0x0002, 0x0002, 0x0002, 0x0002,
  0x0002, 0x0002, 0x7982, 0x0002, 0x0002, 0x7982, 0x0002, 0x0002, 0x0002, 0x0002,
  0x0002, 0x0002, 0x0002, 0x7982, 0x7982, 0x0002, 0x0002, 0x0002, 0x0002, 0x0002,
  0x7982, 0x0002, 0x0002, 0x0002, 0x0002, 0x0002, 0x0002, 0x0002, 0x0002, 0x0002,
  0x0002, 0x0002, 0x0002, 0x0002, 0x0002, 0x0002, 0x0002, 0x7702, 0x7702, 0x7702,
  0x7702, 0x7702, 0x7702, 0x7702, 0x0002, 0x0002, 0x0002, 0x0002, 0x0002, 0x0002,
  0x0002, 0x0002, 0x0002, 0x0002, 0x0002, 0x0002, 0x0002, 0x0002, 0x0002, 0x0002,
  0x0002, 0x0002, 0x0002, 0x0002, 0x0002, 0x0002, 0x0002, 0x0002, 0x0002, 0x0002,
  0x0002, 0x0002, 0x0002, 0x0002, 0x0002, 0x0002, 0x0002, 0x0002, 0x0002, 0x0002,
  0x0002, 0x0002, 0x0002, 0x0002, 0x0002, 0x7982, 0x7982, 0x7982, 0x7982, 0x7982,
  0x7982, 0x41C2, 0x0002, 0x0002, 0x0002, 0x0002, 0x0002, 0x0002, 0x0002, 0x0002,
  0x0002, 0x0002, 0x0002, 0x0002, 0x0002, 0x0002, 0x0002, 0x0002, 0x0002, 0x0002,
  0x0002, 0x0002, 0x0002, 0x0002, 0x0002, 0x0002, 0x0002, 0x0002, 0x0002, 0x0002,
  0x0002, 0x0002, 0x0002, 0x0002, 0x0002, 0x0002, 0x0002, 0x0002, 0x0002, 0x0002,
  0x0002, 0x0002, 0x0002, 0x0002, 0x0002, 0x0002, 0x0002, 0x0002, 0x0002, 0x0002,
  0x0002, 0x0002, 0x0002, 0x0002, 0x0002, 0xC001, 0xC001, 0xC001, 0xC001, 0x0002,
  0xC001, 0xC001, 0xC001, 0xC001, 0xC001, 0xC001, 0xC001, 0xC001, 0xC001, 0xC001,
  0xC001, 0xC001, 0xC001, 0xC001, 0xC001, 0xC001, 0xC001, 0xC001, 0xC001, 0xC001,
  0xC001, 0xC001, 0xC001, 0xC001, 0xC001, 0xC001, 0xC001, 0x0002, 0xC001, 0xC001,
  0x0002, 0xC001, 0x0002, 0x0002, 0xC001, 0x0002, 0xC001, 0xC001, 0xC001, 0xC001,
  0xC001, 0xC001, 0xC001, 0xC001, 0xC001, 0xC001, 0x0002, 0xC001, 0xC001, 0xC001,
  0xC001, 0x0002, 0xC001, 0x0002, 0xC001, 0x0002, 0x0002, 0x0002, 0x0002, 0xC001,
  0x0002, 0x0002, 0x0002, 0x0002, 0xC001, 0x0002, 0xC001, 0x0002, 0xC001, 0x0002,
  0xC001, 0xC001, 0xC001, 0x0002, 0xC001, 0xC001, 0x0002, 0xC001, 0x0002, 0x0002,
  0xC001, 0x0002, 0xC001, 0x0002, 0xC001, 0x0002, 0xC001, 0x0002, 0xC001, 0x0002,
  0xC001, 0xC001, 0x0002, 0xC001, 0x0002, 0x0002, 0xC001, 0xC001, 0xC001, 0xC001,
  0x0002, 0xC001, 0xC001, 0xC001, 0xC001, 0xC001, 0xC001, 0xC001, 0x0002, 0xC001,
  0xC001, 0xC001, 0xC001, 0x0002, 0xC001, 0xC001, 0xC001, 0xC001, 0x0002, 0xC001,
  0x0002, 0xC001, 0xC001, 0xC001, 0xC001, 0xC001, 0xC001, 0xC001, 0xC001, 0xC001,
  0xC001, 0x0002, 0xC001, 0xC001, 0xC001, 0xC001, 0xC001, 0xC001, 0xC001, 0xC001,
  0xC001, 0xC001, 0xC001, 0xC001, 0xC001, 0xC001, 0xC001, 0xC001, 0xC001, 0x0002,
  0x0002, 0x0002, 0x0002, 0x0002, 0xC001, 0xC001, 0xC001, 0x0002, 0xC001, 0xC001,
  0xC001, 0xC001, 0xC001, 0x0002, 0xC001, 0xC001, 0xC001, 0xC001, 0xC001, 0xC001,
  0xC001, 0xC001, 0xC001, 0xC001, 0xC001, 0xC001, 0xC001, 0xC001, 0xC001, 0xC001,
  0xC001, 0x0002, 0x0002, 0x0002, 0x0002, 0xC002, 0xC002, 0xC002, 0xC002, 0xC002,
  0xC002, 0xC002, 0xC002, 0xC002, 0xC002, 0xC002, 0x0002, 0x0002, 0x0002, 0x0002,
  0x0002, 0xC003, 0xC003, 0xC003, 0xC003, 0xC003, 0xC003, 0xC003, 0xC003, 0xC003,
  0xC003, 0xC003, 0xC003, 0xC003, 0xC003, 0xC003, 0xC003, 0xC003, 0xC003, 0xC003,
  0xC003, 0xC003, 0xC003, 0xC003, 0xC003, 0xC003, 0xC003, 0xC003, 0xC001, 0xC001,
  0xC002, 0xC002, 0x0002, 0xC001, 0xC001, 0xC001, 0xC001, 0xC001, 0xC001, 0xC001,
  0xC001, 0xC001, 0xC001, 0xC001, 0xC001, 0xC001, 0xC001, 0xC001, 0xC001, 0xC002,
  0xC002, 0xC002, 0xC002, 0xC003, 0xC002, 0x0002, 0x0002, 0x0002, 0x0002, 0x0002,
  0x0002, 0x0002, 0x0002, 0x0002, 0x0002, 0x0002, 0x0002, 0x0002, 0x0002, 0x0002,
  0x0002, 0x0002, 0x0002, 0x0002, 0x0002, 0x0002, 0x0002, 0x0002, 0x0002, 0x0002,
  0x0002, 0xC002, 0xC002, 0xC002, 0x0002, 0x0002, 0x0002, 0x0002, 0x0002, 0x0002,
  0x0002, 0x0002, 0x0002, 0x0002, 0x0002, 0x0002, 0x0002, 0x0002, 0x0002, 0x0002,
  0x0002, 0x0002, 0x0002, 0xC002, 0x0002, 0x0002, 0x0002, 0x0002, 0x0002, 0x0002,
  0x0002, 0x0002, 0x0002, 0x0002, 0x0002, 0x0002, 0x0002, 0x0002, 0x0002, 0x0002,
  0x0002, 0x0002, 0x0002, 0x0002, 0x0002, 0x0002, 0x0002, 0x0002, 0x0002, 0x0002,
  0x0002, 0x0002, 0x0002, 0x0002, 0x0002, 0x0002, 0x0002, 0x0002, 0x0002, 0x0002,
  0x0002, 0x0002, 0x0002, 0x0002, 0x0002, 0x0002, 0x0002, 0x0002, 0x0002, 0x0002,
  0x0002, 0xC002, 0xC002, 0xC001, 0x0002, 0x0002, 0x0002, 0x0002, 0x0002, 0x0002,
  0x0002, 0x0002, 0x0002, 0x0002, 0x0002, 0x0002, 0x0002, 0xC001, 0xC001, 0xC001,
  0xC002, 0xC001, 0xC001, 0xC001, 0xC001, 0xC001, 0xC001, 0xC001, 0xC001, 0xC001,
  0xC001, 0xC001, 0xC001, 0xC001, 0xC001, 0xC001, 0xC001, 0xC001, 0xC001, 0xC001,
  0xC001, 0xC001, 0xC001, 0xC001, 0xC001, 0xC001, 0xC001, 0xC001, 0xC001, 0xC001,
  0xC001, 0xC001, 0xC001, 0xC001, 0xC001, 0xC001, 0xC001, 0xC001, 0xC001, 0xC001,
  0xC001, 0x0002, 0x0002, 0x0002, 0x0002, 0xC003, 0xC003, 0xC003, 0xC003, 0xC003,
  0xC003, 0xC003, 0xC003, 0xC003, 0x0002, 0x0002, 0x0002, 0x0002, 0x0002, 0x0002,
  0x0002, 0xC001, 0xC001, 0x0002, 0x0002, 0x0002, 0x0002, 0x0002, 0x0002, 0x0002,
  0x0002, 0x0002, 0x0002, 0x0002, 0x0002, 0x0002, 0x0002, 0x0002, 0x0002, 0x0002,
  0x0002, 0x0002, 0x0002, 0x0002, 0x0002, 0x0002, 0x0002, 0x0002, 0x0002, 0x0002,
  0x0002, 0x0002, 0x0002, 0x0002, 0x0002, 0x0002, 0x0002, 0x0002, 0x0002, 0x0002,
  0x0002, 0x0002, 0x0002, 0x0002, 0x0002, 0x0002, 0x0002, 0x0002, 0x0002, 0x0002,
  0x0002, 0xC001, 0xC001, 0xC001, 0xC001, 0xC001, 0xC001, 0xC001, 0xC001, 0xC001,
  0xC001, 0x0002, 0x0002, 0x0002, 0x0002, 0x0002, 0x0002, 0xC001, 0xC001, 0xC001,
  0xC002, 0xC001, 0xC001, 0xC001, 0xC001, 0xC001, 0xC001, 0xC001, 0xC001, 0xC001,
  0xC002, 0xC001, 0xC001, 0xC001, 0xC001, 0xC002, 0xC001, 0xC001, 0xC001, 0xC002,
  0xC001, 0xC001, 0xC001, 0xC001, 0xC001, 0xC002, 0xC001, 0xC001, 0xC001, 0xC001,
  0xC001, 0xC001, 0xC001, 0xC001, 0xC001, 0xC001, 0xC001, 0xC001, 0xC001, 0xC001,
  0xC001, 0xC001, 0xC001, 0xC001, 0xC001, 0xC001, 0xC001, 0xC001, 0xC001, 0xC002,
  0xC001, 0xC001, 0xC001, 0xC002, 0xC001, 0xC001, 0xC001, 0xC001, 0xC001, 0xC001,
  0xC001, 0xC001, 0xC001, 0xC001, 0xC001, 0xC001, 0xC001, 0xC001, 0xC001, 0xC001,
  0xC001, 0xC001, 0xC001, 0xC001, 0xC001, 0xC001, 0xC001, 0xC001, 0xC001, 0xC002,
  0xC001, 0xC001, 0xC001, 0xC001, 0xC001, 0xC001, 0xC002, 0xC002, 0xC001, 0xC001,
  0xC001, 0xC001, 0xC001, 0xC001, 0xC001, 0xC001, 0xC001, 0xC001, 0xC002, 0xC001,
  0xC001, 0xC001, 0xC001, 0xC002, 0xC001, 0xC001, 0xC001, 0xC001, 0xC001, 0xC001,
  0xC001, 0xC001, 0xC001, 0xC002, 0xC001, 0xC002, 0xC001, 0xC001, 0xC001, 0xC001,
  0xC001, 0xC001, 0xC001, 0xC001, 0xC001, 0xC002, 0xC001, 0xC001, 0xC001, 0xC001,
  0xC001, 0xC002, 0xC001, 0xC002, 0xC002, 0xC001, 0xC001, 0xC001, 0xC001, 0xC002,
  0xC002, 0xC001, 0xC001, 0xC001, 0xC001, 0xC001, 0xC001, 0xC001, 0xC001, 0xC001,
  0xC001, 0xC001, 0xC002, 0xC001, 0xC001, 0xC001, 0xC001, 0xC001, 0xC001, 0xC001,
  0xC001, 0xC001, 0xC001, 0xC001, 0xC001, 0xC001, 0xC001, 0xC001, 0xC001, 0xC001,
  0xC001, 0xC001, 0xC002, 0xC001, 0xC001, 0xC001, 0xC001, 0xC001, 0xC002, 0xC001,
  0xC001, 0xC001, 0xC001, 0xC001, 0xC001, 0xC001, 0xC001, 0xC001, 0xC001, 0xC002,
  0xC001, 0xC001, 0xC001, 0xC001, 0xC001, 0xC001, 0xC001, 0xC001, 0xC001, 0xC001,
  0xC001, 0xC001, 0xC001, 0xC001, 0xC001, 0xC001, 0xC001, 0xC001, 0xC002, 0xC001,
  0xC001, 0xC001, 0xC001, 0xC001, 0xC002, 0xC001, 0xC001, 0xC001, 0xC001, 0xC001,
  0xC001, 0xC001, 0xC001, 0xC002, 0xC001, 0xC001, 0xC001, 0xC002, 0xC001, 0xC001,
  0xC001, 0xC001, 0xC001, 0xC001, 0xC002, 0xC002, 0xC002, 0xC001, 0xC002, 0xC001,
  0xC001, 0xC001, 0xC001, 0xC001, 0xC001, 0xC002, 0xC001, 0xC001, 0xC001, 0xC001,
  0xC001, 0xC001, 0xC002, 0xC001, 0xC001, 0xC002, 0xC002, 0xC001, 0xC001, 0xC001,
  0xC001, 0xC001, 0xC001, 0xC001, 0xC001, 0xC001, 0xC002, 0xC001, 0xC002, 0xC001,
  0xC002, 0xC001, 0xC001, 0xC001, 0xC002, 0xC001, 0xC001, 0xC002, 0xC002, 0xC001,
  0xC001, 0xC001, 0xC001, 0xC001, 0xC001, 0xC001, 0xC001, 0xC001, 0xC001, 0xC001,
  0xC001, 0xC001, 0xC002, 0xC001, 0xC002, 0xC001, 0xC002, 0xC001, 0xC002, 0xC002,
  0xC002, 0xC001, 0xC001, 0xC002, 0xC002, 0xC002, 0xC002, 0xC001, 0xC001, 0xC001,
  0xC001, 0xC001, 0xC001, 0xC001, 0xC001, 0xC002, 0xC001, 0xC001, 0xC001, 0xC001,
  0xC002, 0xC001, 0xC002, 0xC002, 0xC001, 0xC001, 0xC001, 0xC001, 0xC001, 0xC001,
  0xC002, 0xC002, 0xC002, 0xC001, 0xC001, 0xC002, 0xC001, 0xC001, 0xC001, 0xC002,
  0xC001, 0xC001, 0xC001, 0xC001, 0xC001, 0xC002, 0xC001, 0xC001, 0xC001, 0xC001,
  0xC001, 0xC001, 0xC002, 0xC002, 0xC001, 0xC002, 0xC001, 0xC002, 0xC001, 0xC001,
  0xC001, 0xC002, 0xC002, 0xC001, 0xC002, 0xC001, 0xC001, 0xC001, 0xC001, 0xC001,
  0xC001, 0xC002, 0xC002, 0xC002, 0xC002, 0xC001, 0xC001, 0xC001, 0xC001, 0xC001,
  0xC001, 0xC001, 0xC001, 0xC001, 0xC001, 0xC001, 0xC001, 0xC002, 0xC001, 0xC001,
  0xC001, 0xC001, 0xC001, 0xC001, 0xC001, 0xC001, 0xC001, 0xC001, 0xC001, 0xC001,
  0xC002, 0xC002, 0xC002, 0xC001, 0xC001, 0xC001, 0xC001, 0xC002, 0xC001, 0xC002,
  0xC001, 0xC001, 0xC002, 0xC002, 0xC001, 0xC001, 0xC001, 0xC001, 0xC001, 0xC001,
  0xC001, 0xC001, 0xC001, 0xC001, 0xC001, 0xC001, 0xC001, 0xC001, 0xC002, 0xC001,
  0xC001, 0xC001, 0xC001, 0xC001, 0xC002, 0xC002, 0xC001, 0xC001, 0xC001, 0xC001,
  0xC001, 0xC001, 0xC002, 0xC001, 0xC001, 0xC001, 0xC001, 0xC002, 0xC002, 0xC001,
  0xC001, 0xC001, 0xC002, 0xC001, 0xC001, 0xC002, 0xC002, 0xC001, 0xC001, 0xC001,
  0xC002, 0xC001, 0xC001, 0xC001, 0xC001, 0xC001, 0xC001, 0xC001, 0xC002, 0xC001,
  0xC001, 0xC001, 0xC002, 0xC001, 0xC001, 0xC001, 0xC001, 0xC002, 0xC002, 0xC001,
  0xC001, 0xC001, 0xC002, 0xC001, 0xC002, 0xC001, 0xC001, 0xC001, 0xC001, 0xC001,
  0xC001, 0xC001, 0xC002, 0xC001, 0xC001, 0xC001, 0xC001, 0xC001, 0xC001, 0xC002,
  0xC001, 0xC002, 0xC002, 0xC002, 0xC001, 0xC001, 0xC001, 0xC001, 0xC001, 0xC001,
  0xC001, 0xC001, 0xC002, 0x0002, 0x0002, 0x0002, 0x0002, 0x0002, 0x0002, 0x0002,
  0x0002, 0x0002, 0x0002, 0x0002, 0x0002, 0x0002, 0x0002, 0x0002, 0x0002, 0x0002,
  0x0002, 0x0002, 0x0002, 0x0002, 0x0002, 0x0002, 0x0002, 0x0002, 0x0002, 0x0002,
  0x0002, 0x0002, 0x0002, 0x0002, 0x0002, 0x0002, 0x0002,
};
} // namespace nfkd
} // namespace utf16_to_decomposed
} // namespace tables
} // unnamed namespace
} // namespace simdutf

#endif // SIMDUTF_UTF16_TO_DECOMPOSED_TABLES_H
