// This file was generated by scripts/normalization.py
#ifndef SIMDUTF_UTF8_TO_COMPOSED_TABLES_H
#define SIMDUTF_UTF8_TO_COMPOSED_TABLES_H

namespace simdutf {
namespace {
namespace tables {
namespace utf8_to_composed {

namespace nfc {

const uint16_t check_trie_index[1024] = {
  0x0000, 0x0000, 0x0040, 0x0080, 0x00BF, 0x00FE, 0x013D, 0x0170, 0x01B0, 0x0040,
  0x0040, 0x0040, 0x01F0, 0x0230, 0x026F, 0x02A5, 0x02E5, 0x031F, 0x035C, 0x039B,
  0x0040, 0x0040, 0x03D5, 0x0415, 0x0445, 0x047A, 0x0040, 0x04BA, 0x04E9, 0x0528,
  0x0040, 0x053D, 0x057D, 0x05AB, 0x05D4, 0x060A, 0x064A, 0x0687, 0x06A7, 0x06E6,
  0x0725, 0x0762, 0x0781, 0x07BE, 0x06A7, 0x07F6, 0x0822, 0x0861, 0x0781, 0x0899,
  0x0781, 0x08D9, 0x08F0, 0x0861, 0x092F, 0x0965, 0x0985, 0x09C0, 0x09CC, 0x0A07,
  0x0A2F, 0x0A6C, 0x0AAC, 0x0AE6, 0x0B00, 0x092F, 0x0B3B, 0x092F, 0x092F, 0x0B5A,
  0x0B90, 0x0BCD, 0x092F, 0x092F, 0x092F, 0x092F, 0x092F, 0x0BF0, 0x092F, 0x092F,
  0x092F, 0x092F, 0x092F, 0x092F, 0x092F, 0x092F, 0x092F, 0x092F, 0x092F, 0x092F,
  0x092F, 0x092F, 0x0C1C, 0x092F, 0x092F, 0x0C51, 0x092F, 0x092F, 0x0C6F, 0x092F,
  0x0C99, 0x092F, 0x092F, 0x092F, 0x0CD5, 0x0CF5, 0x0D35, 0x0D74, 0x0DAE, 0x0DEE,
  0x0E22, 0x0E4E, 0x0786, 0x092F, 0x092F, 0x0E82, 0x092F, 0x092F, 0x092F, 0x0EC2,
  0x0F02, 0x0F3C, 0x0F78, 0x0FB6, 0x0FF6, 0x1036, 0x1076, 0x10B5, 0x10F5, 0x092F,
  0x092F, 0x1125, 0x1156, 0x092F, 0x1182, 0x11B5, 0x11F1, 0x1230, 0x1260, 0x1290,
  0x12BE, 0x092F, 0x092F, 0x092F, 0x092F, 0x092F, 0x092F, 0x092F, 0x092F, 0x092F,
  0x092F, 0x092F, 0x092F, 0x092F, 0x092F, 0x092F, 0x092F, 0x092F, 0x092F, 0x092F,
  0x092F, 0x092F, 0x092F, 0x092F, 0x092F, 0x092F, 0x092F, 0x092F, 0x092F, 0x092F,
  0x092F, 0x12E9, 0x092F, 0x092F, 0x092F, 0x092F, 0x092F, 0x092F, 0x092F, 0x0BDE,
  0x092F, 0x1306, 0x092F, 0x1346, 0x092F, 0x092F, 0x092F, 0x092F, 0x092F, 0x092F,
  0x092F, 0x092F, 0x1386, 0x13BA, 0x13F8, 0x1434, 0x092F, 0x092F, 0x092F, 0x092F,
  0x092F, 0x092F, 0x092F, 0x092F, 0x092F, 0x092F, 0x092F, 0x092F, 0x092F, 0x092F,
  0x092F, 0x092F, 0x092F, 0x092F, 0x092F, 0x092F, 0x092F, 0x092F, 0x092F, 0x092F,
  0x092F, 0x092F, 0x092F, 0x092F, 0x092F, 0x092F, 0x092F, 0x092F, 0x092F, 0x092F,
  0x092F, 0x092F, 0x092F, 0x092F, 0x092F, 0x092F, 0x092F, 0x092F, 0x092F, 0x092F,
  0x092F, 0x092F, 0x092F, 0x092F, 0x092F, 0x092F, 0x092F, 0x092F, 0x092F, 0x092F,
  0x092F, 0x092F, 0x092F, 0x092F, 0x092F, 0x092F, 0x092F, 0x092F, 0x092F, 0x092F,
  0x092F, 0x092F, 0x092F, 0x092F, 0x092F, 0x092F, 0x092F, 0x092F, 0x092F, 0x092F,
  0x092F, 0x092F, 0x092F, 0x092F, 0x092F, 0x092F, 0x092F, 0x092F, 0x092F, 0x092F,
  0x092F, 0x092F, 0x092F, 0x092F, 0x092F, 0x092F, 0x092F, 0x092F, 0x092F, 0x092F,
  0x092F, 0x092F, 0x092F, 0x092F, 0x092F, 0x092F, 0x092F, 0x092F, 0x092F, 0x092F,
  0x092F, 0x092F, 0x092F, 0x092F, 0x092F, 0x092F, 0x092F, 0x092F, 0x092F, 0x092F,
  0x092F, 0x092F, 0x092F, 0x092F, 0x092F, 0x092F, 0x092F, 0x092F, 0x092F, 0x092F,
  0x092F, 0x092F, 0x092F, 0x092F, 0x092F, 0x092F, 0x092F, 0x092F, 0x092F, 0x092F,
  0x092F, 0x092F, 0x092F, 0x092F, 0x092F, 0x092F, 0x092F, 0x092F, 0x092F, 0x092F,
  0x092F, 0x092F, 0x092F, 0x092F, 0x092F, 0x092F, 0x092F, 0x092F, 0x092F, 0x092F,
  0x092F, 0x092F, 0x092F, 0x092F, 0x092F, 0x092F, 0x092F, 0x092F, 0x092F, 0x092F,
  0x092F, 0x092F, 0x092F, 0x092F, 0x092F, 0x092F, 0x092F, 0x092F, 0x092F, 0x092F,
  0x092F, 0x092F, 0x092F, 0x092F, 0x092F, 0x092F, 0x092F, 0x092F, 0x092F, 0x092F,
  0x092F, 0x092F, 0x092F, 0x092F, 0x092F, 0x092F, 0x092F, 0x092F, 0x092F, 0x092F,
  0x092F, 0x092F, 0x092F, 0x092F, 0x092F, 0x092F, 0x092F, 0x092F, 0x092F, 0x092F,
  0x092F, 0x092F, 0x092F, 0x092F, 0x092F, 0x092F, 0x092F, 0x092F, 0x092F, 0x092F,
  0x092F, 0x092F, 0x092F, 0x092F, 0x092F, 0x092F, 0x092F, 0x092F, 0x092F, 0x092F,
  0x092F, 0x092F, 0x092F, 0x092F, 0x092F, 0x092F, 0x092F, 0x092F, 0x092F, 0x092F,
  0x092F, 0x092F, 0x092F, 0x092F, 0x092F, 0x092F, 0x092F, 0x092F, 0x092F, 0x092F,
  0x092F, 0x092F, 0x092F, 0x092F, 0x092F, 0x092F, 0x092F, 0x092F, 0x092F, 0x092F,
  0x092F, 0x092F, 0x092F, 0x092F, 0x092F, 0x092F, 0x092F, 0x092F, 0x092F, 0x092F,
  0x092F, 0x092F, 0x092F, 0x092F, 0x092F, 0x092F, 0x092F, 0x092F, 0x092F, 0x092F,
  0x092F, 0x092F, 0x092F, 0x092F, 0x092F, 0x092F, 0x092F, 0x092F, 0x092F, 0x092F,
  0x092F, 0x092F, 0x092F, 0x092F, 0x092F, 0x092F, 0x092F, 0x092F, 0x092F, 0x092F,
  0x092F, 0x092F, 0x092F, 0x092F, 0x092F, 0x092F, 0x092F, 0x092F, 0x092F, 0x092F,
  0x092F, 0x092F, 0x092F, 0x092F, 0x092F, 0x092F, 0x092F, 0x092F, 0x092F, 0x092F,
  0x092F, 0x092F, 0x092F, 0x092F, 0x092F, 0x092F, 0x092F, 0x092F, 0x092F, 0x092F,
  0x092F, 0x092F, 0x092F, 0x092F, 0x092F, 0x092F, 0x092F, 0x092F, 0x092F, 0x092F,
  0x092F, 0x092F, 0x092F, 0x092F, 0x092F, 0x092F, 0x092F, 0x092F, 0x092F, 0x092F,
  0x092F, 0x092F, 0x092F, 0x092F, 0x092F, 0x092F, 0x092F, 0x092F, 0x092F, 0x092F,
  0x092F, 0x092F, 0x092F, 0x092F, 0x092F, 0x092F, 0x092F, 0x092F, 0x092F, 0x092F,
  0x092F, 0x092F, 0x092F, 0x092F, 0x092F, 0x092F, 0x092F, 0x092F, 0x092F, 0x092F,
  0x092F, 0x092F, 0x092F, 0x092F, 0x092F, 0x092F, 0x092F, 0x092F, 0x092F, 0x092F,
  0x092F, 0x092F, 0x092F, 0x092F, 0x092F, 0x092F, 0x092F, 0x092F, 0x092F, 0x092F,
  0x092F, 0x092F, 0x092F, 0x092F, 0x092F, 0x092F, 0x092F, 0x092F, 0x092F, 0x092F,
  0x092F, 0x092F, 0x092F, 0x092F, 0x092F, 0x092F, 0x092F, 0x092F, 0x092F, 0x092F,
  0x092F, 0x092F, 0x092F, 0x092F, 0x092F, 0x092F, 0x092F, 0x092F, 0x092F, 0x092F,
  0x092F, 0x092F, 0x092F, 0x092F, 0x092F, 0x092F, 0x092F, 0x092F, 0x092F, 0x092F,
  0x092F, 0x092F, 0x092F, 0x092F, 0x092F, 0x092F, 0x092F, 0x092F, 0x092F, 0x092F,
  0x092F, 0x092F, 0x092F, 0x092F, 0x092F, 0x092F, 0x092F, 0x092F, 0x092F, 0x092F,
  0x092F, 0x092F, 0x092F, 0x092F, 0x092F, 0x092F, 0x092F, 0x092F, 0x092F, 0x092F,
  0x092F, 0x092F, 0x092F, 0x092F, 0x092F, 0x1473, 0x14B1, 0x14D1, 0x092F, 0x092F,
  0x092F, 0x092F, 0x150B, 0x092F, 0x092F, 0x1533, 0x1565, 0x1593, 0x078A, 0x15A6,
  0x092F, 0x092F, 0x15B6, 0x15F6, 0x092F, 0x092F, 0x092F, 0x1318, 0x1636, 0x163E,
  0x1646, 0x164E, 0x163A, 0x1642, 0x164A, 0x1636, 0x163E, 0x1646, 0x164E, 0x163A,
  0x1642, 0x164A, 0x1636, 0x163E, 0x1646, 0x164E, 0x163A, 0x1642, 0x164A, 0x1636,
  0x163E, 0x1646, 0x164E, 0x163A, 0x1642, 0x164A, 0x1636, 0x163E, 0x1646, 0x164E,
  0x163A, 0x1642, 0x164A, 0x1636, 0x163E, 0x1646, 0x164E, 0x163A, 0x1642, 0x164A,
  0x1636, 0x163E, 0x1646, 0x164E, 0x163A, 0x1642, 0x164A, 0x1636, 0x163E, 0x1646,
  0x164E, 0x163A, 0x1642, 0x164A, 0x1636, 0x163E, 0x1646, 0x164E, 0x163A, 0x1642,
  0x164A, 0x1636, 0x163E, 0x1646, 0x164E, 0x163A, 0x1642, 0x164A, 0x1636, 0x163E,
  0x1646, 0x164E, 0x163A, 0x1642, 0x164A, 0x1636, 0x163E, 0x1646, 0x164E, 0x163A,
  0x1642, 0x164A, 0x1636, 0x163E, 0x1646, 0x164E, 0x163A, 0x1642, 0x164A, 0x1636,
  0x163E, 0x1646, 0x164E, 0x163A, 0x1642, 0x164A, 0x1636, 0x163E, 0x1646, 0x164E,
  0x163A, 0x1642, 0x164A, 0x1636, 0x163E, 0x1646, 0x164E, 0x163A, 0x1642, 0x164A,
  0x1636, 0x163E, 0x1646, 0x164E, 0x163A, 0x1642, 0x164A, 0x1636, 0x163E, 0x1646,
  0x164E, 0x163A, 0x1642, 0x164A, 0x1636, 0x163E, 0x1646, 0x164E, 0x163A, 0x1642,
  0x164A, 0x1636, 0x163E, 0x1646, 0x164E, 0x163A, 0x1642, 0x164A, 0x1636, 0x163E,
  0x1646, 0x164E, 0x163A, 0x1642, 0x164A, 0x1636, 0x163E, 0x1646, 0x164E, 0x163A,
  0x1642, 0x164A, 0x1636, 0x163E, 0x1646, 0x164E, 0x163A, 0x1642, 0x164A, 0x1636,
  0x163E, 0x1646, 0x164E, 0x163A, 0x1642, 0x164A, 0x1636, 0x163E, 0x1646, 0x164E,
  0x163A, 0x1642, 0x1682, 0x092F, 0x16C2, 0x16C2, 0x16C2, 0x16C2, 0x16C2, 0x16C2,
  0x16C2, 0x16C2, 0x16C2, 0x16C2, 0x16C2, 0x16C2, 0x16C2, 0x16C2, 0x16C2, 0x16C2,
  0x16C2, 0x16C2, 0x16C2, 0x16C2, 0x16C2, 0x16C2, 0x16C2, 0x16C2, 0x16C2, 0x16C2,
  0x16C2, 0x16C2, 0x16C2, 0x16C2, 0x16C2, 0x16C2, 0x092F, 0x092F, 0x092F, 0x092F,
  0x092F, 0x092F, 0x092F, 0x092F, 0x092F, 0x092F, 0x092F, 0x092F, 0x092F, 0x092F,
  0x092F, 0x092F, 0x092F, 0x092F, 0x092F, 0x092F, 0x092F, 0x092F, 0x092F, 0x092F,
  0x092F, 0x092F, 0x092F, 0x092F, 0x092F, 0x092F, 0x092F, 0x092F, 0x092F, 0x092F,
  0x092F, 0x092F, 0x092F, 0x092F, 0x092F, 0x092F, 0x092F, 0x092F, 0x092F, 0x092F,
  0x092F, 0x092F, 0x092F, 0x092F, 0x092F, 0x092F, 0x092F, 0x092F, 0x092F, 0x092F,
  0x092F, 0x092F, 0x092F, 0x092F, 0x092F, 0x092F, 0x092F, 0x092F, 0x092F, 0x092F,
  0x092F, 0x092F, 0x092F, 0x092F, 0x092F, 0x092F, 0x092F, 0x092F, 0x092F, 0x092F,
  0x092F, 0x092F, 0x092F, 0x092F, 0x092F, 0x092F, 0x092F, 0x092F, 0x092F, 0x092F,
  0x092F, 0x092F, 0x092F, 0x092F, 0x092F, 0x092F, 0x092F, 0x092F, 0x092F, 0x092F,
  0x092F, 0x092F, 0x092F, 0x092F, 0x092F, 0x092F, 0x1702, 0x1702, 0x1702, 0x1702,
  0x1734, 0x175E, 0x1702, 0x178F, 0x17B2, 0x17F2, 0x092F, 0x092F, 0x092F, 0x092F,
  0x092F, 0x092F, 0x092F, 0x092F, 0x092F, 0x092F, 0x1812, 0x092F, 0x092F, 0x092F,
  0x092F, 0x092F, 0x092F, 0x092F,
};

const uint16_t check_trie_index1[512] = {
  0x0000, 0x0018, 0x0037, 0x0057, 0x0075, 0x0075, 0x0075, 0x0075, 0x0075, 0x0075,
  0x0075, 0x0075, 0x0091, 0x00A6, 0x0075, 0x0075, 0x0075, 0x0075, 0x0075, 0x0075,
  0x0075, 0x0075, 0x0075, 0x00C6, 0x0075, 0x0075, 0x00E1, 0x0075, 0x0101, 0x011E,
  0x0075, 0x0075, 0x0075, 0x0075, 0x0075, 0x0075, 0x0075, 0x0075, 0x0075, 0x0075,
  0x0075, 0x0075, 0x0075, 0x0075, 0x0075, 0x0075, 0x0075, 0x0075, 0x0075, 0x0075,
  0x0075, 0x0075, 0x0075, 0x0075, 0x0075, 0x0075, 0x0075, 0x0075, 0x0075, 0x0075,
  0x0075, 0x0075, 0x0075, 0x013E, 0x0075, 0x0075, 0x0075, 0x0075, 0x0075, 0x0075,
  0x0075, 0x0075, 0x0075, 0x0075, 0x0075, 0x0075, 0x0075, 0x0075, 0x0075, 0x0075,
  0x0075, 0x0075, 0x0075, 0x0075, 0x0075, 0x0075, 0x0075, 0x0075, 0x0075, 0x0075,
  0x0075, 0x0075, 0x0075, 0x0075, 0x0075, 0x0075, 0x0075, 0x0075, 0x0075, 0x0075,
  0x0075, 0x0075, 0x0075, 0x0075, 0x0075, 0x0075, 0x0075, 0x0075, 0x0075, 0x0075,
  0x0075, 0x0075, 0x0075, 0x0075, 0x0075, 0x0075, 0x0075, 0x0075, 0x0075, 0x0075,
  0x0075, 0x0075, 0x0075, 0x0075, 0x0075, 0x0075, 0x0075, 0x0075, 0x0075, 0x0075,
  0x0075, 0x0075, 0x0075, 0x0075, 0x0075, 0x0075, 0x0075, 0x0075, 0x0075, 0x0075,
  0x0075, 0x0075, 0x0075, 0x0075, 0x0075, 0x0075, 0x0075, 0x0075, 0x0075, 0x0075,
  0x0075, 0x0075, 0x0075, 0x0075, 0x0075, 0x0075, 0x0075, 0x0075, 0x0075, 0x0075,
  0x0075, 0x0075, 0x0075, 0x0075, 0x0075, 0x0075, 0x0075, 0x0075, 0x0075, 0x0075,
  0x0075, 0x0075, 0x0075, 0x0075, 0x0075, 0x0075, 0x0075, 0x0075, 0x0075, 0x0075,
  0x0075, 0x0075, 0x0075, 0x0075, 0x0075, 0x0075, 0x0075, 0x0075, 0x0075, 0x0075,
  0x0075, 0x0075, 0x0075, 0x0075, 0x0075, 0x0075, 0x0075, 0x0075, 0x0075, 0x0075,
  0x0075, 0x0075, 0x0075, 0x0075, 0x0075, 0x0075, 0x0075, 0x0075, 0x0075, 0x0075,
  0x0075, 0x0075, 0x0075, 0x0075, 0x0075, 0x0075, 0x0075, 0x0075, 0x0075, 0x0075,
  0x0075, 0x0075, 0x0075, 0x0075, 0x0075, 0x0075, 0x0075, 0x0075, 0x0075, 0x0075,
  0x0075, 0x0075, 0x0075, 0x0075, 0x0075, 0x0075, 0x0075, 0x0075, 0x0075, 0x0075,
  0x0075, 0x0075, 0x0075, 0x0075, 0x0075, 0x0075, 0x0075, 0x0075, 0x0075, 0x0075,
  0x0075, 0x0075, 0x0075, 0x0075, 0x0075, 0x0075, 0x0075, 0x0075, 0x0075, 0x0075,
  0x0075, 0x0075, 0x0075, 0x0075, 0x0075, 0x0075, 0x0075, 0x0075, 0x0075, 0x0075,
  0x0075, 0x0075, 0x0075, 0x0075, 0x0075, 0x0075, 0x0075, 0x0075, 0x0075, 0x0075,
  0x0075, 0x0075, 0x0075, 0x0075, 0x0075, 0x0075, 0x0075, 0x0075, 0x0075, 0x0075,
  0x0075, 0x0075, 0x0075, 0x0075, 0x0075, 0x0075, 0x0075, 0x0075, 0x0075, 0x0075,
  0x0075, 0x0075, 0x0075, 0x0075, 0x0075, 0x0075, 0x0075, 0x0075, 0x0075, 0x0075,
  0x0075, 0x0075, 0x0075, 0x0075, 0x0075, 0x0075, 0x0075, 0x0075, 0x0075, 0x0075,
  0x0075, 0x0075, 0x0075, 0x0075, 0x0075, 0x0075, 0x0075, 0x0075, 0x0075, 0x0075,
  0x0075, 0x0075, 0x0075, 0x0075, 0x0075, 0x0075, 0x0075, 0x0075, 0x0075, 0x0075,
  0x0075, 0x0075, 0x0075, 0x0075, 0x0075, 0x0075, 0x0075, 0x0075, 0x0075, 0x0075,
  0x0075, 0x0075, 0x0075, 0x0075, 0x0075, 0x0075, 0x0075, 0x0075, 0x0075, 0x0075,
  0x0075, 0x0075, 0x0075, 0x0075, 0x0075, 0x0075, 0x0075, 0x0075, 0x0075, 0x0075,
  0x0075, 0x0075, 0x0075, 0x0075, 0x0075, 0x0075, 0x0075, 0x0075, 0x0075, 0x0075,
  0x0075, 0x0075, 0x0075, 0x0075, 0x0075, 0x0075, 0x0075, 0x0075, 0x0075, 0x0075,
  0x0075, 0x0075, 0x0075, 0x0075, 0x0075, 0x0075, 0x0075, 0x0075, 0x0075, 0x0075,
  0x0075, 0x0075, 0x0075, 0x0075, 0x0075, 0x0075, 0x0075, 0x0075, 0x0075, 0x0075,
  0x0075, 0x0075, 0x0075, 0x0075, 0x0075, 0x0075, 0x0075, 0x0075, 0x0075, 0x0075,
  0x0075, 0x0075, 0x0075, 0x0075, 0x0075, 0x0075, 0x0075, 0x0075, 0x0075, 0x0075,
  0x0075, 0x0075, 0x0075, 0x0075, 0x0075, 0x0075, 0x0075, 0x0075, 0x0075, 0x0075,
  0x0075, 0x0075, 0x0075, 0x0075, 0x0075, 0x0075, 0x0075, 0x0075, 0x0075, 0x0075,
  0x0075, 0x0075, 0x0075, 0x0075, 0x0075, 0x0075, 0x0075, 0x0075, 0x0075, 0x0075,
  0x0075, 0x0075, 0x0075, 0x0075, 0x0075, 0x0075, 0x0075, 0x0075, 0x0075, 0x0075,
  0x0075, 0x0075, 0x0075, 0x0075, 0x0075, 0x0075, 0x0075, 0x0075, 0x0075, 0x0075,
  0x0075, 0x0075, 0x0075, 0x0075, 0x0075, 0x0075, 0x0075, 0x0075, 0x0075, 0x0075,
  0x0075, 0x0075, 0x0075, 0x0075, 0x0075, 0x0075, 0x0075, 0x0075, 0x0075, 0x0075,
  0x0075, 0x0075, 0x0075, 0x0075, 0x0075, 0x0075, 0x0075, 0x0075, 0x0075, 0x0075,
  0x0075, 0x0075,
};

const uint16_t check_trie_index2[350] = {
  0x1852, 0x1852, 0x1852, 0x1852, 0x1852, 0x1852, 0x1852, 0x1855, 0x1852, 0x1852,
  0x1852, 0x1872, 0x1852, 0x1893, 0x1852, 0x1852, 0x1852, 0x1852, 0x1852, 0x1852,
  0x1852, 0x1852, 0x1852, 0x18CE, 0x1852, 0x1852, 0x1852, 0x1852, 0x1852, 0x1852,
  0x1852, 0x1852, 0x1901, 0x1852, 0x1852, 0x1941, 0x1852, 0x1852, 0x1852, 0x1852,
  0x1852, 0x1852, 0x1852, 0x1852, 0x1968, 0x1990, 0x1852, 0x1852, 0x1852, 0x1852,
  0x19BE, 0x19EB, 0x1852, 0x1A2B, 0x1A69, 0x1852, 0x1AA3, 0x1AE3, 0x1852, 0x1B23,
  0x1B58, 0x1852, 0x1B98, 0x1BA3, 0x1852, 0x1852, 0x1BDA, 0x1C05, 0x1C44, 0x1C81,
  0x1CBF, 0x1852, 0x1CFD, 0x1D1C, 0x1D5B, 0x1852, 0x1852, 0x1D6C, 0x1DAC, 0x1DAD,
  0x1852, 0x1DB6, 0x1852, 0x1A7E, 0x1852, 0x1852, 0x1852, 0x1DB3, 0x1852, 0x1852,
  0x1852, 0x1DEE, 0x1E2D, 0x1852, 0x1A89, 0x1A75, 0x1E66, 0x1A90, 0x1852, 0x1852,
  0x1852, 0x1852, 0x1852, 0x1DAD, 0x1852, 0x1852, 0x1852, 0x1852, 0x1EA4, 0x1A92,
  0x1852, 0x1852, 0x1852, 0x1852, 0x1852, 0x1852, 0x1EA7, 0x1852, 0x1852, 0x1852,
  0x1852, 0x1852, 0x1852, 0x1852, 0x1852, 0x1852, 0x1852, 0x1852, 0x1852, 0x1852,
  0x1852, 0x1852, 0x1852, 0x1852, 0x1852, 0x1852, 0x1852, 0x1852, 0x1852, 0x1852,
  0x1852, 0x1852, 0x1852, 0x1852, 0x1852, 0x1852, 0x1852, 0x1852, 0x1852, 0x1EC9,
  0x1852, 0x1852, 0x1852, 0x1852, 0x1852, 0x1852, 0x1852, 0x1852, 0x1852, 0x1852,
  0x1852, 0x1852, 0x1852, 0x1852, 0x1852, 0x1852, 0x1852, 0x1852, 0x1852, 0x1852,
  0x1852, 0x1852, 0x1852, 0x1852, 0x1852, 0x1852, 0x1852, 0x1EF9, 0x1F2E, 0x1852,
  0x1852, 0x1852, 0x1852, 0x1852, 0x1852, 0x1852, 0x1852, 0x1F65, 0x1852, 0x1852,
  0x1852, 0x1852, 0x1852, 0x1852, 0x1852, 0x1852, 0x1852, 0x1F90, 0x1852, 0x1852,
  0x1852, 0x1852, 0x1852, 0x1852, 0x1852, 0x1852, 0x1852, 0x1852, 0x1852, 0x1852,
  0x1852, 0x1852, 0x1852, 0x1852, 0x1852, 0x1852, 0x1FC2, 0x1852, 0x1852, 0x1852,
  0x1852, 0x1852, 0x1852, 0x1852, 0x1852, 0x1852, 0x1852, 0x1852, 0x1852, 0x1852,
  0x1FE4, 0x2021, 0x2060, 0x1852, 0x209E, 0x1852, 0x1852, 0x1852, 0x1852, 0x1852,
  0x1852, 0x1852, 0x1852, 0x1852, 0x1852, 0x1852, 0x1852, 0x1852, 0x1852, 0x1852,
  0x1852, 0x1852, 0x1852, 0x1852, 0x1852, 0x1852, 0x1852, 0x20DE, 0x1852, 0x1D0C,
  0x1852, 0x1F2E, 0x1852, 0x1852, 0x1852, 0x1852, 0x1852, 0x2109, 0x2138, 0x1852,
  0x1852, 0x1852, 0x1852, 0x1852, 0x1852, 0x1852, 0x2168, 0x1852, 0x1852, 0x1852,
  0x2198, 0x1852, 0x1852, 0x1852, 0x21C8, 0x1852, 0x1852, 0x1852, 0x1852, 0x21FE,
  0x1852, 0x223A, 0x1852, 0x1852, 0x1852, 0x1852, 0x1852, 0x1852, 0x1852, 0x1852,
  0x1852, 0x1852, 0x1852, 0x1852, 0x1852, 0x1852, 0x1852, 0x1852, 0x1852, 0x1852,
  0x1852, 0x1852, 0x1852, 0x1852, 0x1852, 0x1852, 0x1852, 0x1852, 0x227A, 0x22B3,
  0x22F1, 0x2330, 0x236C, 0x23AB, 0x23E9, 0x2424, 0x2460, 0x1852, 0x1852, 0x1852,
  0x1852, 0x1852, 0x1852, 0x1852, 0x1852, 0x1852, 0x1852, 0x1852, 0x1852, 0x1852,
  0x1852, 0x1852, 0x1852, 0x1852, 0x1852, 0x1852, 0x1852, 0x1852, 0x1852, 0x1852,
};

const uint16_t check_trie_data[9376] = {
  0x0001, 0x0001, 0x0001, 0x0001, 0x0001, 0x0001, 0x0001, 0x0001, 0x0001, 0x0001,
  0x0001, 0x0001, 0x0001, 0x0001, 0x0001, 0x0001, 0x0001, 0x0001, 0x0001, 0x0001,
  0x0001, 0x0001, 0x0001, 0x0001, 0x0001, 0x0001, 0x0001, 0x0001, 0x0001, 0x0001,
  0x0001, 0x0001, 0x0001, 0x0001, 0x0001, 0x0001, 0x0001, 0x0001, 0x0001, 0x0001,
  0x0001, 0x0001, 0x0001, 0x0001, 0x0001, 0x0001, 0x0001, 0x0001, 0x0001, 0x0001,
  0x0001, 0x0001, 0x0001, 0x0001, 0x0001, 0x0001, 0x0001, 0x0001, 0x0001, 0x0001,
  0x0001, 0x0001, 0x0001, 0x0001, 0x0002, 0x0002, 0x0002, 0x0002, 0x0002, 0x0002,
  0x0002, 0x0002, 0x0002, 0x0002, 0x0002, 0x0002, 0x0002, 0x0002, 0x0002, 0x0002,
  0x0002, 0x0002, 0x0002, 0x0002, 0x0002, 0x0002, 0x0002, 0x0002, 0x0002, 0x0002,
  0x0002, 0x0002, 0x0002, 0x0002, 0x0002, 0x0002, 0x0002, 0x0002, 0x0002, 0x0002,
  0x0002, 0x0002, 0x0002, 0x0002, 0x0002, 0x0002, 0x0002, 0x0002, 0x0002, 0x0002,
  0x0002, 0x0002, 0x0002, 0x0002, 0x0002, 0x0002, 0x0002, 0x0002, 0x0002, 0x0002,
  0x0002, 0x0002, 0x0002, 0x0002, 0x0002, 0x0002, 0x0002, 0x0002, 0x0003, 0x0003,
  0x0003, 0x0003, 0x0003, 0x0003, 0x0002, 0x0003, 0x0003, 0x0003, 0x0003, 0x0003,
  0x0003, 0x0003, 0x0003, 0x0003, 0x0002, 0x0003, 0x0003, 0x0003, 0x0003, 0x0003,
  0x0003, 0x0002, 0x0002, 0x0003, 0x0003, 0x0003, 0x0003, 0x0003, 0x0002, 0x0002,
  0x0003, 0x0003, 0x0003, 0x0003, 0x0003, 0x0003, 0x0002, 0x0003, 0x0003, 0x0003,
  0x0003, 0x0003, 0x0003, 0x0003, 0x0003, 0x0003, 0x0002, 0x0003, 0x0003, 0x0003,
  0x0003, 0x0003, 0x0003, 0x0002, 0x0002, 0x0003, 0x0003, 0x0003, 0x0003, 0x0003,
  0x0002, 0x0003, 0x0003, 0x0003, 0x0003, 0x0003, 0x0003, 0x0003, 0x0003, 0x0003,
  0x0003, 0x0003, 0x0003, 0x0003, 0x0003, 0x0003, 0x0003, 0x0002, 0x0002, 0x0003,
  0x0003, 0x0003, 0x0003, 0x0003, 0x0003, 0x0003, 0x0003, 0x0003, 0x0003, 0x0003,
  0x0003, 0x0003, 0x0003, 0x0003, 0x0003, 0x0003, 0x0003, 0x0003, 0x0003, 0x0002,
  0x0002, 0x0003, 0x0003, 0x0003, 0x0003, 0x0003, 0x0003, 0x0003, 0x0003, 0x0003,
  0x0002, 0x0002, 0x0002, 0x0003, 0x0003, 0x0003, 0x0003, 0x0002, 0x0003, 0x0003,
  0x0003, 0x0003, 0x0003, 0x0003, 0x0002, 0x0002, 0x0002, 0x0003, 0x0003, 0x0003,
  0x0003, 0x0003, 0x0003, 0x0002, 0x0002, 0x0002, 0x0003, 0x0003, 0x0003, 0x0003,
  0x0003, 0x0003, 0x0002, 0x0002, 0x0003, 0x0003, 0x0003, 0x0003, 0x0003, 0x0003,
  0x0003, 0x0003, 0x0003, 0x0003, 0x0003, 0x0003, 0x0003, 0x0003, 0x0003, 0x0003,
  0x0003, 0x0003, 0x0002, 0x0002, 0x0003, 0x0003, 0x0003, 0x0003, 0x0003, 0x0003,
  0x0003, 0x0003, 0x0003, 0x0003, 0x0003, 0x0003, 0x0003, 0x0003, 0x0003, 0x0003,
  0x0003, 0x0003, 0x0003, 0x0003, 0x0003, 0x0003, 0x0003, 0x0002, 0x0002, 0x0002,
  0x0002, 0x0002, 0x0002, 0x0002, 0x0002, 0x0002, 0x0002, 0x0002, 0x0002, 0x0002,
  0x0002, 0x0002, 0x0002, 0x0002, 0x0002, 0x0002, 0x0002, 0x0002, 0x0002, 0x0002,
  0x0002, 0x0002, 0x0002, 0x0002, 0x0002, 0x0002, 0x0002, 0x0002, 0x0002, 0x0003,
  0x0003, 0x0002, 0x0002, 0x0002, 0x0002, 0x0002, 0x0002, 0x0002, 0x0002, 0x0002,
  0x0002, 0x0002, 0x0002, 0x0002, 0x0003, 0x0003, 0x0002, 0x0002, 0x0002, 0x0002,
  0x0002, 0x0002, 0x0002, 0x0002, 0x0002, 0x0002, 0x0002, 0x0002, 0x0002, 0x0002,
  0x0002, 0x0003, 0x0003, 0x0003, 0x0003, 0x0003, 0x0003, 0x0003, 0x0003, 0x0005,
  0x0005, 0x0005, 0x0005, 0x0005, 0x0005, 0x0005, 0x0005, 0x0002, 0x0005, 0x0005,
  0x0005, 0x0005, 0x0004, 0x0004, 0x0002, 0x0002, 0x0003, 0x0003, 0x0003, 0x0003,
  0x0003, 0x0003, 0x0005, 0x0005, 0x0004, 0x0004, 0x0003, 0x0002, 0x0002, 0x0002,
  0x0003, 0x0003, 0x0002, 0x0002, 0x0003, 0x0003, 0x0005, 0x0005, 0x0004, 0x0004,
  0x0004, 0x0004, 0x0003, 0x0003, 0x0003, 0x0003, 0x0003, 0x0003, 0x0003, 0x0003,
  0x0003, 0x0003, 0x0003, 0x0003, 0x0003, 0x0003, 0x0003, 0x0003, 0x0003, 0x0003,
  0x0003, 0x0003, 0x0003, 0x0003, 0x0003, 0x0003, 0x0003, 0x0003, 0x0003, 0x0003,
  0x0002, 0x0002, 0x0003, 0x0003, 0x0002, 0x0002, 0x0002, 0x0002, 0x0002, 0x0002,
  0x0003, 0x0003, 0x0003, 0x0003, 0x0005, 0x0005, 0x0005, 0x0005, 0x0003, 0x0003,
  0x0005, 0x0005, 0x0003, 0x0003, 0x0002, 0x0002, 0x0002, 0x0002, 0x0002, 0x0002,
  0x0002, 0x0002, 0x0002, 0x0002, 0x0002, 0x0002, 0xF982, 0xF982, 0xF982, 0xF982,
  0xF982, 0x7982, 0xF982, 0xF982, 0xF982, 0xF982, 0xF982, 0xF982, 0xF982, 0x7982,
  0x7982, 0xF982, 0x7982, 0xF982, 0x7982, 0xF982, 0xF982, 0x7A02, 0x7702, 0x7702,
  0x7702, 0x7702, 0x7A02, 0xF602, 0x7702, 0x7702, 0x7702, 0x7702, 0x7702, 0x7282,
  0x7282, 0xF702, 0xF702, 0xF702, 0xF702, 0xF282, 0xF282, 0x7702, 0x7702, 0x7702,
  0x7702, 0xF702, 0xF702, 0x7702, 0xF702, 0xF702, 0x7702, 0x7702, 0x4042, 0x4042,
  0x4042, 0x4042, 0xC042, 0x7702, 0x7702, 0x7702, 0x7702, 0x7982, 0x7982, 0x7982,
  0xF982, 0xF982, 0xF982, 0xF982, 0xF984, 0xFC02, 0x7982, 0x7702, 0x7702, 0x7702,
  0x7982, 0x7982, 0x7982, 0x7702, 0x7702, 0x0002, 0x7982, 0x7982, 0x7982, 0x7702,
  0x7702, 0x7702, 0x7702, 0x7982, 0x7A02, 0x7702, 0x7702, 0x7982, 0x7A42, 0x7A82,
  0x7A82, 0x7A42, 0x7A82, 0x7A82, 0x7A42, 0x7982, 0x7982, 0x7982, 0x7982, 0x7982,
  0x7982, 0x7982, 0x7982, 0x7982, 0x7982, 0x7982, 0x7982, 0x7982, 0x0002, 0x0002,
  0x0002, 0x0002, 0xC002, 0x0002, 0x0002, 0x0002, 0x0002, 0x0002, 0x0002, 0x0002,
  0x0002, 0x0002, 0xC001, 0x0002, 0x0002, 0x0002, 0x0002, 0x0002, 0x0004, 0x0004,
  0xC002, 0x0004, 0x0004, 0x0004, 0x0002, 0x0004, 0x0002, 0x0004, 0x0004, 0x0006,
  0x0002, 0x0002, 0x0002, 0x0002, 0x0002, 0x0002, 0x0002, 0x0002, 0x0002, 0x0002,
  0x0002, 0x0002, 0x0002, 0x0002, 0x0002, 0x0002, 0x0002, 0x0002, 0x0002, 0x0002,
  0x0002, 0x0002, 0x0002, 0x0002, 0x0002, 0x0004, 0x0004, 0x0004, 0x0004, 0x0004,
  0x0004, 0x0006, 0x0002, 0x0002, 0x0002, 0x0002, 0x0002, 0x0002, 0x0002, 0x0002,
  0x0002, 0x0002, 0x0002, 0x0002, 0x0002, 0x0002, 0x0002, 0x0004, 0x0004, 0x0004,
  0x0004, 0x0004, 0x0002, 0x0002, 0x0002, 0x0002, 0x0004, 0x0004, 0x0002, 0x0002,
  0x0002, 0x0002, 0x0002, 0x0002, 0x0002, 0x0002, 0x0002, 0x0002, 0x0002, 0x0002,
  0x0002, 0x0002, 0x0002, 0x0002, 0x0002, 0x0002, 0x0002, 0x0002, 0x0002, 0x0002,
  0x0002, 0x0002, 0x0002, 0x0002, 0x0002, 0x0002, 0x0002, 0x0002, 0x0002, 0x0002,
  0x0002, 0x0002, 0x0002, 0x0002, 0x0002, 0x0002, 0x0002, 0x0002, 0x0002, 0x0002,
  0x0002, 0x0004, 0x0004, 0x0002, 0x0004, 0x0002, 0x0002, 0x0002, 0x0004, 0x0002,
  0x0002, 0x0002, 0x0002, 0x0004, 0x0004, 0x0004, 0x0002, 0x0002, 0x0002, 0x0002,
  0x0002, 0x0002, 0x0002, 0x0002, 0x0002, 0x0002, 0x0004, 0x0002, 0x0002, 0x0002,
  0x0002, 0x0002, 0x0002, 0x0002, 0x0002, 0x0002, 0x0002, 0x0002, 0x0002, 0x0002,
  0x0002, 0x0002, 0x0002, 0x0002, 0x0002, 0x0002, 0x0002, 0x0002, 0x0002, 0x0002,
  0x0002, 0x0002, 0x0002, 0x0002, 0x0002, 0x0002, 0x0002, 0x0002, 0x0004, 0x0002,
  0x0002, 0x0002, 0x0002, 0x0002, 0x0002, 0x0002, 0x0002, 0x0002, 0x0002, 0x0002,
  0x0002, 0x0002, 0x0002, 0x0002, 0x0002, 0x0004, 0x0004, 0x0002, 0x0004, 0x0002,
  0x0002, 0x0002, 0x0004, 0x0002, 0x0002, 0x0002, 0x0002, 0x0004, 0x0004, 0x0004,
  0x0002, 0x0002, 0x0002, 0x0002, 0x0002, 0x0002, 0x0002, 0x0002, 0x0002, 0x0002,
  0x0002, 0x0002, 0x0002, 0x0002, 0x0002, 0x0002, 0x0002, 0x0002, 0x0002, 0x0002,
  0x0002, 0x0002, 0x0002, 0x0004, 0x0004, 0x0002, 0x0002, 0x0002, 0x0002, 0x0002,
  0x0002, 0x0002, 0x0002, 0x7982, 0x7982, 0x7982, 0x7982, 0x7982, 0x0002, 0x0002,
  0x0002, 0x0002, 0x0002, 0x0002, 0x0002, 0x0002, 0x0002, 0x0002, 0x0002, 0x0002,
  0x0002, 0x0002, 0x0002, 0x0002, 0x0002, 0x0002, 0x0002, 0x0002, 0x0002, 0x0002,
  0x0002, 0x0002, 0x0002, 0x0002, 0x0002, 0x0002, 0x0002, 0x0002, 0x0002, 0x0002,
  0x0002, 0x0002, 0x0002, 0x0002, 0x0002, 0x0002, 0x0002, 0x0002, 0x0002, 0x0002,
  0x0002, 0x0002, 0x0002, 0x0002, 0x0002, 0x0002, 0x0002, 0x0002, 0x0002, 0x0002,
  0x0002, 0x0002, 0x0002, 0x0002, 0x0004, 0x0004, 0x0002, 0x0002, 0x0002, 0x0002,
  0x0002, 0x0002, 0x0002, 0x0002, 0x0002, 0x0002, 0x0002, 0x0002, 0x0002, 0x0004,
  0x0004, 0x0004, 0x0004, 0x0002, 0x0002, 0x0004, 0x0004, 0x0002, 0x0002, 0x0004,
  0x0004, 0x0004, 0x0004, 0x0004, 0x0004, 0x0002, 0x0002, 0x0004, 0x0004, 0x0004,
  0x0004, 0x0004, 0x0004, 0x0002, 0x0002, 0x0004, 0x0004, 0x0004, 0x0004, 0x0004,
  0x0004, 0x0004, 0x0004, 0x0004, 0x0004, 0x0004, 0x0004, 0x0002, 0x0002, 0x0004,
  0x0004, 0x0002, 0x0002, 0x0002, 0x0002, 0x0002, 0x0002, 0x0002, 0x0002, 0x0002,
  0x0002, 0x0002, 0x0002, 0x0002, 0x0002, 0x0002, 0x0002, 0x0002, 0x7702, 0x7982,
  0x7982, 0x7982, 0x7982, 0x7702, 0x7982, 0x7982, 0x7982, 0x7782, 0x7702, 0x7982,
  0x7982, 0x7982, 0x7982, 0x7982, 0x7982, 0x7702, 0x7702, 0x7702, 0x7702, 0x7702,
  0x7702, 0x7982, 0x7982, 0x7702, 0x7982, 0x7982, 0x7782, 0x7902, 0x7982, 0x4282,
  0x42C2, 0x4302, 0x4342, 0x4382, 0x43C2, 0x4402, 0x4442, 0x4482, 0x44C2, 0x44C2,
  0x4502, 0x4542, 0x4582, 0x0002, 0x45C2, 0x0002, 0x4602, 0x4642, 0x0002, 0x7982,
  0x7702, 0x0002, 0x4482, 0x0002, 0x0002, 0x0002, 0x0002, 0x0002, 0x0002, 0x0002,
  0x0002, 0x0002, 0x0002, 0x0002, 0x0002, 0x0002, 0x0002, 0x0002, 0x0002, 0x0002,
  0x0002, 0x0002, 0x0002, 0x0002, 0x0002, 0x0002, 0x0002, 0x0002, 0x0002, 0x0002,
  0x0002, 0x0002, 0x0002, 0x0002, 0x0002, 0x0002, 0x0002, 0x0002, 0x0002, 0x0002,
  0x0002, 0x0002, 0x0002, 0x0002, 0x0002, 0x0002, 0x0002, 0x0002, 0x0002, 0x0002,
  0x0002, 0x0002, 0x0002, 0x0002, 0x0002, 0x0002, 0x0002, 0x0002, 0x0002, 0x7982,
  0x7982, 0x7982, 0x7982, 0x7982, 0x7982, 0x7982, 0x7982, 0x4782, 0x47C2, 0x4802,
  0x0002, 0x0002, 0x0002, 0x0002, 0x0002, 0x0002, 0x0002, 0x0004, 0x0004, 0x0004,
  0x0004, 0x0004, 0x0002, 0x0002, 0x0002, 0x0002, 0x0002, 0x0002, 0x0002, 0x0002,
  0x0002, 0x0002, 0x0002, 0x0002, 0x0002, 0x0002, 0x0002, 0x0002, 0x0002, 0x0002,
  0x0002, 0x0002, 0x0002, 0x0002, 0x0002, 0x0002, 0x0002, 0x46C2, 0x4702, 0x4742,
  0x4782, 0x47C2, 0x4802, 0x4842, 0x4882, 0xF982, 0xF982, 0xF702, 0x7702, 0x7982,
  0x7982, 0x7982, 0x7982, 0x7982, 0x7702, 0x7982, 0x7982, 0x7702, 0x0002, 0x0002,
  0x0002, 0x0002, 0x0002, 0x0002, 0x0002, 0x0002, 0x0002, 0x0002, 0x0002, 0x0002,
  0x0002, 0x0002, 0x0002, 0x0002, 0x48C2, 0x0002, 0x0002, 0x0002, 0x0002, 0x0002,
  0x0002, 0x0002, 0x0002, 0x0002, 0x0002, 0x0002, 0x0002, 0x0002, 0x0002, 0x0002,
  0x0004, 0x0002, 0x0004, 0x0002, 0x0002, 0x0002, 0x0002, 0x0002, 0x0002, 0x0002,
  0x0002, 0x0002, 0x0002, 0x0002, 0x0002, 0x0002, 0x0002, 0x0002, 0x0002, 0x0004,
  0x0002, 0x0002, 0x7982, 0x7982, 0x7982, 0x7982, 0x7982, 0x7982, 0x7982, 0x0002,
  0x0002, 0x7982, 0x7982, 0x7982, 0x7982, 0x7702, 0x7982, 0x0002, 0x0002, 0x7982,
  0x7982, 0x0002, 0x7702, 0x7982, 0x7982, 0x7702, 0x0002, 0x0002, 0x0002, 0x0002,
  0x0002, 0x0002, 0x0002, 0x0002, 0x0002, 0x0002, 0x0002, 0x0002, 0x0002, 0x0002,
  0x0002, 0x0002, 0x0002, 0x0002, 0x4902, 0x0002, 0x0002, 0x0002, 0x0002, 0x0002,
  0x0002, 0x0002, 0x0002, 0x0002, 0x0002, 0x0002, 0x0002, 0x0002, 0x0002, 0x0002,
  0x0002, 0x0002, 0x0002, 0x0002, 0x0002, 0x0002, 0x0002, 0x0002, 0x0002, 0x0002,
  0x0002, 0x0002, 0x0002, 0x0002, 0x0002, 0x7982, 0x7702, 0x7982, 0x7982, 0x7702,
  0x7982, 0x7982, 0x7702, 0x7702, 0x7702, 0x7982, 0x7702, 0x7702, 0x7982, 0x7702,
  0x7982, 0x7982, 0x7702, 0x7982, 0x7702, 0x7982, 0x7702, 0x7982, 0x7702, 0x7982,
  0x7982, 0x0002, 0x0002, 0x0002, 0x0002, 0x0002, 0x0002, 0x0002, 0x0002, 0x0002,
  0x0002, 0x0002, 0x0002, 0x0002, 0x0002, 0x0002, 0x0002, 0x0002, 0x0002, 0x0002,
  0x0002, 0x0002, 0x0002, 0x0002, 0x0002, 0x0002, 0x0002, 0x0002, 0x0002, 0x0002,
  0x0002, 0x0002, 0x0002, 0x0002, 0x0002, 0x0002, 0x0002, 0x0002, 0x0002, 0x0002,
  0x0002, 0x0002, 0x0002, 0x0002, 0x0002, 0x0002, 0x0002, 0x0002, 0x0002, 0x0002,
  0x0002, 0x0002, 0x0002, 0x0002, 0x7982, 0x7982, 0x7982, 0x7982, 0x7982, 0x7982,
  0x7982, 0x7702, 0x7982, 0x0002, 0x0002, 0x0002, 0x0002, 0x0002, 0x0002, 0x0002,
  0x0002, 0x0002, 0x7702, 0x0002, 0x0002, 0x0003, 0x0003, 0x0003, 0x0003, 0x0003,
  0x0003, 0x0003, 0x0003, 0x0003, 0x0003, 0x0003, 0x0003, 0x0003, 0x0003, 0x0003,
  0x0003, 0x0003, 0x0003, 0x0003, 0x0003, 0x0003, 0x0003, 0x7983, 0x7983, 0x7983,
  0x7983, 0x0003, 0x7983, 0x7983, 0x7983, 0x7983, 0x7983, 0x7983, 0x7983, 0x7983,
  0x7983, 0x0003, 0x7983, 0x7983, 0x7983, 0x0003, 0x7983, 0x7983, 0x7983, 0x7983,
  0x7983, 0x0003, 0x0003, 0x0003, 0x0003, 0x0003, 0x0003, 0x0003, 0x0003, 0x0003,
  0x0003, 0x0003, 0x0003, 0x0003, 0x0003, 0x0003, 0x0003, 0x0003, 0x0003, 0x0003,
  0x0003, 0x0003, 0x0003, 0x0003, 0x0003, 0x0003, 0x7703, 0x7703, 0x7703, 0x0003,
  0x0003, 0x0003, 0x0003, 0x0003, 0x0003, 0x0003, 0x0003, 0x0003, 0x0003, 0x0003,
  0x0003, 0x0003, 0x0003, 0x0003, 0x0003, 0x0003, 0x0003, 0x0003, 0x0003, 0x0003,
  0x0003, 0x0003, 0x0003, 0x0003, 0x0003, 0x0003, 0x0003, 0x0003, 0x0003, 0x0003,
  0x0003, 0x0003, 0x0003, 0x0003, 0x0003, 0x7983, 0x7983, 0x7703, 0x7703, 0x7703,
  0x7983, 0x7983, 0x7983, 0x7983, 0x0003, 0x0003, 0x0003, 0x0003, 0x0003, 0x0003,
  0x0003, 0x0003, 0x0003, 0x0003, 0x0003, 0x0003, 0x0003, 0x0003, 0x0003, 0x0003,
  0x0003, 0x0003, 0x0003, 0x0003, 0x0003, 0x0003, 0x0003, 0x0003, 0x0003, 0x0003,
  0x0003, 0x0003, 0x0003, 0x0003, 0x0003, 0x0003, 0x7983, 0x7983, 0x7983, 0x7983,
  0x7983, 0x7703, 0x7703, 0x7703, 0x7703, 0x7703, 0x7983, 0x7983, 0x7983, 0x7983,
  0x7983, 0x7983, 0x7983, 0x7983, 0x7983, 0x7983, 0x7983, 0x7983, 0x7983, 0x7983,
  0x0003, 0x7703, 0x7983, 0x7983, 0x7703, 0x7983, 0x7983, 0x7703, 0x7983, 0x7983,
  0x7983, 0x7703, 0x7703, 0x7703, 0x46C3, 0x4703, 0x4743, 0x7983, 0x7983, 0x7983,
  0x7703, 0x7983, 0x7983, 0x7703, 0x7703, 0x7983, 0x7983, 0x7983, 0x7983, 0x7983,
  0x0003, 0x0003, 0x0003, 0x0003, 0x0003, 0x0003, 0x0003, 0x0003, 0x0003, 0x0003,
  0x0003, 0x0003, 0x0003, 0x0003, 0x0003, 0x0003, 0x0003, 0x0003, 0x0003, 0x0003,
  0x0003, 0x0003, 0x0003, 0x0003, 0x0003, 0x0003, 0x0003, 0x0003, 0x0003, 0x0003,
  0x0003, 0x0003, 0x0003, 0x0003, 0x0003, 0x0003, 0x0003, 0x0003, 0x0003, 0x0003,
  0x0003, 0x0006, 0x0003, 0x0003, 0x0003, 0x0003, 0x0003, 0x0003, 0x0003, 0x0006,
  0x0003, 0x0003, 0x0006, 0x0003, 0x0003, 0x0003, 0x0003, 0x0003, 0x0003, 0x0003,
  0xC1C3, 0x0003, 0x0003, 0x0003, 0x0003, 0x0003, 0x0003, 0x0003, 0x0003, 0x0003,
  0x0003, 0x0003, 0x0003, 0x0003, 0x4243, 0x0003, 0x0003, 0x0003, 0x7983, 0x7703,
  0x7983, 0x7983, 0x0003, 0x0003, 0x0003, 0xC006, 0xC006, 0xC006, 0xC006, 0xC006,
  0xC006, 0xC006, 0xC006, 0x0003, 0x0003, 0x0003, 0x0003, 0x0003, 0x0003, 0x0003,
  0x0003, 0x0003, 0x0003, 0x0003, 0x0003, 0x0003, 0x0003, 0x0003, 0x0003, 0x0003,
  0x0003, 0x0003, 0x0003, 0x0003, 0x0003, 0x0003, 0x0003, 0x0003, 0x0003, 0x0003,
  0x0003, 0x0003, 0x0003, 0x0003, 0x0003, 0x0003, 0x0003, 0x0003, 0x0003, 0x0003,
  0x0003, 0x0003, 0x0003, 0x0003, 0x0003, 0x0003, 0x0003, 0x0003, 0x0003, 0x0003,
  0x0003, 0x0003, 0x0003, 0x0003, 0x0003, 0x0003, 0x0003, 0x0003, 0x0003, 0x0003,
  0x0003, 0x0003, 0x0003, 0x41C3, 0x0003, 0xC003, 0x0003, 0x0003, 0x0003, 0x0003,
  0x0003, 0x0003, 0x0003, 0x0003, 0x0003, 0x0003, 0x0003, 0x0006, 0x0006, 0x4243,
  0x0003, 0x0003, 0x0003, 0x0003, 0x0003, 0x0003, 0x0003, 0x0003, 0x0003, 0xC003,
  0x0003, 0x0003, 0x0003, 0x0003, 0xC006, 0xC006, 0x0003, 0xC006, 0x0003, 0x0003,
  0x0003, 0x0003, 0x0003, 0x0003, 0x0003, 0x0003, 0x0003, 0x0003, 0x0003, 0x0003,
  0x0003, 0x0003, 0x0003, 0x0003, 0x0003, 0x0003, 0x0003, 0x0003, 0x0003, 0x0003,
  0x0003, 0x0003, 0x0003, 0x0003, 0x0003, 0x0003, 0x0003, 0x0003, 0x7983, 0x0003,
  0x0003, 0x0003, 0x0003, 0x0003, 0x0003, 0x0003, 0x0003, 0x0003, 0x0003, 0x0003,
  0x0003, 0x0003, 0x0003, 0x0003, 0x0003, 0x0003, 0x0003, 0x0003, 0x0003, 0x0003,
  0x0003, 0x0003, 0x0003, 0x0003, 0x0003, 0x0003, 0x0003, 0x0003, 0x0003, 0x0003,
  0x0003, 0x0003, 0x0003, 0x0003, 0x0003, 0x0003, 0x0003, 0x0003, 0x0003, 0x0003,
  0x0003, 0x0003, 0x0003, 0x0003, 0x0003, 0x0003, 0x0003, 0x0003, 0x0003, 0x0003,
  0xC006, 0x0003, 0x0003, 0xC006, 0x0003, 0x0003, 0x0003, 0x0003, 0x0003, 0x41C3,
  0x0003, 0x0003, 0x0003, 0x0003, 0x0003, 0x0003, 0x0003, 0x0003, 0x0003, 0x0003,
  0x0003, 0x0003, 0x0003, 0x4243, 0x0003, 0x0003, 0x0003, 0x0003, 0x0003, 0x0003,
  0x0003, 0x0003, 0x0003, 0x0003, 0x0003, 0xC006, 0xC006, 0xC006, 0x0003, 0x0003,
  0xC006, 0x0003, 0x0003, 0x0003, 0x0003, 0x0003, 0x0003, 0x0003, 0x0003, 0x0003,
  0x0003, 0x0003, 0x0003, 0x0003, 0x0003, 0x0003, 0x0003, 0x0003, 0x0003, 0x0003,
  0x0003, 0x0003, 0x0003, 0x0003, 0x0003, 0x0003, 0x0003, 0x0003, 0x0003, 0x0003,
  0x0003, 0x0003, 0x0003, 0x0003, 0x0003, 0x0003, 0x0003, 0x0003, 0x0003, 0x0003,
  0x0003, 0x0003, 0x0003, 0x0003, 0x0003, 0x0003, 0x0003, 0x0003, 0x0003, 0x0003,
  0x0003, 0x0003, 0x0003, 0x0003, 0x0003, 0x0003, 0x0003, 0x0003, 0x0003, 0x0003,
  0x0003, 0x41C3, 0x0003, 0x0003, 0x0003, 0x0003, 0x0003, 0x0003, 0x0003, 0x0003,
  0x0003, 0x0003, 0x0003, 0x0003, 0x0003, 0x4243, 0x0003, 0x0003, 0x0003, 0x0003,
  0x0003, 0x0003, 0x0003, 0x0003, 0x0003, 0x0003, 0x0003, 0x0003, 0x0003, 0x0003,
  0x0003, 0x0003, 0x0003, 0x0003, 0x0003, 0x0003, 0x0003, 0x0003, 0x0003, 0x0003,
  0x0003, 0x0003, 0x0003, 0x0003, 0x0003, 0x0003, 0x0003, 0x0003, 0x0003, 0x0003,
  0x0003, 0x0003, 0x0003, 0x0003, 0x0003, 0x0003, 0x0003, 0x0003, 0x0003, 0x0003,
  0x0003, 0x0003, 0x0003, 0x0003, 0x0003, 0x0003, 0x0006, 0x0003, 0x0003, 0x0006,
  0x0006, 0x4243, 0x0003, 0x0003, 0x0003, 0x0003, 0x0003, 0x0003, 0x0003, 0x0003,
  0xC003, 0xC003, 0x0003, 0x0003, 0x0003, 0x0003, 0xC006, 0xC006, 0x0003, 0x0003,
  0x0003, 0x0003, 0x0003, 0x0003, 0x0003, 0x0003, 0x0003, 0x0003, 0x0003, 0x0003,
  0x0003, 0x0003, 0x0003, 0x0003, 0x0003, 0x0003, 0x0003, 0x0003, 0x0003, 0x0003,
  0x0003, 0x0003, 0x0003, 0x0003, 0x0003, 0x0003, 0x0003, 0x0003, 0x0003, 0x0003,
  0x0003, 0x0003, 0x0006, 0x0003, 0x0003, 0x0003, 0x0003, 0x0003, 0x0003, 0x0003,
  0x0003, 0x0003, 0x0003, 0x0003, 0x0003, 0x0003, 0x0003, 0x0003, 0x0003, 0x0003,
  0x0003, 0x0003, 0x0003, 0x0003, 0x0003, 0x0003, 0x0003, 0x0003, 0x0003, 0x0003,
  0x0003, 0x0003, 0x0003, 0x0003, 0x0003, 0x0003, 0x0003, 0x0003, 0x0003, 0x0003,
  0x0003, 0x0003, 0x0003, 0x0003, 0xC003, 0x0003, 0x0003, 0x0003, 0x0003, 0x0003,
  0x0003, 0x0003, 0x0003, 0x0003, 0x0003, 0x0006, 0x0006, 0x0006, 0x4243, 0x0003,
  0x0003, 0x0003, 0x0003, 0x0003, 0x0003, 0x0003, 0x0003, 0x0003, 0xC003, 0x0003,
  0x0003, 0x0003, 0x0003, 0x0003, 0x0003, 0x0003, 0x0003, 0x0003, 0x0003, 0x0003,
  0x0003, 0x0003, 0x0003, 0x0003, 0x0003, 0x0003, 0x0003, 0x0003, 0x0003, 0x0003,
  0x0003, 0x0003, 0x0003, 0x0003, 0x0003, 0x0003, 0x0003, 0x0003, 0x0003, 0x0003,
  0x0003, 0x0003, 0x0003, 0x0003, 0x0003, 0x0003, 0x0003, 0x0003, 0x0003, 0x0006,
  0x0003, 0x0003, 0x0003, 0x0003, 0x4243, 0x0003, 0x0003, 0x0003, 0x0003, 0x0003,
  0x0003, 0x0003, 0x5503, 0xD6C3, 0x0003, 0x0003, 0x0003, 0x0003, 0x0003, 0x0003,
  0x0003, 0x0003, 0x0003, 0x0003, 0x0003, 0x0003, 0x0003, 0x0003, 0x0003, 0x0003,
  0x0003, 0x0003, 0x0003, 0x0003, 0x0003, 0x0003, 0x0003, 0x0003, 0x0003, 0x0003,
  0x0003, 0x0003, 0x0003, 0x0003, 0x0003, 0x0003, 0x0003, 0x0003, 0x0003, 0x0003,
  0x0003, 0x0003, 0x0003, 0x0003, 0x0003, 0x0006, 0x0003, 0xC003, 0x0003, 0x0003,
  0x0003, 0x0003, 0x0006, 0x0006, 0x0003, 0x0006, 0x0009, 0x0003, 0x4243, 0x0003,
  0x0003, 0x0003, 0x0003, 0x0003, 0x0003, 0x0003, 0xC003, 0xC003, 0x0003, 0x0003,
  0x0003, 0x0003, 0x0003, 0x0003, 0x0003, 0x0003, 0x0003, 0x0003, 0x0003, 0x0003,
  0x0003, 0x0003, 0x0003, 0x0003, 0x0003, 0x0003, 0x0003, 0x0003, 0x0003, 0x0003,
  0x0003, 0x0003, 0x0003, 0x0003, 0x0003, 0x0003, 0x0003, 0x0003, 0x0003, 0x0003,
  0x0003, 0x0003, 0x0003, 0x0003, 0x0003, 0x0003, 0x0003, 0x0003, 0x0003, 0x0003,
  0x0003, 0x0003, 0x0003, 0x0003, 0x0003, 0x0003, 0x0003, 0x0003, 0x0003, 0x0003,
  0x0003, 0x0003, 0x0003, 0x0003, 0x0003, 0x0003, 0x0003, 0x4243, 0x4243, 0x0003,
  0xC003, 0x0003, 0x0003, 0x0003, 0x0003, 0x0003, 0x0003, 0x0003, 0x0003, 0x0003,
  0x0003, 0x0003, 0x0003, 0x0003, 0x0003, 0x0003, 0x0003, 0x0003, 0x0003, 0x0003,
  0x0003, 0x0003, 0x0003, 0x0003, 0x0003, 0x0003, 0x0003, 0x0003, 0x0003, 0x0003,
  0x0003, 0x0003, 0x0003, 0x0003, 0x0003, 0x0003, 0x0003, 0x0003, 0x0003, 0x0003,
  0x0003, 0x0003, 0x0003, 0x0003, 0x0003, 0x0003, 0x0003, 0x0003, 0x0003, 0x0003,
  0x0003, 0x0003, 0x0003, 0x0003, 0x0003, 0x0003, 0x0003, 0x0003, 0x0003, 0x0003,
  0x0003, 0x0003, 0x0003, 0x0003, 0x0003, 0xC243, 0x0003, 0x0003, 0x0003, 0x0003,
  0xC003, 0x0003, 0x0003, 0x0003, 0x0003, 0x0003, 0x0003, 0x0003, 0x0003, 0x0003,
  0x0003, 0x0006, 0x0003, 0x0006, 0x0009, 0x0006, 0xC003, 0x0003, 0x0003, 0x0003,
  0x0003, 0x0003, 0x0003, 0x0003, 0x0003, 0x0003, 0x0003, 0x0003, 0x0003, 0x0003,
  0x0003, 0x0003, 0x0003, 0x0003, 0x0003, 0x0003, 0x0003, 0x0003, 0x0003, 0x0003,
  0x0003, 0x0003, 0x0003, 0x0003, 0x0003, 0x0003, 0x0003, 0x0003, 0x0003, 0x0003,
  0x0003, 0x0003, 0x0003, 0x0003, 0x0003, 0x0003, 0x0003, 0x0003, 0x0003, 0x0003,
  0x0003, 0x0003, 0x0003, 0x0003, 0x0003, 0x0003, 0x0003, 0x0003, 0x0003, 0x0003,
  0x0003, 0x0003, 0x0003, 0x59C3, 0x59C3, 0x4243, 0x0003, 0x0003, 0x0003, 0x0003,
  0x0003, 0x0003, 0x0003, 0x0003, 0x5AC3, 0x5AC3, 0x5AC3, 0x5AC3, 0x0003, 0x0003,
  0x0003, 0x0003, 0x0003, 0x0003, 0x0003, 0x0003, 0x0003, 0x0003, 0x0003, 0x0003,
  0x0003, 0x0003, 0x0003, 0x0003, 0x0003, 0x0003, 0x0003, 0x0003, 0x0003, 0x0003,
  0x0003, 0x0003, 0x0003, 0x0003, 0x0003, 0x0003, 0x0003, 0x0003, 0x0003, 0x0003,
  0x0003, 0x0003, 0x0003, 0x0003, 0x0003, 0x0003, 0x0003, 0x0003, 0x0003, 0x0003,
  0x0003, 0x0003, 0x0003, 0x0003, 0x0003, 0x0003, 0x0003, 0x0003, 0x0003, 0x0003,
  0x0003, 0x0003, 0x0003, 0x0003, 0x5D83, 0x5D83, 0x4243, 0x0003, 0x0003, 0x0003,
  0x0003, 0x0003, 0x0003, 0x0003, 0x0003, 0x5E83, 0x5E83, 0x5E83, 0x5E83, 0x0003,
  0x0003, 0x0003, 0x0003, 0x0003, 0x0003, 0x0003, 0x0003, 0x0003, 0x0003, 0x0003,
  0x0003, 0x0003, 0x0003, 0x0003, 0x0003, 0x0003, 0x0003, 0x0003, 0x0003, 0x0003,
  0x0003, 0x0003, 0x0003, 0x0003, 0x0003, 0x0003, 0x0003, 0x0003, 0x0003, 0x0003,
  0x0003, 0x0003, 0x0003, 0x0003, 0x0003, 0x0003, 0x0003, 0x0003, 0x0003, 0x0003,
  0x0003, 0x0003, 0x0003, 0x0003, 0x0003, 0x0003, 0x0003, 0x0003, 0x0003, 0x0003,
  0x0003, 0x7703, 0x7703, 0x0003, 0x0003, 0x0003, 0x0003, 0x0003, 0x0003, 0x0003,
  0x0003, 0x0003, 0x0003, 0x0003, 0x0003, 0x0003, 0x0003, 0x0003, 0x0003, 0x0003,
  0x0003, 0x0003, 0x0003, 0x0003, 0x0003, 0x0003, 0x0003, 0x0003, 0x0003, 0x0003,
  0x7703, 0x0003, 0x7703, 0x0003, 0x7603, 0x0003, 0x0003, 0x0003, 0x0003, 0x0003,
  0x0003, 0xC006, 0x0003, 0x0003, 0x0003, 0x0003, 0x0003, 0x0003, 0x0003, 0x0003,
  0x0003, 0xC006, 0x0003, 0x0003, 0x0003, 0x0003, 0xC006, 0x0003, 0x0003, 0x0003,
  0x0003, 0xC006, 0x0003, 0x0003, 0x0003, 0x0003, 0xC006, 0x0003, 0x0003, 0x0003,
  0x0003, 0x0003, 0x0003, 0x0003, 0x0003, 0x0003, 0x0003, 0x0003, 0x0003, 0xC006,
  0x0003, 0x0003, 0x0003, 0x0003, 0x0003, 0x0003, 0x0003, 0x6043, 0x6083, 0xC046,
  0x6103, 0xC046, 0xC006, 0x0003, 0xC006, 0x0003, 0x6083, 0x6083, 0x6083, 0x6083,
  0x0003, 0x0003, 0x6083, 0xC046, 0x7983, 0x7983, 0x4243, 0x0003, 0x7983, 0x7983,
  0x0003, 0x0003, 0x0003, 0x0003, 0x0003, 0x0003, 0x0003, 0x0003, 0x0003, 0x0003,
  0x0003, 0xC006, 0x0003, 0x0003, 0x0003, 0x0003, 0x0003, 0x0003, 0x0003, 0x0003,
  0x0003, 0xC006, 0x0003, 0x0003, 0x0003, 0x0003, 0xC006, 0x0003, 0x0003, 0x0003,
  0x0003, 0xC006, 0x0003, 0x0003, 0x0003, 0x0003, 0xC006, 0x0003, 0x0003, 0x0003,
  0x0003, 0x0003, 0x0003, 0x0003, 0x0003, 0x0003, 0x0003, 0x0003, 0x0003, 0xC006,
  0x0003, 0x0003, 0x0003, 0x0003, 0x0003, 0x0003, 0x7703, 0x0003, 0x0003, 0x0003,
  0x0003, 0x0003, 0x0003, 0x0003, 0x0003, 0x0003, 0x0003, 0x0003, 0x0003, 0x0003,
  0x0003, 0x0003, 0x0003, 0x0003, 0x0003, 0x0003, 0x0003, 0x0003, 0x0003, 0x0003,
  0x0003, 0x0003, 0x0003, 0x0003, 0x0003, 0x0003, 0x0003, 0x0003, 0x0003, 0x0003,
  0x0003, 0x0003, 0x0003, 0x0003, 0x0003, 0x0003, 0x0003, 0x0003, 0x0003, 0x0003,
  0x0003, 0x0003, 0x0003, 0x0003, 0x0003, 0x0003, 0x0003, 0x0003, 0x0003, 0x0003,
  0x0003, 0x0003, 0x0003, 0x0003, 0x0006, 0x0003, 0x0003, 0x0003, 0x0003, 0x0003,
  0x0003, 0x0003, 0xC003, 0x0003, 0x0003, 0x0003, 0x0003, 0x0003, 0x0003, 0x0003,
  0x0003, 0x41C3, 0x0003, 0x4243, 0x4243, 0x0003, 0x0003, 0x0003, 0x0003, 0x0003,
  0x0003, 0x0003, 0x0003, 0x0003, 0x0003, 0x0003, 0x0003, 0x0003, 0x7703, 0x0003,
  0x0003, 0x0003, 0x0003, 0x0003, 0x0003, 0x0003, 0x0003, 0x0003, 0x0003, 0x0003,
  0x0003, 0x0003, 0x0003, 0x0003, 0x0003, 0x0003, 0x0003, 0x0003, 0x0003, 0x0003,
  0x0003, 0x0003, 0x0003, 0x0003, 0x0003, 0x0003, 0x0003, 0x0003, 0x0003, 0x0003,
  0x0003, 0x0003, 0x0003, 0x0003, 0x0003, 0x0003, 0x0003, 0x0003, 0x0003, 0x0003,
  0x0003, 0x0003, 0x0003, 0x0003, 0x0003, 0x0003, 0x0003, 0x0003, 0x0003, 0xC003,
  0xC003, 0xC003, 0xC003, 0xC003, 0xC003, 0xC003, 0xC003, 0xC003, 0xC003, 0xC003,
  0xC003, 0xC003, 0xC003, 0xC003, 0xC003, 0xC003, 0xC003, 0xC003, 0xC003, 0xC003,
  0x0003, 0x0003, 0x0003, 0x0003, 0x0003, 0x0003, 0x0003, 0x0003, 0x0003, 0x0003,
  0x0003, 0x0003, 0x0003, 0x0003, 0x0003, 0x0003, 0x0003, 0x0003, 0x0003, 0x0003,
  0x0003, 0x0003, 0x0003, 0x0003, 0x0003, 0x0003, 0x0003, 0x0003, 0x0003, 0x0003,
  0x0003, 0x0003, 0x0003, 0x0003, 0x0003, 0x0003, 0x0003, 0x0003, 0x0003, 0x0003,
  0xC003, 0xC003, 0xC003, 0xC003, 0xC003, 0xC003, 0xC003, 0xC003, 0xC003, 0xC003,
  0xC003, 0xC003, 0xC003, 0xC003, 0xC003, 0xC003, 0xC003, 0xC003, 0xC003, 0xC003,
  0xC003, 0xC003, 0xC003, 0xC003, 0x0003, 0x0003, 0x0003, 0x0003, 0x0003, 0x0003,
  0x0003, 0x0003, 0x0003, 0x0003, 0x0003, 0x0003, 0x0003, 0x0003, 0x0003, 0x0003,
  0x0003, 0x0003, 0x0003, 0x0003, 0x0003, 0x0003, 0x0003, 0x0003, 0x0003, 0x0003,
  0x0003, 0x0003, 0x0003, 0x0003, 0x0003, 0x0003, 0x0003, 0x0003, 0x0003, 0x0003,
  0x0003, 0x0003, 0x0003, 0x0003, 0x0003, 0x0003, 0x0003, 0x0003, 0x0003, 0x0003,
  0x0003, 0x0003, 0x0003, 0x0003, 0x0003, 0x0003, 0x0003, 0x0003, 0x0003, 0x0003,
  0x0003, 0x0003, 0x0003, 0x0003, 0x0003, 0x7983, 0x7983, 0x7983, 0x0003, 0x0003,
  0x0003, 0x0003, 0x0003, 0x0003, 0x0003, 0x0003, 0x0003, 0x0003, 0x0003, 0x0003,
  0x0003, 0x0003, 0x0003, 0x0003, 0x0003, 0x0003, 0x0003, 0x0003, 0x0003, 0x0003,
  0x0003, 0x0003, 0x0003, 0x0003, 0x0003, 0x0003, 0x0003, 0x0003, 0x0003, 0x0003,
  0x4243, 0x4243, 0x0003, 0x0003, 0x0003, 0x0003, 0x0003, 0x0003, 0x0003, 0x0003,
  0x0003, 0x0003, 0x0003, 0x0003, 0x0003, 0x0003, 0x0003, 0x0003, 0x0003, 0x0003,
  0x0003, 0x0003, 0x0003, 0x0003, 0x0003, 0x0003, 0x0003, 0x0003, 0x0003, 0x0003,
  0x0003, 0x0003, 0x4243, 0x0003, 0x0003, 0x0003, 0x0003, 0x0003, 0x0003, 0x0003,
  0x0003, 0x0003, 0x0003, 0x0003, 0x0003, 0x0003, 0x0003, 0x0003, 0x0003, 0x0003,
  0x0003, 0x4243, 0x0003, 0x0003, 0x0003, 0x0003, 0x0003, 0x0003, 0x0003, 0x0003,
  0x0003, 0x0003, 0x7983, 0x0003, 0x0003, 0x0003, 0x0003, 0x0003, 0x0003, 0x0003,
  0x0003, 0x0003, 0x0003, 0x0003, 0x0003, 0x0003, 0x0003, 0x0003, 0x0003, 0x0003,
  0x0003, 0x0003, 0x0003, 0x0003, 0x0003, 0x0003, 0x0003, 0x0003, 0x0003, 0x0003,
  0x0003, 0x0003, 0x0003, 0x0003, 0x0003, 0x0003, 0x0003, 0x0003, 0x0003, 0x0003,
  0x0003, 0x0003, 0x0003, 0x0003, 0x7903, 0x0003, 0x0003, 0x0003, 0x0003, 0x0003,
  0x0003, 0x0003, 0x0003, 0x0003, 0x0003, 0x0003, 0x0003, 0x0003, 0x0003, 0x0003,
  0x0003, 0x0003, 0x0003, 0x0003, 0x0003, 0x0003, 0x0003, 0x0003, 0x0003, 0x0003,
  0x0003, 0x0003, 0x0003, 0x0003, 0x0003, 0x0003, 0x0003, 0x0003, 0x0003, 0x0003,
  0x0003, 0x0003, 0x0003, 0x0003, 0x0003, 0x0003, 0x0003, 0x0003, 0x0003, 0x0003,
  0x0003, 0x0003, 0x0003, 0x0003, 0x0003, 0x0003, 0x0003, 0x0003, 0x0003, 0x0003,
  0x0003, 0x0003, 0x7783, 0x7983, 0x7703, 0x0003, 0x0003, 0x0003, 0x0003, 0x0003,
  0x0003, 0x0003, 0x0003, 0x0003, 0x0003, 0x0003, 0x0003, 0x0003, 0x0003, 0x0003,
  0x0003, 0x0003, 0x0003, 0x0003, 0x0003, 0x0003, 0x0003, 0x0003, 0x7983, 0x7703,
  0x0003, 0x0003, 0x0003, 0x0003, 0x0003, 0x0003, 0x0003, 0x0003, 0x0003, 0x0003,
  0x0003, 0x0003, 0x0003, 0x0003, 0x0003, 0x0003, 0x0003, 0x0003, 0x0003, 0x0003,
  0x0003, 0x0003, 0x0003, 0x0003, 0x0003, 0x0003, 0x0003, 0x0003, 0x0003, 0x0003,
  0x0003, 0x0003, 0x0003, 0x0003, 0x0003, 0x0003, 0x0003, 0x0003, 0x0003, 0x4243,
  0x0003, 0x0003, 0x0003, 0x0003, 0x0003, 0x0003, 0x0003, 0x0003, 0x0003, 0x0003,
  0x0003, 0x0003, 0x0003, 0x0003, 0x0003, 0x0003, 0x0003, 0x0003, 0x0003, 0x0003,
  0x7983, 0x7983, 0x7983, 0x7983, 0x7983, 0x7983, 0x7983, 0x7983, 0x0003, 0x0003,
  0x7703, 0x0003, 0x0003, 0x0003, 0x0003, 0x0003, 0x0003, 0x0003, 0x0003, 0x0003,
  0x0003, 0x0003, 0x0003, 0x0003, 0x0003, 0x0003, 0x0003, 0x0003, 0x0003, 0x0003,
  0x0003, 0x0003, 0x0003, 0x0003, 0x0003, 0x0003, 0x0003, 0x0003, 0x0003, 0x0003,
  0x0003, 0x0003, 0x0003, 0x0003, 0x0003, 0x0003, 0x0003, 0x0003, 0x0003, 0x0003,
  0x0003, 0x0003, 0x0003, 0x0003, 0x0003, 0x0003, 0x0003, 0x0003, 0x0003, 0x7983,
  0x7983, 0x7983, 0x7983, 0x7983, 0x7703, 0x7703, 0x7703, 0x7703, 0x7703, 0x7703,
  0x7983, 0x7983, 0x7703, 0x0003, 0x7703, 0x7983, 0x7983, 0x7703, 0x7703, 0x7983,
  0x7983, 0x7983, 0x7983, 0x7983, 0x7703, 0x7983, 0x7983, 0x7983, 0x7983, 0x7983,
  0x7983, 0x7983, 0x7983, 0x7983, 0x7983, 0x7983, 0x7983, 0x7983, 0x7983, 0x7983,
  0x7983, 0x7983, 0x7983, 0x7703, 0x0003, 0x0003, 0x7983, 0x7983, 0x7983, 0x7983,
  0x7983, 0x7983, 0x7703, 0x7983, 0x7983, 0x7983, 0x7983, 0x7A83, 0x0003, 0x0003,
  0x0003, 0x0003, 0x0003, 0x0003, 0x0003, 0x0003, 0x0003, 0x0003, 0x0003, 0x0003,
  0x0003, 0x0003, 0x0003, 0x0003, 0x0003, 0x0003, 0x0003, 0x0003, 0x0006, 0x0003,
  0x0006, 0x0003, 0x0006, 0x0003, 0x0006, 0x0003, 0x0006, 0x0003, 0x0003, 0x0003,
  0x0006, 0x0003, 0x0003, 0x0003, 0x0003, 0x0003, 0x0003, 0x0003, 0x0003, 0x0003,
  0x0003, 0x0003, 0x0003, 0x0003, 0x0003, 0x0003, 0x0003, 0x0003, 0x0003, 0x0003,
  0x0003, 0x0003, 0x0003, 0x0003, 0x0003, 0x0003, 0x0003, 0x0003, 0x0003, 0x0003,
  0x0003, 0x0003, 0x0003, 0x0003, 0x41C3, 0xC003, 0x0003, 0x0003, 0x0003, 0x0003,
  0x0003, 0x0006, 0x0003, 0x0006, 0x0003, 0x0003, 0x0006, 0x0006, 0x0003, 0x0006,
  0x4243, 0x0003, 0x0003, 0x0003, 0x0003, 0x0003, 0x0003, 0x0003, 0x0003, 0x0003,
  0x0003, 0x0003, 0x0003, 0x0003, 0x0003, 0x0003, 0x0003, 0x0003, 0x0003, 0x0003,
  0x0003, 0x0003, 0x0003, 0x0003, 0x0003, 0x0003, 0x0003, 0x0003, 0x0003, 0x0003,
  0x0003, 0x0003, 0x0003, 0x0003, 0x0003, 0x0003, 0x0003, 0x0003, 0x0003, 0x7983,
  0x7703, 0x7983, 0x7983, 0x7983, 0x7983, 0x7983, 0x7983, 0x7983, 0x0003, 0x0003,
  0x0003, 0x0003, 0x0003, 0x0003, 0x0003, 0x0003, 0x0003, 0x0003, 0x0003, 0x0003,
  0x0003, 0x0003, 0x0003, 0x0003, 0x0003, 0x0003, 0x0003, 0x0003, 0x0003, 0x0003,
  0x0003, 0x0003, 0x0003, 0x0003, 0x0003, 0x0003, 0x0003, 0x0003, 0x0003, 0x0003,
  0x0003, 0x0003, 0x0003, 0x0003, 0x0003, 0x0003, 0x0003, 0x0003, 0x0003, 0x0003,
  0x4243, 0x4243, 0x0003, 0x0003, 0x0003, 0x0003, 0x0003, 0x0003, 0x0003, 0x0003,
  0x0003, 0x0003, 0x0003, 0x0003, 0x0003, 0x0003, 0x0003, 0x0003, 0x0003, 0x0003,
  0x0003, 0x0003, 0x0003, 0x0003, 0x0003, 0x0003, 0x0003, 0x0003, 0x0003, 0x0003,
  0x0003, 0x0003, 0x0003, 0x0003, 0x0003, 0x0003, 0x0003, 0x0003, 0x0003, 0x0003,
  0x41C3, 0x0003, 0x0003, 0x0003, 0x0003, 0x0003, 0x0003, 0x0003, 0x0003, 0x0003,
  0x0003, 0x0003, 0x4243, 0x4243, 0x0003, 0x0003, 0x0003, 0x0003, 0x0003, 0x0003,
  0x0003, 0x0003, 0x0003, 0x0003, 0x0003, 0x0003, 0x0003, 0x0003, 0x0003, 0x0003,
  0x7983, 0x7983, 0x7983, 0x0003, 0x4043, 0x7703, 0x7703, 0x7703, 0x7703, 0x7703,
  0x7983, 0x7983, 0x7703, 0x7703, 0x7703, 0x7703, 0x7983, 0x0003, 0x4043, 0x4043,
  0x4043, 0x4043, 0x4043, 0x4043, 0x4043, 0x0003, 0x0003, 0x0003, 0x0003, 0x7703,
  0x0003, 0x0003, 0x0003, 0x0003, 0x0003, 0x0003, 0x7983, 0x0003, 0x0003, 0x0003,
  0x7983, 0x7983, 0x0003, 0x0003, 0x0003, 0x0003, 0x0003, 0x0003, 0x7983, 0x7983,
  0x7703, 0x7983, 0x7983, 0x7983, 0x7983, 0x7983, 0x7983, 0x7983, 0x7703, 0x7983,
  0x7983, 0x7A83, 0x7583, 0x7703, 0x7283, 0x7983, 0x7983, 0x7983, 0x7983, 0x7983,
  0x7983, 0x7983, 0x7983, 0x7983, 0x7983, 0x7983, 0x7983, 0x7983, 0x7983, 0x7983,
  0x7983, 0x7983, 0x7983, 0x7983, 0x7983, 0x7983, 0x7983, 0x7983, 0x7983, 0x7983,
  0x7983, 0x7983, 0x7983, 0x7983, 0x7983, 0x7983, 0x7983, 0x7983, 0x7983, 0x7983,
  0x7983, 0x7983, 0x7A03, 0x7903, 0x7903, 0x7703, 0x7683, 0x7983, 0x7A43, 0x7703,
  0x7983, 0x7703, 0x0003, 0x0003, 0x0003, 0x0003, 0x0003, 0x0003, 0x0003, 0x0003,
  0x0005, 0x0005, 0x0003, 0x0003, 0x0003, 0x0003, 0x0003, 0x0003, 0x0003, 0x0003,
  0x0003, 0x0003, 0x0005, 0x0005, 0x0005, 0x0005, 0x0003, 0x0003, 0x0003, 0x0003,
  0x0005, 0x0005, 0x0003, 0x0003, 0x0003, 0x0003, 0x0003, 0x0003, 0x0003, 0x0003,
  0x0003, 0x0003, 0x0003, 0x0003, 0x0003, 0x0003, 0x0003, 0x0003, 0x0005, 0x0005,
  0x0003, 0x0003, 0x0003, 0x0003, 0x0003, 0x0003, 0x0003, 0x0003, 0x0005, 0x0005,
  0x0003, 0x0003, 0x0003, 0x0003, 0x0003, 0x0003, 0x0003, 0x0003, 0x0003, 0x0003,
  0x0003, 0x0003, 0x0005, 0x0005, 0x0005, 0x0005, 0x0005, 0x0005, 0x0005, 0x0005,
  0x0003, 0x0003, 0x0003, 0x0003, 0x0003, 0x0003, 0x0003, 0x0003, 0x0005, 0x0005,
  0x0003, 0x0003, 0x0003, 0x0003, 0x0003, 0x0003, 0x0005, 0x0005, 0x0005, 0x0005,
  0x0005, 0x0005, 0x0003, 0x0003, 0x0003, 0x0003, 0x0003, 0x0003, 0x0003, 0x0003,
  0x0003, 0x0003, 0x0003, 0x0003, 0x0003, 0x0003, 0x0005, 0x0005, 0x0005, 0x0005,
  0x0003, 0x0003, 0x0003, 0x0003, 0x0003, 0x0003, 0x0003, 0x0003, 0x0003, 0x0003,
  0x0003, 0x0003, 0x0003, 0x0003, 0x0003, 0x0003, 0x0003, 0x0003, 0x0003, 0x0003,
  0x0003, 0x0003, 0x0003, 0x0003, 0x0003, 0x0003, 0x0003, 0x0004, 0x0003, 0x0003,
  0x0003, 0x0003, 0x0003, 0x0003, 0x0003, 0x0003, 0x0005, 0x0005, 0x0005, 0x0005,
  0x0005, 0x0005, 0x0005, 0x0005, 0x0005, 0x0005, 0x0005, 0x0005, 0x0005, 0x0005,
  0x0005, 0x0005, 0x0005, 0x0005, 0x0005, 0x0005, 0x0003, 0x0003, 0x0003, 0x0003,
  0x0003, 0x0003, 0x0005, 0x0005, 0x0005, 0x0005, 0x0005, 0x0005, 0x0005, 0x0005,
  0x0003, 0x0003, 0x0003, 0x0003, 0x0003, 0x0003, 0x0003, 0x0003, 0x0005, 0x0005,
  0x0005, 0x0005, 0x0005, 0x0005, 0x0005, 0x0005, 0x0005, 0x0005, 0x0005, 0x0005,
  0x0005, 0x0005, 0x0005, 0x0005, 0x0005, 0x0005, 0x0005, 0x0005, 0x0003, 0x0003,
  0x0003, 0x0003, 0x0005, 0x0005, 0x0005, 0x0005, 0x0005, 0x0005, 0x0005, 0x0005,
  0x0005, 0x0005, 0x0003, 0x0003, 0x0003, 0x0003, 0x0003, 0x0003, 0x0003, 0x0003,
  0x0003, 0x0003, 0x0003, 0x0003, 0x0003, 0x0003, 0x0004, 0x0004, 0x0006, 0x0006,
  0x0006, 0x0006, 0x0006, 0x0006, 0x0004, 0x0004, 0x0006, 0x0006, 0x0006, 0x0006,
  0x0006, 0x0006, 0x0004, 0x0004, 0x0006, 0x0006, 0x0006, 0x0006, 0x0003, 0x0003,
  0x0004, 0x0004, 0x0006, 0x0006, 0x0006, 0x0006, 0x0003, 0x0003, 0x0004, 0x0004,
  0x0006, 0x0006, 0x0006, 0x0006, 0x0006, 0x0006, 0x0004, 0x0004, 0x0006, 0x0006,
  0x0006, 0x0006, 0x0006, 0x0006, 0x0004, 0x0004, 0x0006, 0x0006, 0x0006, 0x0006,
  0x0006, 0x0006, 0x0004, 0x0004, 0x0006, 0x0006, 0x0006, 0x0006, 0x0006, 0x0006,
  0x0004, 0x0004, 0x0006, 0x0006, 0x0006, 0x0006, 0x0003, 0x0003, 0x0004, 0x0004,
  0x0006, 0x0006, 0x0006, 0x0006, 0x0003, 0x0003, 0x0004, 0x0004, 0x0006, 0x0006,
  0x0006, 0x0006, 0x0006, 0x0006, 0x0003, 0x0004, 0x0003, 0x0006, 0x0003, 0x0006,
  0x0003, 0x0006, 0x0004, 0x0004, 0x0006, 0x0006, 0x0006, 0x0006, 0x0006, 0x0006,
  0x0004, 0x0004, 0x0006, 0x0006, 0x0006, 0x0006, 0x0006, 0x0006, 0x0004, 0xC004,
  0x0004, 0xC004, 0x0004, 0xC004, 0x0004, 0xC004, 0x0004, 0xC004, 0x0004, 0xC004,
  0x0004, 0xC004, 0x0003, 0x0003, 0x0006, 0x0006, 0x0008, 0x0008, 0x0008, 0x0008,
  0x0008, 0x0008, 0x0006, 0x0006, 0x0008, 0x0008, 0x0008, 0x0008, 0x0008, 0x0008,
  0x0006, 0x0006, 0x0008, 0x0008, 0x0008, 0x0008, 0x0008, 0x0008, 0x0006, 0x0006,
  0x0008, 0x0008, 0x0008, 0x0008, 0x0008, 0x0008, 0x0006, 0x0006, 0x0008, 0x0008,
  0x0008, 0x0008, 0x0008, 0x0008, 0x0006, 0x0006, 0x0008, 0x0008, 0x0008, 0x0008,
  0x0008, 0x0008, 0x0004, 0x0004, 0x0006, 0x0004, 0x0006, 0x0003, 0x0004, 0x0006,
  0x0004, 0x0004, 0x0004, 0xC004, 0x0004, 0x0003, 0xC002, 0x0003, 0x0004, 0x0006,
  0x0004, 0x0006, 0x0003, 0x0004, 0x0006, 0x0004, 0xC004, 0x0004, 0xC004, 0x0004,
  0x0005, 0x0005, 0x0005, 0x0004, 0x0004, 0x0006, 0xC006, 0x0003, 0x0003, 0x0004,
  0x0006, 0x0004, 0x0004, 0x0004, 0xC004, 0x0003, 0x0005, 0x0005, 0x0005, 0x0004,
  0x0004, 0x0006, 0xC006, 0x0004, 0x0004, 0x0004, 0x0006, 0x0004, 0x0004, 0x0004,
  0xC004, 0x0004, 0x0004, 0xC004, 0xC001, 0x0003, 0x0003, 0x0006, 0x0004, 0x0006,
  0x0003, 0x0004, 0x0006, 0x0004, 0xC004, 0x0004, 0xC004, 0x0004, 0xC002, 0x0003,
  0x0003, 0xC003, 0xC003, 0x0003, 0x0003, 0x0003, 0x0003, 0x0003, 0x0003, 0x0003,
  0x0003, 0x0003, 0x0003, 0x0003, 0x0003, 0x0003, 0x0003, 0x0003, 0x0003, 0x0003,
  0x0003, 0x0003, 0x0003, 0x0003, 0x0003, 0x0003, 0x0003, 0x0003, 0x0003, 0x0003,
  0x0003, 0x0003, 0x0003, 0x0003, 0x0003, 0x0003, 0x0003, 0x0003, 0x0003, 0x0003,
  0x0003, 0x0003, 0x0003, 0x0003, 0x0003, 0x0003, 0x0003, 0x0003, 0x0003, 0x0003,
  0x0003, 0x0003, 0x0003, 0x0003, 0x0003, 0x0003, 0x0003, 0x0003, 0x0003, 0x0003,
  0x0003, 0x0003, 0x0003, 0x0003, 0x0003, 0x7983, 0x7983, 0x4043, 0x4043, 0x7983,
  0x7983, 0x7983, 0x7983, 0x4043, 0x4043, 0x4043, 0x7983, 0x7983, 0x0003, 0x0003,
  0x0003, 0x0003, 0x7983, 0x0003, 0x0003, 0x0003, 0x4043, 0x4043, 0x7983, 0x7703,
  0x7983, 0x4043, 0x4043, 0x7703, 0x7703, 0x7703, 0x7703, 0x7983, 0x0003, 0x0003,
  0x0003, 0x0003, 0x0003, 0x0003, 0x0003, 0x0003, 0x0003, 0x0003, 0x0003, 0x0003,
  0x0003, 0x0003, 0x0003, 0x0003, 0x0003, 0x0003, 0x0003, 0x0003, 0x0003, 0x0003,
  0x0003, 0x0003, 0x0003, 0x0003, 0x0003, 0x0003, 0x0003, 0x0003, 0x0003, 0x0003,
  0x0003, 0x0003, 0x0003, 0x0003, 0x0003, 0x0003, 0xC002, 0x0003, 0x0003, 0x0003,
  0xC001, 0xC003, 0x0003, 0x0003, 0x0003, 0x0003, 0x0003, 0x0003, 0x0003, 0x0003,
  0x0003, 0x0003, 0x0003, 0x0003, 0x0003, 0x0003, 0x0003, 0x0003, 0x0003, 0x0003,
  0x0003, 0x0003, 0x0003, 0x0003, 0x0003, 0x0003, 0x0003, 0x0003, 0x0005, 0x0005,
  0x0003, 0x0003, 0x0003, 0x0003, 0x0003, 0x0003, 0x0003, 0x0003, 0x0003, 0x0003,
  0x0003, 0x0003, 0x0003, 0x0003, 0x0003, 0x0003, 0x0003, 0x0003, 0x0005, 0x0003,
  0x0003, 0x0003, 0x0003, 0x0003, 0x0003, 0x0003, 0x0003, 0x0003, 0x0003, 0x0003,
  0x0003, 0x0003, 0x0003, 0x0003, 0x0003, 0x0003, 0x0005, 0x0005, 0x0005, 0x0003,
  0x0003, 0x0003, 0x0003, 0x0003, 0x0003, 0x0003, 0x0003, 0x0003, 0x0003, 0x0003,
  0x0003, 0x0003, 0x0003, 0x0003, 0x0003, 0x0003, 0x0003, 0x0003, 0x0003, 0x0003,
  0x0003, 0x0003, 0x0003, 0x0003, 0x0003, 0x0003, 0x0003, 0x0003, 0x0003, 0x0003,
  0x0003, 0x0003, 0x0003, 0x0003, 0x0003, 0x0003, 0x0003, 0x0003, 0x0003, 0x0003,
  0x0003, 0x0003, 0x0003, 0x0003, 0x0003, 0x0003, 0x0003, 0x0005, 0x0003, 0x0003,
  0x0003, 0x0003, 0x0005, 0x0003, 0x0003, 0x0005, 0x0003, 0x0003, 0x0003, 0x0003,
  0x0003, 0x0003, 0x0003, 0x0003, 0x0003, 0x0003, 0x0003, 0x0003, 0x0003, 0x0003,
  0x0003, 0x0003, 0x0003, 0x0003, 0x0003, 0x0003, 0x0003, 0x0003, 0x0003, 0x0005,
  0x0003, 0x0005, 0x0003, 0x0003, 0x0003, 0x0003, 0x0003, 0x0003, 0x0003, 0x0003,
  0x0003, 0x0003, 0x0003, 0x0003, 0x0003, 0x0003, 0x0003, 0x0003, 0x0003, 0x0003,
  0x0003, 0x0003, 0x0003, 0x0003, 0x0003, 0x0003, 0x0003, 0x0005, 0x0003, 0x0003,
  0x0005, 0x0003, 0x0003, 0x0005, 0x0003, 0x0005, 0x0003, 0x0003, 0x0003, 0x0003,
  0x0003, 0x0003, 0x0003, 0x0003, 0x0003, 0x0003, 0x0003, 0x0003, 0x0003, 0x0003,
  0x0003, 0x0003, 0x0003, 0x0003, 0x0003, 0x0003, 0x0003, 0x0003, 0x0003, 0x0003,
  0x0005, 0x0003, 0x0003, 0x0003, 0x0003, 0x0003, 0x0003, 0x0003, 0x0003, 0x0003,
  0x0003, 0x0005, 0x0003, 0x0003, 0x0005, 0x0005, 0x0003, 0x0003, 0x0005, 0x0005,
  0x0003, 0x0003, 0x0005, 0x0005, 0x0003, 0x0003, 0x0003, 0x0003, 0x0003, 0x0003,
  0x0003, 0x0003, 0x0003, 0x0003, 0x0003, 0x0003, 0x0003, 0x0003, 0x0003, 0x0003,
  0x0003, 0x0003, 0x0003, 0x0003, 0x0003, 0x0003, 0x0003, 0x0003, 0x0003, 0x0003,
  0x0003, 0x0003, 0x0003, 0x0003, 0x0003, 0x0003, 0x0003, 0x0003, 0x0005, 0x0005,
  0x0005, 0x0005, 0x0003, 0x0003, 0x0003, 0x0003, 0x0003, 0x0003, 0x0003, 0x0003,
  0x0003, 0x0003, 0x0003, 0x0003, 0x0003, 0x0003, 0x0003, 0x0003, 0x0003, 0x0003,
  0x0003, 0x0003, 0x0003, 0x0003, 0x0003, 0x0003, 0x0003, 0x0003, 0x0003, 0x0003,
  0x0003, 0x0003, 0x0003, 0x0003, 0x0005, 0x0005, 0x0005, 0x0005, 0x0003, 0x0003,
  0x0003, 0x0003, 0x0003, 0x0003, 0x0005, 0x0005, 0x0005, 0x0005, 0x0003, 0x0003,
  0x0003, 0x0003, 0x0003, 0x0003, 0x0003, 0x0003, 0x0003, 0x0003, 0x0003, 0x0003,
  0x0003, 0x0003, 0x0003, 0x0003, 0x0003, 0x0003, 0x0003, 0x0003, 0x0003, 0x0003,
  0x0003, 0x0003, 0x0003, 0x0003, 0x0003, 0x0003, 0x0003, 0x0003, 0x0003, 0x0003,
  0x0003, 0x0003, 0x0003, 0x0003, 0x0003, 0x0003, 0x0003, 0x0003, 0x0003, 0xC003,
  0xC003, 0x0003, 0x0003, 0x0003, 0x0003, 0x0003, 0x0003, 0x0003, 0x0003, 0x0003,
  0x0003, 0x0003, 0x0003, 0x0003, 0x0003, 0x0003, 0x0003, 0x0003, 0x0003, 0x0003,
  0x0003, 0x0003, 0x0003, 0x0003, 0x0003, 0x0003, 0x0003, 0x0003, 0x0003, 0xC005,
  0x0003, 0x0003, 0x0003, 0x0003, 0x0003, 0x0003, 0x0003, 0x0003, 0x0003, 0x0003,
  0x0003, 0x0003, 0x0003, 0x0003, 0x0003, 0x0003, 0x0003, 0x0003, 0x0003, 0x0003,
  0x0003, 0x0003, 0x0003, 0x0003, 0x0003, 0x0003, 0x0003, 0x0003, 0x0003, 0x0003,
  0x0003, 0x0003, 0x0003, 0x0003, 0x0003, 0x0003, 0x0003, 0x0003, 0x0003, 0x0003,
  0x0003, 0x0003, 0x0003, 0x0003, 0x0003, 0x0003, 0x0003, 0x0003, 0x0003, 0x0003,
  0x0003, 0x0003, 0x0003, 0x0003, 0x0003, 0x0003, 0x0003, 0x0003, 0x0003, 0x0003,
  0x0003, 0x0003, 0x0003, 0x4243, 0x0003, 0x0003, 0x0003, 0x0003, 0x0003, 0x0003,
  0x0003, 0x0003, 0x0003, 0x0003, 0x0003, 0x0003, 0x0003, 0x0003, 0x0003, 0x0003,
  0x0003, 0x0003, 0x0003, 0x0003, 0x0003, 0x0003, 0x0003, 0x0003, 0x0003, 0x0003,
  0x0003, 0x0003, 0x0003, 0x0003, 0x0003, 0x0003, 0x7983, 0x7983, 0x7983, 0x7983,
  0x7983, 0x7983, 0x7983, 0x7983, 0x7983, 0x7983, 0x7983, 0x7983, 0x7983, 0x7983,
  0x7983, 0x7983, 0x7983, 0x7983, 0x7983, 0x7983, 0x7983, 0x7983, 0x7983, 0x7983,
  0x7983, 0x7983, 0x7983, 0x7983, 0x7983, 0x7983, 0x7983, 0x7983, 0x0003, 0x0003,
  0x0003, 0x0003, 0x0003, 0x0003, 0x0003, 0x0003, 0x0003, 0x0003, 0x0003, 0x0003,
  0x0003, 0x0003, 0x0003, 0x0003, 0x0003, 0x0003, 0x0003, 0x0003, 0x0003, 0x0003,
  0x0003, 0x0003, 0x0003, 0x0003, 0x0003, 0x0003, 0x0003, 0x0003, 0x0003, 0x0003,
  0x0003, 0x0003, 0x0003, 0x0003, 0x0003, 0x0003, 0x0003, 0x0003, 0x0003, 0x0003,
  0x7683, 0x7903, 0x7A03, 0x7783, 0x7803, 0x7803, 0x0003, 0x0003, 0x0003, 0x0003,
  0x0003, 0x0003, 0x0003, 0x0003, 0x0003, 0x0003, 0x0003, 0x0003, 0x0003, 0x0003,
  0x0003, 0x0003, 0x0006, 0x0003, 0x0006, 0x0003, 0x0006, 0x0003, 0x0006, 0x0003,
  0x0006, 0x0003, 0x0006, 0x0003, 0x0006, 0x0003, 0x0006, 0x0003, 0x0006, 0x0003,
  0x0006, 0x0003, 0x0006, 0x0003, 0x0006, 0x0003, 0x0003, 0x0006, 0x0003, 0x0006,
  0x0003, 0x0006, 0x0003, 0x0003, 0x0003, 0x0003, 0x0003, 0x0003, 0x0006, 0x0006,
  0x0003, 0x0006, 0x0006, 0x0003, 0x0006, 0x0006, 0x0003, 0x0006, 0x0006, 0x0003,
  0x0006, 0x0006, 0x0003, 0x0003, 0x0003, 0x0003, 0x0003, 0x0003, 0x0003, 0x0003,
  0x0003, 0x0003, 0x0003, 0x0003, 0x0003, 0x0003, 0x0003, 0x0003, 0x0003, 0x0003,
  0x0003, 0x0003, 0x0006, 0x0003, 0x0003, 0x0003, 0x0003, 0xC203, 0xC203, 0x0003,
  0x0003, 0x0003, 0x0006, 0x0003, 0x0003, 0x0003, 0x0003, 0x0003, 0x0003, 0x0003,
  0x0003, 0x0003, 0x0003, 0x0003, 0x0003, 0x0003, 0x0006, 0x0003, 0x0006, 0x0003,
  0x0006, 0x0003, 0x0006, 0x0003, 0x0006, 0x0003, 0x0006, 0x0003, 0x0006, 0x0003,
  0x0006, 0x0003, 0x0006, 0x0003, 0x0006, 0x0003, 0x0003, 0x0006, 0x0003, 0x0006,
  0x0003, 0x0006, 0x0003, 0x0003, 0x0003, 0x0003, 0x0003, 0x0003, 0x0006, 0x0006,
  0x0003, 0x0006, 0x0006, 0x0003, 0x0006, 0x0006, 0x0003, 0x0006, 0x0006, 0x0003,
  0x0006, 0x0006, 0x0003, 0x0003, 0x0003, 0x0003, 0x0003, 0x0003, 0x0003, 0x0003,
  0x0003, 0x0003, 0x0003, 0x0003, 0x0003, 0x0003, 0x0003, 0x0003, 0x0003, 0x0003,
  0x0003, 0x0003, 0x0003, 0x0003, 0x0006, 0x0003, 0x0003, 0x0006, 0x0006, 0x0006,
  0x0006, 0x0003, 0x0003, 0x0003, 0x0006, 0x0003, 0x0003, 0x0003, 0x0003, 0x0003,
  0x0003, 0x0003, 0x0003, 0x0003, 0x0003, 0x0003, 0x0003, 0x0003, 0x0003, 0x0003,
  0x0003, 0x0003, 0x0003, 0x0003, 0x0003, 0x0003, 0x0003, 0x0003, 0x0003, 0x0003,
  0x0003, 0x0003, 0x0003, 0x0003, 0x0003, 0x0003, 0x0003, 0x0003, 0x0003, 0x0003,
  0x0003, 0x0003, 0x0003, 0x0003, 0x0003, 0x0003, 0x0003, 0x0003, 0x0003, 0x0003,
  0x0003, 0x0003, 0x7983, 0x0003, 0x0003, 0x0003, 0x0003, 0x7983, 0x7983, 0x7983,
  0x7983, 0x7983, 0x7983, 0x7983, 0x7983, 0x7983, 0x7983, 0x0003, 0x0003, 0x0003,
  0x0003, 0x0003, 0x0003, 0x0003, 0x0003, 0x0003, 0x0003, 0x0003, 0x0003, 0x0003,
  0x0003, 0x0003, 0x0003, 0x0003, 0x0003, 0x0003, 0x0003, 0x0003, 0x0003, 0x0003,
  0x0003, 0x0003, 0x0003, 0x0003, 0x0003, 0x0003, 0x0003, 0x7983, 0x7983, 0x0003,
  0x0003, 0x0003, 0x0003, 0x0003, 0x0003, 0x0003, 0x0003, 0x0003, 0x0003, 0x0003,
  0x0003, 0x0003, 0x0003, 0x0003, 0x0003, 0x0003, 0x0003, 0x0003, 0x0003, 0x0003,
  0x0003, 0x0003, 0x0003, 0x0003, 0x0003, 0x0003, 0x0003, 0x0003, 0x0003, 0x0003,
  0x0003, 0x0003, 0x0003, 0x0003, 0x0003, 0x0003, 0x0003, 0x0003, 0x0003, 0x0003,
  0x0003, 0x0003, 0x0003, 0x0003, 0x0003, 0x0003, 0x0003, 0x7983, 0x7983, 0x0003,
  0x0003, 0x0003, 0x0003, 0x0003, 0x0003, 0x0003, 0x0003, 0x0003, 0x0003, 0x0003,
  0x0003, 0x0003, 0x0003, 0x4243, 0x0003, 0x0003, 0x0003, 0x0003, 0x0003, 0x0003,
  0x0003, 0x0003, 0x0003, 0x0003, 0x0003, 0x0003, 0x0003, 0x0003, 0x0003, 0x0003,
  0x0003, 0x0003, 0x0003, 0x0003, 0x0003, 0x0003, 0x0003, 0x0003, 0x0003, 0x0003,
  0x0003, 0x0003, 0x0003, 0x0003, 0x0003, 0x0003, 0x0003, 0x0003, 0x0003, 0x0003,
  0x0003, 0x4243, 0x0003, 0x0003, 0x0003, 0x0003, 0x0003, 0x0003, 0x0003, 0x0003,
  0x0003, 0x0003, 0x0003, 0x0003, 0x0003, 0x0003, 0x0003, 0x0003, 0x0003, 0x0003,
  0x0003, 0x0003, 0x0003, 0x0003, 0x0003, 0x0003, 0x0003, 0x0003, 0x0003, 0x7983,
  0x7983, 0x7983, 0x7983, 0x7983, 0x7983, 0x7983, 0x7983, 0x7983, 0x7983, 0x7983,
  0x7983, 0x7983, 0x7983, 0x7983, 0x7983, 0x7983, 0x7983, 0x0003, 0x0003, 0x0003,
  0x0003, 0x0003, 0x0003, 0x0003, 0x0003, 0x0003, 0x0003, 0x0003, 0x0003, 0x0003,
  0x0003, 0x0003, 0x0003, 0x0003, 0x0003, 0x0003, 0x0003, 0x0003, 0x0003, 0x0003,
  0x0003, 0x0003, 0x0003, 0x0003, 0x0003, 0x0003, 0x0003, 0x0003, 0x0003, 0x0003,
  0x0003, 0x0003, 0x0003, 0x0003, 0x0003, 0x0003, 0x0003, 0x0003, 0x0003, 0x0003,
  0x7703, 0x7703, 0x7703, 0x0003, 0x0003, 0x0003, 0x0003, 0x0003, 0x0003, 0x0003,
  0x0003, 0x0003, 0x0003, 0x0003, 0x0003, 0x0003, 0x0003, 0x0003, 0x0003, 0x0003,
  0x0003, 0x0003, 0x4243, 0x0003, 0x0003, 0x0003, 0x0003, 0x0003, 0x0003, 0x0003,
  0x0003, 0x0003, 0x0003, 0x0003, 0x0003, 0x0003, 0x0003, 0x0003, 0x0003, 0x0003,
  0x0003, 0x0003, 0x0003, 0x0003, 0x0003, 0x0003, 0x0003, 0x0003, 0x0003, 0x0003,
  0x0003, 0x0003, 0x0003, 0x0003, 0x0003, 0x0003, 0x0003, 0x0003, 0x0003, 0x0003,
  0x0003, 0x0003, 0x0003, 0x0003, 0x0003, 0x0003, 0x0003, 0x0003, 0x0003, 0x0003,
  0x0003, 0x0003, 0x0003, 0x0003, 0x0003, 0x0003, 0x0003, 0x0003, 0x0003, 0x0003,
  0x0003, 0x0003, 0x0003, 0x0003, 0x0003, 0x0003, 0x7983, 0x0003, 0x7983, 0x7983,
  0x7703, 0x0003, 0x0003, 0x7983, 0x7983, 0x0003, 0x0003, 0x0003, 0x0003, 0x0003,
  0x7983, 0x7983, 0x0003, 0x7983, 0x0003, 0x0003, 0x0003, 0x0003, 0x0003, 0x0003,
  0x0003, 0x0003, 0x0003, 0x0003, 0x0003, 0x0003, 0x0003, 0x0003, 0x0003, 0x0003,
  0x0003, 0x0003, 0x0003, 0x0003, 0x0003, 0x0003, 0x0003, 0x0003, 0x0003, 0x0003,
  0x0003, 0x0003, 0x0003, 0x0003, 0x0003, 0x0003, 0x0003, 0x0003, 0x0003, 0x0003,
  0x0003, 0x0003, 0x0003, 0x0003, 0x0003, 0x0003, 0x0003, 0x0003, 0x0003, 0x0003,
  0x0003, 0x0003, 0x0003, 0x0003, 0x0003, 0x0003, 0x4243, 0x0003, 0x0003, 0x0003,
  0x0003, 0x0003, 0x0003, 0x0003, 0x0003, 0x0003, 0x0006, 0x0009, 0x0009, 0x0009,
  0x0009, 0x0009, 0x0009, 0x0009, 0x0009, 0x0009, 0x0009, 0x0009, 0x0009, 0x0009,
  0x0009, 0x0009, 0x0009, 0x0009, 0x0009, 0x0009, 0x0009, 0x0009, 0x0009, 0x0009,
  0x0009, 0x0009, 0x0009, 0x0009, 0x0006, 0x0009, 0x0009, 0x0009, 0x0009, 0x0009,
  0x0009, 0x0009, 0x0009, 0x0009, 0x0009, 0x0009, 0x0009, 0x0009, 0x0009, 0x0009,
  0x0009, 0x0009, 0x0009, 0x0009, 0x0009, 0x0009, 0x0009, 0x0009, 0x0009, 0x0009,
  0x0009, 0x0009, 0x0006, 0x0009, 0x0009, 0x0009, 0x0009, 0x0009, 0x0009, 0x0009,
  0x0009, 0x0009, 0x0009, 0x0009, 0x0009, 0x0009, 0x0009, 0x0009, 0x0009, 0x0009,
  0x0009, 0x0009, 0x0009, 0x0009, 0x0009, 0x0009, 0x0009, 0x0009, 0x0009, 0x0009,
  0x0006, 0x0009, 0x0009, 0x0009, 0x0009, 0x0009, 0x0009, 0x0009, 0x0009, 0x0009,
  0x0009, 0x0009, 0x0009, 0x0009, 0x0009, 0x0009, 0x0009, 0x0009, 0x0009, 0x0009,
  0x0009, 0x0009, 0x0009, 0x0009, 0x0009, 0x0009, 0x0009, 0x0009, 0x0003, 0x0003,
  0x0003, 0x0003, 0x0003, 0x0003, 0x0003, 0x0003, 0x0003, 0x0003, 0x0003, 0x0003,
  0x0003, 0x0003, 0x0003, 0x0003, 0x0003, 0x0003, 0x0003, 0x0003, 0x0003, 0x0003,
  0x0003, 0x0003, 0x0003, 0x0003, 0x0003, 0x0003, 0x0000, 0x0000, 0x0000, 0x0000,
  0x0000, 0x0000, 0x0000, 0x0000, 0x0000, 0x0000, 0x0000, 0x0000, 0x0000, 0x0000,
  0x0000, 0x0000, 0x0000, 0x0000, 0x0000, 0x0000, 0x0000, 0x0000, 0x0000, 0x0000,
  0x0000, 0x0000, 0x0000, 0x0000, 0x0000, 0x0000, 0x0000, 0x0000, 0x0000, 0x0000,
  0x0000, 0x0000, 0x0000, 0x0000, 0x0000, 0x0000, 0x0000, 0x0000, 0x0000, 0x0000,
  0x0000, 0x0000, 0x0000, 0x0000, 0x0000, 0x0000, 0x0000, 0x0000, 0x0000, 0x0000,
  0x0000, 0x0000, 0x0000, 0x0000, 0x0000, 0x0000, 0x0000, 0x0000, 0x0000, 0x0000,
  0xC003, 0xC003, 0xC003, 0xC003, 0xC003, 0xC003, 0xC003, 0xC003, 0xC003, 0xC003,
  0xC003, 0xC003, 0xC003, 0xC003, 0xC003, 0xC003, 0xC003, 0xC003, 0xC003, 0xC003,
  0xC003, 0xC003, 0xC003, 0xC003, 0xC003, 0xC003, 0xC003, 0xC003, 0xC003, 0xC003,
  0xC003, 0xC003, 0xC003, 0xC003, 0xC003, 0xC003, 0xC003, 0xC003, 0xC003, 0xC003,
  0xC003, 0xC003, 0xC003, 0xC003, 0xC003, 0xC003, 0xC003, 0xC003, 0xC003, 0xC003,
  0xC003, 0xC003, 0xC003, 0xC003, 0xC003, 0xC003, 0xC003, 0xC003, 0xC003, 0xC003,
  0xC003, 0xC003, 0xC003, 0xC003, 0x0003, 0x0003, 0xC003, 0x0003, 0xC003, 0x0003,
  0x0003, 0xC003, 0xC003, 0xC003, 0xC003, 0xC003, 0xC003, 0xC003, 0xC003, 0xC003,
  0xC003, 0x0003, 0xC003, 0x0003, 0xC003, 0x0003, 0x0003, 0xC003, 0xC003, 0x0003,
  0x0003, 0x0003, 0xC003, 0xC003, 0xC003, 0xC003, 0xC003, 0xC003, 0xC003, 0xC003,
  0xC003, 0xC003, 0xC003, 0xC003, 0xC003, 0xC003, 0xC003, 0xC003, 0xC003, 0xC003,
  0xC003, 0xC003, 0xC003, 0xC003, 0xC003, 0xC003, 0xC003, 0xC003, 0xC003, 0xC003,
  0xC003, 0xC003, 0xC003, 0xC003, 0xC003, 0xC003, 0xC003, 0xC003, 0xC003, 0xC003,
  0xC003, 0xC003, 0xC003, 0xC003, 0xC003, 0xC003, 0xC004, 0xC003, 0x0003, 0x0003,
  0xC003, 0xC003, 0xC003, 0xC003, 0xC003, 0xC003, 0xC003, 0xC003, 0xC003, 0xC003,
  0xC003, 0xC003, 0xC003, 0xC003, 0xC003, 0xC003, 0xC004, 0xC004, 0xC004, 0xC003,
  0xC003, 0xC003, 0xC004, 0xC004, 0xC004, 0xC003, 0xC003, 0x0003, 0x0003, 0x0003,
  0x0003, 0x0003, 0x0003, 0x0003, 0x0003, 0x0003, 0x0003, 0x0003, 0x0003, 0x0003,
  0x0003, 0x0003, 0x0003, 0x0003, 0x0003, 0x0003, 0x0003, 0x0003, 0x0003, 0x0003,
  0x0003, 0x0003, 0x0003, 0x0003, 0x0003, 0x0003, 0x0003, 0x0003, 0x0003, 0x0003,
  0x0003, 0x0003, 0x0003, 0x0003, 0x0003, 0xC004, 0x4683, 0xC004, 0x0003, 0x0003,
  0x0003, 0x0003, 0x0003, 0x0003, 0x0003, 0x0003, 0x0003, 0x0003, 0xC004, 0xC004,
  0xC006, 0xC006, 0xC004, 0xC004, 0xC004, 0xC004, 0xC004, 0xC004, 0xC004, 0xC004,
  0xC004, 0x0003, 0xC004, 0xC004, 0xC004, 0xC004, 0xC004, 0x0003, 0xC004, 0x0003,
  0xC004, 0xC004, 0x0003, 0xC004, 0xC004, 0x0003, 0xC004, 0xC004, 0xC004, 0xC004,
  0xC004, 0xC004, 0xC004, 0xC004, 0xC004, 0x0003, 0x0003, 0x0003, 0x0003, 0x0003,
  0x0003, 0x0003, 0x0003, 0x0003, 0x0003, 0x0003, 0x0003, 0x0003, 0x0003, 0x0003,
  0x0003, 0x0003, 0x0003, 0x0003, 0x0003, 0x0003, 0x0003, 0x0003, 0x0003, 0x0003,
  0x0003, 0x0003, 0x0003, 0x0003, 0x0003, 0x0003, 0x0003, 0x0003, 0x0003, 0x0003,
  0x0003, 0x0003, 0x0003, 0x0003, 0x0003, 0x0003, 0x0003, 0x0003, 0x0003, 0x0003,
  0x0003, 0x0003, 0x0003, 0x0003, 0x7983, 0x7983, 0x7983, 0x7983, 0x7983, 0x7983,
  0x7983, 0x7703, 0x7703, 0x7703, 0x7703, 0x7703, 0x7703, 0x7703, 0x7983, 0x7983,
  0x0003, 0x0003, 0x0003, 0x0003, 0x0003, 0x0003, 0x0003, 0x0003, 0x0003, 0x0003,
  0x0003, 0x0003, 0x0003, 0x0003, 0x0003, 0x0003, 0x0004, 0x0004, 0x0004, 0x0004,
  0x0004, 0x0004, 0x0004, 0x0004, 0x0004, 0x0004, 0x0004, 0x0004, 0x0004, 0x0004,
  0x0004, 0x0004, 0x0004, 0x0004, 0x0004, 0x0004, 0x0004, 0x0004, 0x0004, 0x0004,
  0x0004, 0x0004, 0x0004, 0x0004, 0x0004, 0x0004, 0x0004, 0x0004, 0x0004, 0x0004,
  0x0004, 0x0004, 0x0004, 0x0004, 0x0004, 0x0004, 0x0004, 0x0004, 0x0004, 0x0004,
  0x0004, 0x0004, 0x0004, 0x0004, 0x0004, 0x0004, 0x0004, 0x0004, 0x0004, 0x0004,
  0x0004, 0x0004, 0x0004, 0x0004, 0x0004, 0x0004, 0x0004, 0x0004, 0x0004, 0x0004,
  0x7704, 0x0004, 0x0004, 0x0004, 0x0004, 0x0004, 0x0004, 0x0004, 0x0004, 0x0004,
  0x0004, 0x0004, 0x0004, 0x0004, 0x0004, 0x0004, 0x0004, 0x0004, 0x0004, 0x0004,
  0x0004, 0x0004, 0x0004, 0x0004, 0x0004, 0x0004, 0x0004, 0x0004, 0x0004, 0x0004,
  0x0004, 0x0004, 0x0004, 0x0004, 0x0004, 0x0004, 0x0004, 0x0004, 0x0004, 0x0004,
  0x0004, 0x0004, 0x0004, 0x0004, 0x0004, 0x0004, 0x0004, 0x0004, 0x0004, 0x0004,
  0x0004, 0x0004, 0x0004, 0x0004, 0x0004, 0x7984, 0x7984, 0x7984, 0x7984, 0x7984,
  0x0004, 0x0004, 0x0004, 0x0004, 0x0004, 0x0004, 0x0004, 0x0004, 0x0004, 0x0006,
  0x0004, 0x0004, 0x0004, 0x0004, 0x0004, 0x0004, 0x0004, 0x0004, 0x0004, 0x0004,
  0x0004, 0x0004, 0x0004, 0x0004, 0x0004, 0x0004, 0x0004, 0x0004, 0x0004, 0x0004,
  0x0004, 0x0004, 0x0004, 0x0004, 0x0004, 0x0004, 0x0006, 0x0004, 0x0004, 0x0004,
  0x0004, 0x0004, 0x0004, 0x0004, 0x0004, 0x0004, 0x0004, 0x0004, 0x0004, 0x0004,
  0x0004, 0x0004, 0x0004, 0x0004, 0x0004, 0x0004, 0x0004, 0x0004, 0x0004, 0x0004,
  0x0004, 0x0004, 0x0004, 0x0004, 0x7704, 0x0004, 0x7984, 0x0004, 0x0004, 0x0004,
  0x0004, 0x0004, 0x0004, 0x0004, 0x0004, 0x0004, 0x0004, 0x0004, 0x0004, 0x0004,
  0x0004, 0x0004, 0x0004, 0x0004, 0x0004, 0x0004, 0x0004, 0x0004, 0x0004, 0x0004,
  0x0004, 0x0004, 0x0004, 0x0004, 0x0004, 0x0004, 0x0004, 0x0004, 0x0004, 0x0004,
  0x0004, 0x0004, 0x0004, 0x0004, 0x0004, 0x0004, 0x0004, 0x7984, 0x4044, 0x7704,
  0x0004, 0x0004, 0x0004, 0x0004, 0x4244, 0x0004, 0x0004, 0x0004, 0x0004, 0x0004,
  0x0004, 0x0004, 0x0004, 0x0004, 0x0004, 0x0004, 0x0004, 0x0004, 0x0004, 0x0004,
  0x0004, 0x0004, 0x0004, 0x0004, 0x0004, 0x0004, 0x0004, 0x0004, 0x0004, 0x0004,
  0x0004, 0x0004, 0x0004, 0x0004, 0x0004, 0x0004, 0x0004, 0x0004, 0x0004, 0x0004,
  0x0004, 0x0004, 0x7984, 0x7704, 0x0004, 0x0004, 0x0004, 0x0004, 0x0004, 0x0004,
  0x0004, 0x0004, 0x0004, 0x0004, 0x0004, 0x0004, 0x0004, 0x0004, 0x0004, 0x0004,
  0x0004, 0x0004, 0x0004, 0x0004, 0x0004, 0x0004, 0x0004, 0x0004, 0x0004, 0x0004,
  0x0004, 0x0004, 0x0004, 0x0004, 0x0004, 0x0004, 0x0004, 0x0004, 0x0004, 0x0004,
  0x7984, 0x7984, 0x7984, 0x7984, 0x0004, 0x0004, 0x0004, 0x0004, 0x0004, 0x0004,
  0x0004, 0x0004, 0x0004, 0x0004, 0x0004, 0x0004, 0x0004, 0x0004, 0x0004, 0x0004,
  0x0004, 0x0004, 0x0004, 0x0004, 0x0004, 0x0004, 0x0004, 0x0004, 0x0004, 0x0004,
  0x0004, 0x0004, 0x0004, 0x0004, 0x0004, 0x0004, 0x0004, 0x0004, 0x0004, 0x0004,
  0x0004, 0x0004, 0x0004, 0x0004, 0x0004, 0x7984, 0x7984, 0x7984, 0x7984, 0x7984,
  0x0004, 0x0004, 0x0004, 0x0004, 0x0004, 0x0004, 0x0004, 0x0004, 0x0004, 0x0004,
  0x0004, 0x0004, 0x0004, 0x0004, 0x0004, 0x0004, 0x0004, 0x0004, 0x0004, 0x0004,
  0x0004, 0x0004, 0x0004, 0x0004, 0x0004, 0x0004, 0x0004, 0x0004, 0x0004, 0x0004,
  0x0004, 0x0004, 0x0004, 0x0004, 0x0004, 0x0004, 0x0004, 0x0004, 0x0004, 0x0004,
  0x0004, 0x0004, 0x0004, 0x7984, 0x7984, 0x0004, 0x0004, 0x0004, 0x0004, 0x0004,
  0x0004, 0x0004, 0x0004, 0x0004, 0x0004, 0x0004, 0x0004, 0x0004, 0x0004, 0x0004,
  0x0004, 0x0004, 0x0004, 0x0004, 0x0004, 0x0004, 0x0004, 0x0004, 0x0004, 0x0004,
  0x0004, 0x0004, 0x0004, 0x0004, 0x0004, 0x0004, 0x0004, 0x0004, 0x0004, 0x0004,
  0x0004, 0x0004, 0x0004, 0x0004, 0x0004, 0x0004, 0x0004, 0x0004, 0x0004, 0x0004,
  0x0004, 0x0004, 0x0004, 0x0004, 0x0004, 0x0004, 0x0004, 0x0004, 0x0004, 0x0004,
  0x0004, 0x0004, 0x0004, 0x7704, 0x7704, 0x0004, 0x7704, 0x7704, 0x7704, 0x0004,
  0x0004, 0x0004, 0x0004, 0x0004, 0x0004, 0x7704, 0x7704, 0x7984, 0x7984, 0x7984,
  0x7704, 0x7984, 0x7704, 0x7704, 0x7704, 0x7704, 0x0004, 0x0004, 0x0004, 0x0004,
  0x0004, 0x0004, 0x0004, 0x0004, 0x0004, 0x0004, 0x0004, 0x0004, 0x0004, 0x0004,
  0x0004, 0x0004, 0x0004, 0x0004, 0x0004, 0x0004, 0x0004, 0x0004, 0x0004, 0x0004,
  0x0004, 0x0004, 0x0004, 0x0004, 0x0004, 0x0004, 0x0004, 0x0004, 0x0004, 0x0004,
  0x0004, 0x0004, 0x0004, 0x0004, 0x0004, 0x0004, 0x0004, 0x0004, 0x0004, 0x0004,
  0x0004, 0x0004, 0x0004, 0x7984, 0x7704, 0x7984, 0x7704, 0x0004, 0x0004, 0x0004,
  0x0004, 0x0004, 0x0004, 0x0004, 0x0004, 0x0004, 0x0004, 0x0004, 0x0004, 0x0004,
  0x0004, 0x0004, 0x0004, 0x0004, 0x0004, 0x0004, 0x0004, 0x0004, 0x0004, 0x0004,
  0x0004, 0x0004, 0x0004, 0x0004, 0x0004, 0x0004, 0x0004, 0x0004, 0x0004, 0x0004,
  0x0004, 0x0004, 0x0004, 0x0004, 0x0004, 0x0004, 0x0004, 0x0004, 0x0004, 0x0004,
  0x0004, 0x0004, 0x0004, 0x0004, 0x0004, 0x0004, 0x0004, 0x0004, 0x0004, 0x0004,
  0x0004, 0x0004, 0x0004, 0x0004, 0x0004, 0x4244, 0x0004, 0x0004, 0x0004, 0x0004,
  0x0004, 0x0004, 0x0004, 0x0004, 0x0004, 0x0004, 0x0004, 0x0004, 0x0004, 0x0004,
  0x0004, 0x0004, 0x0004, 0x0004, 0x0004, 0x0004, 0x0004, 0x0004, 0x0004, 0x0004,
  0x0004, 0x0004, 0x0004, 0x0004, 0x0004, 0x0004, 0x0004, 0x0004, 0x0004, 0x0004,
  0x0004, 0x0004, 0x0004, 0x0004, 0x0004, 0x0004, 0x0004, 0x4244, 0x0004, 0x0004,
  0x0004, 0x0004, 0x0004, 0x0004, 0x0004, 0x0004, 0x0004, 0x0004, 0x0004, 0x0004,
  0x0004, 0x0004, 0x4244, 0x0004, 0x0004, 0x0004, 0x0004, 0x0004, 0x0004, 0x0004,
  0x0004, 0x0004, 0x0004, 0x0004, 0x0004, 0x0004, 0x0004, 0x0004, 0x0004, 0x0004,
  0x0004, 0x0004, 0x0004, 0x0004, 0x0004, 0x0004, 0x0004, 0x0004, 0x0004, 0x0008,
  0x0004, 0x0008, 0x0004, 0x0004, 0x0004, 0x0004, 0x0004, 0x0004, 0x0004, 0x0004,
  0x0004, 0x0004, 0x0004, 0x0004, 0x0004, 0x0004, 0x0008, 0x0004, 0x0004, 0x0004,
  0x0004, 0x0004, 0x0004, 0x0004, 0x0004, 0x0004, 0x0004, 0x0004, 0x0004, 0x0004,
  0x4244, 0xC1C4, 0x0004, 0x0004, 0x0004, 0x0004, 0x0004, 0x7984, 0x7984, 0x7984,
  0x0004, 0x0004, 0x0004, 0x0004, 0x0004, 0x0004, 0x0004, 0x0004, 0x0004, 0x0004,
  0x0004, 0x0004, 0x0004, 0x0004, 0x0004, 0x0004, 0x0004, 0x0004, 0x0004, 0x0004,
  0x0004, 0x0004, 0x0004, 0x0004, 0x0004, 0x0004, 0x0004, 0x0004, 0x0004, 0x0004,
  0x0004, 0x0004, 0x0004, 0x0004, 0x0004, 0x0004, 0xC004, 0x0004, 0x0004, 0x0004,
  0x0004, 0x0004, 0x0004, 0x0008, 0x0008, 0x0004, 0x0004, 0x0004, 0x4244, 0x4244,
  0x0004, 0x0004, 0x0004, 0x0004, 0x0004, 0x0004, 0x0004, 0x0004, 0x0004, 0x0004,
  0x0004, 0x0004, 0x0004, 0x0004, 0x0004, 0x0004, 0x0004, 0x0004, 0x0004, 0x0004,
  0x0004, 0x0004, 0x0004, 0x0004, 0x0004, 0x0004, 0x0004, 0x0004, 0x0004, 0x0004,
  0x0004, 0x0004, 0x0004, 0x0004, 0x0004, 0x0004, 0x0004, 0x0004, 0x0004, 0x0004,
  0x0004, 0x0004, 0x0004, 0x0004, 0x0004, 0x0004, 0x0004, 0x0004, 0x0004, 0x0004,
  0x0004, 0x41C4, 0x0004, 0x0004, 0x0004, 0x0004, 0x0004, 0x0004, 0x0004, 0x0004,
  0x0004, 0x0004, 0x0004, 0x0004, 0x4244, 0x0004, 0x0004, 0x0004, 0x0004, 0x0004,
  0x0004, 0x0004, 0x0004, 0x0004, 0x41C4, 0x0004, 0x0004, 0x0004, 0x0004, 0x0004,
  0x0004, 0x0004, 0x0004, 0x0004, 0x0004, 0x0004, 0x0004, 0x0004, 0x0004, 0x0004,
  0x0004, 0x0004, 0x0004, 0x0004, 0x0004, 0x0004, 0x0004, 0x0004, 0x0004, 0x0004,
  0x0004, 0x0004, 0x0004, 0x0004, 0x0004, 0x0004, 0x0004, 0x0004, 0x0004, 0x0004,
  0x0004, 0x0004, 0x0004, 0x0004, 0x0004, 0x0004, 0x0004, 0x0004, 0x0004, 0x0004,
  0x0004, 0x0004, 0x0004, 0x0004, 0x0004, 0x0004, 0x0004, 0x0004, 0x4244, 0x41C4,
  0x0004, 0x0004, 0x0004, 0x0004, 0x0004, 0x0004, 0x0004, 0x0004, 0x0004, 0x0004,
  0x0004, 0x0004, 0x0004, 0x0004, 0x0004, 0x0004, 0x0004, 0x0004, 0x0004, 0x0004,
  0x0004, 0x0004, 0x0004, 0x0004, 0x0004, 0x0004, 0x0004, 0x0004, 0x0004, 0x0004,
  0x0004, 0x0004, 0x0004, 0x0004, 0x0004, 0x0004, 0x0004, 0x0004, 0x0004, 0x0004,
  0x0004, 0x41C4, 0x4244, 0x0004, 0x0004, 0x0004, 0x0004, 0x0004, 0x0004, 0x0004,
  0x0004, 0x0004, 0x0004, 0x0004, 0x0004, 0x0004, 0x0004, 0x0004, 0x0004, 0x0004,
  0x0004, 0x0004, 0x0004, 0x0004, 0x0004, 0x0004, 0x0004, 0x0004, 0x0004, 0x0004,
  0x0004, 0x0004, 0x0004, 0x0004, 0x0004, 0x0004, 0x0004, 0x0004, 0x0004, 0x0004,
  0x0004, 0x0004, 0x0004, 0x0004, 0x0004, 0x0004, 0x0004, 0x0004, 0x0004, 0x0004,
  0x0004, 0x0004, 0x0004, 0x0004, 0x0004, 0x0004, 0x0004, 0x0004, 0x0004, 0x0004,
  0x0004, 0x0004, 0x41C4, 0x41C4, 0x0004, 0xC004, 0x0004, 0x0004, 0x0004, 0x0004,
  0x0004, 0x0004, 0x0004, 0x0004, 0x0004, 0x0004, 0x0004, 0x0008, 0x0008, 0x4244,
  0x0004, 0x0004, 0x0004, 0x0004, 0x0004, 0x0004, 0x0004, 0x0004, 0x0004, 0xC004,
  0x0004, 0x0004, 0x0004, 0x0004, 0x0004, 0x0004, 0x0004, 0x0004, 0x0004, 0x0004,
  0x0004, 0x0004, 0x0004, 0x0004, 0x7984, 0x7984, 0x7984, 0x7984, 0x7984, 0x7984,
  0x7984, 0x0004, 0x0004, 0x0004, 0x7984, 0x7984, 0x7984, 0x7984, 0x7984, 0x0004,
  0x0004, 0x0004, 0x0004, 0x0004, 0x0004, 0x0004, 0x0004, 0x0004, 0x0004, 0x0004,
  0x0008, 0x0004, 0x0008, 0x0004, 0x0004, 0x0004, 0x0004, 0x0004, 0x0004, 0x0004,
  0x0004, 0x0008, 0x0004, 0x0004, 0x0008, 0x0004, 0x0004, 0x0004, 0x0004, 0x0004,
  0x0004, 0x0004, 0x0004, 0x0004, 0x0004, 0x0004, 0x0004, 0x0004, 0x0004, 0x0004,
  0x0004, 0x0004, 0x0004, 0x0004, 0x0004, 0x0004, 0x0004, 0x0004, 0x0004, 0x0004,
  0x0004, 0x0004, 0x0004, 0x0004, 0x0004, 0x0004, 0x0004, 0x0004, 0x0004, 0x0004,
  0x0004, 0x0004, 0x0004, 0xC004, 0x0004, 0x0004, 0xC004, 0x0004, 0x0004, 0x0004,
  0x0004, 0xC004, 0x0004, 0x0004, 0xC008, 0x0004, 0xC008, 0xC008, 0xC004, 0x0004,
  0x0004, 0x0004, 0x0004, 0x4244, 0x4244, 0x4244, 0x0004, 0x0004, 0x0004, 0x0004,
  0x0004, 0x0004, 0x0004, 0x0004, 0x0004, 0x0004, 0x0004, 0x0004, 0x0004, 0x0004,
  0x0004, 0x0004, 0x0004, 0x0004, 0x0004, 0x0004, 0x0004, 0x0004, 0x0004, 0x0004,
  0x0004, 0x0004, 0x0004, 0x0004, 0x0004, 0x0004, 0x0004, 0x0004, 0x0004, 0x0004,
  0x0004, 0x0004, 0x0004, 0x0004, 0x0004, 0x0004, 0x0004, 0x0004, 0x0004, 0x0004,
  0x0004, 0x0004, 0x0004, 0x4244, 0x0004, 0x0004, 0x0004, 0x41C4, 0x0004, 0x0004,
  0x0004, 0x0004, 0x0004, 0x0004, 0x0004, 0x0004, 0x0004, 0x0004, 0x0004, 0x0004,
  0x0004, 0x0004, 0x0004, 0x0004, 0x0004, 0x0004, 0x0004, 0x0004, 0x0004, 0x0004,
  0x0004, 0x7984, 0x0004, 0x0004, 0x0004, 0x0004, 0x0004, 0x0004, 0x0004, 0x0004,
  0x0004, 0x0004, 0x0004, 0x0004, 0x0004, 0x0004, 0x0004, 0x0004, 0x0004, 0x0004,
  0x0004, 0x0004, 0x0004, 0x0004, 0x0004, 0x0004, 0x0004, 0x0004, 0x0004, 0x0004,
  0x0004, 0x0004, 0x0004, 0x0004, 0x0004, 0x0004, 0x0004, 0x0004, 0x0004, 0x0004,
  0x0004, 0x0004, 0x0004, 0x0004, 0x0004, 0x0004, 0x0004, 0x0004, 0x0004, 0x0004,
  0xC004, 0x0004, 0x0004, 0x0004, 0x0004, 0x0004, 0x0004, 0x0004, 0x0004, 0x0004,
  0xC004, 0x0008, 0x0008, 0xC004, 0x0008, 0x0004, 0x0004, 0x4244, 0x41C4, 0x0004,
  0x0004, 0x0004, 0x0004, 0x0004, 0x0004, 0x0004, 0x0004, 0x0004, 0x0004, 0x0004,
  0x0004, 0x0004, 0x0004, 0x0004, 0x0004, 0x0004, 0x0004, 0x0004, 0x0004, 0x0004,
  0x0004, 0x0004, 0x0004, 0x0004, 0x0004, 0x0004, 0x0004, 0x0004, 0x0004, 0x0004,
  0x0004, 0x0004, 0x0004, 0x0004, 0x0004, 0x0004, 0x0004, 0x0004, 0x0004, 0x0004,
  0x0004, 0x0004, 0x0004, 0x0004, 0x0004, 0x0004, 0x0004, 0x0004, 0x0004, 0x0004,
  0x0004, 0x0004, 0x0004, 0x0004, 0x0004, 0x0004, 0x0004, 0x0004, 0x0004, 0xC004,
  0x0004, 0x0004, 0x0004, 0x0004, 0x0004, 0x0004, 0x0004, 0x0004, 0x0004, 0x0004,
  0x0008, 0x0008, 0x0004, 0x0004, 0x0004, 0x4244, 0x41C4, 0x0004, 0x0004, 0x0004,
  0x0004, 0x0004, 0x0004, 0x0004, 0x0004, 0x0004, 0x0004, 0x0004, 0x0004, 0x0004,
  0x0004, 0x0004, 0x0004, 0x0004, 0x0004, 0x0004, 0x0004, 0x0004, 0x0004, 0x0004,
  0x0004, 0x0004, 0x0004, 0x0004, 0x0004, 0x0004, 0x0004, 0x0004, 0x0004, 0x0004,
  0x0004, 0x0004, 0x0004, 0x0004, 0x0004, 0x0004, 0x0004, 0x0004, 0x0004, 0x0004,
  0x0004, 0x0004, 0x0004, 0x0004, 0x0004, 0x0004, 0x0004, 0x0004, 0x0004, 0x0004,
  0x0004, 0x0004, 0x0004, 0x0004, 0x0004, 0x0004, 0x0004, 0x0004, 0x0004, 0x0004,
  0x4244, 0x41C4, 0x0004, 0x0004, 0x0004, 0x0004, 0x0004, 0x0004, 0x0004, 0x0004,
  0x0004, 0x0004, 0x0004, 0x0004, 0x0004, 0x0004, 0x0004, 0x0004, 0x0004, 0x0004,
  0x0004, 0x0004, 0x0004, 0x0004, 0x0004, 0x0004, 0x0004, 0x0004, 0x0004, 0x0004,
  0x0004, 0x0004, 0x0004, 0x0004, 0x0004, 0x0004, 0x0004, 0x0004, 0x0004, 0x0004,
  0x0004, 0x0004, 0x0004, 0x0004, 0x0004, 0x0004, 0x0004, 0x0004, 0x0004, 0x0004,
  0xC004, 0x0004, 0x0004, 0x0004, 0x0004, 0x0004, 0x0004, 0x0004, 0x0008, 0x0004,
  0x0004, 0x0004, 0x0004, 0x4244, 0x4244, 0x0004, 0x0004, 0x0004, 0x41C4, 0x0004,
  0x0004, 0x0004, 0x0004, 0x0004, 0x0004, 0x0004, 0x0004, 0x0004, 0x0004, 0x0004,
  0x0004, 0x0004, 0x0004, 0x0004, 0x0004, 0x0004, 0x0004, 0x0004, 0x0004, 0x0004,
  0x0004, 0x0004, 0x0004, 0x0004, 0x0004, 0x0004, 0x0004, 0x0004, 0x0004, 0x0004,
  0x0004, 0x0004, 0x0004, 0x0004, 0x0004, 0x0004, 0x0004, 0x0004, 0x0004, 0x0004,
  0x0004, 0x0004, 0x0004, 0x0004, 0x0004, 0x0004, 0x0004, 0x0004, 0x0004, 0x0004,
  0x0004, 0x0004, 0x0004, 0x0004, 0x0004, 0x0004, 0x0004, 0x0004, 0x0004, 0x4244,
  0x0004, 0x0004, 0x0004, 0x0004, 0x0004, 0x0004, 0x0004, 0x0004, 0x0004, 0x0004,
  0x0004, 0x0004, 0x0004, 0x0004, 0x0004, 0x0004, 0x0004, 0x0004, 0x0004, 0x0004,
  0x0004, 0x0004, 0x0004, 0x0004, 0x0004, 0x0004, 0x0004, 0x0004, 0x0004, 0x0004,
  0x0004, 0x0004, 0x0004, 0x0004, 0x0004, 0x0004, 0x0004, 0x0004, 0x0004, 0x0004,
  0x0004, 0x0004, 0x0004, 0x0004, 0x0004, 0x0004, 0x0004, 0x0004, 0x0004, 0x0004,
  0x0004, 0x0004, 0x0004, 0x0004, 0x0004, 0x0004, 0x41C4, 0x0004, 0x4244, 0x4244,
  0x0004, 0x0004, 0x0004, 0x0004, 0x0004, 0x0004, 0x0004, 0x0004, 0x0004, 0x0004,
  0x0004, 0x0004, 0x0004, 0x0004, 0x0004, 0x0004, 0x0004, 0x0004, 0x0004, 0x0004,
  0x0004, 0x0004, 0x0004, 0x0004, 0x0004, 0x0004, 0x0004, 0x0004, 0x0004, 0x0004,
  0x0004, 0x0004, 0x0004, 0x0004, 0x0004, 0x0004, 0x0004, 0x0004, 0x0004, 0x0004,
  0x0004, 0x0004, 0x0004, 0x0004, 0x0004, 0x0004, 0x0004, 0x0004, 0x0004, 0x0004,
  0x0004, 0x0004, 0x0004, 0x0004, 0x0004, 0x0004, 0x0004, 0x0004, 0x0004, 0x0004,
  0x0004, 0xC004, 0xC004, 0xC004, 0xC008, 0xC008, 0xC008, 0xC008, 0xC008, 0xC00C,
  0xC00C, 0xC00C, 0xC004, 0x0004, 0x0004, 0x0004, 0x0004, 0x0004, 0x4244, 0x0004,
  0x0004, 0x0004, 0x0004, 0x0004, 0x0004, 0x0004, 0x0004, 0x0004, 0x0004, 0x0004,
  0x0004, 0x0004, 0x0004, 0x0004, 0x0004, 0x0004, 0x0004, 0x0004, 0x0004, 0x0004,
  0x0004, 0x0004, 0x0004, 0x0004, 0x0004, 0x0004, 0x0004, 0x0004, 0x0004, 0x0004,
  0x0004, 0x0004, 0x0004, 0x0004, 0x0004, 0x0004, 0x0004, 0x0004, 0x0004, 0x0004,
  0x0004, 0x0004, 0x0004, 0x0004, 0x0004, 0x0004, 0x0004, 0x4044, 0x4044, 0x4044,
  0x4044, 0x4044, 0x0004, 0x0004, 0x0004, 0x0004, 0x0004, 0x0004, 0x0004, 0x0004,
  0x0004, 0x0004, 0x0004, 0x0004, 0x0004, 0x0004, 0x0004, 0x0004, 0x0004, 0x0004,
  0x0004, 0x0004, 0x0004, 0x0004, 0x0004, 0x0004, 0x0004, 0x0004, 0x0004, 0x0004,
  0x0004, 0x0004, 0x0004, 0x0004, 0x0004, 0x0004, 0x0004, 0x0004, 0x0004, 0x0004,
  0x0004, 0x0004, 0x0004, 0x0004, 0x0004, 0x0004, 0x0004, 0x0004, 0x0004, 0x0004,
  0x7984, 0x7984, 0x7984, 0x7984, 0x7984, 0x7984, 0x7984, 0x0004, 0x0004, 0x0004,
  0x0004, 0x0004, 0x0004, 0x0004, 0x0004, 0x0004, 0x0004, 0x0004, 0x0004, 0x0004,
  0x0004, 0x0004, 0x0004, 0x0004, 0x0004, 0x0004, 0x0004, 0x0004, 0x0004, 0x0004,
  0x0004, 0x0004, 0x0004, 0x0004, 0x0004, 0x0004, 0x0004, 0x0004, 0x0004, 0x0004,
  0x0004, 0x0004, 0x0004, 0x0004, 0x0004, 0x0004, 0xC004, 0xC008, 0x0008, 0x000C,
  0x0004, 0x0004, 0x0004, 0x0004, 0x0004, 0x0004, 0x0004, 0x0004, 0x0004, 0x0004,
  0x0004, 0x0004, 0x0004, 0x0004, 0x0004, 0x0004, 0x0004, 0x0004, 0x0004, 0x0004,
  0x0004, 0x0004, 0x0004, 0x0004, 0x0004, 0x0004, 0x0004, 0x0004, 0x0004, 0x0004,
  0x0004, 0x0004, 0x0004, 0x0004, 0x0004, 0x0004, 0x0004, 0x0004, 0x0004, 0x0004,
  0x0004, 0x0004, 0x0004, 0x0004, 0x0004, 0x0004, 0x0004, 0x0004, 0x4184, 0x4184,
  0x0004, 0x0004, 0x0004, 0x0004, 0x0004, 0x0004, 0x0004, 0x0004, 0x0004, 0x0004,
  0x0004, 0x0004, 0x0004, 0x0004, 0x0004, 0x0004, 0x0004, 0x0004, 0x0004, 0x0004,
  0x0004, 0x0004, 0x0004, 0x0004, 0x0004, 0x0004, 0x0004, 0x0004, 0x0004, 0x0004,
  0x4044, 0x0004, 0x0004, 0x0004, 0x0004, 0x0004, 0x0004, 0x0004, 0x0004, 0x0004,
  0x0004, 0x0004, 0x0004, 0x0004, 0x0004, 0x0004, 0x0004, 0x0004, 0x0004, 0x0004,
  0x0004, 0x0004, 0x0004, 0x0004, 0x0004, 0x0004, 0x0004, 0x0004, 0x0004, 0x0004,
  0x0004, 0x0004, 0x0004, 0x0004, 0xC008, 0xC008, 0xC00C, 0xC00C, 0xC00C, 0xC00C,
  0xC00C, 0x7604, 0x7604, 0x4044, 0x4044, 0x4044, 0x0004, 0x0004, 0x0004, 0x7884,
  0x7604, 0x7604, 0x7604, 0x7604, 0x7604, 0x0004, 0x0004, 0x0004, 0x0004, 0x0004,
  0x0004, 0x0004, 0x0004, 0x7704, 0x7704, 0x7704, 0x7704, 0x7704, 0x0004, 0x0004,
  0x7984, 0x7984, 0x7984, 0x7984, 0x7984, 0x7704, 0x7704, 0x0004, 0x0004, 0x0004,
  0x0004, 0x0004, 0x0004, 0x0004, 0x0004, 0x0004, 0x0004, 0x0004, 0x0004, 0x0004,
  0x0004, 0x0004, 0x0004, 0x0004, 0x0004, 0x0004, 0x0004, 0x0004, 0x0004, 0x0004,
  0x0004, 0x0004, 0x0004, 0x0004, 0x0004, 0x0004, 0x0004, 0x7984, 0x7984, 0x7984,
  0x7984, 0x0004, 0x0004, 0x0004, 0x0004, 0x0004, 0x0004, 0x0004, 0x0004, 0x0004,
  0x0004, 0x0004, 0x0004, 0x0004, 0xC008, 0xC008, 0xC00C, 0xC00C, 0xC00C, 0x0004,
  0x0004, 0x0004, 0x0004, 0x0004, 0x0004, 0x0004, 0x0004, 0x0004, 0x0004, 0x0004,
  0x0004, 0x0004, 0x0004, 0x0004, 0x0004, 0x0004, 0x0004, 0x0004, 0x0004, 0x0004,
  0x0004, 0x0004, 0x0004, 0x0004, 0x0004, 0x0004, 0x0004, 0x0004, 0x0004, 0x0004,
  0x0004, 0x0004, 0x0004, 0x0004, 0x0004, 0x0004, 0x0004, 0x0004, 0x0004, 0x0004,
  0x0004, 0x0004, 0x0004, 0x0004, 0x0004, 0x0004, 0x0004, 0x0004, 0x0004, 0x0004,
  0x0004, 0x0004, 0x0004, 0x0004, 0x0004, 0x0004, 0x0004, 0x0004, 0x0004, 0x0004,
  0x0004, 0x0004, 0x7984, 0x7984, 0x7984, 0x0004, 0x0004, 0x0004, 0x0004, 0x0004,
  0x0004, 0x0004, 0x0004, 0x0004, 0x0004, 0x0004, 0x0004, 0x0004, 0x0004, 0x0004,
  0x0004, 0x0004, 0x0004, 0x0004, 0x0004, 0x0004, 0x0004, 0x0004, 0x0004, 0x0004,
  0x0004, 0x0004, 0x0004, 0x0004, 0x0004, 0x0004, 0x0004, 0x0004, 0x0004, 0x0004,
  0x0004, 0x0004, 0x0004, 0x0004, 0x0004, 0x0004, 0x0004, 0x0004, 0x0004, 0x0004,
  0x0004, 0x0004, 0x0004, 0x0004, 0x0004, 0x0004, 0x0004, 0x0004, 0x0004, 0x0004,
  0x0004, 0x0004, 0x0004, 0x0004, 0x7984, 0x7984, 0x7984, 0x7984, 0x7984, 0x7984,
  0x7984, 0x0004, 0x7984, 0x7984, 0x7984, 0x7984, 0x7984, 0x7984, 0x7984, 0x7984,
  0x7984, 0x7984, 0x7984, 0x7984, 0x7984, 0x7984, 0x7984, 0x7984, 0x7984, 0x0004,
  0x0004, 0x7984, 0x7984, 0x7984, 0x7984, 0x7984, 0x7984, 0x7984, 0x0004, 0x7984,
  0x7984, 0x0004, 0x7984, 0x7984, 0x7984, 0x7984, 0x7984, 0x0004, 0x0004, 0x0004,
  0x0004, 0x0004, 0x0004, 0x0004, 0x0004, 0x0004, 0x0004, 0x0004, 0x0004, 0x0004,
  0x0004, 0x0004, 0x0004, 0x0004, 0x0004, 0x0004, 0x0004, 0x0004, 0x0004, 0x0004,
  0x0004, 0x0004, 0x0004, 0x0004, 0x0004, 0x0004, 0x0004, 0x0004, 0x0004, 0x0004,
  0x0004, 0x0004, 0x0004, 0x0004, 0x0004, 0x0004, 0x0004, 0x0004, 0x0004, 0x0004,
  0x0004, 0x0004, 0x0004, 0x7984, 0x0004, 0x0004, 0x0004, 0x0004, 0x0004, 0x0004,
  0x0004, 0x0004, 0x0004, 0x0004, 0x0004, 0x0004, 0x0004, 0x0004, 0x0004, 0x0004,
  0x0004, 0x0004, 0x0004, 0x0004, 0x0004, 0x0004, 0x0004, 0x0004, 0x0004, 0x0004,
  0x0004, 0x0004, 0x0004, 0x0004, 0x0004, 0x0004, 0x0004, 0x0004, 0x0004, 0x0004,
  0x0004, 0x0004, 0x0004, 0x0004, 0x0004, 0x0004, 0x0004, 0x0004, 0x7984, 0x7984,
  0x7984, 0x7984, 0x0004, 0x0004, 0x0004, 0x0004, 0x0004, 0x0004, 0x0004, 0x0004,
  0x0004, 0x0004, 0x0004, 0x0004, 0x0004, 0x0004, 0x0004, 0x0004, 0x0004, 0x0004,
  0x0004, 0x0004, 0x0004, 0x0004, 0x0004, 0x0004, 0x0004, 0x0004, 0x0004, 0x0004,
  0x0004, 0x0004, 0x0004, 0x0004, 0x0004, 0x0004, 0x0004, 0x0004, 0x0004, 0x0004,
  0x0004, 0x0004, 0x0004, 0x0004, 0x0004, 0x0004, 0x7A04, 0x7A04, 0x7704, 0x7984,
  0x0004, 0x0004, 0x0004, 0x0004, 0x0004, 0x0004, 0x0004, 0x0004, 0x0004, 0x0004,
  0x0004, 0x0004, 0x0004, 0x0004, 0x0004, 0x0004, 0x0004, 0x0004, 0x0004, 0x0004,
  0x0004, 0x0004, 0x0004, 0x0004, 0x0004, 0x0004, 0x0004, 0x0004, 0x0004, 0x0004,
  0x0004, 0x0004, 0x0004, 0x0004, 0x0004, 0x0004, 0x0004, 0x0004, 0x0004, 0x0004,
  0x0004, 0x0004, 0x0004, 0x0004, 0x0004, 0x0004, 0x7984, 0x7704, 0x0004, 0x0004,
  0x0004, 0x0004, 0x0004, 0x0004, 0x0004, 0x0004, 0x0004, 0x0004, 0x0004, 0x0004,
  0x0004, 0x0004, 0x0004, 0x0004, 0x0004, 0x0004, 0x0004, 0x0004, 0x0004, 0x0004,
  0x0004, 0x0004, 0x0004, 0x0004, 0x0004, 0x0004, 0x0004, 0x0004, 0x0004, 0x0004,
  0x0004, 0x0004, 0x0004, 0x7984, 0x0004, 0x0004, 0x7984, 0x0004, 0x0004, 0x0004,
  0x0004, 0x0004, 0x0004, 0x0004, 0x7984, 0x7984, 0x0004, 0x0004, 0x0004, 0x0004,
  0x0004, 0x7984, 0x0004, 0x0004, 0x0004, 0x0004, 0x0004, 0x0004, 0x0004, 0x0004,
  0x0004, 0x0004, 0x0004, 0x0004, 0x0004, 0x0004, 0x0004, 0x0004, 0x7704, 0x7704,
  0x7704, 0x7704, 0x7704, 0x7704, 0x7704, 0x0004, 0x0004, 0x0004, 0x0004, 0x0004,
  0x0004, 0x0004, 0x0004, 0x0004, 0x0004, 0x0004, 0x0004, 0x0004, 0x0004, 0x0004,
  0x0004, 0x0004, 0x0004, 0x0004, 0x0004, 0x0004, 0x0004, 0x0004, 0x0004, 0x0004,
  0x0004, 0x0004, 0x0004, 0x0004, 0x0004, 0x0004, 0x0004, 0x0004, 0x0004, 0x0004,
  0x0004, 0x0004, 0x0004, 0x0004, 0x0004, 0x0004, 0x7984, 0x7984, 0x7984, 0x7984,
  0x7984, 0x7984, 0x41C4, 0x0004, 0x0004, 0x0004, 0x0004, 0x0004, 0x0004, 0x0004,
  0x0004, 0x0004, 0x0004, 0x0004, 0x0004, 0x0004, 0x0004, 0x0004, 0x0004, 0x0004,
  0x0004, 0x0004, 0x0004, 0x0004, 0x0004, 0x0004, 0x0004, 0x0004, 0x0004, 0x0004,
  0x0004, 0x0004, 0x0004, 0x0004, 0x0004, 0x0004, 0x0004, 0x0004, 0x0004, 0x0004,
  0x0004, 0x0004, 0x0004, 0x0004, 0x0004, 0x0004, 0x0004, 0x0004, 0x0004, 0x0004,
  0x0004, 0x0004, 0x0004, 0x0004, 0x0004, 0x0004, 0xC003, 0xC003, 0xC003, 0xC004,
  0xC003, 0xC003, 0xC003, 0xC003, 0xC003, 0xC003, 0xC003, 0xC003, 0xC003, 0xC004,
  0xC003, 0xC003, 0xC003, 0xC003, 0xC004, 0xC003, 0xC003, 0xC003, 0xC004, 0xC003,
  0xC003, 0xC003, 0xC003, 0xC003, 0xC004, 0xC003, 0xC003, 0xC003, 0xC003, 0xC003,
  0xC003, 0xC003, 0xC003, 0xC003, 0xC003, 0xC003, 0xC003, 0xC003, 0xC003, 0xC003,
  0xC003, 0xC003, 0xC003, 0xC003, 0xC003, 0xC003, 0xC003, 0xC003, 0xC004, 0xC003,
  0xC003, 0xC003, 0xC004, 0xC003, 0xC003, 0xC003, 0xC003, 0xC003, 0xC003, 0xC003,
  0xC003, 0xC003, 0xC003, 0xC003, 0xC003, 0xC003, 0xC003, 0xC003, 0xC003, 0xC003,
  0xC003, 0xC003, 0xC003, 0xC003, 0xC003, 0xC003, 0xC003, 0xC003, 0xC004, 0xC003,
  0xC003, 0xC003, 0xC003, 0xC003, 0xC003, 0xC004, 0xC004, 0xC003, 0xC003, 0xC003,
  0xC003, 0xC003, 0xC003, 0xC003, 0xC003, 0xC003, 0xC003, 0xC004, 0xC003, 0xC003,
  0xC003, 0xC003, 0xC004, 0xC003, 0xC003, 0xC003, 0xC003, 0xC003, 0xC003, 0xC003,
  0xC003, 0xC003, 0xC004, 0xC003, 0xC004, 0xC003, 0xC003, 0xC003, 0xC003, 0xC003,
  0xC003, 0xC003, 0xC003, 0xC003, 0xC004, 0xC003, 0xC003, 0xC003, 0xC003, 0xC003,
  0xC004, 0xC003, 0xC004, 0xC004, 0xC003, 0xC003, 0xC003, 0xC003, 0xC004, 0xC004,
  0xC003, 0xC003, 0xC003, 0xC003, 0xC003, 0xC003, 0xC003, 0xC003, 0xC003, 0xC003,
  0xC003, 0xC004, 0xC003, 0xC003, 0xC003, 0xC003, 0xC003, 0xC003, 0xC003, 0xC003,
  0xC003, 0xC003, 0xC003, 0xC003, 0xC003, 0xC003, 0xC003, 0xC003, 0xC003, 0xC003,
  0xC003, 0xC004, 0xC003, 0xC003, 0xC003, 0xC003, 0xC003, 0xC004, 0xC003, 0xC003,
  0xC003, 0xC003, 0xC003, 0xC003, 0xC003, 0xC003, 0xC003, 0xC003, 0xC004, 0xC003,
  0xC003, 0xC003, 0xC003, 0xC003, 0xC003, 0xC003, 0xC003, 0xC003, 0xC003, 0xC003,
  0xC003, 0xC003, 0xC003, 0xC003, 0xC003, 0xC003, 0xC003, 0xC004, 0xC003, 0xC003,
  0xC003, 0xC003, 0xC003, 0xC004, 0xC003, 0xC003, 0xC003, 0xC003, 0xC003, 0xC003,
  0xC003, 0xC003, 0xC004, 0xC003, 0xC003, 0xC003, 0xC004, 0xC003, 0xC003, 0xC003,
  0xC003, 0xC003, 0xC003, 0xC004, 0xC004, 0xC004, 0xC003, 0xC004, 0xC003, 0xC003,
  0xC003, 0xC003, 0xC003, 0xC003, 0xC004, 0xC003, 0xC003, 0xC003, 0xC003, 0xC003,
  0xC003, 0xC004, 0xC003, 0xC003, 0xC004, 0xC004, 0xC003, 0xC003, 0xC003, 0xC003,
  0xC003, 0xC003, 0xC003, 0xC003, 0xC003, 0xC004, 0xC003, 0xC004, 0xC003, 0xC004,
  0xC003, 0xC003, 0xC003, 0xC004, 0xC003, 0xC003, 0xC004, 0xC004, 0xC003, 0xC003,
  0xC003, 0xC003, 0xC003, 0xC003, 0xC003, 0xC003, 0xC003, 0xC003, 0xC003, 0xC003,
  0xC003, 0xC004, 0xC003, 0xC004, 0xC003, 0xC004, 0xC003, 0xC004, 0xC004, 0xC004,
  0xC003, 0xC003, 0xC004, 0xC004, 0xC004, 0xC004, 0xC003, 0xC003, 0xC003, 0xC003,
  0xC003, 0xC003, 0xC003, 0xC003, 0xC004, 0xC003, 0xC003, 0xC003, 0xC003, 0xC004,
  0xC003, 0xC004, 0xC004, 0xC003, 0xC003, 0xC003, 0xC003, 0xC003, 0xC003, 0xC004,
  0xC004, 0xC004, 0xC003, 0xC003, 0xC004, 0xC003, 0xC003, 0xC003, 0xC004, 0xC003,
  0xC003, 0xC003, 0xC003, 0xC003, 0xC004, 0xC003, 0xC003, 0xC003, 0xC003, 0xC003,
  0xC003, 0xC004, 0xC004, 0xC003, 0xC004, 0xC003, 0xC004, 0xC003, 0xC003, 0xC003,
  0xC004, 0xC004, 0xC003, 0xC004, 0xC003, 0xC003, 0xC003, 0xC003, 0xC003, 0xC003,
  0xC004, 0xC004, 0xC004, 0xC004, 0xC003, 0xC003, 0xC003, 0xC003, 0xC003, 0xC003,
  0xC003, 0xC003, 0xC003, 0xC003, 0xC003, 0xC003, 0xC004, 0xC003, 0xC003, 0xC003,
  0xC003, 0xC003, 0xC003, 0xC003, 0xC003, 0xC003, 0xC003, 0xC003, 0xC003, 0xC004,
  0xC004, 0xC004, 0xC003, 0xC003, 0xC003, 0xC003, 0xC004, 0xC003, 0xC004, 0xC003,
  0xC003, 0xC004, 0xC004, 0xC003, 0xC003, 0xC003, 0xC003, 0xC003, 0xC003, 0xC003,
  0xC003, 0xC003, 0xC003, 0xC003, 0xC003, 0xC003, 0xC003, 0xC004, 0xC003, 0xC003,
  0xC003, 0xC003, 0xC003, 0xC004, 0xC004, 0xC003, 0xC003, 0xC003, 0xC003, 0xC003,
  0xC003, 0xC004, 0xC003, 0xC003, 0xC003, 0xC003, 0xC004, 0xC004, 0xC003, 0xC003,
  0xC003, 0xC004, 0xC003, 0xC003, 0xC004, 0xC004, 0xC003, 0xC003, 0xC003, 0xC004,
  0xC003, 0xC003, 0xC003, 0xC003, 0xC003, 0xC003, 0xC003, 0xC004, 0xC003, 0xC003,
  0xC003, 0xC004, 0xC003, 0xC003, 0xC003, 0xC003, 0xC004, 0xC004, 0xC003, 0xC003,
  0xC003, 0xC004, 0xC003, 0xC004, 0xC003, 0xC003, 0xC003, 0xC003, 0xC003, 0xC003,
  0xC003, 0xC004, 0xC003, 0xC003, 0xC003, 0xC003, 0xC003, 0xC003, 0xC004, 0xC003,
  0xC004, 0xC004, 0xC004, 0xC003, 0xC003, 0xC003, 0xC003, 0xC003, 0xC003, 0xC003,
  0xC003, 0xC004, 0x0004, 0x0004, 0x0004, 0x0004, 0x0004, 0x0004, 0x0004, 0x0004,
  0x0004, 0x0004, 0x0004, 0x0004, 0x0004, 0x0004, 0x0004, 0x0004, 0x0004, 0x0004,
  0x0004, 0x0004, 0x0004, 0x0004, 0x0004, 0x0004, 0x0004, 0x0004, 0x0004, 0x0004,
  0x0004, 0x0004, 0x0004, 0x0004, 0x0004, 0x0004,
};
} // namespace nfc
namespace nfkc {

const uint16_t check_trie_index[1024] = {
  0x0000, 0x0000, 0x0040, 0x0080, 0x00BF, 0x00FE, 0x013E, 0x017A, 0x01BA, 0x01EE,
  0x01FE, 0x0237, 0x0277, 0x02B7, 0x02F6, 0x032C, 0x036C, 0x03A6, 0x03E3, 0x0422,
  0x01EE, 0x01EE, 0x045C, 0x049C, 0x04CC, 0x0501, 0x01EE, 0x0541, 0x0570, 0x05AF,
  0x01EE, 0x05C4, 0x0604, 0x0632, 0x065B, 0x0691, 0x06D1, 0x070E, 0x072E, 0x076D,
  0x07AC, 0x07E9, 0x0808, 0x0845, 0x072E, 0x087D, 0x08A9, 0x08E8, 0x0808, 0x0920,
  0x0808, 0x0960, 0x0977, 0x08E8, 0x09B6, 0x09EC, 0x0A0C, 0x0A47, 0x0A54, 0x0A8F,
  0x0AC3, 0x0B00, 0x0B40, 0x0B7A, 0x0B94, 0x09B6, 0x0BCF, 0x0BDD, 0x09B6, 0x0C1A,
  0x0C50, 0x0C8D, 0x09B6, 0x09B6, 0x09B6, 0x09B6, 0x09B6, 0x0CB0, 0x09B6, 0x09B6,
  0x09B6, 0x09B6, 0x09B6, 0x09B6, 0x09B6, 0x09B6, 0x09B6, 0x09B6, 0x09B6, 0x09B6,
  0x09B6, 0x09B6, 0x0CDC, 0x09B6, 0x09B6, 0x0D11, 0x09B6, 0x09B6, 0x0D2F, 0x09B6,
  0x0D59, 0x09B6, 0x09B6, 0x09B6, 0x0D95, 0x0DB5, 0x0DF5, 0x0E34, 0x0E6E, 0x0EAE,
  0x0EE2, 0x0F0E, 0x080D, 0x09B6, 0x09B6, 0x0F42, 0x0F7C, 0x0FBA, 0x0FF3, 0x1033,
  0x1073, 0x10AD, 0x10E9, 0x1127, 0x1167, 0x11A7, 0x11E7, 0x1226, 0x1266, 0x12A5,
  0x12E1, 0x1311, 0x1351, 0x1391, 0x13D1, 0x1404, 0x1440, 0x147F, 0x14AF, 0x14DF,
  0x150D, 0x09B6, 0x09B6, 0x09B6, 0x09B6, 0x1538, 0x1575, 0x15AB, 0x09B6, 0x09B6,
  0x09B6, 0x09B6, 0x09B6, 0x09B6, 0x09B6, 0x09B6, 0x09B6, 0x09B6, 0x09B6, 0x09B6,
  0x09B6, 0x09B6, 0x09B6, 0x09B6, 0x09B6, 0x09B6, 0x09B6, 0x09B6, 0x15DF, 0x15EC,
  0x09B6, 0x1623, 0x09B6, 0x09B6, 0x09B6, 0x09B6, 0x09B6, 0x1640, 0x09B6, 0x0C9E,
  0x09B6, 0x167E, 0x09B6, 0x16BE, 0x09B6, 0x09B6, 0x0BFA, 0x0BE6, 0x16FE, 0x16FE,
  0x16FE, 0x0C7A, 0x173E, 0x1779, 0x17B7, 0x17F3, 0x1833, 0x16FE, 0x1864, 0x09B6,
  0x18A4, 0x18E0, 0x1920, 0x1960, 0x19A0, 0x19E0, 0x1A20, 0x1A60, 0x09B6, 0x09B6,
  0x09B6, 0x09B6, 0x09B6, 0x09B6, 0x09B6, 0x09B6, 0x09B6, 0x09B6, 0x09B6, 0x09B6,
  0x09B6, 0x09B6, 0x09B6, 0x09B6, 0x09B6, 0x09B6, 0x09B6, 0x09B6, 0x09B6, 0x09B6,
  0x09B6, 0x09B6, 0x09B6, 0x09B6, 0x09B6, 0x09B6, 0x09B6, 0x09B6, 0x09B6, 0x09B6,
  0x09B6, 0x09B6, 0x09B6, 0x09B6, 0x09B6, 0x09B6, 0x09B6, 0x09B6, 0x09B6, 0x09B6,
  0x09B6, 0x09B6, 0x09B6, 0x09B6, 0x09B6, 0x09B6, 0x09B6, 0x09B6, 0x09B6, 0x09B6,
  0x09B6, 0x09B6, 0x09B6, 0x09B6, 0x09B6, 0x09B6, 0x09B6, 0x09B6, 0x09B6, 0x09B6,
  0x09B6, 0x09B6, 0x09B6, 0x09B6, 0x09B6, 0x09B6, 0x09B6, 0x09B6, 0x09B6, 0x09B6,
  0x09B6, 0x09B6, 0x09B6, 0x09B6, 0x09B6, 0x09B6, 0x09B6, 0x09B6, 0x09B6, 0x09B6,
  0x09B6, 0x09B6, 0x09B6, 0x09B6, 0x09B6, 0x09B6, 0x09B6, 0x09B6, 0x09B6, 0x09B6,
  0x09B6, 0x09B6, 0x09B6, 0x09B6, 0x09B6, 0x09B6, 0x09B6, 0x09B6, 0x09B6, 0x09B6,
  0x09B6, 0x09B6, 0x09B6, 0x09B6, 0x09B6, 0x09B6, 0x09B6, 0x09B6, 0x09B6, 0x09B6,
  0x09B6, 0x09B6, 0x09B6, 0x09B6, 0x09B6, 0x09B6, 0x09B6, 0x09B6, 0x09B6, 0x09B6,
  0x09B6, 0x09B6, 0x09B6, 0x09B6, 0x09B6, 0x09B6, 0x09B6, 0x09B6, 0x09B6, 0x09B6,
  0x09B6, 0x09B6, 0x09B6, 0x09B6, 0x09B6, 0x09B6, 0x09B6, 0x09B6, 0x09B6, 0x09B6,
  0x09B6, 0x09B6, 0x09B6, 0x09B6, 0x09B6, 0x09B6, 0x09B6, 0x09B6, 0x09B6, 0x09B6,
  0x09B6, 0x09B6, 0x09B6, 0x09B6, 0x09B6, 0x09B6, 0x09B6, 0x09B6, 0x09B6, 0x09B6,
  0x09B6, 0x09B6, 0x09B6, 0x09B6, 0x09B6, 0x09B6, 0x09B6, 0x09B6, 0x09B6, 0x09B6,
  0x09B6, 0x09B6, 0x09B6, 0x09B6, 0x09B6, 0x09B6, 0x09B6, 0x09B6, 0x09B6, 0x09B6,
  0x09B6, 0x09B6, 0x09B6, 0x09B6, 0x09B6, 0x09B6, 0x09B6, 0x09B6, 0x09B6, 0x09B6,
  0x09B6, 0x09B6, 0x09B6, 0x09B6, 0x09B6, 0x09B6, 0x09B6, 0x09B6, 0x09B6, 0x09B6,
  0x09B6, 0x09B6, 0x09B6, 0x09B6, 0x09B6, 0x09B6, 0x09B6, 0x09B6, 0x09B6, 0x09B6,
  0x09B6, 0x09B6, 0x09B6, 0x09B6, 0x09B6, 0x09B6, 0x09B6, 0x09B6, 0x09B6, 0x09B6,
  0x09B6, 0x09B6, 0x09B6, 0x09B6, 0x09B6, 0x09B6, 0x09B6, 0x09B6, 0x09B6, 0x09B6,
  0x09B6, 0x09B6, 0x09B6, 0x09B6, 0x09B6, 0x09B6, 0x09B6, 0x09B6, 0x09B6, 0x09B6,
  0x09B6, 0x09B6, 0x09B6, 0x09B6, 0x09B6, 0x09B6, 0x09B6, 0x09B6, 0x09B6, 0x09B6,
  0x09B6, 0x09B6, 0x09B6, 0x09B6, 0x09B6, 0x09B6, 0x09B6, 0x09B6, 0x09B6, 0x09B6,
  0x09B6, 0x09B6, 0x09B6, 0x09B6, 0x09B6, 0x09B6, 0x09B6, 0x09B6, 0x09B6, 0x09B6,
  0x09B6, 0x09B6, 0x09B6, 0x09B6, 0x09B6, 0x09B6, 0x09B6, 0x09B6, 0x09B6, 0x09B6,
  0x09B6, 0x09B6, 0x09B6, 0x09B6, 0x09B6, 0x09B6, 0x09B6, 0x09B6, 0x09B6, 0x09B6,
  0x09B6, 0x09B6, 0x09B6, 0x09B6, 0x09B6, 0x09B6, 0x09B6, 0x09B6, 0x09B6, 0x09B6,
  0x09B6, 0x09B6, 0x09B6, 0x09B6, 0x09B6, 0x09B6, 0x09B6, 0x09B6, 0x09B6, 0x09B6,
  0x09B6, 0x09B6, 0x09B6, 0x09B6, 0x09B6, 0x09B6, 0x09B6, 0x09B6, 0x09B6, 0x09B6,
  0x09B6, 0x09B6, 0x09B6, 0x09B6, 0x09B6, 0x09B6, 0x09B6, 0x09B6, 0x09B6, 0x09B6,
  0x09B6, 0x09B6, 0x09B6, 0x09B6, 0x09B6, 0x09B6, 0x09B6, 0x09B6, 0x09B6, 0x09B6,
  0x09B6, 0x09B6, 0x09B6, 0x09B6, 0x09B6, 0x09B6, 0x09B6, 0x09B6, 0x09B6, 0x09B6,
  0x09B6, 0x09B6, 0x09B6, 0x09B6, 0x09B6, 0x09B6, 0x09B6, 0x09B6, 0x09B6, 0x09B6,
  0x09B6, 0x09B6, 0x09B6, 0x09B6, 0x09B6, 0x09B6, 0x09B6, 0x09B6, 0x09B6, 0x09B6,
  0x09B6, 0x09B6, 0x09B6, 0x09B6, 0x09B6, 0x09B6, 0x09B6, 0x09B6, 0x09B6, 0x09B6,
  0x09B6, 0x09B6, 0x09B6, 0x09B6, 0x09B6, 0x09B6, 0x09B6, 0x09B6, 0x09B6, 0x09B6,
  0x09B6, 0x09B6, 0x09B6, 0x09B6, 0x09B6, 0x09B6, 0x09B6, 0x09B6, 0x09B6, 0x09B6,
  0x09B6, 0x09B6, 0x09B6, 0x09B6, 0x09B6, 0x09B6, 0x09B6, 0x09B6, 0x09B6, 0x09B6,
  0x09B6, 0x09B6, 0x09B6, 0x09B6, 0x09B6, 0x09B6, 0x09B6, 0x09B6, 0x09B6, 0x09B6,
  0x09B6, 0x09B6, 0x09B6, 0x09B6, 0x09B6, 0x09B6, 0x09B6, 0x09B6, 0x09B6, 0x09B6,
  0x09B6, 0x09B6, 0x09B6, 0x09B6, 0x09B6, 0x09B6, 0x09B6, 0x09B6, 0x09B6, 0x09B6,
  0x09B6, 0x09B6, 0x09B6, 0x09B6, 0x09B6, 0x09B6, 0x09B6, 0x09B6, 0x09B6, 0x09B6,
  0x09B6, 0x09B6, 0x09B6, 0x09B6, 0x09B6, 0x1AA0, 0x1ADE, 0x1AFE, 0x09B6, 0x0BE9,
  0x09B6, 0x1B30, 0x1B6A, 0x09B6, 0x09B6, 0x1B92, 0x1BC4, 0x1BF2, 0x0811, 0x1C05,
  0x09B6, 0x09B6, 0x1C15, 0x1C55, 0x09B6, 0x1C8C, 0x09B6, 0x1C5E, 0x1CCC, 0x1CD4,
  0x1CDC, 0x1CE4, 0x1CD0, 0x1CD8, 0x1CE0, 0x1CCC, 0x1CD4, 0x1CDC, 0x1CE4, 0x1CD0,
  0x1CD8, 0x1CE0, 0x1CCC, 0x1CD4, 0x1CDC, 0x1CE4, 0x1CD0, 0x1CD8, 0x1CE0, 0x1CCC,
  0x1CD4, 0x1CDC, 0x1CE4, 0x1CD0, 0x1CD8, 0x1CE0, 0x1CCC, 0x1CD4, 0x1CDC, 0x1CE4,
  0x1CD0, 0x1CD8, 0x1CE0, 0x1CCC, 0x1CD4, 0x1CDC, 0x1CE4, 0x1CD0, 0x1CD8, 0x1CE0,
  0x1CCC, 0x1CD4, 0x1CDC, 0x1CE4, 0x1CD0, 0x1CD8, 0x1CE0, 0x1CCC, 0x1CD4, 0x1CDC,
  0x1CE4, 0x1CD0, 0x1CD8, 0x1CE0, 0x1CCC, 0x1CD4, 0x1CDC, 0x1CE4, 0x1CD0, 0x1CD8,
  0x1CE0, 0x1CCC, 0x1CD4, 0x1CDC, 0x1CE4, 0x1CD0, 0x1CD8, 0x1CE0, 0x1CCC, 0x1CD4,
  0x1CDC, 0x1CE4, 0x1CD0, 0x1CD8, 0x1CE0, 0x1CCC, 0x1CD4, 0x1CDC, 0x1CE4, 0x1CD0,
  0x1CD8, 0x1CE0, 0x1CCC, 0x1CD4, 0x1CDC, 0x1CE4, 0x1CD0, 0x1CD8, 0x1CE0, 0x1CCC,
  0x1CD4, 0x1CDC, 0x1CE4, 0x1CD0, 0x1CD8, 0x1CE0, 0x1CCC, 0x1CD4, 0x1CDC, 0x1CE4,
  0x1CD0, 0x1CD8, 0x1CE0, 0x1CCC, 0x1CD4, 0x1CDC, 0x1CE4, 0x1CD0, 0x1CD8, 0x1CE0,
  0x1CCC, 0x1CD4, 0x1CDC, 0x1CE4, 0x1CD0, 0x1CD8, 0x1CE0, 0x1CCC, 0x1CD4, 0x1CDC,
  0x1CE4, 0x1CD0, 0x1CD8, 0x1CE0, 0x1CCC, 0x1CD4, 0x1CDC, 0x1CE4, 0x1CD0, 0x1CD8,
  0x1CE0, 0x1CCC, 0x1CD4, 0x1CDC, 0x1CE4, 0x1CD0, 0x1CD8, 0x1CE0, 0x1CCC, 0x1CD4,
  0x1CDC, 0x1CE4, 0x1CD0, 0x1CD8, 0x1CE0, 0x1CCC, 0x1CD4, 0x1CDC, 0x1CE4, 0x1CD0,
  0x1CD8, 0x1CE0, 0x1CCC, 0x1CD4, 0x1CDC, 0x1CE4, 0x1CD0, 0x1CD8, 0x1CE0, 0x1CCC,
  0x1CD4, 0x1CDC, 0x1CE4, 0x1CD0, 0x1CD8, 0x1CE0, 0x1CCC, 0x1CD4, 0x1CDC, 0x1CE4,
  0x1CD0, 0x1CD8, 0x1D18, 0x09B6, 0x1D58, 0x1D58, 0x1D58, 0x1D58, 0x1D58, 0x1D58,
  0x1D58, 0x1D58, 0x1D58, 0x1D58, 0x1D58, 0x1D58, 0x1D58, 0x1D58, 0x1D58, 0x1D58,
  0x1D58, 0x1D58, 0x1D58, 0x1D58, 0x1D58, 0x1D58, 0x1D58, 0x1D58, 0x1D58, 0x1D58,
  0x1D58, 0x1D58, 0x1D58, 0x1D58, 0x1D58, 0x1D58, 0x09B6, 0x09B6, 0x09B6, 0x09B6,
  0x09B6, 0x09B6, 0x09B6, 0x09B6, 0x09B6, 0x09B6, 0x09B6, 0x09B6, 0x09B6, 0x09B6,
  0x09B6, 0x09B6, 0x09B6, 0x09B6, 0x09B6, 0x09B6, 0x09B6, 0x09B6, 0x09B6, 0x09B6,
  0x09B6, 0x09B6, 0x09B6, 0x09B6, 0x09B6, 0x09B6, 0x09B6, 0x09B6, 0x09B6, 0x09B6,
  0x09B6, 0x09B6, 0x09B6, 0x09B6, 0x09B6, 0x09B6, 0x09B6, 0x09B6, 0x09B6, 0x09B6,
  0x09B6, 0x09B6, 0x09B6, 0x09B6, 0x09B6, 0x09B6, 0x09B6, 0x09B6, 0x09B6, 0x09B6,
  0x09B6, 0x09B6, 0x09B6, 0x09B6, 0x09B6, 0x09B6, 0x09B6, 0x09B6, 0x09B6, 0x09B6,
  0x09B6, 0x09B6, 0x09B6, 0x09B6, 0x09B6, 0x09B6, 0x09B6, 0x09B6, 0x09B6, 0x09B6,
  0x09B6, 0x09B6, 0x09B6, 0x09B6, 0x09B6, 0x09B6, 0x09B6, 0x09B6, 0x09B6, 0x09B6,
  0x09B6, 0x09B6, 0x09B6, 0x09B6, 0x09B6, 0x09B6, 0x09B6, 0x09B6, 0x09B6, 0x09B6,
  0x09B6, 0x09B6, 0x09B6, 0x09B6, 0x09B6, 0x09B6, 0x16FE, 0x16FE, 0x16FE, 0x16FE,
  0x1D98, 0x1DC2, 0x16FE, 0x1DF3, 0x1E33, 0x1E73, 0x1E8F, 0x1EC1, 0x1F01, 0x1F23,
  0x1F4D, 0x1F6E, 0x1FA3, 0x1FE1, 0x2011, 0x2049, 0x2086, 0x20C1, 0x2101, 0x210E,
  0x214D, 0x216E, 0x2190, 0x21CF,
};

const uint16_t check_trie_index1[512] = {
  0x0000, 0x001F, 0x003E, 0x005E, 0x007C, 0x007C, 0x007C, 0x007C, 0x007C, 0x007C,
  0x007C, 0x007C, 0x0098, 0x00AD, 0x007C, 0x007C, 0x007C, 0x007C, 0x007C, 0x007C,
  0x007C, 0x007C, 0x007C, 0x00CD, 0x007C, 0x00E0, 0x00FB, 0x007C, 0x011B, 0x0138,
  0x0154, 0x0165, 0x007C, 0x007C, 0x007C, 0x007C, 0x007C, 0x007C, 0x007C, 0x007C,
  0x007C, 0x007C, 0x007C, 0x007C, 0x007C, 0x007C, 0x007C, 0x007C, 0x007C, 0x007C,
  0x007C, 0x007C, 0x007C, 0x007C, 0x007C, 0x007C, 0x007C, 0x007C, 0x007C, 0x007C,
  0x007C, 0x007C, 0x007C, 0x0185, 0x007C, 0x007C, 0x007C, 0x007C, 0x007C, 0x007C,
  0x007C, 0x007C, 0x007C, 0x007C, 0x007C, 0x007C, 0x007C, 0x007C, 0x007C, 0x007C,
  0x007C, 0x007C, 0x007C, 0x007C, 0x007C, 0x007C, 0x007C, 0x007C, 0x007C, 0x007C,
  0x007C, 0x007C, 0x007C, 0x007C, 0x007C, 0x007C, 0x007C, 0x007C, 0x007C, 0x007C,
  0x007C, 0x007C, 0x007C, 0x007C, 0x007C, 0x007C, 0x007C, 0x007C, 0x007C, 0x007C,
  0x007C, 0x007C, 0x007C, 0x007C, 0x007C, 0x007C, 0x007C, 0x007C, 0x007C, 0x007C,
  0x007C, 0x007C, 0x007C, 0x007C, 0x007C, 0x007C, 0x007C, 0x007C, 0x007C, 0x007C,
  0x007C, 0x007C, 0x007C, 0x007C, 0x007C, 0x007C, 0x007C, 0x007C, 0x007C, 0x007C,
  0x007C, 0x007C, 0x007C, 0x007C, 0x007C, 0x007C, 0x007C, 0x007C, 0x007C, 0x007C,
  0x007C, 0x007C, 0x007C, 0x007C, 0x007C, 0x007C, 0x007C, 0x007C, 0x007C, 0x007C,
  0x007C, 0x007C, 0x007C, 0x007C, 0x007C, 0x007C, 0x007C, 0x007C, 0x007C, 0x007C,
  0x007C, 0x007C, 0x007C, 0x007C, 0x007C, 0x007C, 0x007C, 0x007C, 0x007C, 0x007C,
  0x007C, 0x007C, 0x007C, 0x007C, 0x007C, 0x007C, 0x007C, 0x007C, 0x007C, 0x007C,
  0x007C, 0x007C, 0x007C, 0x007C, 0x007C, 0x007C, 0x007C, 0x007C, 0x007C, 0x007C,
  0x007C, 0x007C, 0x007C, 0x007C, 0x007C, 0x007C, 0x007C, 0x007C, 0x007C, 0x007C,
  0x007C, 0x007C, 0x007C, 0x007C, 0x007C, 0x007C, 0x007C, 0x007C, 0x007C, 0x007C,
  0x007C, 0x007C, 0x007C, 0x007C, 0x007C, 0x007C, 0x007C, 0x007C, 0x007C, 0x007C,
  0x007C, 0x007C, 0x007C, 0x007C, 0x007C, 0x007C, 0x007C, 0x007C, 0x007C, 0x007C,
  0x007C, 0x007C, 0x007C, 0x007C, 0x007C, 0x007C, 0x007C, 0x007C, 0x007C, 0x007C,
  0x007C, 0x007C, 0x007C, 0x007C, 0x007C, 0x007C, 0x007C, 0x007C, 0x007C, 0x007C,
  0x007C, 0x007C, 0x007C, 0x007C, 0x007C, 0x007C, 0x007C, 0x007C, 0x007C, 0x007C,
  0x007C, 0x007C, 0x007C, 0x007C, 0x007C, 0x007C, 0x007C, 0x007C, 0x007C, 0x007C,
  0x007C, 0x007C, 0x007C, 0x007C, 0x007C, 0x007C, 0x007C, 0x007C, 0x007C, 0x007C,
  0x007C, 0x007C, 0x007C, 0x007C, 0x007C, 0x007C, 0x007C, 0x007C, 0x007C, 0x007C,
  0x007C, 0x007C, 0x007C, 0x007C, 0x007C, 0x007C, 0x007C, 0x007C, 0x007C, 0x007C,
  0x007C, 0x007C, 0x007C, 0x007C, 0x007C, 0x007C, 0x007C, 0x007C, 0x007C, 0x007C,
  0x007C, 0x007C, 0x007C, 0x007C, 0x007C, 0x007C, 0x007C, 0x007C, 0x007C, 0x007C,
  0x007C, 0x007C, 0x007C, 0x007C, 0x007C, 0x007C, 0x007C, 0x007C, 0x007C, 0x007C,
  0x007C, 0x007C, 0x007C, 0x007C, 0x007C, 0x007C, 0x007C, 0x007C, 0x007C, 0x007C,
  0x007C, 0x007C, 0x007C, 0x007C, 0x007C, 0x007C, 0x007C, 0x007C, 0x007C, 0x007C,
  0x007C, 0x007C, 0x007C, 0x007C, 0x007C, 0x007C, 0x007C, 0x007C, 0x007C, 0x007C,
  0x007C, 0x007C, 0x007C, 0x007C, 0x007C, 0x007C, 0x007C, 0x007C, 0x007C, 0x007C,
  0x007C, 0x007C, 0x007C, 0x007C, 0x007C, 0x007C, 0x007C, 0x007C, 0x007C, 0x007C,
  0x007C, 0x007C, 0x007C, 0x007C, 0x007C, 0x007C, 0x007C, 0x007C, 0x007C, 0x007C,
  0x007C, 0x007C, 0x007C, 0x007C, 0x007C, 0x007C, 0x007C, 0x007C, 0x007C, 0x007C,
  0x007C, 0x007C, 0x007C, 0x007C, 0x007C, 0x007C, 0x007C, 0x007C, 0x007C, 0x007C,
  0x007C, 0x007C, 0x007C, 0x007C, 0x007C, 0x007C, 0x007C, 0x007C, 0x007C, 0x007C,
  0x007C, 0x007C, 0x007C, 0x007C, 0x007C, 0x007C, 0x007C, 0x007C, 0x007C, 0x007C,
  0x007C, 0x007C, 0x007C, 0x007C, 0x007C, 0x007C, 0x007C, 0x007C, 0x007C, 0x007C,
  0x007C, 0x007C, 0x007C, 0x007C, 0x007C, 0x007C, 0x007C, 0x007C, 0x007C, 0x007C,
  0x007C, 0x007C, 0x007C, 0x007C, 0x007C, 0x007C, 0x007C, 0x007C, 0x007C, 0x007C,
  0x007C, 0x007C, 0x007C, 0x007C, 0x007C, 0x007C, 0x007C, 0x007C, 0x007C, 0x007C,
  0x007C, 0x007C, 0x007C, 0x007C, 0x007C, 0x007C, 0x007C, 0x007C, 0x007C, 0x007C,
  0x007C, 0x007C, 0x007C, 0x007C, 0x007C, 0x007C, 0x007C, 0x007C, 0x007C, 0x007C,
  0x007C, 0x007C, 0x007C, 0x007C, 0x007C, 0x007C, 0x007C, 0x007C, 0x007C, 0x007C,
  0x007C, 0x007C,
};

const uint16_t check_trie_index2[421] = {
  0x220F, 0x220F, 0x220F, 0x220F, 0x220F, 0x220F, 0x220F, 0x2212, 0x220F, 0x220F,
  0x220F, 0x222F, 0x220F, 0x2250, 0x220F, 0x220F, 0x220F, 0x220F, 0x220F, 0x220F,
  0x220F, 0x220F, 0x220F, 0x228B, 0x220F, 0x220F, 0x220F, 0x220F, 0x220F, 0x220F,
  0x22CA, 0x220F, 0x220F, 0x220F, 0x220F, 0x220F, 0x220F, 0x220F, 0x220F, 0x2305,
  0x220F, 0x220F, 0x2345, 0x220F, 0x220F, 0x220F, 0x220F, 0x220F, 0x220F, 0x220F,
  0x220F, 0x236C, 0x2394, 0x220F, 0x220F, 0x220F, 0x220F, 0x23C2, 0x23EF, 0x220F,
  0x242F, 0x246D, 0x220F, 0x24A7, 0x24E7, 0x220F, 0x2527, 0x255C, 0x220F, 0x259C,
  0x25A7, 0x220F, 0x220F, 0x25DE, 0x2609, 0x2648, 0x2685, 0x26C3, 0x220F, 0x2701,
  0x2720, 0x275F, 0x220F, 0x220F, 0x2770, 0x27B0, 0x27B1, 0x220F, 0x27BA, 0x220F,
  0x2482, 0x220F, 0x220F, 0x220F, 0x27B7, 0x220F, 0x220F, 0x220F, 0x27F2, 0x2831,
  0x220F, 0x248D, 0x2479, 0x286A, 0x2494, 0x220F, 0x220F, 0x220F, 0x220F, 0x220F,
  0x27B1, 0x220F, 0x220F, 0x220F, 0x220F, 0x28A8, 0x2496, 0x220F, 0x220F, 0x220F,
  0x220F, 0x220F, 0x220F, 0x28AB, 0x220F, 0x220F, 0x220F, 0x220F, 0x220F, 0x220F,
  0x220F, 0x220F, 0x220F, 0x220F, 0x220F, 0x220F, 0x220F, 0x220F, 0x220F, 0x220F,
  0x220F, 0x220F, 0x220F, 0x220F, 0x220F, 0x220F, 0x220F, 0x220F, 0x220F, 0x220F,
  0x220F, 0x220F, 0x220F, 0x220F, 0x220F, 0x220F, 0x28CD, 0x220F, 0x220F, 0x220F,
  0x220F, 0x220F, 0x220F, 0x220F, 0x220F, 0x220F, 0x220F, 0x220F, 0x220F, 0x220F,
  0x220F, 0x220F, 0x220F, 0x220F, 0x220F, 0x220F, 0x220F, 0x220F, 0x220F, 0x220F,
  0x220F, 0x220F, 0x220F, 0x220F, 0x28FD, 0x2932, 0x220F, 0x220F, 0x220F, 0x220F,
  0x220F, 0x220F, 0x220F, 0x220F, 0x2969, 0x220F, 0x220F, 0x220F, 0x220F, 0x220F,
  0x220F, 0x220F, 0x220F, 0x220F, 0x2994, 0x220F, 0x220F, 0x220F, 0x220F, 0x220F,
  0x220F, 0x220F, 0x220F, 0x220F, 0x220F, 0x220F, 0x220F, 0x220F, 0x220F, 0x220F,
  0x220F, 0x220F, 0x220F, 0x29C6, 0x220F, 0x220F, 0x220F, 0x220F, 0x220F, 0x220F,
  0x220F, 0x220F, 0x220F, 0x220F, 0x220F, 0x220F, 0x220F, 0x220F, 0x220F, 0x220F,
  0x220F, 0x220F, 0x220F, 0x29F0, 0x220F, 0x220F, 0x220F, 0x220F, 0x220F, 0x220F,
  0x220F, 0x220F, 0x220F, 0x220F, 0x220F, 0x220F, 0x2A2A, 0x2A67, 0x2AA6, 0x220F,
  0x2AE4, 0x220F, 0x220F, 0x220F, 0x220F, 0x220F, 0x220F, 0x2B24, 0x2B4F, 0x2B72,
  0x2BAF, 0x2BE9, 0x2C29, 0x2B24, 0x2B24, 0x2B24, 0x2B24, 0x2C45, 0x2C84, 0x2C8A,
  0x2C90, 0x2C96, 0x2CD3, 0x2D13, 0x2D49, 0x2710, 0x220F, 0x2932, 0x220F, 0x220F,
  0x220F, 0x220F, 0x220F, 0x2D77, 0x2DA6, 0x220F, 0x220F, 0x220F, 0x220F, 0x220F,
  0x220F, 0x220F, 0x2DD6, 0x220F, 0x220F, 0x220F, 0x2E06, 0x220F, 0x220F, 0x220F,
  0x2E36, 0x220F, 0x220F, 0x220F, 0x220F, 0x2E6C, 0x220F, 0x2EA8, 0x220F, 0x220F,
  0x220F, 0x220F, 0x220F, 0x220F, 0x220F, 0x220F, 0x220F, 0x220F, 0x220F, 0x220F,
  0x220F, 0x220F, 0x220F, 0x220F, 0x220F, 0x220F, 0x2EE8, 0x2F26, 0x2F66, 0x220F,
  0x220F, 0x220F, 0x220F, 0x220F, 0x2F97, 0x2FCD, 0x2FFD, 0x220F, 0x303D, 0x307D,
  0x220F, 0x220F, 0x220F, 0x220F, 0x220F, 0x220F, 0x220F, 0x220F, 0x220F, 0x220F,
  0x220F, 0x220F, 0x220F, 0x220F, 0x220F, 0x220F, 0x220F, 0x220F, 0x220F, 0x220F,
  0x220F, 0x220F, 0x308F, 0x220F, 0x220F, 0x220F, 0x220F, 0x220F, 0x220F, 0x220F,
  0x220F, 0x220F, 0x220F, 0x220F, 0x220F, 0x220F, 0x220F, 0x220F, 0x220F, 0x30CF,
  0x3108, 0x3146, 0x3185, 0x31C1, 0x3200, 0x323E, 0x3279, 0x32B5, 0x220F, 0x220F,
  0x220F, 0x220F, 0x220F, 0x220F, 0x220F, 0x220F, 0x220F, 0x220F, 0x220F, 0x220F,
  0x220F, 0x220F, 0x220F, 0x220F, 0x220F, 0x220F, 0x220F, 0x220F, 0x220F, 0x220F,
  0x220F,
};

const uint16_t check_trie_data[13045] = {
  0x0001, 0x0001, 0x0001, 0x0001, 0x0001, 0x0001, 0x0001, 0x0001, 0x0001, 0x0001,
  0x0001, 0x0001, 0x0001, 0x0001, 0x0001, 0x0001, 0x0001, 0x0001, 0x0001, 0x0001,
  0x0001, 0x0001, 0x0001, 0x0001, 0x0001, 0x0001, 0x0001, 0x0001, 0x0001, 0x0001,
  0x0001, 0x0001, 0x0001, 0x0001, 0x0001, 0x0001, 0x0001, 0x0001, 0x0001, 0x0001,
  0x0001, 0x0001, 0x0001, 0x0001, 0x0001, 0x0001, 0x0001, 0x0001, 0x0001, 0x0001,
  0x0001, 0x0001, 0x0001, 0x0001, 0x0001, 0x0001, 0x0001, 0x0001, 0x0001, 0x0001,
  0x0001, 0x0001, 0x0001, 0x0001, 0x0002, 0x0002, 0x0002, 0x0002, 0x0002, 0x0002,
  0x0002, 0x0002, 0x0002, 0x0002, 0x0002, 0x0002, 0x0002, 0x0002, 0x0002, 0x0002,
  0x0002, 0x0002, 0x0002, 0x0002, 0x0002, 0x0002, 0x0002, 0x0002, 0x0002, 0x0002,
  0x0002, 0x0002, 0x0002, 0x0002, 0x0002, 0x0002, 0xC001, 0x0002, 0x0002, 0x0002,
  0x0002, 0x0002, 0x0002, 0x0002, 0xC003, 0x0002, 0xC001, 0x0002, 0x0002, 0x0002,
  0x0002, 0xC003, 0x0002, 0x0002, 0xC001, 0xC001, 0xC003, 0xC002, 0x0002, 0x0002,
  0xC003, 0xC001, 0xC001, 0x0002, 0xC005, 0xC005, 0xC005, 0x0002, 0x0003, 0x0003,
  0x0003, 0x0003, 0x0003, 0x0003, 0x0002, 0x0003, 0x0003, 0x0003, 0x0003, 0x0003,
  0x0003, 0x0003, 0x0003, 0x0003, 0x0002, 0x0003, 0x0003, 0x0003, 0x0003, 0x0003,
  0x0003, 0x0002, 0x0002, 0x0003, 0x0003, 0x0003, 0x0003, 0x0003, 0x0002, 0x0002,
  0x0003, 0x0003, 0x0003, 0x0003, 0x0003, 0x0003, 0x0002, 0x0003, 0x0003, 0x0003,
  0x0003, 0x0003, 0x0003, 0x0003, 0x0003, 0x0003, 0x0002, 0x0003, 0x0003, 0x0003,
  0x0003, 0x0003, 0x0003, 0x0002, 0x0002, 0x0003, 0x0003, 0x0003, 0x0003, 0x0003,
  0x0002, 0x0003, 0x0003, 0x0003, 0x0003, 0x0003, 0x0003, 0x0003, 0x0003, 0x0003,
  0x0003, 0x0003, 0x0003, 0x0003, 0x0003, 0x0003, 0x0003, 0x0002, 0x0002, 0x0003,
  0x0003, 0x0003, 0x0003, 0x0003, 0x0003, 0x0003, 0x0003, 0x0003, 0x0003, 0x0003,
  0x0003, 0x0003, 0x0003, 0x0003, 0x0003, 0x0003, 0x0003, 0x0003, 0x0003, 0x0002,
  0x0002, 0x0003, 0x0003, 0x0003, 0x0003, 0x0003, 0x0003, 0x0003, 0x0003, 0x0003,
  0x0002, 0xC002, 0xC002, 0x0003, 0x0003, 0x0003, 0x0003, 0x0002, 0x0003, 0x0003,
  0x0003, 0x0003, 0x0003, 0x0003, 0xC003, 0x0002, 0x0002, 0x0003, 0x0003, 0x0003,
  0x0003, 0x0003, 0x0003, 0xC003, 0x0002, 0x0002, 0x0003, 0x0003, 0x0003, 0x0003,
  0x0003, 0x0003, 0x0002, 0x0002, 0x0003, 0x0003, 0x0003, 0x0003, 0x0003, 0x0003,
  0x0003, 0x0003, 0x0003, 0x0003, 0x0003, 0x0003, 0x0003, 0x0003, 0x0003, 0x0003,
  0x0003, 0x0003, 0x0002, 0x0002, 0x0003, 0x0003, 0x0003, 0x0003, 0x0003, 0x0003,
  0x0003, 0x0003, 0x0003, 0x0003, 0x0003, 0x0003, 0x0003, 0x0003, 0x0003, 0x0003,
  0x0003, 0x0003, 0x0003, 0x0003, 0x0003, 0x0003, 0x0003, 0xC001, 0x0002, 0x0002,
  0x0002, 0x0002, 0x0002, 0x0002, 0x0002, 0x0002, 0x0002, 0x0002, 0x0002, 0x0002,
  0x0002, 0x0002, 0x0002, 0x0002, 0x0002, 0x0002, 0x0002, 0x0002, 0x0002, 0x0002,
  0x0002, 0x0002, 0x0002, 0x0002, 0x0002, 0x0002, 0x0002, 0x0002, 0x0002, 0x0002,
  0x0003, 0x0003, 0x0002, 0x0002, 0x0002, 0x0002, 0x0002, 0x0002, 0x0002, 0x0002,
  0x0002, 0x0002, 0x0002, 0x0002, 0x0002, 0x0003, 0x0003, 0x0002, 0x0002, 0x0002,
  0x0002, 0x0002, 0x0002, 0x0002, 0x0002, 0x0002, 0x0002, 0x0002, 0x0002, 0x0002,
  0x0002, 0x0002, 0xC004, 0xC004, 0xC004, 0xC002, 0xC002, 0xC002, 0xC002, 0xC002,
  0xC002, 0x0003, 0x0003, 0x0003, 0x0003, 0x0003, 0x0003, 0x0003, 0x0003, 0x0005,
  0x0005, 0x0005, 0x0005, 0x0005, 0x0005, 0x0005, 0x0005, 0x0002, 0x0005, 0x0005,
  0x0005, 0x0005, 0x0004, 0x0004, 0x0002, 0x0002, 0x0003, 0x0003, 0x0003, 0x0003,
  0x0003, 0x0003, 0x0005, 0x0005, 0x0004, 0x0004, 0x0003, 0xC002, 0xC002, 0xC002,
  0x0003, 0x0003, 0x0002, 0x0002, 0x0003, 0x0003, 0x0005, 0x0005, 0x0004, 0x0004,
  0x0004, 0x0004, 0x0003, 0x0003, 0x0003, 0x0003, 0x0003, 0x0003, 0x0003, 0x0003,
  0x0003, 0x0003, 0x0003, 0x0003, 0x0003, 0x0003, 0x0003, 0x0003, 0x0003, 0x0003,
  0x0003, 0x0003, 0x0003, 0x0003, 0x0003, 0x0003, 0x0003, 0x0003, 0x0003, 0x0003,
  0x0002, 0x0002, 0x0003, 0x0003, 0x0002, 0x0002, 0x0002, 0x0002, 0x0002, 0x0002,
  0x0003, 0x0003, 0x0003, 0x0003, 0x0005, 0x0005, 0x0005, 0x0005, 0x0003, 0x0003,
  0x0005, 0x0005, 0x0003, 0x0003, 0x0002, 0x0002, 0x0002, 0x0002, 0x0002, 0x0002,
  0x0002, 0x0002, 0x0002, 0x0002, 0x0002, 0x0002, 0x0002, 0x0002, 0x0002, 0x0002,
  0x0002, 0x0002, 0x0002, 0x0002, 0x0002, 0x0002, 0x0002, 0x0002, 0x0002, 0x0002,
  0x0002, 0x0002, 0x0002, 0x0002, 0x0002, 0x0002, 0x0002, 0x0002, 0x0002, 0x0002,
  0x0002, 0x0002, 0x0002, 0x0002, 0x0002, 0x0002, 0x0002, 0x0002, 0x0002, 0x0002,
  0x0002, 0x0002, 0x0002, 0x0002, 0x0002, 0x0002, 0x0002, 0x0002, 0x0002, 0x0002,
  0x0002, 0x0002, 0x0002, 0x0002, 0x0002, 0x0002, 0x0002, 0x0002, 0xC001, 0xC002,
  0xC001, 0xC001, 0xC002, 0xC002, 0xC002, 0xC001, 0xC001, 0x0002, 0x0002, 0x0002,
  0x0002, 0x0002, 0x0002, 0x0002, 0x0002, 0x0002, 0x0002, 0x0002, 0x0002, 0x0002,
  0x0002, 0x0002, 0x0002, 0x0002, 0x0002, 0x0002, 0x0002, 0x0002, 0x0002, 0x0002,
  0x0002, 0xC003, 0xC003, 0xC003, 0xC003, 0xC003, 0xC003, 0x0002, 0x0002, 0xC002,
  0xC001, 0xC001, 0xC001, 0xC002, 0x0002, 0x0002, 0x0002, 0x0002, 0x0002, 0x0002,
  0x0002, 0x0002, 0x0002, 0x0002, 0x0002, 0x0002, 0x0002, 0x0002, 0x0002, 0x0002,
  0x0002, 0x0002, 0x0002, 0x0002, 0x0002, 0x0002, 0x0002, 0x0002, 0x0002, 0x0002,
  0x0002, 0xF982, 0xF982, 0xF982, 0xF982, 0xF982, 0x7982, 0xF982, 0xF982, 0xF982,
  0xF982, 0xF982, 0xF982, 0xF982, 0x7982, 0x7982, 0xF982, 0x7982, 0xF982, 0x7982,
  0xF982, 0xF982, 0x7A02, 0x7702, 0x7702, 0x7702, 0x7702, 0x7A02, 0xF602, 0x7702,
  0x7702, 0x7702, 0x7702, 0x7702, 0x7282, 0x7282, 0xF702, 0xF702, 0xF702, 0xF702,
  0xF282, 0xF282, 0x7702, 0x7702, 0x7702, 0x7702, 0xF702, 0xF702, 0x7702, 0xF702,
  0xF702, 0x7702, 0x7702, 0x4042, 0x4042, 0x4042, 0x4042, 0xC042, 0x7702, 0x7702,
  0x7702, 0x7702, 0x7982, 0x7982, 0x7982, 0xF982, 0xF982, 0xF982, 0xF982, 0xF984,
  0xFC02, 0x7982, 0x7702, 0x7702, 0x7702, 0x7982, 0x7982, 0x7982, 0x7702, 0x7702,
  0x0002, 0x7982, 0x7982, 0x7982, 0x7702, 0x7702, 0x7702, 0x7702, 0x7982, 0x7A02,
  0x7702, 0x7702, 0x7982, 0x7A42, 0x7A82, 0x7A82, 0x7A42, 0x7A82, 0x7A82, 0x7A42,
  0x7982, 0x7982, 0x7982, 0x7982, 0x7982, 0x7982, 0x7982, 0x7982, 0x7982, 0x7982,
  0x7982, 0x7982, 0x7982, 0x0002, 0x0002, 0x0002, 0x0002, 0xC002, 0x0002, 0x0002,
  0x0002, 0x0002, 0x0002, 0xC003, 0x0002, 0x0002, 0x0002, 0xC001, 0x0002, 0x0002,
  0x0002, 0x0002, 0xC003, 0xC005, 0x0004, 0xC002, 0x0004, 0x0004, 0x0004, 0x0002,
  0x0004, 0x0002, 0x0004, 0x0004, 0x0006, 0x0002, 0x0002, 0x0002, 0x0002, 0x0002,
  0x0002, 0x0002, 0x0002, 0x0002, 0x0002, 0x0002, 0x0002, 0x0002, 0x0002, 0x0002,
  0x0002, 0x0002, 0x0002, 0x0002, 0x0002, 0x0002, 0x0002, 0x0002, 0x0002, 0x0002,
  0x0004, 0x0004, 0x0004, 0x0004, 0x0004, 0x0004, 0x0006, 0x0002, 0x0002, 0x0002,
  0x0002, 0x0002, 0x0002, 0x0002, 0x0002, 0x0002, 0x0002, 0x0002, 0x0002, 0x0002,
  0x0002, 0x0002, 0x0004, 0x0004, 0x0004, 0x0004, 0x0004, 0x0002, 0xC002, 0xC002,
  0xC002, 0xC004, 0xC004, 0xC002, 0xC002, 0x0002, 0x0002, 0x0002, 0x0002, 0x0002,
  0x0002, 0x0002, 0x0002, 0x0002, 0x0002, 0x0002, 0x0002, 0x0002, 0x0002, 0x0002,
  0x0002, 0x0002, 0x0002, 0x0002, 0x0002, 0x0002, 0x0002, 0x0002, 0x0002, 0x0002,
  0xC002, 0xC002, 0xC002, 0x0002, 0xC002, 0xC002, 0x0002, 0x0002, 0x0002, 0xC002,
  0x0002, 0x0002, 0x0002, 0x0002, 0x0002, 0x0002, 0x0004, 0x0004, 0x0002, 0x0004,
  0x0002, 0x0002, 0x0002, 0x0004, 0x0002, 0x0002, 0x0002, 0x0002, 0x0004, 0x0004,
  0x0004, 0x0002, 0x0002, 0x0002, 0x0002, 0x0002, 0x0002, 0x0002, 0x0002, 0x0002,
  0x0002, 0x0004, 0x0002, 0x0002, 0x0002, 0x0002, 0x0002, 0x0002, 0x0002, 0x0002,
  0x0002, 0x0002, 0x0002, 0x0002, 0x0002, 0x0002, 0x0002, 0x0002, 0x0002, 0x0002,
  0x0002, 0x0002, 0x0002, 0x0002, 0x0002, 0x0002, 0x0002, 0x0002, 0x0002, 0x0002,
  0x0002, 0x0002, 0x0002, 0x0004, 0x0002, 0x0002, 0x0002, 0x0002, 0x0002, 0x0002,
  0x0002, 0x0002, 0x0002, 0x0002, 0x0002, 0x0002, 0x0002, 0x0002, 0x0002, 0x0002,
  0x0004, 0x0004, 0x0002, 0x0004, 0x0002, 0x0002, 0x0002, 0x0004, 0x0002, 0x0002,
  0x0002, 0x0002, 0x0004, 0x0004, 0x0004, 0x0002, 0x0002, 0x0002, 0x0002, 0x0002,
  0x0002, 0x0002, 0x0002, 0x0002, 0x0002, 0x0002, 0x0002, 0x0002, 0x0002, 0x0002,
  0x0002, 0x0002, 0x0002, 0x0002, 0x0002, 0x0002, 0x0002, 0x0002, 0x0004, 0x0004,
  0x0002, 0x0002, 0x0002, 0x0002, 0x0002, 0x0002, 0x0002, 0x0002, 0x7982, 0x7982,
  0x7982, 0x7982, 0x7982, 0x0002, 0x0002, 0x0002, 0x0002, 0x0002, 0x0002, 0x0002,
  0x0002, 0x0002, 0x0002, 0x0002, 0x0002, 0x0002, 0x0002, 0x0002, 0x0002, 0x0002,
  0x0002, 0x0002, 0x0002, 0x0002, 0x0002, 0x0002, 0x0002, 0x0002, 0x0002, 0x0002,
  0x0002, 0x0002, 0x0002, 0x0002, 0x0002, 0x0002, 0x0002, 0x0002, 0x0002, 0x0002,
  0x0002, 0x0002, 0x0002, 0x0002, 0x0002, 0x0002, 0x0002, 0x0002, 0x0002, 0x0002,
  0x0002, 0x0002, 0x0002, 0x0002, 0x0002, 0x0002, 0x0002, 0x0002, 0x0002, 0x0004,
  0x0004, 0x0002, 0x0002, 0x0002, 0x0002, 0x0002, 0x0002, 0x0002, 0x0002, 0x0002,
  0x0002, 0x0002, 0x0002, 0x0002, 0x0004, 0x0004, 0x0004, 0x0004, 0x0002, 0x0002,
  0x0004, 0x0004, 0x0002, 0x0002, 0x0004, 0x0004, 0x0004, 0x0004, 0x0004, 0x0004,
  0x0002, 0x0002, 0x0004, 0x0004, 0x0004, 0x0004, 0x0004, 0x0004, 0x0002, 0x0002,
  0x0004, 0x0004, 0x0004, 0x0004, 0x0004, 0x0004, 0x0004, 0x0004, 0x0004, 0x0004,
  0x0004, 0x0004, 0x0002, 0x0002, 0x0004, 0x0004, 0x0002, 0x0002, 0x0002, 0x0002,
  0x0002, 0x0002, 0x0002, 0xC004, 0x0002, 0x0002, 0x0002, 0x0002, 0x0002, 0x0002,
  0x0002, 0x0002, 0x0002, 0x7702, 0x7982, 0x7982, 0x7982, 0x7982, 0x7702, 0x7982,
  0x7982, 0x7982, 0x7782, 0x7702, 0x7982, 0x7982, 0x7982, 0x7982, 0x7982, 0x7982,
  0x7702, 0x7702, 0x7702, 0x7702, 0x7702, 0x7702, 0x7982, 0x7982, 0x7702, 0x7982,
  0x7982, 0x7782, 0x7902, 0x7982, 0x4282, 0x42C2, 0x4302, 0x4342, 0x4382, 0x43C2,
  0x4402, 0x4442, 0x4482, 0x44C2, 0x44C2, 0x4502, 0x4542, 0x4582, 0x0002, 0x45C2,
  0x0002, 0x4602, 0x4642, 0x0002, 0x7982, 0x7702, 0x0002, 0x4482, 0x0002, 0x0002,
  0x0002, 0x0002, 0x0002, 0x0002, 0x0002, 0x0002, 0x0002, 0x0002, 0x0002, 0x0002,
  0x0002, 0x0002, 0x0002, 0x0002, 0x0002, 0x0002, 0x0002, 0x0002, 0x0002, 0x0002,
  0x0002, 0x0002, 0x0002, 0x0002, 0x0002, 0x0002, 0x0002, 0x0002, 0x0002, 0x0002,
  0x0002, 0x0002, 0x0002, 0x0002, 0x0002, 0x0002, 0x0002, 0x0002, 0x0002, 0x0002,
  0x0002, 0x0002, 0x0002, 0x0002, 0x0002, 0x0002, 0x0002, 0x0002, 0x0002, 0x0002,
  0x0002, 0x0002, 0x0002, 0x0002, 0x7982, 0x7982, 0x7982, 0x7982, 0x7982, 0x7982,
  0x7982, 0x7982, 0x4782, 0x47C2, 0x4802, 0x0002, 0x0002, 0x0002, 0x0002, 0x0002,
  0x0002, 0x0002, 0x0004, 0x0004, 0x0004, 0x0004, 0x0004, 0x0002, 0x0002, 0x0002,
  0x0002, 0x0002, 0x0002, 0x0002, 0x0002, 0x0002, 0x0002, 0x0002, 0x0002, 0x0002,
  0x0002, 0x0002, 0x0002, 0x0002, 0x0002, 0x0002, 0x0002, 0x0002, 0x0002, 0x0002,
  0x0002, 0x0002, 0x46C2, 0x4702, 0x4742, 0x4782, 0x47C2, 0x4802, 0x4842, 0x4882,
  0xF982, 0xF982, 0xF702, 0x7702, 0x7982, 0x7982, 0x7982, 0x7982, 0x7982, 0x7702,
  0x7982, 0x7982, 0x7702, 0x0002, 0x0002, 0x0002, 0x0002, 0x0002, 0x0002, 0x0002,
  0x0002, 0x0002, 0x0002, 0x0002, 0x0002, 0x0002, 0x0002, 0x0002, 0x0002, 0x48C2,
  0x0002, 0x0002, 0x0002, 0x0002, 0xC004, 0xC004, 0xC004, 0xC004, 0x0002, 0x0002,
  0x0002, 0x0002, 0x0002, 0x0002, 0x0002, 0x0004, 0x0002, 0x0004, 0x0002, 0x0002,
  0x0002, 0x0002, 0x0002, 0x0002, 0x0002, 0x0002, 0x0002, 0x0002, 0x0002, 0x0002,
  0x0002, 0x0002, 0x0002, 0x0002, 0x0004, 0x0002, 0x0002, 0x7982, 0x7982, 0x7982,
  0x7982, 0x7982, 0x7982, 0x7982, 0x0002, 0x0002, 0x7982, 0x7982, 0x7982, 0x7982,
  0x7702, 0x7982, 0x0002, 0x0002, 0x7982, 0x7982, 0x0002, 0x7702, 0x7982, 0x7982,
  0x7702, 0x0002, 0x0002, 0x0002, 0x0002, 0x0002, 0x0002, 0x0002, 0x0002, 0x0002,
  0x0002, 0x0002, 0x0002, 0x0002, 0x0002, 0x0002, 0x0002, 0x0002, 0x0002, 0x4902,
  0x0002, 0x0002, 0x0002, 0x0002, 0x0002, 0x0002, 0x0002, 0x0002, 0x0002, 0x0002,
  0x0002, 0x0002, 0x0002, 0x0002, 0x0002, 0x0002, 0x0002, 0x0002, 0x0002, 0x0002,
  0x0002, 0x0002, 0x0002, 0x0002, 0x0002, 0x0002, 0x0002, 0x0002, 0x0002, 0x0002,
  0x7982, 0x7702, 0x7982, 0x7982, 0x7702, 0x7982, 0x7982, 0x7702, 0x7702, 0x7702,
  0x7982, 0x7702, 0x7702, 0x7982, 0x7702, 0x7982, 0x7982, 0x7702, 0x7982, 0x7702,
  0x7982, 0x7702, 0x7982, 0x7702, 0x7982, 0x7982, 0x0002, 0x0002, 0x0002, 0x0002,
  0x0002, 0x0002, 0x0002, 0x0002, 0x0002, 0x0002, 0x0002, 0x0002, 0x0002, 0x0002,
  0x0002, 0x0002, 0x0002, 0x0002, 0x0002, 0x0002, 0x0002, 0x0002, 0x0002, 0x0002,
  0x0002, 0x0002, 0x0002, 0x0002, 0x0002, 0x0002, 0x0002, 0x0002, 0x0002, 0x0002,
  0x0002, 0x0002, 0x0002, 0x0002, 0x0002, 0x0002, 0x0002, 0x0002, 0x0002, 0x0002,
  0x0002, 0x0002, 0x0002, 0x0002, 0x0002, 0x0002, 0x0002, 0x0002, 0x0002, 0x7982,
  0x7982, 0x7982, 0x7982, 0x7982, 0x7982, 0x7982, 0x7702, 0x7982, 0x0002, 0x0002,
  0x0002, 0x0002, 0x0002, 0x0002, 0x0002, 0x0002, 0x0002, 0x7702, 0x0002, 0x0002,
  0x0003, 0x0003, 0x0003, 0x0003, 0x0003, 0x0003, 0x0003, 0x0003, 0x0003, 0x0003,
  0x0003, 0x0003, 0x0003, 0x0003, 0x0003, 0x0003, 0x0003, 0x0003, 0x0003, 0x0003,
  0x0003, 0x0003, 0x7983, 0x7983, 0x7983, 0x7983, 0x0003, 0x7983, 0x7983, 0x7983,
  0x7983, 0x7983, 0x7983, 0x7983, 0x7983, 0x7983, 0x0003, 0x7983, 0x7983, 0x7983,
  0x0003, 0x7983, 0x7983, 0x7983, 0x7983, 0x7983, 0x0003, 0x0003, 0x0003, 0x0003,
  0x0003, 0x0003, 0x0003, 0x0003, 0x0003, 0x0003, 0x0003, 0x0003, 0x0003, 0x0003,
  0x0003, 0x0003, 0x0003, 0x0003, 0x0003, 0x0003, 0x0003, 0x0003, 0x0003, 0x0003,
  0x0003, 0x7703, 0x7703, 0x7703, 0x0003, 0x0003, 0x0003, 0x0003, 0x0003, 0x0003,
  0x0003, 0x0003, 0x0003, 0x0003, 0x0003, 0x0003, 0x0003, 0x0003, 0x0003, 0x0003,
  0x0003, 0x0003, 0x0003, 0x0003, 0x0003, 0x0003, 0x0003, 0x0003, 0x0003, 0x0003,
  0x0003, 0x0003, 0x0003, 0x0003, 0x0003, 0x0003, 0x0003, 0x0003, 0x0003, 0x0003,
  0x7983, 0x7983, 0x7703, 0x7703, 0x7703, 0x7983, 0x7983, 0x7983, 0x7983, 0x0003,
  0x0003, 0x0003, 0x0003, 0x0003, 0x0003, 0x0003, 0x0003, 0x0003, 0x0003, 0x0003,
  0x0003, 0x0003, 0x0003, 0x0003, 0x0003, 0x0003, 0x0003, 0x0003, 0x0003, 0x0003,
  0x0003, 0x0003, 0x0003, 0x0003, 0x0003, 0x0003, 0x0003, 0x0003, 0x0003, 0x0003,
  0x0003, 0x7983, 0x7983, 0x7983, 0x7983, 0x7983, 0x7703, 0x7703, 0x7703, 0x7703,
  0x7703, 0x7983, 0x7983, 0x7983, 0x7983, 0x7983, 0x7983, 0x7983, 0x7983, 0x7983,
  0x7983, 0x7983, 0x7983, 0x7983, 0x7983, 0x0003, 0x7703, 0x7983, 0x7983, 0x7703,
  0x7983, 0x7983, 0x7703, 0x7983, 0x7983, 0x7983, 0x7703, 0x7703, 0x7703, 0x46C3,
  0x4703, 0x4743, 0x7983, 0x7983, 0x7983, 0x7703, 0x7983, 0x7983, 0x7703, 0x7703,
  0x7983, 0x7983, 0x7983, 0x7983, 0x7983, 0x0003, 0x0003, 0x0003, 0x0003, 0x0003,
  0x0003, 0x0003, 0x0003, 0x0003, 0x0003, 0x0003, 0x0003, 0x0003, 0x0003, 0x0003,
  0x0003, 0x0003, 0x0003, 0x0003, 0x0003, 0x0003, 0x0003, 0x0003, 0x0003, 0x0003,
  0x0003, 0x0003, 0x0003, 0x0003, 0x0003, 0x0003, 0x0003, 0x0003, 0x0003, 0x0003,
  0x0003, 0x0003, 0x0003, 0x0003, 0x0003, 0x0003, 0x0006, 0x0003, 0x0003, 0x0003,
  0x0003, 0x0003, 0x0003, 0x0003, 0x0006, 0x0003, 0x0003, 0x0006, 0x0003, 0x0003,
  0x0003, 0x0003, 0x0003, 0x0003, 0x0003, 0xC1C3, 0x0003, 0x0003, 0x0003, 0x0003,
  0x0003, 0x0003, 0x0003, 0x0003, 0x0003, 0x0003, 0x0003, 0x0003, 0x0003, 0x4243,
  0x0003, 0x0003, 0x0003, 0x7983, 0x7703, 0x7983, 0x7983, 0x0003, 0x0003, 0x0003,
  0xC006, 0xC006, 0xC006, 0xC006, 0xC006, 0xC006, 0xC006, 0xC006, 0x0003, 0x0003,
  0x0003, 0x0003, 0x0003, 0x0003, 0x0003, 0x0003, 0x0003, 0x0003, 0x0003, 0x0003,
  0x0003, 0x0003, 0x0003, 0x0003, 0x0003, 0x0003, 0x0003, 0x0003, 0x0003, 0x0003,
  0x0003, 0x0003, 0x0003, 0x0003, 0x0003, 0x0003, 0x0003, 0x0003, 0x0003, 0x0003,
  0x0003, 0x0003, 0x0003, 0x0003, 0x0003, 0x0003, 0x0003, 0x0003, 0x0003, 0x0003,
  0x0003, 0x0003, 0x0003, 0x0003, 0x0003, 0x0003, 0x0003, 0x0003, 0x0003, 0x0003,
  0x0003, 0x0003, 0x0003, 0x0003, 0x0003, 0x0003, 0x0003, 0x0003, 0x41C3, 0x0003,
  0xC003, 0x0003, 0x0003, 0x0003, 0x0003, 0x0003, 0x0003, 0x0003, 0x0003, 0x0003,
  0x0003, 0x0003, 0x0006, 0x0006, 0x4243, 0x0003, 0x0003, 0x0003, 0x0003, 0x0003,
  0x0003, 0x0003, 0x0003, 0x0003, 0xC003, 0x0003, 0x0003, 0x0003, 0x0003, 0xC006,
  0xC006, 0x0003, 0xC006, 0x0003, 0x0003, 0x0003, 0x0003, 0x0003, 0x0003, 0x0003,
  0x0003, 0x0003, 0x0003, 0x0003, 0x0003, 0x0003, 0x0003, 0x0003, 0x0003, 0x0003,
  0x0003, 0x0003, 0x0003, 0x0003, 0x0003, 0x0003, 0x0003, 0x0003, 0x0003, 0x0003,
  0x0003, 0x0003, 0x0003, 0x7983, 0x0003, 0x0003, 0x0003, 0x0003, 0x0003, 0x0003,
  0x0003, 0x0003, 0x0003, 0x0003, 0x0003, 0x0003, 0x0003, 0x0003, 0x0003, 0x0003,
  0x0003, 0x0003, 0x0003, 0x0003, 0x0003, 0x0003, 0x0003, 0x0003, 0x0003, 0x0003,
  0x0003, 0x0003, 0x0003, 0x0003, 0x0003, 0x0003, 0x0003, 0x0003, 0x0003, 0x0003,
  0x0003, 0x0003, 0x0003, 0x0003, 0x0003, 0x0003, 0x0003, 0x0003, 0x0003, 0x0003,
  0x0003, 0x0003, 0x0003, 0x0003, 0x0003, 0xC006, 0x0003, 0x0003, 0xC006, 0x0003,
  0x0003, 0x0003, 0x0003, 0x0003, 0x41C3, 0x0003, 0x0003, 0x0003, 0x0003, 0x0003,
  0x0003, 0x0003, 0x0003, 0x0003, 0x0003, 0x0003, 0x0003, 0x0003, 0x4243, 0x0003,
  0x0003, 0x0003, 0x0003, 0x0003, 0x0003, 0x0003, 0x0003, 0x0003, 0x0003, 0x0003,
  0xC006, 0xC006, 0xC006, 0x0003, 0x0003, 0xC006, 0x0003, 0x0003, 0x0003, 0x0003,
  0x0003, 0x0003, 0x0003, 0x0003, 0x0003, 0x0003, 0x0003, 0x0003, 0x0003, 0x0003,
  0x0003, 0x0003, 0x0003, 0x0003, 0x0003, 0x0003, 0x0003, 0x0003, 0x0003, 0x0003,
  0x0003, 0x0003, 0x0003, 0x0003, 0x0003, 0x0003, 0x0003, 0x0003, 0x0003, 0x0003,
  0x0003, 0x0003, 0x0003, 0x0003, 0x0003, 0x0003, 0x0003, 0x0003, 0x0003, 0x0003,
  0x0003, 0x0003, 0x0003, 0x0003, 0x0003, 0x0003, 0x0003, 0x0003, 0x0003, 0x0003,
  0x0003, 0x0003, 0x0003, 0x0003, 0x0003, 0x0003, 0x41C3, 0x0003, 0x0003, 0x0003,
  0x0003, 0x0003, 0x0003, 0x0003, 0x0003, 0x0003, 0x0003, 0x0003, 0x0003, 0x0003,
  0x4243, 0x0003, 0x0003, 0x0003, 0x0003, 0x0003, 0x0003, 0x0003, 0x0003, 0x0003,
  0x0003, 0x0003, 0x0003, 0x0003, 0x0003, 0x0003, 0x0003, 0x0003, 0x0003, 0x0003,
  0x0003, 0x0003, 0x0003, 0x0003, 0x0003, 0x0003, 0x0003, 0x0003, 0x0003, 0x0003,
  0x0003, 0x0003, 0x0003, 0x0003, 0x0003, 0x0003, 0x0003, 0x0003, 0x0003, 0x0003,
  0x0003, 0x0003, 0x0003, 0x0003, 0x0003, 0x0003, 0x0003, 0x0003, 0x0003, 0x0003,
  0x0003, 0x0006, 0x0003, 0x0003, 0x0006, 0x0006, 0x4243, 0x0003, 0x0003, 0x0003,
  0x0003, 0x0003, 0x0003, 0x0003, 0x0003, 0xC003, 0xC003, 0x0003, 0x0003, 0x0003,
  0x0003, 0xC006, 0xC006, 0x0003, 0x0003, 0x0003, 0x0003, 0x0003, 0x0003, 0x0003,
  0x0003, 0x0003, 0x0003, 0x0003, 0x0003, 0x0003, 0x0003, 0x0003, 0x0003, 0x0003,
  0x0003, 0x0003, 0x0003, 0x0003, 0x0003, 0x0003, 0x0003, 0x0003, 0x0003, 0x0003,
  0x0003, 0x0003, 0x0003, 0x0003, 0x0003, 0x0003, 0x0003, 0x0006, 0x0003, 0x0003,
  0x0003, 0x0003, 0x0003, 0x0003, 0x0003, 0x0003, 0x0003, 0x0003, 0x0003, 0x0003,
  0x0003, 0x0003, 0x0003, 0x0003, 0x0003, 0x0003, 0x0003, 0x0003, 0x0003, 0x0003,
  0x0003, 0x0003, 0x0003, 0x0003, 0x0003, 0x0003, 0x0003, 0x0003, 0x0003, 0x0003,
  0x0003, 0x0003, 0x0003, 0x0003, 0x0003, 0x0003, 0x0003, 0x0003, 0x0003, 0xC003,
  0x0003, 0x0003, 0x0003, 0x0003, 0x0003, 0x0003, 0x0003, 0x0003, 0x0003, 0x0003,
  0x0006, 0x0006, 0x0006, 0x4243, 0x0003, 0x0003, 0x0003, 0x0003, 0x0003, 0x0003,
  0x0003, 0x0003, 0x0003, 0xC003, 0x0003, 0x0003, 0x0003, 0x0003, 0x0003, 0x0003,
  0x0003, 0x0003, 0x0003, 0x0003, 0x0003, 0x0003, 0x0003, 0x0003, 0x0003, 0x0003,
  0x0003, 0x0003, 0x0003, 0x0003, 0x0003, 0x0003, 0x0003, 0x0003, 0x0003, 0x0003,
  0x0003, 0x0003, 0x0003, 0x0003, 0x0003, 0x0003, 0x0003, 0x0003, 0x0003, 0x0003,
  0x0003, 0x0003, 0x0003, 0x0003, 0x0006, 0x0003, 0x0003, 0x0003, 0x0003, 0x4243,
  0x0003, 0x0003, 0x0003, 0x0003, 0x0003, 0x0003, 0x0003, 0x5503, 0xD6C3, 0x0003,
  0x0003, 0x0003, 0x0003, 0x0003, 0x0003, 0x0003, 0x0003, 0x0003, 0x0003, 0x0003,
  0x0003, 0x0003, 0x0003, 0x0003, 0x0003, 0x0003, 0x0003, 0x0003, 0x0003, 0x0003,
  0x0003, 0x0003, 0x0003, 0x0003, 0x0003, 0x0003, 0x0003, 0x0003, 0x0003, 0x0003,
  0x0003, 0x0003, 0x0003, 0x0003, 0x0003, 0x0003, 0x0003, 0x0003, 0x0003, 0x0003,
  0x0006, 0x0003, 0xC003, 0x0003, 0x0003, 0x0003, 0x0003, 0x0006, 0x0006, 0x0003,
  0x0006, 0x0009, 0x0003, 0x4243, 0x0003, 0x0003, 0x0003, 0x0003, 0x0003, 0x0003,
  0x0003, 0xC003, 0xC003, 0x0003, 0x0003, 0x0003, 0x0003, 0x0003, 0x0003, 0x0003,
  0x0003, 0x0003, 0x0003, 0x0003, 0x0003, 0x0003, 0x0003, 0x0003, 0x0003, 0x0003,
  0x0003, 0x0003, 0x0003, 0x0003, 0x0003, 0x0003, 0x0003, 0x0003, 0x0003, 0x0003,
  0x0003, 0x0003, 0x0003, 0x0003, 0x0003, 0x0003, 0x0003, 0x0003, 0x0003, 0x0003,
  0x0003, 0x0003, 0x0003, 0x0003, 0x0003, 0x0003, 0x0003, 0x0003, 0x0003, 0x0003,
  0x0003, 0x0003, 0x0003, 0x0003, 0x0003, 0x0003, 0x0003, 0x0003, 0x0003, 0x0003,
  0x0003, 0x0003, 0x4243, 0x4243, 0x0003, 0xC003, 0x0003, 0x0003, 0x0003, 0x0003,
  0x0003, 0x0003, 0x0003, 0x0003, 0x0003, 0x0003, 0x0003, 0x0003, 0x0003, 0x0003,
  0x0003, 0x0003, 0x0003, 0x0003, 0x0003, 0x0003, 0x0003, 0x0003, 0x0003, 0x0003,
  0x0003, 0x0003, 0x0003, 0x0003, 0x0003, 0x0003, 0x0003, 0x0003, 0x0003, 0x0003,
  0x0003, 0x0003, 0x0003, 0x0003, 0x0003, 0x0003, 0x0003, 0x0003, 0x0003, 0x0003,
  0x0003, 0x0003, 0x0003, 0x0003, 0x0003, 0x0003, 0x0003, 0x0003, 0x0003, 0x0003,
  0x0003, 0x0003, 0x0003, 0x0003, 0x0003, 0x0003, 0x0003, 0x0003, 0x0003, 0x0003,
  0xC243, 0x0003, 0x0003, 0x0003, 0x0003, 0xC003, 0x0003, 0x0003, 0x0003, 0x0003,
  0x0003, 0x0003, 0x0003, 0x0003, 0x0003, 0x0003, 0x0006, 0x0003, 0x0006, 0x0009,
  0x0006, 0xC003, 0x0003, 0x0003, 0x0003, 0x0003, 0x0003, 0x0003, 0x0003, 0x0003,
  0x0003, 0x0003, 0x0003, 0x0003, 0x0003, 0x0003, 0x0003, 0x0003, 0x0003, 0x0003,
  0x0003, 0x0003, 0x0003, 0x0003, 0x0003, 0x0003, 0x0003, 0x0003, 0x0003, 0x0003,
  0x0003, 0x0003, 0x0003, 0x0003, 0x0003, 0x0003, 0x0003, 0x0003, 0x0003, 0x0003,
  0x0003, 0x0003, 0x0003, 0x0003, 0x0003, 0x0003, 0x0003, 0x0003, 0x0003, 0x0003,
  0x0003, 0x0003, 0x0003, 0xC006, 0x0003, 0x0003, 0x0003, 0x0003, 0x59C3, 0x59C3,
  0x4243, 0x0003, 0x0003, 0x0003, 0x0003, 0x0003, 0x0003, 0x0003, 0x0003, 0x5AC3,
  0x5AC3, 0x5AC3, 0x5AC3, 0x0003, 0x0003, 0x0003, 0x0003, 0x0003, 0x0003, 0x0003,
  0x0003, 0x0003, 0x0003, 0x0003, 0x0003, 0x0003, 0x0003, 0x0003, 0x0003, 0x0003,
  0x0003, 0x0003, 0x0003, 0x0003, 0x0003, 0x0003, 0x0003, 0x0003, 0x0003, 0x0003,
  0x0003, 0x0003, 0x0003, 0x0003, 0x0003, 0x0003, 0x0003, 0x0003, 0x0003, 0x0003,
  0x0003, 0x0003, 0x0003, 0x0003, 0x0003, 0x0003, 0x0003, 0x0003, 0x0003, 0x0003,
  0x0003, 0x0003, 0x0003, 0x0003, 0x0003, 0xC006, 0x0003, 0x0003, 0x0003, 0x0003,
  0x5D83, 0x5D83, 0x4243, 0x0003, 0x0003, 0x0003, 0x0003, 0x0003, 0x0003, 0x0003,
  0x0003, 0x5E83, 0x5E83, 0x5E83, 0x5E83, 0x0003, 0x0003, 0x0003, 0x0003, 0x0003,
  0x0003, 0x0003, 0x0003, 0x0003, 0x0003, 0x0003, 0x0003, 0x0003, 0x0003, 0x0003,
  0x0003, 0xC006, 0xC006, 0x0003, 0x0003, 0x0003, 0x0003, 0x0003, 0x0003, 0x0003,
  0x0003, 0x0003, 0x0003, 0x0003, 0x0003, 0x0003, 0x0003, 0x0003, 0x0003, 0x0003,
  0x0003, 0x0003, 0x0003, 0x0003, 0x0003, 0x0003, 0x0003, 0x0003, 0x0003, 0x0003,
  0x0003, 0x0003, 0x0003, 0x0003, 0x0003, 0x0003, 0x0003, 0xC003, 0x0003, 0x0003,
  0x0003, 0x0003, 0x0003, 0x0003, 0x0003, 0x0003, 0x0003, 0x0003, 0x0003, 0x7703,
  0x7703, 0x0003, 0x0003, 0x0003, 0x0003, 0x0003, 0x0003, 0x0003, 0x0003, 0x0003,
  0x0003, 0x0003, 0x0003, 0x0003, 0x0003, 0x0003, 0x0003, 0x0003, 0x0003, 0x0003,
  0x0003, 0x0003, 0x0003, 0x0003, 0x0003, 0x0003, 0x0003, 0x0003, 0x7703, 0x0003,
  0x7703, 0x0003, 0x7603, 0x0003, 0x0003, 0x0003, 0x0003, 0x0003, 0x0003, 0xC006,
  0x0003, 0x0003, 0x0003, 0x0003, 0x0003, 0x0003, 0x0003, 0x0003, 0x0003, 0xC006,
  0x0003, 0x0003, 0x0003, 0x0003, 0xC006, 0x0003, 0x0003, 0x0003, 0x0003, 0xC006,
  0x0003, 0x0003, 0x0003, 0x0003, 0xC006, 0x0003, 0x0003, 0x0003, 0x0003, 0x0003,
  0x0003, 0x0003, 0x0003, 0x0003, 0x0003, 0x0003, 0x0003, 0xC006, 0x0003, 0x0003,
  0x0003, 0x0003, 0x0003, 0x0003, 0x0003, 0x6043, 0x6083, 0xC046, 0x6103, 0xC046,
  0xC006, 0xC009, 0xC006, 0xC009, 0x6083, 0x6083, 0x6083, 0x6083, 0x0003, 0x0003,
  0x6083, 0xC046, 0x7983, 0x7983, 0x4243, 0x0003, 0x7983, 0x7983, 0x0003, 0x0003,
  0x0003, 0x0003, 0x0003, 0x0003, 0x0003, 0x0003, 0x0003, 0x0003, 0x0003, 0xC006,
  0x0003, 0x0003, 0x0003, 0x0003, 0x0003, 0x0003, 0x0003, 0x0003, 0x0003, 0xC006,
  0x0003, 0x0003, 0x0003, 0x0003, 0xC006, 0x0003, 0x0003, 0x0003, 0x0003, 0xC006,
  0x0003, 0x0003, 0x0003, 0x0003, 0xC006, 0x0003, 0x0003, 0x0003, 0x0003, 0x0003,
  0x0003, 0x0003, 0x0003, 0x0003, 0x0003, 0x0003, 0x0003, 0xC006, 0x0003, 0x0003,
  0x0003, 0x0003, 0x0003, 0x0003, 0x7703, 0x0003, 0x0003, 0x0003, 0x0003, 0x0003,
  0x0003, 0x0003, 0x0003, 0x0003, 0x0003, 0x0003, 0x0003, 0x0003, 0x0003, 0x0003,
  0x0003, 0x0003, 0x0003, 0x0003, 0x0003, 0x0003, 0x0003, 0x0003, 0x0003, 0x0003,
  0x0003, 0x0003, 0x0003, 0x0003, 0x0003, 0x0003, 0x0003, 0x0003, 0x0003, 0x0003,
  0x0003, 0x0003, 0x0003, 0x0003, 0x0003, 0x0003, 0x0003, 0x0003, 0x0003, 0x0003,
  0x0003, 0x0003, 0x0003, 0x0003, 0x0003, 0x0003, 0x0003, 0x0003, 0x0003, 0x0003,
  0x0003, 0x0003, 0x0006, 0x0003, 0x0003, 0x0003, 0x0003, 0x0003, 0x0003, 0x0003,
  0xC003, 0x0003, 0x0003, 0x0003, 0x0003, 0x0003, 0x0003, 0x0003, 0x0003, 0x41C3,
  0x0003, 0x4243, 0x4243, 0x0003, 0x0003, 0x0003, 0x0003, 0x0003, 0x0003, 0x0003,
  0x0003, 0x0003, 0x0003, 0x0003, 0x0003, 0x0003, 0x7703, 0x0003, 0x0003, 0x0003,
  0x0003, 0x0003, 0x0003, 0x0003, 0x0003, 0x0003, 0x0003, 0x0003, 0x0003, 0x0003,
  0x0003, 0x0003, 0x0003, 0x0003, 0x0003, 0x0003, 0x0003, 0x0003, 0x0003, 0x0003,
  0x0003, 0x0003, 0x0003, 0x0003, 0x0003, 0x0003, 0x0003, 0x0003, 0x0003, 0x0003,
  0x0003, 0x0003, 0x0003, 0x0003, 0x0003, 0x0003, 0x0003, 0x0003, 0x0003, 0x0003,
  0x0003, 0x0003, 0x0003, 0x0003, 0x0003, 0x0003, 0x0003, 0x0003, 0x0003, 0x0003,
  0x0003, 0x0003, 0x0003, 0x0003, 0x0003, 0x0003, 0x0003, 0xC003, 0x0003, 0x0003,
  0x0003, 0x0003, 0x0003, 0x0003, 0x0003, 0x0003, 0x0003, 0x0003, 0x0003, 0x0003,
  0x0003, 0x0003, 0x0003, 0x0003, 0x0003, 0x0003, 0x0003, 0x0003, 0x0003, 0x0003,
  0x0003, 0x0003, 0x0003, 0x0003, 0x0003, 0x0003, 0x0003, 0x0003, 0x0003, 0x0003,
  0x0003, 0xC003, 0xC003, 0xC003, 0xC003, 0xC003, 0xC003, 0xC003, 0xC003, 0xC003,
  0xC003, 0xC003, 0xC003, 0xC003, 0xC003, 0xC003, 0xC003, 0xC003, 0xC003, 0xC003,
  0xC003, 0xC003, 0x0003, 0x0003, 0x0003, 0x0003, 0x0003, 0x0003, 0x0003, 0x0003,
  0x0003, 0x0003, 0x0003, 0x0003, 0x0003, 0x0003, 0x0003, 0x0003, 0x0003, 0x0003,
  0x0003, 0x0003, 0x0003, 0x0003, 0x0003, 0x0003, 0x0003, 0x0003, 0x0003, 0x0003,
  0x0003, 0x0003, 0x0003, 0x0003, 0x0003, 0x0003, 0x0003, 0x0003, 0x0003, 0x0003,
  0x0003, 0x0003, 0xC003, 0xC003, 0xC003, 0xC003, 0xC003, 0xC003, 0xC003, 0xC003,
  0xC003, 0xC003, 0xC003, 0xC003, 0xC003, 0xC003, 0xC003, 0xC003, 0xC003, 0xC003,
  0xC003, 0xC003, 0xC003, 0xC003, 0xC003, 0xC003, 0x0003, 0x0003, 0x0003, 0x0003,
  0x0003, 0x0003, 0x0003, 0x0003, 0x0003, 0x0003, 0x0003, 0x0003, 0x0003, 0x0003,
  0x0003, 0x0003, 0x0003, 0x0003, 0x0003, 0x0003, 0x0003, 0x0003, 0x0003, 0x0003,
  0x0003, 0x0003, 0x0003, 0x0003, 0x0003, 0x0003, 0x0003, 0x0003, 0x0003, 0x0003,
  0x0003, 0x0003, 0x0003, 0x0003, 0x0003, 0x0003, 0x0003, 0x0003, 0x0003, 0x0003,
  0x0003, 0x0003, 0x0003, 0x0003, 0x0003, 0x0003, 0x0003, 0x0003, 0x0003, 0x0003,
  0x0003, 0x0003, 0x0003, 0x0003, 0x0003, 0x0003, 0x0003, 0x7983, 0x7983, 0x7983,
  0x0003, 0x0003, 0x0003, 0x0003, 0x0003, 0x0003, 0x0003, 0x0003, 0x0003, 0x0003,
  0x0003, 0x0003, 0x0003, 0x0003, 0x0003, 0x0003, 0x0003, 0x0003, 0x0003, 0x0003,
  0x0003, 0x0003, 0x0003, 0x0003, 0x0003, 0x0003, 0x0003, 0x0003, 0x0003, 0x0003,
  0x0003, 0x0003, 0x4243, 0x4243, 0x0003, 0x0003, 0x0003, 0x0003, 0x0003, 0x0003,
  0x0003, 0x0003, 0x0003, 0x0003, 0x0003, 0x0003, 0x0003, 0x0003, 0x0003, 0x0003,
  0x0003, 0x0003, 0x0003, 0x0003, 0x0003, 0x0003, 0x0003, 0x0003, 0x0003, 0x0003,
  0x0003, 0x0003, 0x0003, 0x0003, 0x4243, 0x0003, 0x0003, 0x0003, 0x0003, 0x0003,
  0x0003, 0x0003, 0x0003, 0x0003, 0x0003, 0x0003, 0x0003, 0x0003, 0x0003, 0x0003,
  0x0003, 0x0003, 0x0003, 0x4243, 0x0003, 0x0003, 0x0003, 0x0003, 0x0003, 0x0003,
  0x0003, 0x0003, 0x0003, 0x0003, 0x7983, 0x0003, 0x0003, 0x0003, 0x0003, 0x0003,
  0x0003, 0x0003, 0x0003, 0x0003, 0x0003, 0x0003, 0x0003, 0x0003, 0x0003, 0x0003,
  0x0003, 0x0003, 0x0003, 0x0003, 0x0003, 0x0003, 0x0003, 0x0003, 0x0003, 0x0003,
  0x0003, 0x0003, 0x0003, 0x0003, 0x0003, 0x0003, 0x0003, 0x0003, 0x0003, 0x0003,
  0x0003, 0x0003, 0x0003, 0x0003, 0x0003, 0x0003, 0x7903, 0x0003, 0x0003, 0x0003,
  0x0003, 0x0003, 0x0003, 0x0003, 0x0003, 0x0003, 0x0003, 0x0003, 0x0003, 0x0003,
  0x0003, 0x0003, 0x0003, 0x0003, 0x0003, 0x0003, 0x0003, 0x0003, 0x0003, 0x0003,
  0x0003, 0x0003, 0x0003, 0x0003, 0x0003, 0x0003, 0x0003, 0x0003, 0x0003, 0x0003,
  0x0003, 0x0003, 0x0003, 0x0003, 0x0003, 0x0003, 0x0003, 0x0003, 0x0003, 0x0003,
  0x0003, 0x0003, 0x0003, 0x0003, 0x0003, 0x0003, 0x0003, 0x0003, 0x0003, 0x0003,
  0x0003, 0x0003, 0x0003, 0x0003, 0x7783, 0x7983, 0x7703, 0x0003, 0x0003, 0x0003,
  0x0003, 0x0003, 0x0003, 0x0003, 0x0003, 0x0003, 0x0003, 0x0003, 0x0003, 0x0003,
  0x0003, 0x0003, 0x0003, 0x0003, 0x0003, 0x0003, 0x0003, 0x0003, 0x0003, 0x0003,
  0x7983, 0x7703, 0x0003, 0x0003, 0x0003, 0x0003, 0x0003, 0x0003, 0x0003, 0x0003,
  0x0003, 0x0003, 0x0003, 0x0003, 0x0003, 0x0003, 0x0003, 0x0003, 0x0003, 0x0003,
  0x0003, 0x0003, 0x0003, 0x0003, 0x0003, 0x0003, 0x0003, 0x0003, 0x0003, 0x0003,
  0x0003, 0x0003, 0x0003, 0x0003, 0x0003, 0x0003, 0x0003, 0x0003, 0x0003, 0x0003,
  0x0003, 0x4243, 0x0003, 0x0003, 0x0003, 0x0003, 0x0003, 0x0003, 0x0003, 0x0003,
  0x0003, 0x0003, 0x0003, 0x0003, 0x0003, 0x0003, 0x0003, 0x0003, 0x0003, 0x0003,
  0x0003, 0x0003, 0x7983, 0x7983, 0x7983, 0x7983, 0x7983, 0x7983, 0x7983, 0x7983,
  0x0003, 0x0003, 0x7703, 0x0003, 0x0003, 0x0003, 0x0003, 0x0003, 0x0003, 0x0003,
  0x0003, 0x0003, 0x0003, 0x0003, 0x0003, 0x0003, 0x0003, 0x0003, 0x0003, 0x0003,
  0x0003, 0x0003, 0x0003, 0x0003, 0x0003, 0x0003, 0x0003, 0x0003, 0x0003, 0x0003,
  0x0003, 0x0003, 0x0003, 0x0003, 0x0003, 0x0003, 0x0003, 0x0003, 0x0003, 0x0003,
  0x0003, 0x0003, 0x0003, 0x0003, 0x0003, 0x0003, 0x0003, 0x0003, 0x0003, 0x0003,
  0x0003, 0x7983, 0x7983, 0x7983, 0x7983, 0x7983, 0x7703, 0x7703, 0x7703, 0x7703,
  0x7703, 0x7703, 0x7983, 0x7983, 0x7703, 0x0003, 0x7703, 0x7983, 0x7983, 0x7703,
  0x7703, 0x7983, 0x7983, 0x7983, 0x7983, 0x7983, 0x7703, 0x7983, 0x7983, 0x7983,
  0x7983, 0x7983, 0x7983, 0x7983, 0x7983, 0x7983, 0x7983, 0x7983, 0x7983, 0x7983,
  0x7983, 0x7983, 0x7983, 0x7983, 0x7983, 0x7703, 0x0003, 0x0003, 0x7983, 0x7983,
  0x7983, 0x7983, 0x7983, 0x7983, 0x7703, 0x7983, 0x7983, 0x7983, 0x7983, 0x7A83,
  0x0003, 0x0003, 0x0003, 0x0003, 0x0003, 0x0003, 0x0003, 0x0003, 0x0003, 0x0003,
  0x0003, 0x0003, 0x0003, 0x0003, 0x0003, 0x0003, 0x0003, 0x0003, 0x0003, 0x0003,
  0x0006, 0x0003, 0x0006, 0x0003, 0x0006, 0x0003, 0x0006, 0x0003, 0x0006, 0x0003,
  0x0003, 0x0003, 0x0006, 0x0003, 0x0003, 0x0003, 0x0003, 0x0003, 0x0003, 0x0003,
  0x0003, 0x0003, 0x0003, 0x0003, 0x0003, 0x0003, 0x0003, 0x0003, 0x0003, 0x0003,
  0x0003, 0x0003, 0x0003, 0x0003, 0x0003, 0x0003, 0x0003, 0x0003, 0x0003, 0x0003,
  0x0003, 0x0003, 0x0003, 0x0003, 0x0003, 0x0003, 0x41C3, 0xC003, 0x0003, 0x0003,
  0x0003, 0x0003, 0x0003, 0x0006, 0x0003, 0x0006, 0x0003, 0x0003, 0x0006, 0x0006,
  0x0003, 0x0006, 0x4243, 0x0003, 0x0003, 0x0003, 0x0003, 0x0003, 0x0003, 0x0003,
  0x0003, 0x0003, 0x0003, 0x0003, 0x0003, 0x0003, 0x0003, 0x0003, 0x0003, 0x0003,
  0x0003, 0x0003, 0x0003, 0x0003, 0x0003, 0x0003, 0x0003, 0x0003, 0x0003, 0x0003,
  0x0003, 0x0003, 0x0003, 0x0003, 0x0003, 0x0003, 0x0003, 0x0003, 0x0003, 0x0003,
  0x0003, 0x7983, 0x7703, 0x7983, 0x7983, 0x7983, 0x7983, 0x7983, 0x7983, 0x7983,
  0x0003, 0x0003, 0x0003, 0x0003, 0x0003, 0x0003, 0x0003, 0x0003, 0x0003, 0x0003,
  0x0003, 0x0003, 0x0003, 0x0003, 0x0003, 0x0003, 0x0003, 0x0003, 0x0003, 0x0003,
  0x0003, 0x0003, 0x0003, 0x0003, 0x0003, 0x0003, 0x0003, 0x0003, 0x0003, 0x0003,
  0x0003, 0x0003, 0x0003, 0x0003, 0x0003, 0x0003, 0x0003, 0x0003, 0x0003, 0x0003,
  0x0003, 0x0003, 0x4243, 0x4243, 0x0003, 0x0003, 0x0003, 0x0003, 0x0003, 0x0003,
  0x0003, 0x0003, 0x0003, 0x0003, 0x0003, 0x0003, 0x0003, 0x0003, 0x0003, 0x0003,
  0x0003, 0x0003, 0x0003, 0x0003, 0x0003, 0x0003, 0x0003, 0x0003, 0x0003, 0x0003,
  0x0003, 0x0003, 0x0003, 0x0003, 0x0003, 0x0003, 0x0003, 0x0003, 0x0003, 0x0003,
  0x0003, 0x0003, 0x41C3, 0x0003, 0x0003, 0x0003, 0x0003, 0x0003, 0x0003, 0x0003,
  0x0003, 0x0003, 0x0003, 0x0003, 0x4243, 0x4243, 0x0003, 0x0003, 0x0003, 0x0003,
  0x0003, 0x0003, 0x0003, 0x0003, 0x0003, 0x0003, 0x0003, 0x0003, 0x0003, 0x0003,
  0x0003, 0x0003, 0x7983, 0x7983, 0x7983, 0x0003, 0x4043, 0x7703, 0x7703, 0x7703,
  0x7703, 0x7703, 0x7983, 0x7983, 0x7703, 0x7703, 0x7703, 0x7703, 0x7983, 0x0003,
  0x4043, 0x4043, 0x4043, 0x4043, 0x4043, 0x4043, 0x4043, 0x0003, 0x0003, 0x0003,
  0x0003, 0x7703, 0x0003, 0x0003, 0x0003, 0x0003, 0x0003, 0x0003, 0x7983, 0x0003,
  0x0003, 0x0003, 0x7983, 0x7983, 0x0003, 0x0003, 0x0003, 0x0003, 0x0003, 0x0003,
  0x0003, 0x0003, 0x0003, 0x0003, 0x0003, 0x0003, 0x0003, 0x0003, 0x0003, 0x0003,
  0x0003, 0x0003, 0x0003, 0x0003, 0x0003, 0x0003, 0x0003, 0x0003, 0x0003, 0x0003,
  0x0003, 0x0003, 0x0003, 0x0003, 0x0003, 0x0003, 0x0003, 0x0003, 0x0003, 0x0003,
  0x0003, 0x0003, 0x0003, 0x0003, 0x0003, 0x0003, 0x0003, 0x0003, 0xC001, 0xC002,
  0xC001, 0x0003, 0xC001, 0xC001, 0xC002, 0xC001, 0xC001, 0xC001, 0xC001, 0xC001,
  0xC001, 0xC001, 0xC001, 0x0003, 0xC001, 0xC002, 0xC001, 0xC001, 0xC001, 0xC001,
  0xC002, 0xC002, 0xC003, 0xC001, 0xC001, 0xC001, 0xC002, 0xC002, 0xC002, 0xC001,
  0x0003, 0xC001, 0xC001, 0xC002, 0xC001, 0xC002, 0xC003, 0xC003, 0xC001, 0xC001,
  0xC001, 0xC003, 0xC002, 0xC001, 0xC003, 0xC002, 0xC002, 0xC002, 0xC002, 0xC002,
  0xC001, 0xC001, 0xC001, 0xC001, 0xC002, 0xC002, 0xC002, 0xC002, 0xC002, 0x0003,
  0x0003, 0x0003, 0x0003, 0x0003, 0x0003, 0x0003, 0x0003, 0x0003, 0x0003, 0x0003,
  0x0003, 0x0003, 0xC002, 0x0003, 0x0003, 0x0003, 0x0003, 0x0003, 0x0003, 0x0003,
  0x0003, 0x0003, 0x0003, 0x0003, 0x0003, 0x0003, 0x0003, 0x0003, 0x0003, 0x0003,
  0x0003, 0x0003, 0x0003, 0x0003, 0x0003, 0x0003, 0x0003, 0x0003, 0x0003, 0x0003,
  0xC002, 0xC001, 0xC002, 0xC002, 0xC002, 0xC001, 0xC002, 0xC002, 0xC002, 0xC002,
  0xC002, 0xC002, 0xC003, 0xC002, 0xC002, 0xC003, 0xC002, 0xC002, 0xC002, 0xC002,
  0xC002, 0xC002, 0xC002, 0xC002, 0xC002, 0xC002, 0xC002, 0xC002, 0xC002, 0xC003,
  0xC002, 0xC002, 0xC001, 0xC002, 0xC002, 0xC002, 0xC002, 0x7983, 0x7983, 0x7703,
  0x7983, 0x7983, 0x7983, 0x7983, 0x7983, 0x7983, 0x7983, 0x7703, 0x7983, 0x7983,
  0x7A83, 0x7583, 0x7703, 0x7283, 0x7983, 0x7983, 0x7983, 0x7983, 0x7983, 0x7983,
  0x7983, 0x7983, 0x7983, 0x7983, 0x7983, 0x7983, 0x7983, 0x7983, 0x7983, 0x7983,
  0x7983, 0x7983, 0x7983, 0x7983, 0x7983, 0x7983, 0x7983, 0x7983, 0x7983, 0x7983,
  0x7983, 0x7983, 0x7983, 0x7983, 0x7983, 0x7983, 0x7983, 0x7983, 0x7983, 0x7983,
  0x7983, 0x7A03, 0x7903, 0x7903, 0x7703, 0x7683, 0x7983, 0x7A43, 0x7703, 0x7983,
  0x7703, 0x0003, 0x0003, 0x0003, 0x0003, 0x0003, 0x0003, 0x0003, 0x0003, 0x0005,
  0x0005, 0x0003, 0x0003, 0x0003, 0x0003, 0x0003, 0x0003, 0x0003, 0x0003, 0x0003,
  0x0003, 0x0005, 0x0005, 0x0005, 0x0005, 0x0003, 0x0003, 0x0003, 0x0003, 0x0005,
  0x0005, 0x0003, 0x0003, 0x0003, 0x0003, 0x0003, 0x0003, 0x0003, 0x0003, 0x0003,
  0x0003, 0x0003, 0x0003, 0x0003, 0x0003, 0x0003, 0x0003, 0x0005, 0x0005, 0x0003,
  0x0003, 0x0003, 0x0003, 0x0003, 0x0003, 0x0003, 0x0003, 0x0005, 0x0005, 0x0003,
  0x0003, 0x0003, 0x0003, 0x0003, 0x0003, 0x0003, 0x0003, 0x0003, 0x0003, 0x0003,
  0x0003, 0x0005, 0x0005, 0x0005, 0x0005, 0x0005, 0x0005, 0x0005, 0x0005, 0x0003,
  0x0003, 0x0003, 0x0003, 0x0003, 0x0003, 0x0003, 0x0003, 0x0005, 0x0005, 0x0003,
  0x0003, 0x0003, 0x0003, 0x0003, 0x0003, 0x0005, 0x0005, 0x0005, 0x0005, 0x0005,
  0x0005, 0x0003, 0x0003, 0x0003, 0x0003, 0x0003, 0x0003, 0x0003, 0x0003, 0x0003,
  0x0003, 0x0003, 0x0003, 0x0003, 0x0003, 0x0005, 0x0005, 0x0005, 0x0005, 0x0003,
  0x0003, 0x0003, 0x0003, 0x0003, 0x0003, 0x0003, 0x0003, 0x0003, 0x0003, 0x0003,
  0x0003, 0x0003, 0x0003, 0x0003, 0x0003, 0x0003, 0x0003, 0x0003, 0x0003, 0x0003,
  0x0003, 0x0003, 0x0003, 0x0003, 0x0003, 0xC003, 0xC003, 0x0003, 0x0003, 0x0003,
  0x0003, 0x0003, 0x0003, 0x0003, 0x0003, 0x0005, 0x0005, 0x0005, 0x0005, 0x0005,
  0x0005, 0x0005, 0x0005, 0x0005, 0x0005, 0x0005, 0x0005, 0x0005, 0x0005, 0x0005,
  0x0005, 0x0005, 0x0005, 0x0005, 0x0005, 0x0003, 0x0003, 0x0003, 0x0003, 0x0003,
  0x0003, 0x0005, 0x0005, 0x0005, 0x0005, 0x0005, 0x0005, 0x0005, 0x0005, 0x0003,
  0x0003, 0x0003, 0x0003, 0x0003, 0x0003, 0x0003, 0x0003, 0x0005, 0x0005, 0x0005,
  0x0005, 0x0005, 0x0005, 0x0005, 0x0005, 0x0005, 0x0005, 0x0005, 0x0005, 0x0005,
  0x0005, 0x0005, 0x0005, 0x0005, 0x0005, 0x0005, 0x0005, 0x0003, 0x0003, 0x0003,
  0x0003, 0x0005, 0x0005, 0x0005, 0x0005, 0x0005, 0x0005, 0x0005, 0x0005, 0x0005,
  0x0005, 0x0003, 0x0003, 0x0003, 0x0003, 0x0003, 0x0003, 0x0003, 0x0003, 0x0003,
  0x0003, 0x0003, 0x0003, 0x0003, 0x0003, 0x0004, 0x0004, 0x0006, 0x0006, 0x0006,
  0x0006, 0x0006, 0x0006, 0x0004, 0x0004, 0x0006, 0x0006, 0x0006, 0x0006, 0x0006,
  0x0006, 0x0004, 0x0004, 0x0006, 0x0006, 0x0006, 0x0006, 0x0003, 0x0003, 0x0004,
  0x0004, 0x0006, 0x0006, 0x0006, 0x0006, 0x0003, 0x0003, 0x0004, 0x0004, 0x0006,
  0x0006, 0x0006, 0x0006, 0x0006, 0x0006, 0x0004, 0x0004, 0x0006, 0x0006, 0x0006,
  0x0006, 0x0006, 0x0006, 0x0004, 0x0004, 0x0006, 0x0006, 0x0006, 0x0006, 0x0006,
  0x0006, 0x0004, 0x0004, 0x0006, 0x0006, 0x0006, 0x0006, 0x0006, 0x0006, 0x0004,
  0x0004, 0x0006, 0x0006, 0x0006, 0x0006, 0x0003, 0x0003, 0x0004, 0x0004, 0x0006,
  0x0006, 0x0006, 0x0006, 0x0003, 0x0003, 0x0004, 0x0004, 0x0006, 0x0006, 0x0006,
  0x0006, 0x0006, 0x0006, 0x0003, 0x0004, 0x0003, 0x0006, 0x0003, 0x0006, 0x0003,
  0x0006, 0x0004, 0x0004, 0x0006, 0x0006, 0x0006, 0x0006, 0x0006, 0x0006, 0x0004,
  0x0004, 0x0006, 0x0006, 0x0006, 0x0006, 0x0006, 0x0006, 0x0004, 0xC004, 0x0004,
  0xC004, 0x0004, 0xC004, 0x0004, 0xC004, 0x0004, 0xC004, 0x0004, 0xC004, 0x0004,
  0xC004, 0x0003, 0x0003, 0x0006, 0x0006, 0x0008, 0x0008, 0x0008, 0x0008, 0x0008,
  0x0008, 0x0006, 0x0006, 0x0008, 0x0008, 0x0008, 0x0008, 0x0008, 0x0008, 0x0006,
  0x0006, 0x0008, 0x0008, 0x0008, 0x0008, 0x0008, 0x0008, 0x0006, 0x0006, 0x0008,
  0x0008, 0x0008, 0x0008, 0x0008, 0x0008, 0x0006, 0x0006, 0x0008, 0x0008, 0x0008,
  0x0008, 0x0008, 0x0008, 0x0006, 0x0006, 0x0008, 0x0008, 0x0008, 0x0008, 0x0008,
  0x0008, 0x0004, 0x0004, 0x0006, 0x0004, 0x0006, 0x0003, 0x0004, 0x0006, 0x0004,
  0x0004, 0x0004, 0xC004, 0x0004, 0xC003, 0xC002, 0xC003, 0xC005, 0x0006, 0x0004,
  0x0006, 0x0003, 0x0004, 0x0006, 0x0004, 0xC004, 0x0004, 0xC004, 0x0004, 0xC005,
  0xC005, 0xC005, 0x0004, 0x0004, 0x0006, 0xC006, 0x0003, 0x0003, 0x0004, 0x0006,
  0x0004, 0x0004, 0x0004, 0xC004, 0x0003, 0xC005, 0xC005, 0xC005, 0x0004, 0x0004,
  0x0006, 0xC006, 0x0004, 0x0004, 0x0004, 0x0006, 0x0004, 0x0004, 0x0004, 0xC004,
  0x0004, 0xC005, 0xC005, 0xC001, 0x0003, 0x0003, 0x0006, 0x0004, 0x0006, 0x0003,
  0x0004, 0x0006, 0x0004, 0xC004, 0x0004, 0xC004, 0x0004, 0xC003, 0xC003, 0x0003,
  0xC001, 0xC001, 0xC001, 0xC001, 0xC001, 0xC001, 0xC001, 0xC001, 0xC001, 0xC001,
  0xC001, 0x0003, 0x0003, 0x0003, 0x0003, 0x0003, 0x0003, 0xC003, 0x0003, 0x0003,
  0x0003, 0x0003, 0x0003, 0xC003, 0x0003, 0x0003, 0x0003, 0x0003, 0x0003, 0x0003,
  0x0003, 0x0003, 0x0003, 0x0003, 0x0003, 0x0003, 0xC001, 0xC002, 0xC003, 0x0003,
  0x0003, 0x0003, 0x0003, 0x0003, 0x0003, 0x0003, 0x0003, 0xC001, 0x0003, 0x0003,
  0x0003, 0xC006, 0xC009, 0x0003, 0xC006, 0xC009, 0x0003, 0x0003, 0x0003, 0x0003,
  0xC002, 0x0003, 0xC003, 0x0003, 0x0003, 0x0003, 0x0003, 0x0003, 0x0003, 0x0003,
  0xC002, 0xC002, 0xC002, 0x0003, 0x0003, 0x0003, 0x0003, 0x0003, 0x0003, 0x0003,
  0x0003, 0x0003, 0x0003, 0x0003, 0x0003, 0x0003, 0xC00C, 0x0003, 0x0003, 0x0003,
  0x0003, 0x0003, 0x0003, 0x0003, 0xC001, 0x0003, 0x0003, 0x0003, 0x0003, 0x0003,
  0x0003, 0x0003, 0x0003, 0x0003, 0x0003, 0x0003, 0x0003, 0x0003, 0x0003, 0x0003,
  0x0003, 0xC001, 0xC001, 0x0003, 0x0003, 0xC001, 0xC001, 0xC001, 0xC001, 0xC001,
  0xC001, 0xC001, 0xC003, 0xC001, 0xC001, 0xC001, 0xC001, 0xC001, 0xC001, 0xC001,
  0xC001, 0xC001, 0xC001, 0xC001, 0xC003, 0xC001, 0xC001, 0xC001, 0x0003, 0xC001,
  0xC001, 0xC001, 0xC001, 0xC002, 0xC001, 0xC001, 0xC001, 0xC001, 0xC001, 0xC001,
  0xC001, 0xC001, 0x0003, 0x0003, 0x0003, 0x0003, 0x0003, 0x0003, 0x0003, 0x0003,
  0x0003, 0x0003, 0x0003, 0xC002, 0x0003, 0x0003, 0x0003, 0x0003, 0x0003, 0x0003,
  0x0003, 0x0003, 0x0003, 0x0003, 0x0003, 0x0003, 0x0003, 0x0003, 0x0003, 0x0003,
  0x0003, 0x0003, 0x0003, 0x0003, 0x0003, 0x0003, 0x0003, 0x7983, 0x7983, 0x4043,
  0x4043, 0x7983, 0x7983, 0x7983, 0x7983, 0x4043, 0x4043, 0x4043, 0x7983, 0x7983,
  0x0003, 0x0003, 0x0003, 0x0003, 0x7983, 0x0003, 0x0003, 0x0003, 0x4043, 0x4043,
  0x7983, 0x7703, 0x7983, 0x4043, 0x4043, 0x7703, 0x7703, 0x7703, 0x7703, 0x7983,
  0x0003, 0x0003, 0x0003, 0x0003, 0x0003, 0x0003, 0x0003, 0x0003, 0x0003, 0x0003,
  0x0003, 0x0003, 0x0003, 0x0003, 0x0003, 0xC003, 0xC003, 0xC001, 0xC003, 0x0003,
  0xC003, 0xC003, 0xC002, 0x0003, 0xC003, 0xC001, 0xC001, 0xC001, 0xC001, 0xC001,
  0xC002, 0xC001, 0xC001, 0xC001, 0xC001, 0x0003, 0xC001, 0xC002, 0x0003, 0x0003,
  0xC001, 0xC001, 0xC001, 0xC001, 0xC001, 0x0003, 0x0003, 0xC002, 0xC003, 0xC002,
  0x0003, 0xC001, 0x0003, 0xC002, 0x0003, 0xC001, 0x0003, 0xC001, 0xC003, 0xC001,
  0xC001, 0x0003, 0xC001, 0xC001, 0xC001, 0x0003, 0xC001, 0xC001, 0xC002, 0xC002,
  0xC002, 0xC002, 0xC001, 0x0003, 0xC003, 0xC002, 0xC002, 0xC002, 0xC002, 0xC003,
  0x0003, 0x0003, 0x0003, 0x0003, 0xC001, 0xC001, 0xC001, 0xC001, 0xC001, 0x0003,
  0x0003, 0x0003, 0x0003, 0x0003, 0x0003, 0xC005, 0xC005, 0xC006, 0xC005, 0xC005,
  0xC005, 0xC005, 0xC005, 0xC005, 0xC005, 0xC005, 0xC005, 0xC005, 0xC005, 0xC005,
  0xC004, 0xC001, 0xC002, 0xC003, 0xC002, 0xC001, 0xC002, 0xC003, 0xC004, 0xC002,
  0xC001, 0xC002, 0xC003, 0xC001, 0xC001, 0xC001, 0xC001, 0xC001, 0xC002, 0xC003,
  0xC002, 0xC001, 0xC002, 0xC003, 0xC004, 0xC002, 0xC001, 0xC002, 0xC003, 0xC001,
  0xC001, 0xC001, 0xC001, 0x0003, 0x0003, 0x0003, 0x0003, 0x0003, 0x0003, 0x0003,
  0x0003, 0x0003, 0xC005, 0x0003, 0x0003, 0x0003, 0x0003, 0x0003, 0x0003, 0x0003,
  0x0003, 0x0003, 0x0003, 0x0003, 0x0003, 0x0003, 0x0003, 0x0003, 0x0003, 0x0005,
  0x0005, 0x0003, 0x0003, 0x0003, 0x0003, 0x0003, 0x0003, 0x0003, 0x0003, 0x0003,
  0x0003, 0x0003, 0x0003, 0x0003, 0x0003, 0x0003, 0x0003, 0x0003, 0x0003, 0x0005,
  0x0003, 0x0003, 0x0003, 0x0003, 0x0003, 0x0003, 0x0003, 0x0003, 0x0003, 0x0003,
  0x0003, 0x0003, 0x0003, 0x0003, 0x0003, 0x0003, 0x0003, 0x0005, 0x0005, 0x0005,
  0x0003, 0x0003, 0x0003, 0x0003, 0x0003, 0x0003, 0x0003, 0x0003, 0x0003, 0x0003,
  0x0003, 0x0003, 0x0003, 0x0003, 0x0003, 0x0003, 0x0003, 0x0003, 0x0003, 0x0003,
  0x0003, 0x0003, 0x0003, 0x0003, 0x0003, 0x0003, 0x0003, 0x0003, 0x0003, 0x0003,
  0x0003, 0x0003, 0x0003, 0x0003, 0x0003, 0x0003, 0x0003, 0x0003, 0x0003, 0x0003,
  0x0003, 0x0003, 0x0003, 0x0003, 0x0003, 0x0003, 0x0003, 0x0003, 0x0005, 0x0003,
  0x0003, 0x0003, 0x0003, 0x0005, 0x0003, 0x0003, 0x0005, 0x0003, 0x0003, 0x0003,
  0x0003, 0x0003, 0x0003, 0x0003, 0x0003, 0x0003, 0x0003, 0x0003, 0x0003, 0x0003,
  0x0003, 0x0003, 0x0003, 0x0003, 0x0003, 0x0003, 0x0003, 0x0003, 0x0003, 0x0003,
  0x0005, 0x0003, 0x0005, 0x0003, 0x0003, 0x0003, 0x0003, 0x0003, 0xC006, 0xC009,
  0x0003, 0xC006, 0xC009, 0x0003, 0x0003, 0x0003, 0x0003, 0x0003, 0x0003, 0x0003,
  0x0003, 0x0003, 0x0003, 0x0003, 0x0003, 0x0003, 0x0003, 0x0003, 0x0005, 0x0003,
  0x0003, 0x0005, 0x0003, 0x0003, 0x0005, 0x0003, 0x0005, 0x0003, 0x0003, 0x0003,
  0x0003, 0x0003, 0x0003, 0x0003, 0x0003, 0x0003, 0x0003, 0x0003, 0x0003, 0x0003,
  0x0003, 0x0003, 0x0003, 0x0003, 0x0003, 0x0003, 0x0003, 0x0003, 0x0003, 0x0003,
  0x0003, 0x0005, 0x0003, 0x0003, 0x0003, 0x0003, 0x0003, 0x0003, 0x0003, 0x0003,
  0x0003, 0x0003, 0x0005, 0x0003, 0x0003, 0x0005, 0x0005, 0x0003, 0x0003, 0x0005,
  0x0005, 0x0003, 0x0003, 0x0005, 0x0005, 0x0003, 0x0003, 0x0003, 0x0003, 0x0003,
  0x0003, 0x0003, 0x0003, 0x0003, 0x0003, 0x0003, 0x0003, 0x0003, 0x0003, 0x0003,
  0x0003, 0x0003, 0x0003, 0x0003, 0x0003, 0x0003, 0x0003, 0x0003, 0x0003, 0x0003,
  0x0003, 0x0003, 0x0003, 0x0003, 0x0003, 0x0003, 0x0003, 0x0003, 0x0003, 0x0005,
  0x0005, 0x0005, 0x0005, 0x0003, 0x0003, 0x0003, 0x0003, 0x0003, 0x0003, 0x0003,
  0x0003, 0x0003, 0x0003, 0x0003, 0x0003, 0x0003, 0x0003, 0x0003, 0x0003, 0x0003,
  0x0003, 0x0003, 0x0003, 0x0003, 0x0003, 0x0003, 0x0003, 0x0003, 0x0003, 0x0003,
  0x0003, 0x0003, 0x0003, 0x0003, 0x0003, 0x0005, 0x0005, 0x0005, 0x0005, 0x0003,
  0x0003, 0x0003, 0x0003, 0x0003, 0x0003, 0x0005, 0x0005, 0x0005, 0x0005, 0x0003,
  0x0003, 0x0003, 0x0003, 0x0003, 0x0003, 0x0003, 0x0003, 0x0003, 0x0003, 0x0003,
  0x0003, 0x0003, 0x0003, 0x0003, 0x0003, 0x0003, 0x0003, 0x0003, 0x0003, 0x0003,
  0x0003, 0x0003, 0x0003, 0x0003, 0x0003, 0x0003, 0x0003, 0x0003, 0x0003, 0x0003,
  0x0003, 0x0003, 0x0003, 0x0003, 0x0003, 0x0003, 0x0003, 0x0003, 0x0003, 0x0003,
  0xC003, 0xC003, 0x0003, 0x0003, 0x0003, 0x0003, 0x0003, 0x0003, 0x0003, 0x0003,
  0x0003, 0x0003, 0x0003, 0x0003, 0x0003, 0x0003, 0x0003, 0x0003, 0x0003, 0x0003,
  0x0003, 0x0003, 0x0003, 0x0003, 0x0003, 0x0003, 0x0003, 0x0003, 0x0003, 0x0003,
  0x0003, 0x0003, 0x0003, 0x0003, 0xC001, 0xC001, 0xC001, 0xC001, 0xC001, 0xC001,
  0xC001, 0xC001, 0xC001, 0xC002, 0xC002, 0xC002, 0xC002, 0xC002, 0xC002, 0xC002,
  0xC002, 0xC002, 0xC002, 0xC002, 0xC003, 0xC003, 0xC003, 0xC003, 0xC003, 0xC003,
  0xC003, 0xC003, 0xC003, 0xC004, 0xC004, 0xC004, 0xC004, 0xC004, 0xC004, 0xC004,
  0xC004, 0xC002, 0xC002, 0xC002, 0xC002, 0xC002, 0xC002, 0xC002, 0xC002, 0xC002,
  0xC003, 0xC003, 0xC003, 0xC003, 0xC003, 0xC003, 0xC003, 0xC003, 0xC003, 0xC003,
  0xC003, 0xC003, 0xC003, 0xC003, 0xC003, 0xC003, 0xC003, 0xC003, 0xC003, 0xC003,
  0xC003, 0xC003, 0xC003, 0xC003, 0xC003, 0xC003, 0xC003, 0xC003, 0xC003, 0xC003,
  0xC003, 0xC003, 0xC003, 0xC003, 0xC003, 0xC003, 0xC003, 0xC001, 0xC001, 0xC001,
  0xC001, 0xC001, 0xC001, 0xC001, 0xC001, 0xC001, 0xC001, 0xC001, 0xC001, 0xC001,
  0xC001, 0xC001, 0xC001, 0xC001, 0xC001, 0xC001, 0xC001, 0xC001, 0xC001, 0xC001,
  0xC001, 0xC001, 0xC001, 0xC001, 0xC001, 0xC001, 0xC001, 0xC001, 0xC001, 0xC001,
  0xC001, 0xC001, 0xC001, 0xC001, 0xC001, 0xC001, 0xC001, 0xC001, 0xC001, 0xC001,
  0x0003, 0x0003, 0x0003, 0x0003, 0x0003, 0x0003, 0x0003, 0x0003, 0x0003, 0x0003,
  0x0003, 0x0003, 0x0003, 0x0003, 0x0003, 0x0003, 0x0003, 0x0003, 0x0003, 0x0003,
  0x0003, 0xC00C, 0x0003, 0x0003, 0x0003, 0x0003, 0x0003, 0x0003, 0x0003, 0x0003,
  0x0003, 0x0003, 0x0003, 0x0003, 0x0003, 0x0003, 0x0003, 0x0003, 0x0003, 0x0003,
  0x0003, 0x0003, 0x0003, 0x0003, 0x0003, 0x0003, 0x0003, 0x0003, 0x0003, 0x0003,
  0x0003, 0x0003, 0x0003, 0x0003, 0x0003, 0x0003, 0x0003, 0x0003, 0x0003, 0x0003,
  0x0003, 0x0003, 0x0003, 0x0003, 0x0003, 0x0003, 0x0003, 0x0003, 0x0003, 0x0003,
  0x0003, 0x0003, 0x0003, 0x0003, 0xC003, 0xC002, 0xC003, 0x0003, 0x0003, 0x0003,
  0x0003, 0x0003, 0x0003, 0x0003, 0x0003, 0x0003, 0x0003, 0x0003, 0x0003, 0x0003,
  0x0003, 0x0003, 0x0003, 0x0003, 0x0003, 0x0003, 0x0003, 0x0003, 0x0003, 0x0003,
  0x0003, 0x0003, 0x0003, 0x0003, 0x0003, 0xC005, 0x0003, 0x0003, 0x0003, 0x0003,
  0x0003, 0x0003, 0x0003, 0x0003, 0x0003, 0x0003, 0x0003, 0x0003, 0x0003, 0x0003,
  0x0003, 0x0003, 0x0003, 0x0003, 0x0003, 0x0003, 0x0003, 0x0003, 0x0003, 0x0003,
  0x0003, 0x0003, 0x0003, 0x0003, 0x0003, 0x0003, 0x0003, 0x0003, 0x0003, 0x0003,
  0x0003, 0x0003, 0x0003, 0x0003, 0x0003, 0x0003, 0x0003, 0x0003, 0x0003, 0x0003,
  0x0003, 0x0003, 0x0003, 0x0003, 0x0003, 0x0003, 0x0003, 0x0003, 0x0003, 0x0003,
  0x0003, 0x0003, 0x0003, 0x0003, 0x0003, 0x0003, 0xC001, 0xC001, 0x0003, 0x0003,
  0x0003, 0x0003, 0x0003, 0x0003, 0x0003, 0x0003, 0x0003, 0x0003, 0x0003, 0x0003,
  0x0003, 0x0003, 0x0003, 0x0003, 0x0003, 0x0003, 0x0003, 0x0003, 0x0003, 0x0003,
  0x0003, 0x0003, 0x0003, 0x0003, 0x0003, 0x0003, 0x0003, 0x0003, 0x0003, 0x0003,
  0x0003, 0x0003, 0x0003, 0x0003, 0x0003, 0x0003, 0x0003, 0x0003, 0x0003, 0x0003,
  0x0003, 0x0003, 0x0003, 0x0003, 0x0003, 0xC003, 0x0003, 0x0003, 0x0003, 0x0003,
  0x0003, 0x0003, 0x0003, 0x0003, 0x0003, 0x0003, 0x0003, 0x0003, 0x0003, 0x0003,
  0x0003, 0x4243, 0x0003, 0x0003, 0x0003, 0x0003, 0x0003, 0x0003, 0x0003, 0x0003,
  0x0003, 0x0003, 0x0003, 0x0003, 0x0003, 0x0003, 0x0003, 0x0003, 0x0003, 0x0003,
  0x0003, 0x0003, 0x0003, 0x0003, 0x0003, 0x0003, 0x0003, 0x0003, 0x0003, 0x0003,
  0x0003, 0x0003, 0x0003, 0x0003, 0x7983, 0x7983, 0x7983, 0x7983, 0x7983, 0x7983,
  0x7983, 0x7983, 0x7983, 0x7983, 0x7983, 0x7983, 0x7983, 0x7983, 0x7983, 0x7983,
  0x7983, 0x7983, 0x7983, 0x7983, 0x7983, 0x7983, 0x7983, 0x7983, 0x7983, 0x7983,
  0x7983, 0x7983, 0x7983, 0x7983, 0x7983, 0x7983, 0xC003, 0xC003, 0xC003, 0xC003,
  0xC003, 0xC003, 0xC003, 0xC003, 0xC003, 0xC003, 0xC003, 0xC003, 0xC003, 0xC003,
  0xC003, 0xC003, 0xC003, 0xC003, 0xC003, 0xC003, 0xC003, 0xC003, 0xC003, 0xC003,
  0xC003, 0xC003, 0xC003, 0xC003, 0xC003, 0xC003, 0xC003, 0xC003, 0xC003, 0xC003,
  0xC003, 0xC003, 0xC003, 0xC003, 0xC003, 0xC003, 0xC003, 0xC003, 0xC003, 0xC003,
  0xC003, 0xC003, 0xC003, 0xC003, 0xC003, 0xC003, 0xC003, 0xC003, 0xC003, 0xC003,
  0xC003, 0xC003, 0xC003, 0xC003, 0xC003, 0xC003, 0xC003, 0xC003, 0xC003, 0xC003,
  0xC001, 0x0003, 0x0003, 0x0003, 0x0003, 0x0003, 0x0003, 0x0003, 0x0003, 0x0003,
  0x0003, 0x0003, 0x0003, 0x0003, 0x0003, 0x0003, 0x0003, 0x0003, 0x0003, 0x0003,
  0x0003, 0x0003, 0x0003, 0x0003, 0x0003, 0x0003, 0x0003, 0x0003, 0x0003, 0x0003,
  0x0003, 0x0003, 0x0003, 0x0003, 0x0003, 0x0003, 0x0003, 0x0003, 0x0003, 0x0003,
  0x0003, 0x0003, 0x7683, 0x7903, 0x7A03, 0x7783, 0x7803, 0x7803, 0x0003, 0x0003,
  0x0003, 0x0003, 0x0003, 0x0003, 0xC003, 0x0003, 0xC003, 0xC003, 0xC003, 0x0003,
  0x0003, 0x0003, 0x0003, 0x0003, 0x0003, 0x0003, 0x0003, 0x0003, 0x0003, 0x0003,
  0x0003, 0x0006, 0x0003, 0x0006, 0x0003, 0x0006, 0x0003, 0x0006, 0x0003, 0x0006,
  0x0003, 0x0006, 0x0003, 0x0006, 0x0003, 0x0006, 0x0003, 0x0006, 0x0003, 0x0006,
  0x0003, 0x0006, 0x0003, 0x0006, 0x0003, 0x0003, 0x0006, 0x0003, 0x0006, 0x0003,
  0x0006, 0x0003, 0x0003, 0x0003, 0x0003, 0x0003, 0x0003, 0x0006, 0x0006, 0x0003,
  0x0006, 0x0006, 0x0003, 0x0006, 0x0006, 0x0003, 0x0006, 0x0006, 0x0003, 0x0006,
  0x0006, 0x0003, 0x0003, 0x0003, 0x0003, 0x0003, 0x0003, 0x0003, 0x0003, 0x0003,
  0x0003, 0x0003, 0x0003, 0x0003, 0x0003, 0x0003, 0x0003, 0x0003, 0x0003, 0x0003,
  0x0003, 0x0006, 0x0003, 0x0003, 0x0003, 0x0003, 0xC203, 0xC203, 0xC004, 0xC004,
  0x0003, 0x0006, 0xC006, 0x0003, 0x0003, 0x0003, 0x0003, 0x0003, 0x0003, 0x0003,
  0x0003, 0x0003, 0x0003, 0x0003, 0x0003, 0x0006, 0x0003, 0x0006, 0x0003, 0x0006,
  0x0003, 0x0006, 0x0003, 0x0006, 0x0003, 0x0006, 0x0003, 0x0006, 0x0003, 0x0006,
  0x0003, 0x0006, 0x0003, 0x0006, 0x0003, 0x0003, 0x0006, 0x0003, 0x0006, 0x0003,
  0x0006, 0x0003, 0x0003, 0x0003, 0x0003, 0x0003, 0x0003, 0x0006, 0x0006, 0x0003,
  0x0006, 0x0006, 0x0003, 0x0006, 0x0006, 0x0003, 0x0006, 0x0006, 0x0003, 0x0006,
  0x0006, 0x0003, 0x0003, 0x0003, 0x0003, 0x0003, 0x0003, 0x0003, 0x0003, 0x0003,
  0x0003, 0x0003, 0x0003, 0x0003, 0x0003, 0x0003, 0x0003, 0x0003, 0x0003, 0x0003,
  0x0003, 0x0003, 0x0003, 0x0006, 0x0003, 0x0003, 0x0006, 0x0006, 0x0006, 0x0006,
  0x0003, 0x0003, 0x0003, 0x0006, 0xC006, 0x0003, 0x0003, 0x0003, 0x0003, 0x0003,
  0x0003, 0x0003, 0x0003, 0x0003, 0x0003, 0x0003, 0x0003, 0x0003, 0x0003, 0x0003,
  0x0003, 0x0003, 0x0003, 0x0003, 0x0003, 0x0003, 0x0003, 0x0003, 0x0003, 0x0003,
  0x0003, 0x0003, 0x0003, 0x0003, 0x0003, 0x0003, 0x0003, 0x0003, 0x0003, 0x0003,
  0x0003, 0x0003, 0x0003, 0x0003, 0x0003, 0x0003, 0x0003, 0x0003, 0x0003, 0x0003,
  0x0003, 0x0003, 0x0003, 0x0003, 0xC003, 0xC003, 0xC003, 0xC003, 0xC003, 0xC003,
  0xC003, 0xC003, 0xC003, 0xC003, 0xC003, 0xC003, 0xC003, 0xC003, 0xC003, 0x0003,
  0x0003, 0x0003, 0xC003, 0xC003, 0xC003, 0xC003, 0xC003, 0xC003, 0xC003, 0xC003,
  0xC003, 0xC003, 0xC003, 0xC003, 0xC003, 0xC003, 0x0003, 0x0003, 0x0003, 0x0003,
  0x0003, 0x0003, 0x0003, 0x0003, 0x0003, 0x0003, 0x0003, 0x0003, 0x0003, 0x0003,
  0x0003, 0x0003, 0x0003, 0x0003, 0x0003, 0x0003, 0x0003, 0x0003, 0x0003, 0x0003,
  0x0003, 0x0003, 0x0003, 0x0003, 0x0003, 0x0003, 0x0003, 0x0003, 0xC005, 0xC005,
  0xC005, 0xC005, 0xC005, 0xC005, 0xC005, 0xC005, 0xC005, 0xC005, 0xC005, 0xC005,
  0xC005, 0xC005, 0xC008, 0xC008, 0xC008, 0xC008, 0xC008, 0xC008, 0xC008, 0xC008,
  0xC008, 0xC008, 0xC008, 0xC008, 0xC008, 0xC008, 0xC008, 0xC011, 0xC00E, 0x0003,
  0xC005, 0xC005, 0xC005, 0xC005, 0xC005, 0xC005, 0xC005, 0xC005, 0xC005, 0xC005,
  0xC005, 0xC005, 0xC005, 0xC005, 0xC005, 0xC005, 0xC005, 0xC005, 0xC005, 0xC005,
  0xC005, 0xC005, 0xC005, 0xC005, 0xC005, 0xC005, 0xC005, 0xC005, 0xC005, 0xC005,
  0xC005, 0xC005, 0xC003, 0xC003, 0xC003, 0xC003, 0x0003, 0x0003, 0x0003, 0x0003,
  0x0003, 0x0003, 0x0003, 0x0003, 0xC003, 0xC002, 0xC002, 0xC002, 0xC002, 0xC002,
  0xC002, 0xC002, 0xC002, 0xC002, 0xC002, 0xC002, 0xC002, 0xC002, 0xC002, 0xC002,
  0xC003, 0xC003, 0xC003, 0xC003, 0xC003, 0xC003, 0xC003, 0xC003, 0xC003, 0xC003,
  0xC003, 0xC003, 0xC003, 0xC003, 0xC006, 0xC006, 0xC006, 0xC006, 0xC006, 0xC006,
  0xC006, 0xC006, 0xC006, 0xC006, 0xC006, 0xC006, 0xC006, 0xC006, 0xC00F, 0xC00C,
  0xC006, 0x0003, 0xC003, 0xC003, 0xC003, 0xC003, 0xC003, 0xC003, 0xC003, 0xC003,
  0xC003, 0xC003, 0xC003, 0xC003, 0xC003, 0xC003, 0xC003, 0xC003, 0xC003, 0xC003,
  0xC003, 0xC003, 0xC003, 0xC003, 0xC003, 0xC003, 0xC003, 0xC003, 0xC003, 0xC003,
  0xC003, 0xC003, 0xC003, 0xC003, 0xC003, 0xC003, 0xC003, 0xC003, 0xC003, 0xC003,
  0xC003, 0xC003, 0xC003, 0xC003, 0xC003, 0xC003, 0xC003, 0xC003, 0xC003, 0xC003,
  0xC003, 0xC002, 0xC002, 0xC002, 0xC002, 0xC002, 0xC002, 0xC002, 0xC002, 0xC002,
  0xC002, 0xC002, 0xC002, 0xC002, 0xC002, 0xC002, 0xC004, 0xC004, 0xC004, 0xC004,
  0xC004, 0xC004, 0xC004, 0xC004, 0xC004, 0xC005, 0xC005, 0xC005, 0xC002, 0xC003,
  0xC002, 0xC003, 0xC003, 0xC003, 0xC003, 0xC003, 0xC003, 0xC003, 0xC003, 0xC003,
  0xC003, 0xC003, 0xC003, 0xC003, 0xC003, 0xC003, 0xC003, 0xC003, 0xC003, 0xC003,
  0xC003, 0xC003, 0xC003, 0xC003, 0xC003, 0xC003, 0xC003, 0xC003, 0xC003, 0xC003,
  0xC003, 0xC003, 0xC003, 0xC003, 0xC003, 0xC003, 0xC003, 0xC003, 0xC003, 0xC003,
  0xC003, 0xC003, 0xC003, 0xC003, 0xC003, 0xC003, 0xC003, 0xC003, 0xC003, 0xC006,
  0xC00F, 0xC00C, 0xC00F, 0xC009, 0xC00F, 0xC009, 0xC009, 0xC012, 0xC00C, 0xC009,
  0xC009, 0xC009, 0xC00C, 0xC00C, 0xC00C, 0xC00C, 0xC00C, 0xC00C, 0xC00C, 0xC012,
  0xC006, 0xC012, 0xC012, 0xC00F, 0xC00C, 0xC012, 0xC012, 0xC00C, 0xC009, 0xC009,
  0xC00C, 0xC00C, 0xC00F, 0xC00F, 0xC009, 0xC009, 0xC00C, 0xC009, 0xC009, 0xC006,
  0xC006, 0xC009, 0xC009, 0xC012, 0xC00C, 0xC00F, 0xC012, 0xC00C, 0xC009, 0xC009,
  0xC012, 0xC00C, 0xC012, 0xC009, 0xC00F, 0xC009, 0xC00C, 0xC009, 0xC00C, 0xC00F,
  0xC00C, 0xC00F, 0xC00C, 0xC006, 0xC00F, 0xC009, 0xC009, 0xC00C, 0xC009, 0xC009,
  0xC009, 0xC00F, 0xC00C, 0xC006, 0xC012, 0xC009, 0xC00F, 0xC00C, 0xC00C, 0xC009,
  0xC009, 0xC00C, 0xC006, 0xC00C, 0xC00F, 0xC006, 0xC012, 0xC009, 0xC004, 0xC004,
  0xC004, 0xC004, 0xC004, 0xC004, 0xC004, 0xC004, 0xC004, 0xC004, 0xC005, 0xC005,
  0xC005, 0xC005, 0xC005, 0xC005, 0xC005, 0xC005, 0xC005, 0xC005, 0xC005, 0xC005,
  0xC005, 0xC005, 0xC005, 0xC003, 0xC002, 0xC002, 0xC003, 0xC002, 0xC002, 0xC002,
  0xC003, 0xC003, 0xC002, 0xC006, 0xC006, 0xC006, 0xC006, 0xC00C, 0xC002, 0xC002,
  0xC003, 0xC002, 0xC002, 0xC002, 0xC002, 0xC002, 0xC003, 0xC004, 0xC002, 0xC002,
  0xC003, 0xC003, 0xC002, 0xC002, 0xC002, 0xC003, 0xC003, 0xC003, 0xC003, 0xC003,
  0xC002, 0xC002, 0xC002, 0xC002, 0xC002, 0xC003, 0xC002, 0xC002, 0xC002, 0xC003,
  0xC003, 0xC002, 0xC003, 0xC003, 0xC003, 0xC002, 0xC003, 0xC005, 0xC006, 0xC002,
  0xC003, 0xC003, 0xC003, 0xC003, 0xC007, 0xC008, 0xC002, 0xC002, 0xC003, 0xC002,
  0xC002, 0xC002, 0xC003, 0xC002, 0xC002, 0xC002, 0xC002, 0xC002, 0xC003, 0xC002,
  0xC002, 0xC002, 0xC003, 0xC003, 0xC004, 0xC002, 0xC002, 0xC002, 0xC006, 0xC003,
  0xC002, 0xC002, 0xC002, 0xC002, 0xC002, 0xC002, 0xC002, 0xC002, 0xC002, 0xC002,
  0xC003, 0xC002, 0xC002, 0xC003, 0xC003, 0xC002, 0xC004, 0xC003, 0xC002, 0xC002,
  0xC002, 0xC002, 0xC005, 0xC005, 0xC004, 0xC004, 0xC004, 0xC004, 0xC004, 0xC004,
  0xC004, 0xC004, 0xC004, 0xC005, 0xC005, 0xC005, 0xC005, 0xC005, 0xC005, 0xC005,
  0xC005, 0xC005, 0xC005, 0xC005, 0xC005, 0xC005, 0xC005, 0xC005, 0xC005, 0xC005,
  0xC005, 0xC005, 0xC005, 0xC005, 0xC005, 0xC003, 0x0003, 0x0003, 0x0003, 0x0003,
  0x0003, 0x0003, 0x0003, 0x0003, 0x0003, 0x0003, 0x0003, 0x0003, 0x0003, 0x0003,
  0x0003, 0x0003, 0x0003, 0x0003, 0x0003, 0x0003, 0x0003, 0x0003, 0x0003, 0x0003,
  0x0003, 0x0003, 0x0003, 0x0003, 0x0003, 0x0003, 0x0003, 0x0003, 0x0003, 0x0003,
  0x0003, 0x0003, 0x0003, 0x0003, 0x0003, 0x0003, 0x0003, 0x0003, 0x0003, 0x0003,
  0x0003, 0x0003, 0x0003, 0x7983, 0x0003, 0x0003, 0x0003, 0x0003, 0x7983, 0x7983,
  0x7983, 0x7983, 0x7983, 0x7983, 0x7983, 0x7983, 0x7983, 0x7983, 0x0003, 0x0003,
  0x0003, 0x0003, 0x0003, 0x0003, 0x0003, 0x0003, 0x0003, 0x0003, 0x0003, 0x0003,
  0x0003, 0x0003, 0x0003, 0x0003, 0x0003, 0x0003, 0x0003, 0x0003, 0x0003, 0x0003,
  0x0003, 0x0003, 0x0003, 0x0003, 0x0003, 0x0003, 0xC002, 0xC002, 0x7983, 0x7983,
  0x0003, 0x0003, 0x0003, 0x0003, 0x0003, 0x0003, 0x0003, 0x0003, 0x0003, 0x0003,
  0x0003, 0x0003, 0x0003, 0x0003, 0x0003, 0x0003, 0x0003, 0x0003, 0x0003, 0x0003,
  0x0003, 0x0003, 0x0003, 0x0003, 0x0003, 0x0003, 0x0003, 0x0003, 0x0003, 0x0003,
  0x0003, 0x0003, 0x0003, 0x0003, 0x0003, 0x0003, 0x0003, 0x0003, 0x0003, 0x0003,
  0x0003, 0x0003, 0x0003, 0x0003, 0x0003, 0x0003, 0x0003, 0x0003, 0x7983, 0x7983,
  0x0003, 0x0003, 0x0003, 0x0003, 0x0003, 0x0003, 0x0003, 0x0003, 0x0003, 0x0003,
  0x0003, 0x0003, 0x0003, 0x0003, 0x0003, 0x0003, 0x0003, 0x0003, 0x0003, 0x0003,
  0x0003, 0x0003, 0x0003, 0x0003, 0x0003, 0x0003, 0x0003, 0x0003, 0x0003, 0x0003,
  0x0003, 0x0003, 0x0003, 0x0003, 0x0003, 0x0003, 0x0003, 0x0003, 0x0003, 0x0003,
  0x0003, 0x0003, 0x0003, 0x0003, 0x0003, 0x0003, 0x0003, 0x0003, 0x0003, 0xC001,
  0xC001, 0xC001, 0xC001, 0x0003, 0x0003, 0x0003, 0xC002, 0xC002, 0x0003, 0x0003,
  0x0003, 0x0003, 0x0003, 0x0003, 0x4243, 0x0003, 0x0003, 0x0003, 0x0003, 0x0003,
  0x0003, 0x0003, 0x0003, 0x0003, 0x0003, 0x0003, 0x0003, 0x0003, 0x0003, 0x0003,
  0x0003, 0x0003, 0x0003, 0x0003, 0x0003, 0x0003, 0x0003, 0x0003, 0x0003, 0x0003,
  0x0003, 0x0003, 0x0003, 0x0003, 0x0003, 0x0003, 0x0003, 0x0003, 0x0003, 0x0003,
  0x0003, 0x0003, 0x4243, 0x0003, 0x0003, 0x0003, 0x0003, 0x0003, 0x0003, 0x0003,
  0x0003, 0x0003, 0x0003, 0x0003, 0x0003, 0x0003, 0x0003, 0x0003, 0x0003, 0x0003,
  0x0003, 0x0003, 0x0003, 0x0003, 0x0003, 0x0003, 0x0003, 0x0003, 0x0003, 0x0003,
  0x7983, 0x7983, 0x7983, 0x7983, 0x7983, 0x7983, 0x7983, 0x7983, 0x7983, 0x7983,
  0x7983, 0x7983, 0x7983, 0x7983, 0x7983, 0x7983, 0x7983, 0x7983, 0x0003, 0x0003,
  0x0003, 0x0003, 0x0003, 0x0003, 0x0003, 0x0003, 0x0003, 0x0003, 0x0003, 0x0003,
  0x0003, 0x0003, 0x0003, 0x0003, 0x0003, 0x0003, 0x0003, 0x0003, 0x0003, 0x0003,
  0x0003, 0x0003, 0x0003, 0x0003, 0x0003, 0x0003, 0x0003, 0x0003, 0x0003, 0x0003,
  0x0003, 0x0003, 0x0003, 0x0003, 0x0003, 0x0003, 0x0003, 0x0003, 0x0003, 0x0003,
  0x0003, 0x7703, 0x7703, 0x7703, 0x0003, 0x0003, 0x0003, 0x0003, 0x0003, 0x0003,
  0x0003, 0x0003, 0x0003, 0x0003, 0x0003, 0x0003, 0x0003, 0x0003, 0x0003, 0x0003,
  0x0003, 0x0003, 0x0003, 0x4243, 0x0003, 0x0003, 0x0003, 0x0003, 0x0003, 0x0003,
  0x0003, 0x0003, 0x0003, 0x0003, 0x0003, 0x0003, 0x0003, 0x0003, 0x0003, 0x0003,
  0x0003, 0x0003, 0x0003, 0x0003, 0x0003, 0x0003, 0x0003, 0x0003, 0x0003, 0x0003,
  0x0003, 0x0003, 0x0003, 0x0003, 0x0003, 0x0003, 0x0003, 0x0003, 0x0003, 0x0003,
  0x0003, 0x0003, 0x0003, 0x0003, 0x0003, 0x0003, 0x0003, 0x0003, 0x0003, 0x0003,
  0x0003, 0x0003, 0x0003, 0x0003, 0x0003, 0x0003, 0x0003, 0x0003, 0x0003, 0x0003,
  0x0003, 0x0003, 0x0003, 0x0003, 0x0003, 0x0003, 0x0003, 0x7983, 0x0003, 0x7983,
  0x7983, 0x7703, 0x0003, 0x0003, 0x7983, 0x7983, 0x0003, 0x0003, 0x0003, 0x0003,
  0x0003, 0x7983, 0x7983, 0x0003, 0x7983, 0x0003, 0x0003, 0x0003, 0x0003, 0x0003,
  0x0003, 0x0003, 0x0003, 0x0003, 0x0003, 0x0003, 0x0003, 0x0003, 0x0003, 0x0003,
  0x0003, 0x0003, 0x0003, 0x0003, 0x0003, 0x0003, 0x0003, 0x0003, 0x0003, 0x0003,
  0x0003, 0x0003, 0x0003, 0x0003, 0x0003, 0x0003, 0x0003, 0x0003, 0x0003, 0x0003,
  0x0003, 0x0003, 0x0003, 0x0003, 0x0003, 0x0003, 0x0003, 0x0003, 0x0003, 0x0003,
  0x0003, 0x0003, 0x0003, 0x0003, 0x0003, 0x0003, 0x0003, 0x4243, 0x0003, 0x0003,
  0x0003, 0x0003, 0x0003, 0x0003, 0x0003, 0x0003, 0x0003, 0x0003, 0x0003, 0x0003,
  0x0003, 0x0003, 0x0003, 0x0003, 0x0003, 0x0003, 0x0003, 0x0003, 0x0003, 0x0003,
  0x0003, 0x0003, 0x0003, 0x0003, 0x0003, 0x0003, 0xC003, 0xC003, 0xC002, 0xC003,
  0x0003, 0x0003, 0x0003, 0x0003, 0x0003, 0x0003, 0x0003, 0x0003, 0x0003, 0xC002,
  0x0003, 0x0003, 0x0003, 0x0003, 0x0003, 0x0003, 0x0003, 0x0003, 0x0003, 0x0003,
  0x0003, 0x0003, 0x0003, 0x0003, 0x0003, 0x0003, 0x0003, 0x0003, 0x0003, 0x0003,
  0x0003, 0x0003, 0x0006, 0x0009, 0x0009, 0x0009, 0x0009, 0x0009, 0x0009, 0x0009,
  0x0009, 0x0009, 0x0009, 0x0009, 0x0009, 0x0009, 0x0009, 0x0009, 0x0009, 0x0009,
  0x0009, 0x0009, 0x0009, 0x0009, 0x0009, 0x0009, 0x0009, 0x0009, 0x0009, 0x0009,
  0x0006, 0x0009, 0x0009, 0x0009, 0x0009, 0x0009, 0x0009, 0x0009, 0x0009, 0x0009,
  0x0009, 0x0009, 0x0009, 0x0009, 0x0009, 0x0009, 0x0009, 0x0009, 0x0009, 0x0009,
  0x0009, 0x0009, 0x0009, 0x0009, 0x0009, 0x0009, 0x0009, 0x0009, 0x0006, 0x0009,
  0x0009, 0x0009, 0x0009, 0x0009, 0x0009, 0x0009, 0x0009, 0x0009, 0x0009, 0x0009,
  0x0009, 0x0009, 0x0009, 0x0009, 0x0009, 0x0009, 0x0009, 0x0009, 0x0009, 0x0009,
  0x0009, 0x0009, 0x0009, 0x0009, 0x0009, 0x0009, 0x0006, 0x0009, 0x0009, 0x0009,
  0x0009, 0x0009, 0x0009, 0x0009, 0x0009, 0x0009, 0x0009, 0x0009, 0x0009, 0x0009,
  0x0009, 0x0009, 0x0009, 0x0009, 0x0009, 0x0009, 0x0009, 0x0009, 0x0009, 0x0009,
  0x0009, 0x0009, 0x0009, 0x0009, 0x0003, 0x0003, 0x0003, 0x0003, 0x0003, 0x0003,
  0x0003, 0x0003, 0x0003, 0x0003, 0x0003, 0x0003, 0x0003, 0x0003, 0x0003, 0x0003,
  0x0003, 0x0003, 0x0003, 0x0003, 0x0003, 0x0003, 0x0003, 0x0003, 0x0003, 0x0003,
  0x0003, 0x0003, 0x0000, 0x0000, 0x0000, 0x0000, 0x0000, 0x0000, 0x0000, 0x0000,
  0x0000, 0x0000, 0x0000, 0x0000, 0x0000, 0x0000, 0x0000, 0x0000, 0x0000, 0x0000,
  0x0000, 0x0000, 0x0000, 0x0000, 0x0000, 0x0000, 0x0000, 0x0000, 0x0000, 0x0000,
  0x0000, 0x0000, 0x0000, 0x0000, 0x0000, 0x0000, 0x0000, 0x0000, 0x0000, 0x0000,
  0x0000, 0x0000, 0x0000, 0x0000, 0x0000, 0x0000, 0x0000, 0x0000, 0x0000, 0x0000,
  0x0000, 0x0000, 0x0000, 0x0000, 0x0000, 0x0000, 0x0000, 0x0000, 0x0000, 0x0000,
  0x0000, 0x0000, 0x0000, 0x0000, 0x0000, 0x0000, 0xC003, 0xC003, 0xC003, 0xC003,
  0xC003, 0xC003, 0xC003, 0xC003, 0xC003, 0xC003, 0xC003, 0xC003, 0xC003, 0xC003,
  0x0003, 0x0003, 0xC003, 0x0003, 0xC003, 0x0003, 0x0003, 0xC003, 0xC003, 0xC003,
  0xC003, 0xC003, 0xC003, 0xC003, 0xC003, 0xC003, 0xC003, 0x0003, 0xC003, 0x0003,
  0xC003, 0x0003, 0x0003, 0xC003, 0xC003, 0x0003, 0x0003, 0x0003, 0xC003, 0xC003,
  0xC003, 0xC003, 0xC003, 0xC003, 0xC003, 0xC003, 0xC003, 0xC003, 0xC003, 0xC003,
  0xC003, 0xC003, 0xC003, 0xC003, 0xC003, 0xC003, 0xC003, 0xC003, 0xC003, 0xC003,
  0xC003, 0xC003, 0xC003, 0xC003, 0xC003, 0xC003, 0xC003, 0xC003, 0xC003, 0xC003,
  0xC003, 0xC003, 0xC003, 0xC003, 0xC003, 0xC003, 0xC003, 0xC003, 0xC003, 0xC003,
  0xC003, 0xC003, 0xC004, 0xC003, 0x0003, 0x0003, 0xC003, 0xC003, 0xC003, 0xC003,
  0xC003, 0xC003, 0xC003, 0xC003, 0xC003, 0xC003, 0xC003, 0xC003, 0xC003, 0xC003,
  0xC003, 0xC003, 0xC004, 0xC004, 0xC004, 0xC003, 0xC003, 0xC003, 0xC004, 0xC004,
  0xC004, 0xC003, 0xC003, 0x0003, 0x0003, 0x0003, 0x0003, 0x0003, 0x0003, 0x0003,
  0x0003, 0x0003, 0x0003, 0x0003, 0x0003, 0x0003, 0x0003, 0x0003, 0x0003, 0x0003,
  0x0003, 0x0003, 0x0003, 0x0003, 0x0003, 0x0003, 0x0003, 0x0003, 0x0003, 0x0003,
  0x0003, 0x0003, 0x0003, 0x0003, 0x0003, 0x0003, 0x0003, 0x0003, 0x0003, 0x0003,
  0x0003, 0xC002, 0xC002, 0xC002, 0xC003, 0xC003, 0xC002, 0xC002, 0x0003, 0x0003,
  0x0003, 0x0003, 0x0003, 0x0003, 0x0003, 0x0003, 0x0003, 0x0003, 0x0003, 0x0003,
  0xC004, 0xC004, 0xC004, 0xC004, 0xC004, 0x0003, 0x0003, 0x0003, 0x0003, 0x0003,
  0xC004, 0x4683, 0xC004, 0xC002, 0xC002, 0xC002, 0xC002, 0xC002, 0xC002, 0xC002,
  0xC002, 0xC002, 0xC001, 0xC004, 0xC004, 0xC006, 0xC006, 0xC004, 0xC004, 0xC004,
  0xC004, 0xC004, 0xC004, 0xC004, 0xC004, 0xC004, 0x0003, 0xC004, 0xC004, 0xC004,
  0xC004, 0xC004, 0x0003, 0xC004, 0x0003, 0xC004, 0xC004, 0x0003, 0xC004, 0xC004,
  0x0003, 0xC004, 0xC004, 0xC004, 0xC004, 0xC004, 0xC004, 0xC004, 0xC004, 0xC004,
  0xC004, 0xC002, 0xC002, 0xC002, 0xC002, 0xC002, 0xC002, 0xC002, 0xC002, 0xC002,
  0xC002, 0xC002, 0xC002, 0xC002, 0xC002, 0xC002, 0xC002, 0xC002, 0xC002, 0xC002,
  0xC002, 0xC002, 0xC002, 0xC002, 0xC002, 0xC002, 0xC002, 0xC002, 0xC002, 0xC002,
  0xC002, 0xC002, 0xC002, 0xC002, 0xC002, 0xC002, 0xC002, 0xC002, 0xC002, 0xC002,
  0xC002, 0xC002, 0xC002, 0xC002, 0xC002, 0xC002, 0xC002, 0xC002, 0xC002, 0xC004,
  0xC004, 0xC002, 0xC002, 0xC002, 0xC002, 0xC002, 0xC002, 0xC002, 0xC002, 0xC002,
  0xC002, 0xC004, 0xC004, 0x0003, 0x0003, 0x0003, 0x0003, 0x0003, 0x0003, 0x0003,
  0x0003, 0x0003, 0x0003, 0x0003, 0x0003, 0x0003, 0x0003, 0x0003, 0x0003, 0x0003,
  0x0003, 0x0003, 0xC002, 0xC002, 0xC002, 0xC002, 0xC002, 0xC002, 0xC002, 0xC002,
  0xC002, 0xC002, 0xC004, 0xC002, 0xC002, 0xC002, 0xC002, 0xC002, 0xC002, 0xC002,
  0xC002, 0xC002, 0xC002, 0xC002, 0xC002, 0xC006, 0xC006, 0xC006, 0xC006, 0xC006,
  0xC006, 0xC006, 0xC006, 0xC006, 0xC006, 0xC006, 0xC006, 0xC006, 0xC006, 0xC006,
  0xC006, 0xC006, 0xC006, 0xC002, 0xC002, 0xC002, 0xC002, 0xC006, 0xC006, 0xC006,
  0xC006, 0xC006, 0xC004, 0xC004, 0xC004, 0xC004, 0xC004, 0xC004, 0xC004, 0xC004,
  0xC004, 0xC004, 0xC004, 0xC004, 0xC004, 0xC004, 0xC004, 0xC004, 0xC004, 0xC004,
  0xC004, 0xC004, 0xC004, 0xC004, 0xC004, 0xC004, 0xC004, 0xC004, 0xC004, 0xC004,
  0xC004, 0xC004, 0xC004, 0xC004, 0xC004, 0xC004, 0xC004, 0xC004, 0xC004, 0xC004,
  0xC004, 0xC004, 0xC004, 0xC004, 0xC004, 0xC004, 0xC004, 0xC004, 0xC004, 0xC004,
  0xC004, 0xC004, 0xC004, 0xC004, 0xC004, 0xC004, 0xC004, 0xC004, 0xC004, 0xC004,
  0xC004, 0xC005, 0xC005, 0xC005, 0xC005, 0xC005, 0xC005, 0xC006, 0xC006, 0xC006,
  0xC006, 0xC006, 0xC006, 0xC004, 0xC004, 0xC004, 0xC004, 0xC004, 0xC004, 0xC004,
  0xC004, 0xC004, 0xC004, 0xC004, 0xC004, 0xC004, 0xC004, 0xC004, 0xC004, 0xC004,
  0xC004, 0xC004, 0xC004, 0xC004, 0xC004, 0xC004, 0xC006, 0xC006, 0xC006, 0xC006,
  0xC006, 0xC004, 0xC004, 0xC004, 0xC004, 0xC004, 0xC004, 0xC004, 0xC004, 0xC004,
  0xC004, 0xC004, 0xC004, 0xC004, 0xC004, 0xC004, 0xC004, 0xC004, 0xC004, 0xC004,
  0xC004, 0xC004, 0xC004, 0xC004, 0xC004, 0xC004, 0xC004, 0xC004, 0xC004, 0xC004,
  0xC004, 0xC004, 0xC004, 0xC004, 0xC004, 0xC004, 0xC004, 0xC006, 0xC006, 0xC004,
  0xC004, 0xC004, 0xC004, 0xC004, 0xC004, 0xC004, 0xC004, 0xC004, 0xC004, 0xC004,
  0xC004, 0xC004, 0xC004, 0xC004, 0xC004, 0xC004, 0xC006, 0xC006, 0xC006, 0xC004,
  0xC004, 0xC004, 0xC004, 0xC004, 0xC004, 0xC004, 0xC004, 0xC004, 0xC004, 0xC004,
  0xC004, 0xC004, 0xC004, 0xC004, 0xC004, 0xC004, 0xC004, 0xC004, 0xC004, 0xC004,
  0xC004, 0xC004, 0xC004, 0xC004, 0xC004, 0xC004, 0xC004, 0xC004, 0xC004, 0xC004,
  0xC004, 0xC004, 0xC004, 0xC004, 0xC004, 0xC004, 0xC004, 0xC004, 0xC004, 0xC004,
  0xC004, 0xC004, 0xC004, 0xC004, 0xC004, 0xC004, 0xC004, 0xC004, 0xC004, 0xC004,
  0xC004, 0xC004, 0xC004, 0xC004, 0xC004, 0xC004, 0xC004, 0xC004, 0xC004, 0xC004,
  0xC004, 0x0003, 0x0003, 0x0003, 0x0003, 0x0003, 0x0003, 0x0003, 0x0003, 0x0003,
  0x0003, 0x0003, 0x0003, 0x0003, 0x0003, 0x0003, 0x0003, 0xC006, 0xC006, 0xC006,
  0xC006, 0xC006, 0xC006, 0xC006, 0xC006, 0xC006, 0xC006, 0xC006, 0xC006, 0xC006,
  0xC006, 0xC006, 0xC006, 0xC006, 0xC006, 0xC006, 0xC006, 0xC006, 0xC006, 0xC006,
  0xC006, 0xC006, 0xC006, 0xC006, 0xC006, 0xC006, 0xC006, 0xC006, 0xC006, 0xC006,
  0xC006, 0xC006, 0xC006, 0xC006, 0xC006, 0xC006, 0xC006, 0xC006, 0xC006, 0xC006,
  0xC006, 0xC006, 0xC006, 0xC006, 0xC006, 0x0003, 0x0003, 0xC006, 0xC006, 0xC006,
  0xC006, 0xC006, 0xC006, 0xC006, 0xC006, 0xC006, 0xC006, 0xC006, 0xC006, 0xC006,
  0xC006, 0xC006, 0xC006, 0xC006, 0xC006, 0xC006, 0xC006, 0xC006, 0xC006, 0xC006,
  0xC006, 0xC006, 0xC006, 0xC006, 0xC006, 0xC006, 0xC006, 0xC006, 0xC006, 0xC006,
  0xC006, 0xC006, 0xC006, 0xC006, 0xC006, 0xC006, 0xC006, 0xC006, 0xC006, 0xC006,
  0xC006, 0xC006, 0xC006, 0x0003, 0x0003, 0x0003, 0x0003, 0x0003, 0x0003, 0x0003,
  0x0003, 0x0003, 0x0003, 0x0003, 0x0003, 0x0003, 0x0003, 0x0003, 0x0003, 0x0003,
  0x0003, 0x0003, 0x0003, 0x0003, 0x0003, 0x0003, 0x0003, 0x0003, 0x0003, 0x0003,
  0x0003, 0x0003, 0x0003, 0x0003, 0x0003, 0x0003, 0x0003, 0x0003, 0x0003, 0x0003,
  0x0003, 0x0003, 0x0003, 0xC006, 0xC006, 0xC008, 0xC008, 0xC008, 0xC008, 0xC008,
  0xC008, 0xC008, 0xC006, 0xC021, 0xC00F, 0xC008, 0x0003, 0x0003, 0x0003, 0x0003,
  0x0003, 0x0003, 0x0003, 0x0003, 0x0003, 0x0003, 0x0003, 0x0003, 0x0003, 0x0003,
  0x0003, 0x0003, 0xC001, 0xC003, 0xC003, 0xC001, 0xC001, 0xC001, 0xC001, 0xC003,
  0xC003, 0xC003, 0x0003, 0x0003, 0x0003, 0x0003, 0x0003, 0x0003, 0x7983, 0x7983,
  0x7983, 0x7983, 0x7983, 0x7983, 0x7983, 0x7703, 0x7703, 0x7703, 0x7703, 0x7703,
  0x7703, 0x7703, 0x7983, 0x7983, 0xC002, 0xC003, 0xC003, 0xC001, 0xC001, 0xC001,
  0xC001, 0xC001, 0xC001, 0xC003, 0xC003, 0xC003, 0xC003, 0xC003, 0xC003, 0xC003,
  0x0003, 0x0003, 0xC001, 0xC001, 0xC003, 0xC003, 0xC003, 0xC003, 0xC001, 0xC001,
  0xC001, 0xC001, 0xC003, 0xC001, 0x0003, 0xC001, 0xC001, 0xC001, 0xC001, 0xC003,
  0xC001, 0xC001, 0xC001, 0xC001, 0xC003, 0xC003, 0xC001, 0xC001, 0xC001, 0xC001,
  0xC001, 0xC001, 0xC001, 0xC001, 0x0003, 0xC001, 0xC001, 0xC001, 0xC001, 0x0003,
  0x0003, 0x0003, 0x0003, 0xC003, 0xC004, 0xC003, 0x0003, 0xC003, 0x0003, 0xC003,
  0xC004, 0xC003, 0xC004, 0xC003, 0xC004, 0xC003, 0xC004, 0xC003, 0xC004, 0xC002,
  0xC004, 0xC004, 0xC004, 0xC004, 0xC004, 0xC004, 0xC004, 0xC004, 0xC004, 0xC004,
  0xC004, 0xC004, 0xC002, 0xC002, 0xC002, 0xC002, 0xC002, 0xC002, 0xC002, 0xC002,
  0xC002, 0xC002, 0xC002, 0xC002, 0xC002, 0xC002, 0xC002, 0xC002, 0xC002, 0xC002,
  0xC002, 0xC002, 0xC002, 0xC002, 0xC002, 0xC002, 0xC002, 0xC002, 0xC002, 0xC002,
  0xC002, 0xC002, 0xC002, 0xC002, 0xC002, 0xC002, 0xC002, 0xC002, 0xC002, 0xC002,
  0xC002, 0xC002, 0xC002, 0xC002, 0xC002, 0xC002, 0xC002, 0xC002, 0xC002, 0xC002,
  0xC002, 0xC002, 0xC002, 0xC002, 0xC002, 0xC006, 0xC006, 0xC006, 0xC006, 0xC006,
  0xC006, 0xC004, 0xC004, 0x0003, 0x0003, 0x0003, 0xC001, 0xC001, 0xC001, 0xC001,
  0xC001, 0xC001, 0xC001, 0xC001, 0xC001, 0xC001, 0xC001, 0xC001, 0xC001, 0xC001,
  0xC001, 0xC001, 0xC001, 0xC001, 0xC001, 0xC001, 0xC001, 0xC001, 0xC001, 0xC001,
  0xC001, 0xC001, 0xC001, 0xC001, 0xC001, 0xC001, 0xC001, 0xC001, 0xC001, 0xC001,
  0xC001, 0xC001, 0xC001, 0xC001, 0xC001, 0xC001, 0xC001, 0xC001, 0xC001, 0xC001,
  0xC001, 0xC001, 0xC001, 0xC001, 0xC001, 0xC001, 0xC001, 0xC001, 0xC001, 0xC001,
  0xC001, 0xC001, 0xC001, 0xC001, 0xC001, 0xC001, 0xC001, 0xC001, 0xC001, 0xC003,
  0xC003, 0xC003, 0xC003, 0xC003, 0xC003, 0xC003, 0xC003, 0xC003, 0xC003, 0xC003,
  0xC003, 0xC003, 0xC003, 0xC003, 0xC003, 0xC003, 0xC003, 0xC003, 0xC003, 0xC003,
  0xC003, 0xC003, 0xC003, 0xC003, 0xC003, 0xC003, 0xC003, 0xC003, 0xC003, 0xC003,
  0xC003, 0xC003, 0xC043, 0xC043, 0xC003, 0xC003, 0xC003, 0xC003, 0xC003, 0xC003,
  0xC003, 0xC003, 0xC003, 0xC003, 0xC003, 0xC003, 0xC003, 0xC003, 0xC003, 0xC003,
  0xC003, 0xC003, 0xC003, 0xC003, 0xC003, 0xC003, 0xC003, 0xC003, 0xC003, 0xC003,
  0xC003, 0xC003, 0xC003, 0xC003, 0xC003, 0x0003, 0x0003, 0xC003, 0xC003, 0xC003,
  0xC003, 0xC003, 0xC003, 0x0003, 0x0003, 0xC003, 0xC003, 0xC003, 0xC003, 0xC003,
  0xC003, 0x0003, 0x0003, 0xC003, 0xC003, 0xC003, 0xC003, 0xC003, 0xC003, 0x0003,
  0x0003, 0xC003, 0xC003, 0xC003, 0x0003, 0x0003, 0x0003, 0xC002, 0xC002, 0xC002,
  0xC003, 0xC002, 0xC002, 0xC003, 0x0003, 0xC003, 0xC003, 0xC003, 0xC003, 0xC003,
  0xC003, 0xC003, 0x0003, 0x0003, 0x0003, 0x0003, 0x0003, 0x0003, 0x0003, 0x0003,
  0x0003, 0x0003, 0x0003, 0x0003, 0x0003, 0x0003, 0x0003, 0x0003, 0x0003, 0x0004,
  0x0004, 0x0004, 0x0004, 0x0004, 0x0004, 0x0004, 0x0004, 0x0004, 0x0004, 0x0004,
  0x0004, 0x0004, 0x0004, 0x0004, 0x0004, 0x0004, 0x0004, 0x0004, 0x0004, 0x0004,
  0x0004, 0x0004, 0x0004, 0x0004, 0x0004, 0x0004, 0x0004, 0x0004, 0x0004, 0x0004,
  0x0004, 0x0004, 0x0004, 0x0004, 0x0004, 0x0004, 0x0004, 0x0004, 0x0004, 0x0004,
  0x0004, 0x0004, 0x0004, 0x0004, 0x0004, 0x0004, 0x0004, 0x0004, 0x0004, 0x0004,
  0x0004, 0x0004, 0x0004, 0x0004, 0x0004, 0x0004, 0x0004, 0x0004, 0x0004, 0x0004,
  0x0004, 0x0004, 0x0004, 0x7704, 0x0004, 0x0004, 0x0004, 0x0004, 0x0004, 0x0004,
  0x0004, 0x0004, 0x0004, 0x0004, 0x0004, 0x0004, 0x0004, 0x0004, 0x0004, 0x0004,
  0x0004, 0x0004, 0x0004, 0x0004, 0x0004, 0x0004, 0x0004, 0x0004, 0x0004, 0x0004,
  0x0004, 0x0004, 0x0004, 0x0004, 0x0004, 0x0004, 0x0004, 0x0004, 0x0004, 0x0004,
  0x0004, 0x0004, 0x0004, 0x0004, 0x0004, 0x0004, 0x0004, 0x0004, 0x0004, 0x0004,
  0x0004, 0x0004, 0x0004, 0x0004, 0x0004, 0x0004, 0x0004, 0x0004, 0x7984, 0x7984,
  0x7984, 0x7984, 0x7984, 0x0004, 0x0004, 0x0004, 0x0004, 0x0004, 0x0004, 0x0004,
  0x0004, 0x0004, 0x0006, 0x0004, 0x0004, 0x0004, 0x0004, 0x0004, 0x0004, 0x0004,
  0x0004, 0x0004, 0x0004, 0x0004, 0x0004, 0x0004, 0x0004, 0x0004, 0x0004, 0x0004,
  0x0004, 0x0004, 0x0004, 0x0004, 0x0004, 0x0004, 0x0004, 0x0004, 0x0004, 0x0006,
  0x0004, 0x0004, 0x0004, 0x0004, 0x0004, 0x0004, 0x0004, 0x0004, 0x0004, 0x0004,
  0x0004, 0x0004, 0x0004, 0x0004, 0x0004, 0x0004, 0x0004, 0x0004, 0x0004, 0x0004,
  0x0004, 0x0004, 0x0004, 0x0004, 0x0004, 0x0004, 0x0004, 0xC002, 0xC002, 0xC002,
  0xC002, 0xC002, 0x0004, 0xC002, 0xC003, 0xC002, 0xC002, 0xC002, 0xC002, 0xC003,
  0xC002, 0xC002, 0xC002, 0xC002, 0xC002, 0xC002, 0xC002, 0xC002, 0xC002, 0xC002,
  0xC002, 0xC002, 0xC002, 0xC002, 0xC004, 0xC003, 0xC002, 0xC004, 0xC002, 0xC004,
  0xC002, 0xC002, 0xC002, 0xC001, 0xC002, 0xC004, 0xC002, 0xC002, 0xC002, 0xC002,
  0xC002, 0xC003, 0xC002, 0xC002, 0xC003, 0x0004, 0xC002, 0xC002, 0xC002, 0xC002,
  0xC002, 0xC002, 0xC002, 0xC004, 0xC004, 0x0004, 0x0004, 0x0004, 0x0004, 0x0004,
  0x0004, 0x0004, 0x0004, 0x0004, 0x0004, 0x0004, 0x0004, 0x0004, 0x7704, 0x0004,
  0x7984, 0x0004, 0x0004, 0x0004, 0x0004, 0x0004, 0x0004, 0x0004, 0x0004, 0x0004,
  0x0004, 0x0004, 0x0004, 0x0004, 0x0004, 0x0004, 0x0004, 0x0004, 0x0004, 0x0004,
  0x0004, 0x0004, 0x0004, 0x0004, 0x0004, 0x0004, 0x0004, 0x0004, 0x0004, 0x0004,
  0x0004, 0x0004, 0x0004, 0x0004, 0x0004, 0x0004, 0x0004, 0x0004, 0x0004, 0x0004,
  0x0004, 0x7984, 0x4044, 0x7704, 0x0004, 0x0004, 0x0004, 0x0004, 0x4244, 0x0004,
  0x0004, 0x0004, 0x0004, 0x0004, 0x0004, 0x0004, 0x0004, 0x0004, 0x0004, 0x0004,
  0x0004, 0x0004, 0x0004, 0x0004, 0x0004, 0x0004, 0x0004, 0x0004, 0x0004, 0x0004,
  0x0004, 0x0004, 0x0004, 0x0004, 0x0004, 0x0004, 0x0004, 0x0004, 0x0004, 0x0004,
  0x0004, 0x0004, 0x0004, 0x0004, 0x0004, 0x0004, 0x7984, 0x7704, 0x0004, 0x0004,
  0x0004, 0x0004, 0x0004, 0x0004, 0x0004, 0x0004, 0x0004, 0x0004, 0x0004, 0x0004,
  0x0004, 0x0004, 0x0004, 0x0004, 0x0004, 0x0004, 0x0004, 0x0004, 0x0004, 0x0004,
  0x0004, 0x0004, 0x0004, 0x0004, 0x0004, 0x0004, 0x0004, 0x0004, 0x0004, 0x0004,
  0x0004, 0x0004, 0x0004, 0x0004, 0x7984, 0x7984, 0x7984, 0x7984, 0x0004, 0x0004,
  0x0004, 0x0004, 0x0004, 0x0004, 0x0004, 0x0004, 0x0004, 0x0004, 0x0004, 0x0004,
  0x0004, 0x0004, 0x0004, 0x0004, 0x0004, 0x0004, 0x0004, 0x0004, 0x0004, 0x0004,
  0x0004, 0x0004, 0x0004, 0x0004, 0x0004, 0x0004, 0x0004, 0x0004, 0x0004, 0x0004,
  0x0004, 0x0004, 0x0004, 0x0004, 0x0004, 0x0004, 0x0004, 0x0004, 0x0004, 0x7984,
  0x7984, 0x7984, 0x7984, 0x7984, 0x0004, 0x0004, 0x0004, 0x0004, 0x0004, 0x0004,
  0x0004, 0x0004, 0x0004, 0x0004, 0x0004, 0x0004, 0x0004, 0x0004, 0x0004, 0x0004,
  0x0004, 0x0004, 0x0004, 0x0004, 0x0004, 0x0004, 0x0004, 0x0004, 0x0004, 0x0004,
  0x0004, 0x0004, 0x0004, 0x0004, 0x0004, 0x0004, 0x0004, 0x0004, 0x0004, 0x0004,
  0x0004, 0x0004, 0x0004, 0x0004, 0x0004, 0x0004, 0x0004, 0x7984, 0x7984, 0x0004,
  0x0004, 0x0004, 0x0004, 0x0004, 0x0004, 0x0004, 0x0004, 0x0004, 0x0004, 0x0004,
  0x0004, 0x0004, 0x0004, 0x0004, 0x0004, 0x0004, 0x0004, 0x0004, 0x0004, 0x0004,
  0x0004, 0x0004, 0x0004, 0x0004, 0x0004, 0x0004, 0x0004, 0x0004, 0x0004, 0x0004,
  0x0004, 0x0004, 0x0004, 0x0004, 0x0004, 0x0004, 0x0004, 0x0004, 0x0004, 0x0004,
  0x0004, 0x0004, 0x0004, 0x0004, 0x0004, 0x0004, 0x0004, 0x0004, 0x0004, 0x0004,
  0x0004, 0x0004, 0x0004, 0x0004, 0x0004, 0x0004, 0x0004, 0x7704, 0x7704, 0x0004,
  0x7704, 0x7704, 0x7704, 0x0004, 0x0004, 0x0004, 0x0004, 0x0004, 0x0004, 0x7704,
  0x7704, 0x7984, 0x7984, 0x7984, 0x7704, 0x7984, 0x7704, 0x7704, 0x7704, 0x7704,
  0x0004, 0x0004, 0x0004, 0x0004, 0x0004, 0x0004, 0x0004, 0x0004, 0x0004, 0x0004,
  0x0004, 0x0004, 0x0004, 0x0004, 0x0004, 0x0004, 0x0004, 0x0004, 0x0004, 0x0004,
  0x0004, 0x0004, 0x0004, 0x0004, 0x0004, 0x0004, 0x0004, 0x0004, 0x0004, 0x0004,
  0x0004, 0x0004, 0x0004, 0x0004, 0x0004, 0x0004, 0x0004, 0x0004, 0x0004, 0x0004,
  0x0004, 0x0004, 0x0004, 0x0004, 0x0004, 0x0004, 0x0004, 0x7984, 0x7704, 0x7984,
  0x7704, 0x0004, 0x0004, 0x0004, 0x0004, 0x0004, 0x0004, 0x0004, 0x0004, 0x0004,
  0x0004, 0x0004, 0x0004, 0x0004, 0x0004, 0x0004, 0x0004, 0x0004, 0x0004, 0x0004,
  0x0004, 0x0004, 0x0004, 0x0004, 0x0004, 0x0004, 0x0004, 0x0004, 0x0004, 0x0004,
  0x0004, 0x0004, 0x0004, 0x0004, 0x0004, 0x0004, 0x0004, 0x0004, 0x0004, 0x0004,
  0x0004, 0x0004, 0x0004, 0x0004, 0x0004, 0x0004, 0x0004, 0x0004, 0x0004, 0x0004,
  0x0004, 0x0004, 0x0004, 0x0004, 0x0004, 0x0004, 0x0004, 0x0004, 0x0004, 0x4244,
  0x0004, 0x0004, 0x0004, 0x0004, 0x0004, 0x0004, 0x0004, 0x0004, 0x0004, 0x0004,
  0x0004, 0x0004, 0x0004, 0x0004, 0x0004, 0x0004, 0x0004, 0x0004, 0x0004, 0x0004,
  0x0004, 0x0004, 0x0004, 0x0004, 0x0004, 0x0004, 0x0004, 0x0004, 0x0004, 0x0004,
  0x0004, 0x0004, 0x0004, 0x0004, 0x0004, 0x0004, 0x0004, 0x0004, 0x0004, 0x0004,
  0x0004, 0x4244, 0x0004, 0x0004, 0x0004, 0x0004, 0x0004, 0x0004, 0x0004, 0x0004,
  0x0004, 0x0004, 0x0004, 0x0004, 0x0004, 0x0004, 0x4244, 0x0004, 0x0004, 0x0004,
  0x0004, 0x0004, 0x0004, 0x0004, 0x0004, 0x0004, 0x0004, 0x0004, 0x0004, 0x0004,
  0x0004, 0x0004, 0x0004, 0x0004, 0x0004, 0x0004, 0x0004, 0x0004, 0x0004, 0x0004,
  0x0004, 0x0004, 0x0004, 0x0008, 0x0004, 0x0008, 0x0004, 0x0004, 0x0004, 0x0004,
  0x0004, 0x0004, 0x0004, 0x0004, 0x0004, 0x0004, 0x0004, 0x0004, 0x0004, 0x0004,
  0x0008, 0x0004, 0x0004, 0x0004, 0x0004, 0x0004, 0x0004, 0x0004, 0x0004, 0x0004,
  0x0004, 0x0004, 0x0004, 0x0004, 0x4244, 0xC1C4, 0x0004, 0x0004, 0x0004, 0x0004,
  0x0004, 0x7984, 0x7984, 0x7984, 0x0004, 0x0004, 0x0004, 0x0004, 0x0004, 0x0004,
  0x0004, 0x0004, 0x0004, 0x0004, 0x0004, 0x0004, 0x0004, 0x0004, 0x0004, 0x0004,
  0x0004, 0x0004, 0x0004, 0x0004, 0x0004, 0x0004, 0x0004, 0x0004, 0x0004, 0x0004,
  0x0004, 0x0004, 0x0004, 0x0004, 0x0004, 0x0004, 0x0004, 0x0004, 0x0004, 0x0004,
  0xC004, 0x0004, 0x0004, 0x0004, 0x0004, 0x0004, 0x0004, 0x0008, 0x0008, 0x0004,
  0x0004, 0x0004, 0x4244, 0x4244, 0x0004, 0x0004, 0x0004, 0x0004, 0x0004, 0x0004,
  0x0004, 0x0004, 0x0004, 0x0004, 0x0004, 0x0004, 0x0004, 0x0004, 0x0004, 0x0004,
  0x0004, 0x0004, 0x0004, 0x0004, 0x0004, 0x0004, 0x0004, 0x0004, 0x0004, 0x0004,
  0x0004, 0x0004, 0x0004, 0x0004, 0x0004, 0x0004, 0x0004, 0x0004, 0x0004, 0x0004,
  0x0004, 0x0004, 0x0004, 0x0004, 0x0004, 0x0004, 0x0004, 0x0004, 0x0004, 0x0004,
  0x0004, 0x0004, 0x0004, 0x0004, 0x0004, 0x41C4, 0x0004, 0x0004, 0x0004, 0x0004,
  0x0004, 0x0004, 0x0004, 0x0004, 0x0004, 0x0004, 0x0004, 0x0004, 0x4244, 0x0004,
  0x0004, 0x0004, 0x0004, 0x0004, 0x0004, 0x0004, 0x0004, 0x0004, 0x41C4, 0x0004,
  0x0004, 0x0004, 0x0004, 0x0004, 0x0004, 0x0004, 0x0004, 0x0004, 0x0004, 0x0004,
  0x0004, 0x0004, 0x0004, 0x0004, 0x0004, 0x0004, 0x0004, 0x0004, 0x0004, 0x0004,
  0x0004, 0x0004, 0x0004, 0x0004, 0x0004, 0x0004, 0x0004, 0x0004, 0x0004, 0x0004,
  0x0004, 0x0004, 0x0004, 0x0004, 0x0004, 0x0004, 0x0004, 0x0004, 0x0004, 0x0004,
  0x0004, 0x0004, 0x0004, 0x0004, 0x0004, 0x0004, 0x0004, 0x0004, 0x0004, 0x0004,
  0x0004, 0x0004, 0x4244, 0x41C4, 0x0004, 0x0004, 0x0004, 0x0004, 0x0004, 0x0004,
  0x0004, 0x0004, 0x0004, 0x0004, 0x0004, 0x0004, 0x0004, 0x0004, 0x0004, 0x0004,
  0x0004, 0x0004, 0x0004, 0x0004, 0x0004, 0x0004, 0x0004, 0x0004, 0x0004, 0x0004,
  0x0004, 0x0004, 0x0004, 0x0004, 0x0004, 0x0004, 0x0004, 0x0004, 0x0004, 0x0004,
  0x0004, 0x0004, 0x0004, 0x0004, 0x0004, 0x41C4, 0x4244, 0x0004, 0x0004, 0x0004,
  0x0004, 0x0004, 0x0004, 0x0004, 0x0004, 0x0004, 0x0004, 0x0004, 0x0004, 0x0004,
  0x0004, 0x0004, 0x0004, 0x0004, 0x0004, 0x0004, 0x0004, 0x0004, 0x0004, 0x0004,
  0x0004, 0x0004, 0x0004, 0x0004, 0x0004, 0x0004, 0x0004, 0x0004, 0x0004, 0x0004,
  0x0004, 0x0004, 0x0004, 0x0004, 0x0004, 0x0004, 0x0004, 0x0004, 0x0004, 0x0004,
  0x0004, 0x0004, 0x0004, 0x0004, 0x0004, 0x0004, 0x0004, 0x0004, 0x0004, 0x0004,
  0x0004, 0x0004, 0x0004, 0x0004, 0x0004, 0x0004, 0x41C4, 0x41C4, 0x0004, 0xC004,
  0x0004, 0x0004, 0x0004, 0x0004, 0x0004, 0x0004, 0x0004, 0x0004, 0x0004, 0x0004,
  0x0004, 0x0008, 0x0008, 0x4244, 0x0004, 0x0004, 0x0004, 0x0004, 0x0004, 0x0004,
  0x0004, 0x0004, 0x0004, 0xC004, 0x0004, 0x0004, 0x0004, 0x0004, 0x0004, 0x0004,
  0x0004, 0x0004, 0x0004, 0x0004, 0x0004, 0x0004, 0x0004, 0x0004, 0x7984, 0x7984,
  0x7984, 0x7984, 0x7984, 0x7984, 0x7984, 0x0004, 0x0004, 0x0004, 0x7984, 0x7984,
  0x7984, 0x7984, 0x7984, 0x0004, 0x0004, 0x0004, 0x0004, 0x0004, 0x0004, 0x0004,
  0x0004, 0x0004, 0x0004, 0x0004, 0x0008, 0x0004, 0x0008, 0x0004, 0x0004, 0x0004,
  0x0004, 0x0004, 0x0004, 0x0004, 0x0004, 0x0008, 0x0004, 0x0004, 0x0008, 0x0004,
  0x0004, 0x0004, 0x0004, 0x0004, 0x0004, 0x0004, 0x0004, 0x0004, 0x0004, 0x0004,
  0x0004, 0x0004, 0x0004, 0x0004, 0x0004, 0x0004, 0x0004, 0x0004, 0x0004, 0x0004,
  0x0004, 0x0004, 0x0004, 0x0004, 0x0004, 0x0004, 0x0004, 0x0004, 0x0004, 0x0004,
  0x0004, 0x0004, 0x0004, 0x0004, 0x0004, 0x0004, 0x0004, 0xC004, 0x0004, 0x0004,
  0xC004, 0x0004, 0x0004, 0x0004, 0x0004, 0xC004, 0x0004, 0x0004, 0xC008, 0x0004,
  0xC008, 0xC008, 0xC004, 0x0004, 0x0004, 0x0004, 0x0004, 0x4244, 0x4244, 0x4244,
  0x0004, 0x0004, 0x0004, 0x0004, 0x0004, 0x0004, 0x0004, 0x0004, 0x0004, 0x0004,
  0x0004, 0x0004, 0x0004, 0x0004, 0x0004, 0x0004, 0x0004, 0x0004, 0x0004, 0x0004,
  0x0004, 0x0004, 0x0004, 0x0004, 0x0004, 0x0004, 0x0004, 0x0004, 0x0004, 0x0004,
  0x0004, 0x0004, 0x0004, 0x0004, 0x0004, 0x0004, 0x0004, 0x0004, 0x0004, 0x0004,
  0x0004, 0x0004, 0x0004, 0x0004, 0x0004, 0x0004, 0x0004, 0x4244, 0x0004, 0x0004,
  0x0004, 0x41C4, 0x0004, 0x0004, 0x0004, 0x0004, 0x0004, 0x0004, 0x0004, 0x0004,
  0x0004, 0x0004, 0x0004, 0x0004, 0x0004, 0x0004, 0x0004, 0x0004, 0x0004, 0x0004,
  0x0004, 0x0004, 0x0004, 0x0004, 0x0004, 0x7984, 0x0004, 0x0004, 0x0004, 0x0004,
  0x0004, 0x0004, 0x0004, 0x0004, 0x0004, 0x0004, 0x0004, 0x0004, 0x0004, 0x0004,
  0x0004, 0x0004, 0x0004, 0x0004, 0x0004, 0x0004, 0x0004, 0x0004, 0x0004, 0x0004,
  0x0004, 0x0004, 0x0004, 0x0004, 0x0004, 0x0004, 0x0004, 0x0004, 0x0004, 0x0004,
  0x0004, 0x0004, 0x0004, 0x0004, 0x0004, 0x0004, 0x0004, 0x0004, 0x0004, 0x0004,
  0x0004, 0x0004, 0x0004, 0x0004, 0xC004, 0x0004, 0x0004, 0x0004, 0x0004, 0x0004,
  0x0004, 0x0004, 0x0004, 0x0004, 0xC004, 0x0008, 0x0008, 0xC004, 0x0008, 0x0004,
  0x0004, 0x4244, 0x41C4, 0x0004, 0x0004, 0x0004, 0x0004, 0x0004, 0x0004, 0x0004,
  0x0004, 0x0004, 0x0004, 0x0004, 0x0004, 0x0004, 0x0004, 0x0004, 0x0004, 0x0004,
  0x0004, 0x0004, 0x0004, 0x0004, 0x0004, 0x0004, 0x0004, 0x0004, 0x0004, 0x0004,
  0x0004, 0x0004, 0x0004, 0x0004, 0x0004, 0x0004, 0x0004, 0x0004, 0x0004, 0x0004,
  0x0004, 0x0004, 0x0004, 0x0004, 0x0004, 0x0004, 0x0004, 0x0004, 0x0004, 0x0004,
  0x0004, 0x0004, 0x0004, 0x0004, 0x0004, 0x0004, 0x0004, 0x0004, 0x0004, 0x0004,
  0x0004, 0x0004, 0x0004, 0xC004, 0x0004, 0x0004, 0x0004, 0x0004, 0x0004, 0x0004,
  0x0004, 0x0004, 0x0004, 0x0004, 0x0008, 0x0008, 0x0004, 0x0004, 0x0004, 0x4244,
  0x41C4, 0x0004, 0x0004, 0x0004, 0x0004, 0x0004, 0x0004, 0x0004, 0x0004, 0x0004,
  0x0004, 0x0004, 0x0004, 0x0004, 0x0004, 0x0004, 0x0004, 0x0004, 0x0004, 0x0004,
  0x0004, 0x0004, 0x0004, 0x0004, 0x0004, 0x0004, 0x0004, 0x0004, 0x0004, 0x0004,
  0x0004, 0x0004, 0x0004, 0x0004, 0x0004, 0x0004, 0x0004, 0x0004, 0x0004, 0x0004,
  0x0004, 0x0004, 0x0004, 0x0004, 0x0004, 0x0004, 0x0004, 0x0004, 0x0004, 0x0004,
  0x0004, 0x0004, 0x0004, 0x0004, 0x0004, 0x0004, 0x0004, 0x0004, 0x0004, 0x0004,
  0x0004, 0x0004, 0x0004, 0x0004, 0x4244, 0x41C4, 0x0004, 0x0004, 0x0004, 0x0004,
  0x0004, 0x0004, 0x0004, 0x0004, 0x0004, 0x0004, 0x0004, 0x0004, 0x0004, 0x0004,
  0x0004, 0x0004, 0x0004, 0x0004, 0x0004, 0x0004, 0x0004, 0x0004, 0x0004, 0x0004,
  0x0004, 0x0004, 0x0004, 0x0004, 0x0004, 0x0004, 0x0004, 0x0004, 0x0004, 0x0004,
  0x0004, 0x0004, 0x0004, 0x0004, 0x0004, 0x0004, 0x0004, 0x0004, 0x0004, 0x0004,
  0x0004, 0x0004, 0x0004, 0x0004, 0xC004, 0x0004, 0x0004, 0x0004, 0x0004, 0x0004,
  0x0004, 0x0004, 0x0008, 0x0004, 0x0004, 0x0004, 0x0004, 0x4244, 0x4244, 0x0004,
  0x0004, 0x0004, 0x41C4, 0x0004, 0x0004, 0x0004, 0x0004, 0x0004, 0x0004, 0x0004,
  0x0004, 0x0004, 0x0004, 0x0004, 0x0004, 0x0004, 0x0004, 0x0004, 0x0004, 0x0004,
  0x0004, 0x0004, 0x0004, 0x0004, 0x0004, 0x0004, 0x0004, 0x0004, 0x0004, 0x0004,
  0x0004, 0x0004, 0x0004, 0x0004, 0x0004, 0x0004, 0x0004, 0x0004, 0x0004, 0x0004,
  0x0004, 0x0004, 0x0004, 0x0004, 0x0004, 0x0004, 0x0004, 0x0004, 0x0004, 0x0004,
  0x0004, 0x0004, 0x0004, 0x0004, 0x0004, 0x0004, 0x0004, 0x0004, 0x0004, 0x0004,
  0x0004, 0x0004, 0x0004, 0x4244, 0x0004, 0x0004, 0x0004, 0x0004, 0x0004, 0x0004,
  0x0004, 0x0004, 0x0004, 0x0004, 0x0004, 0x0004, 0x0004, 0x0004, 0x0004, 0x0004,
  0x0004, 0x0004, 0x0004, 0x0004, 0x0004, 0x0004, 0x0004, 0x0004, 0x0004, 0x0004,
  0x0004, 0x0004, 0x0004, 0x0004, 0x0004, 0x0004, 0x0004, 0x0004, 0x0004, 0x0004,
  0x0004, 0x0004, 0x0004, 0x0004, 0x0004, 0x0004, 0x0004, 0x0004, 0x0004, 0x0004,
  0x0004, 0x0004, 0x0004, 0x0004, 0x0004, 0x0004, 0x0004, 0x0004, 0x0004, 0x0004,
  0x41C4, 0x0004, 0x4244, 0x4244, 0x0004, 0x0004, 0x0004, 0x0004, 0x0004, 0x0004,
  0x0004, 0x0004, 0x0004, 0x0004, 0x0004, 0x0004, 0x0004, 0x0004, 0x0004, 0x0004,
  0x0004, 0x0004, 0x0004, 0x0004, 0x0004, 0x0004, 0x0004, 0x0004, 0x0004, 0x0004,
  0x0004, 0x0004, 0x0004, 0x0004, 0x0004, 0x0004, 0x0004, 0x0004, 0x0004, 0x0004,
  0x0004, 0x0004, 0x0004, 0x0004, 0x0004, 0x0004, 0x0004, 0x0004, 0x0004, 0x0004,
  0x0004, 0x0004, 0x0004, 0x0004, 0x0004, 0x0004, 0x0004, 0x0004, 0x0004, 0x0004,
  0x0004, 0x0004, 0x0004, 0x0004, 0x0004, 0xC004, 0xC004, 0xC004, 0xC008, 0xC008,
  0xC008, 0xC008, 0xC008, 0xC00C, 0xC00C, 0xC00C, 0xC004, 0x0004, 0x0004, 0x0004,
  0x0004, 0x0004, 0x4244, 0x0004, 0x0004, 0x0004, 0x0004, 0x0004, 0x0004, 0x0004,
  0x0004, 0x0004, 0x0004, 0x0004, 0x0004, 0x0004, 0x0004, 0x0004, 0x0004, 0x0004,
  0x0004, 0x0004, 0x0004, 0x0004, 0x0004, 0x0004, 0x0004, 0x0004, 0x0004, 0x0004,
  0x0004, 0x0004, 0x0004, 0x0004, 0x0004, 0x0004, 0x0004, 0x0004, 0x0004, 0x0004,
  0x0004, 0x0004, 0x0004, 0x0004, 0x0004, 0x0004, 0x0004, 0x0004, 0x0004, 0x0004,
  0x0004, 0x4044, 0x4044, 0x4044, 0x4044, 0x4044, 0x0004, 0x0004, 0x0004, 0x0004,
  0x0004, 0x0004, 0x0004, 0x0004, 0x0004, 0x0004, 0x0004, 0x0004, 0x0004, 0x0004,
  0x0004, 0x0004, 0x0004, 0x0004, 0x0004, 0x0004, 0x0004, 0x0004, 0x0004, 0x0004,
  0x0004, 0x0004, 0x0004, 0x0004, 0x0004, 0x0004, 0x0004, 0x0004, 0x0004, 0x0004,
  0x0004, 0x0004, 0x0004, 0x0004, 0x0004, 0x0004, 0x0004, 0x0004, 0x0004, 0x0004,
  0x0004, 0x0004, 0x0004, 0x0004, 0x7984, 0x7984, 0x7984, 0x7984, 0x7984, 0x7984,
  0x7984, 0x0004, 0x0004, 0x0004, 0x0004, 0x0004, 0x0004, 0x0004, 0x0004, 0x0004,
  0x0004, 0x0004, 0x0004, 0x0004, 0x0004, 0x0004, 0x0004, 0x0004, 0x0004, 0x0004,
  0x0004, 0x0004, 0x0004, 0x0004, 0x0004, 0x0004, 0x0004, 0x0004, 0x0004, 0x0004,
  0x0004, 0x0004, 0x0004, 0x0004, 0x0004, 0x0004, 0x0004, 0x0004, 0x0004, 0x0004,
  0xC004, 0xC008, 0x0008, 0x000C, 0x0004, 0x0004, 0x0004, 0x0004, 0x0004, 0x0004,
  0x0004, 0x0004, 0x0004, 0x0004, 0x0004, 0x0004, 0x0004, 0x0004, 0x0004, 0x0004,
  0x0004, 0x0004, 0x0004, 0x0004, 0x0004, 0x0004, 0x0004, 0x0004, 0x0004, 0x0004,
  0x0004, 0x0004, 0x0004, 0x0004, 0x0004, 0x0004, 0x0004, 0x0004, 0x0004, 0x0004,
  0x0004, 0x0004, 0x0004, 0x0004, 0x0004, 0x0004, 0x0004, 0x0004, 0x0004, 0x0004,
  0x0004, 0x0004, 0x4184, 0x4184, 0x0004, 0x0004, 0x0004, 0x0004, 0x0004, 0x0004,
  0x0004, 0x0004, 0x0004, 0x0004, 0x0004, 0x0004, 0x0004, 0x0004, 0x0004, 0x0004,
  0x0004, 0x0004, 0x0004, 0x0004, 0x0004, 0x0004, 0x0004, 0x0004, 0x0004, 0x0004,
  0x0004, 0x0004, 0x0004, 0x0004, 0x4044, 0x0004, 0x0004, 0x0004, 0x0004, 0x0004,
  0x0004, 0x0004, 0x0004, 0x0004, 0x0004, 0x0004, 0x0004, 0x0004, 0x0004, 0x0004,
  0x0004, 0x0004, 0x0004, 0x0004, 0x0004, 0x0004, 0x0004, 0x0004, 0x0004, 0x0004,
  0x0004, 0x0004, 0x0004, 0x0004, 0x0004, 0x0004, 0x0004, 0x0004, 0xC001, 0xC001,
  0xC001, 0xC001, 0xC001, 0xC001, 0xC001, 0xC001, 0xC001, 0xC001, 0xC001, 0xC001,
  0xC001, 0xC001, 0xC001, 0xC001, 0xC001, 0xC001, 0xC001, 0xC001, 0xC001, 0xC001,
  0xC001, 0xC001, 0xC001, 0xC001, 0xC001, 0xC001, 0xC001, 0xC001, 0xC001, 0xC001,
  0xC001, 0xC001, 0xC001, 0xC001, 0x0004, 0x0004, 0x0004, 0x0004, 0x0004, 0x0004,
  0x0004, 0x0004, 0x0004, 0x0004, 0x0004, 0x0004, 0x0004, 0x0004, 0x0004, 0x0004,
  0x0004, 0x0004, 0x0004, 0x0004, 0x0004, 0x0004, 0x0004, 0x0004, 0x0004, 0x0004,
  0x0004, 0x0004, 0x0004, 0x0004, 0xC008, 0xC008, 0xC00C, 0xC00C, 0xC00C, 0xC00C,
  0xC00C, 0x7604, 0x7604, 0x4044, 0x4044, 0x4044, 0x0004, 0x0004, 0x0004, 0x7884,
  0x7604, 0x7604, 0x7604, 0x7604, 0x7604, 0x0004, 0x0004, 0x0004, 0x0004, 0x0004,
  0x0004, 0x0004, 0x0004, 0x7704, 0x7704, 0x7704, 0x7704, 0x7704, 0x0004, 0x0004,
  0x7984, 0x7984, 0x7984, 0x7984, 0x7984, 0x7704, 0x7704, 0x0004, 0x0004, 0x0004,
  0x0004, 0x0004, 0x0004, 0x0004, 0x0004, 0x0004, 0x0004, 0x0004, 0x0004, 0x0004,
  0x0004, 0x0004, 0x0004, 0x0004, 0x0004, 0x0004, 0x0004, 0x0004, 0x0004, 0x0004,
  0x0004, 0x0004, 0x0004, 0x0004, 0x0004, 0x0004, 0x0004, 0x7984, 0x7984, 0x7984,
  0x7984, 0x0004, 0x0004, 0x0004, 0x0004, 0x0004, 0x0004, 0x0004, 0x0004, 0x0004,
  0x0004, 0x0004, 0x0004, 0x0004, 0xC008, 0xC008, 0xC00C, 0xC00C, 0xC00C, 0x0004,
  0x0004, 0x0004, 0x0004, 0x0004, 0x0004, 0x0004, 0x0004, 0x0004, 0x0004, 0x0004,
  0x0004, 0x0004, 0x0004, 0x0004, 0x0004, 0x0004, 0x0004, 0x0004, 0x0004, 0x0004,
  0x0004, 0x0004, 0x0004, 0x0004, 0x0004, 0x0004, 0x0004, 0x0004, 0x0004, 0x0004,
  0x0004, 0x0004, 0x0004, 0x0004, 0x0004, 0x0004, 0x0004, 0x0004, 0x0004, 0x0004,
  0x0004, 0x0004, 0x0004, 0x0004, 0x0004, 0x0004, 0x0004, 0x0004, 0x0004, 0x0004,
  0x0004, 0x0004, 0x0004, 0x0004, 0x0004, 0x0004, 0x0004, 0x0004, 0x0004, 0x0004,
  0x0004, 0x0004, 0x7984, 0x7984, 0x7984, 0x0004, 0x0004, 0x0004, 0x0004, 0x0004,
  0x0004, 0x0004, 0x0004, 0x0004, 0x0004, 0x0004, 0x0004, 0x0004, 0x0004, 0x0004,
  0x0004, 0x0004, 0x0004, 0x0004, 0x0004, 0x0004, 0x0004, 0x0004, 0x0004, 0x0004,
  0x0004, 0x0004, 0x0004, 0x0004, 0x0004, 0x0004, 0x0004, 0x0004, 0x0004, 0x0004,
  0x0004, 0x0004, 0x0004, 0x0004, 0x0004, 0x0004, 0x0004, 0x0004, 0x0004, 0x0004,
  0x0004, 0x0004, 0x0004, 0x0004, 0x0004, 0x0004, 0x0004, 0x0004, 0x0004, 0x0004,
  0x0004, 0x0004, 0x0004, 0x0004, 0xC001, 0xC001, 0xC001, 0xC001, 0xC001, 0xC001,
  0xC001, 0xC001, 0xC001, 0xC001, 0xC001, 0xC001, 0xC001, 0xC001, 0xC001, 0xC001,
  0xC001, 0xC001, 0xC001, 0xC001, 0xC001, 0xC001, 0xC001, 0xC001, 0xC001, 0xC001,
  0xC001, 0xC001, 0xC001, 0xC001, 0xC001, 0xC001, 0xC001, 0xC001, 0xC001, 0xC001,
  0xC001, 0xC001, 0xC001, 0xC001, 0xC001, 0xC001, 0xC001, 0xC001, 0xC001, 0xC001,
  0xC001, 0xC001, 0xC001, 0xC001, 0xC001, 0xC001, 0xC001, 0xC001, 0xC001, 0xC001,
  0xC001, 0xC001, 0xC001, 0xC001, 0xC001, 0xC001, 0xC001, 0xC001, 0x0004, 0xC001,
  0xC001, 0xC001, 0xC001, 0xC001, 0xC001, 0xC001, 0xC001, 0xC001, 0xC001, 0xC001,
  0xC001, 0xC001, 0xC001, 0xC001, 0xC001, 0xC001, 0xC001, 0xC001, 0xC001, 0xC001,
  0xC001, 0xC001, 0xC001, 0xC001, 0xC001, 0xC001, 0xC001, 0xC001, 0xC001, 0xC001,
  0xC001, 0xC001, 0xC001, 0xC001, 0xC001, 0xC001, 0xC001, 0xC001, 0xC001, 0xC001,
  0xC001, 0x0004, 0xC001, 0xC001, 0x0004, 0x0004, 0xC001, 0x0004, 0x0004, 0xC001,
  0xC001, 0x0004, 0x0004, 0xC001, 0xC001, 0xC001, 0xC001, 0x0004, 0xC001, 0xC001,
  0xC001, 0xC001, 0xC001, 0xC001, 0xC001, 0xC001, 0xC001, 0xC001, 0xC001, 0xC001,
  0x0004, 0xC001, 0x0004, 0xC001, 0xC001, 0xC001, 0xC001, 0x0004, 0xC001, 0xC001,
  0xC001, 0xC001, 0xC001, 0xC001, 0xC001, 0xC001, 0xC001, 0xC001, 0xC001, 0xC001,
  0xC001, 0xC001, 0xC001, 0xC001, 0xC001, 0xC001, 0xC001, 0xC001, 0xC001, 0xC001,
  0xC001, 0xC001, 0xC001, 0xC001, 0xC001, 0xC001, 0xC001, 0xC001, 0xC001, 0xC001,
  0xC001, 0xC001, 0xC001, 0xC001, 0xC001, 0xC001, 0xC001, 0xC001, 0xC001, 0xC001,
  0xC001, 0xC001, 0xC001, 0xC001, 0xC001, 0xC001, 0xC001, 0xC001, 0xC001, 0xC001,
  0xC001, 0xC001, 0xC001, 0xC001, 0xC001, 0xC001, 0xC001, 0x0004, 0xC001, 0xC001,
  0xC001, 0xC001, 0x0004, 0x0004, 0xC001, 0xC001, 0xC001, 0xC001, 0xC001, 0xC001,
  0xC001, 0xC001, 0x0004, 0xC001, 0xC001, 0xC001, 0xC001, 0xC001, 0xC001, 0xC001,
  0x0004, 0xC001, 0xC001, 0xC001, 0xC001, 0xC001, 0xC001, 0xC001, 0xC001, 0xC001,
  0xC001, 0xC001, 0xC001, 0xC001, 0xC001, 0xC001, 0xC001, 0xC001, 0xC001, 0xC001,
  0xC001, 0xC001, 0xC001, 0xC001, 0xC001, 0xC001, 0xC001, 0xC001, 0xC001, 0x0004,
  0xC001, 0xC001, 0xC001, 0xC001, 0x0004, 0xC001, 0xC001, 0xC001, 0xC001, 0xC001,
  0x0004, 0xC001, 0x0004, 0x0004, 0x0004, 0xC001, 0xC001, 0xC001, 0xC001, 0xC001,
  0xC001, 0xC001, 0x0004, 0xC001, 0xC001, 0xC001, 0xC001, 0xC001, 0xC001, 0xC001,
  0xC001, 0xC001, 0xC001, 0xC001, 0xC001, 0xC001, 0xC001, 0xC001, 0xC001, 0xC001,
  0xC001, 0xC001, 0xC001, 0xC001, 0xC001, 0xC001, 0xC001, 0xC001, 0xC001, 0xC001,
  0xC001, 0xC001, 0xC001, 0xC001, 0xC001, 0xC001, 0xC001, 0xC001, 0xC001, 0xC001,
  0xC001, 0xC001, 0xC001, 0xC001, 0xC001, 0xC001, 0xC001, 0xC001, 0xC001, 0xC002,
  0xC002, 0x0004, 0x0004, 0xC002, 0xC002, 0xC002, 0xC002, 0xC002, 0xC002, 0xC002,
  0xC002, 0xC002, 0xC002, 0xC002, 0xC002, 0xC002, 0xC002, 0xC002, 0xC002, 0xC002,
  0xC002, 0xC002, 0xC002, 0xC002, 0xC002, 0xC002, 0xC002, 0xC003, 0xC002, 0xC002,
  0xC002, 0xC002, 0xC002, 0xC002, 0xC002, 0xC002, 0xC002, 0xC002, 0xC002, 0xC002,
  0xC002, 0xC002, 0xC002, 0xC002, 0xC002, 0xC002, 0xC002, 0xC002, 0xC002, 0xC002,
  0xC002, 0xC002, 0xC002, 0xC003, 0xC002, 0xC002, 0xC002, 0xC002, 0xC002, 0xC002,
  0xC002, 0xC002, 0xC002, 0xC002, 0xC002, 0xC002, 0xC002, 0xC002, 0xC002, 0xC002,
  0xC002, 0xC002, 0xC002, 0xC002, 0xC002, 0xC002, 0xC002, 0xC002, 0xC002, 0xC002,
  0xC002, 0xC002, 0xC002, 0xC002, 0xC002, 0xC003, 0xC002, 0xC002, 0xC002, 0xC002,
  0xC002, 0xC002, 0xC002, 0xC002, 0xC002, 0xC002, 0xC002, 0xC002, 0xC002, 0xC002,
  0xC002, 0xC002, 0xC002, 0xC002, 0xC002, 0xC002, 0xC002, 0xC002, 0xC003, 0xC002,
  0xC002, 0xC002, 0xC002, 0xC002, 0xC002, 0xC002, 0xC002, 0x0004, 0x0004, 0xC001,
  0xC001, 0xC001, 0xC001, 0xC001, 0xC001, 0xC001, 0xC001, 0xC001, 0xC001, 0xC001,
  0xC001, 0xC001, 0xC001, 0xC001, 0xC001, 0xC001, 0xC001, 0xC001, 0xC001, 0xC001,
  0xC001, 0xC001, 0xC001, 0xC001, 0xC001, 0xC001, 0xC001, 0xC001, 0xC001, 0xC001,
  0xC001, 0xC001, 0xC001, 0xC001, 0xC001, 0xC001, 0xC001, 0xC001, 0xC001, 0xC001,
  0xC001, 0xC001, 0xC001, 0xC001, 0xC001, 0xC001, 0xC001, 0xC001, 0xC001, 0x7984,
  0x7984, 0x7984, 0x7984, 0x7984, 0x7984, 0x7984, 0x0004, 0x7984, 0x7984, 0x7984,
  0x7984, 0x7984, 0x7984, 0x7984, 0x7984, 0x7984, 0x7984, 0x7984, 0x7984, 0x7984,
  0x7984, 0x7984, 0x7984, 0x7984, 0x0004, 0x0004, 0x7984, 0x7984, 0x7984, 0x7984,
  0x7984, 0x7984, 0x7984, 0x0004, 0x7984, 0x7984, 0x0004, 0x7984, 0x7984, 0x7984,
  0x7984, 0x7984, 0x0004, 0x0004, 0x0004, 0x0004, 0x0004, 0xC002, 0xC002, 0xC002,
  0xC002, 0xC002, 0xC002, 0xC002, 0xC002, 0xC002, 0xC002, 0xC002, 0xC002, 0xC002,
  0xC002, 0xC002, 0xC002, 0xC003, 0xC002, 0xC002, 0xC002, 0xC002, 0xC002, 0xC002,
  0xC002, 0xC002, 0xC002, 0xC002, 0xC002, 0xC002, 0xC002, 0xC002, 0xC002, 0xC002,
  0xC002, 0xC002, 0xC002, 0xC002, 0xC002, 0xC002, 0xC002, 0xC002, 0xC002, 0xC002,
  0xC002, 0xC002, 0xC002, 0xC002, 0xC002, 0xC002, 0xC002, 0xC003, 0xC002, 0x0004,
  0x0004, 0x0004, 0x0004, 0x0004, 0x0004, 0x0004, 0x0004, 0x0004, 0x0004, 0x0004,
  0x0004, 0x0004, 0x0004, 0x0004, 0x0004, 0x0004, 0x0004, 0x0004, 0x0004, 0x0004,
  0x0004, 0x0004, 0x0004, 0x0004, 0x0004, 0x0004, 0x0004, 0x0004, 0x0004, 0x0004,
  0x0004, 0x0004, 0x0004, 0x0004, 0x0004, 0x0004, 0x0004, 0x0004, 0x0004, 0x0004,
  0x0004, 0x0004, 0x0004, 0x0004, 0x0004, 0x7984, 0x0004, 0x0004, 0x0004, 0x0004,
  0x0004, 0x0004, 0x0004, 0x0004, 0x0004, 0x0004, 0x0004, 0x0004, 0x0004, 0x0004,
  0x0004, 0x0004, 0x0004, 0x0004, 0x0004, 0x0004, 0x0004, 0x0004, 0x0004, 0x0004,
  0x0004, 0x0004, 0x0004, 0x0004, 0x0004, 0x0004, 0x0004, 0x0004, 0x0004, 0x0004,
  0x0004, 0x0004, 0x0004, 0x0004, 0x0004, 0x0004, 0x0004, 0x0004, 0x0004, 0x0004,
  0x7984, 0x7984, 0x7984, 0x7984, 0x0004, 0x0004, 0x0004, 0x0004, 0x0004, 0x0004,
  0x0004, 0x0004, 0x0004, 0x0004, 0x0004, 0x0004, 0x0004, 0x0004, 0x0004, 0x0004,
  0x0004, 0x0004, 0x0004, 0x0004, 0x0004, 0x0004, 0x0004, 0x0004, 0x0004, 0x0004,
  0x0004, 0x0004, 0x0004, 0x0004, 0x0004, 0x0004, 0x0004, 0x0004, 0x0004, 0x0004,
  0x0004, 0x0004, 0x0004, 0x0004, 0x0004, 0x0004, 0x0004, 0x0004, 0x7A04, 0x7A04,
  0x7704, 0x7984, 0x0004, 0x0004, 0x0004, 0x0004, 0x0004, 0x0004, 0x0004, 0x0004,
  0x0004, 0x0004, 0x0004, 0x0004, 0x0004, 0x0004, 0x0004, 0x0004, 0x0004, 0x0004,
  0x0004, 0x0004, 0x0004, 0x0004, 0x0004, 0x0004, 0x0004, 0x0004, 0x0004, 0x0004,
  0x0004, 0x0004, 0x0004, 0x0004, 0x0004, 0x0004, 0x0004, 0x0004, 0x0004, 0x0004,
  0x0004, 0x0004, 0x0004, 0x0004, 0x0004, 0x0004, 0x0004, 0x0004, 0x7984, 0x7704,
  0x0004, 0x0004, 0x0004, 0x0004, 0x0004, 0x0004, 0x0004, 0x0004, 0x0004, 0x0004,
  0x0004, 0x0004, 0x0004, 0x0004, 0x0004, 0x0004, 0x0004, 0x0004, 0x0004, 0x0004,
  0x0004, 0x0004, 0x0004, 0x0004, 0x0004, 0x0004, 0x0004, 0x0004, 0x0004, 0x0004,
  0x0004, 0x0004, 0x0004, 0x0004, 0x0004, 0x7984, 0x0004, 0x0004, 0x7984, 0x0004,
  0x0004, 0x0004, 0x0004, 0x0004, 0x0004, 0x0004, 0x7984, 0x7984, 0x0004, 0x0004,
  0x0004, 0x0004, 0x0004, 0x7984, 0x0004, 0x0004, 0x0004, 0x0004, 0x0004, 0x0004,
  0x0004, 0x0004, 0x0004, 0x0004, 0x0004, 0x0004, 0x0004, 0x0004, 0x0004, 0x0004,
  0x7704, 0x7704, 0x7704, 0x7704, 0x7704, 0x7704, 0x7704, 0x0004, 0x0004, 0x0004,
  0x0004, 0x0004, 0x0004, 0x0004, 0x0004, 0x0004, 0x0004, 0x0004, 0x0004, 0x0004,
  0x0004, 0x0004, 0x0004, 0x0004, 0x0004, 0x0004, 0x0004, 0x0004, 0x0004, 0x0004,
  0x0004, 0x0004, 0x0004, 0x0004, 0x0004, 0x0004, 0x0004, 0x0004, 0x0004, 0x0004,
  0x0004, 0x0004, 0x0004, 0x0004, 0x0004, 0x0004, 0x0004, 0x0004, 0x7984, 0x7984,
  0x7984, 0x7984, 0x7984, 0x7984, 0x41C4, 0x0004, 0x0004, 0x0004, 0x0004, 0x0004,
  0x0004, 0x0004, 0x0004, 0x0004, 0x0004, 0x0004, 0x0004, 0x0004, 0x0004, 0x0004,
  0x0004, 0x0004, 0x0004, 0x0004, 0x0004, 0x0004, 0x0004, 0x0004, 0x0004, 0x0004,
  0x0004, 0x0004, 0x0004, 0x0004, 0x0004, 0x0004, 0x0004, 0x0004, 0x0004, 0x0004,
  0x0004, 0x0004, 0x0004, 0x0004, 0x0004, 0x0004, 0x0004, 0x0004, 0x0004, 0x0004,
  0x0004, 0x0004, 0x0004, 0x0004, 0x0004, 0x0004, 0x0004, 0x0004, 0xC002, 0xC002,
  0xC002, 0xC002, 0x0004, 0xC002, 0xC002, 0xC002, 0xC002, 0xC002, 0xC002, 0xC002,
  0xC002, 0xC002, 0xC002, 0xC002, 0xC002, 0xC002, 0xC002, 0xC002, 0xC002, 0xC002,
  0xC002, 0xC002, 0xC002, 0xC002, 0xC002, 0xC002, 0xC002, 0xC002, 0xC002, 0xC002,
  0x0004, 0xC002, 0xC002, 0x0004, 0xC002, 0x0004, 0x0004, 0xC002, 0x0004, 0xC002,
  0xC002, 0xC002, 0xC002, 0xC002, 0xC002, 0xC002, 0xC002, 0xC002, 0xC002, 0x0004,
  0xC002, 0xC002, 0xC002, 0xC002, 0x0004, 0xC002, 0x0004, 0xC002, 0x0004, 0x0004,
  0x0004, 0x0004, 0xC002, 0x0004, 0x0004, 0x0004, 0x0004, 0xC002, 0x0004, 0xC002,
  0x0004, 0xC002, 0x0004, 0xC002, 0xC002, 0xC002, 0x0004, 0xC002, 0xC002, 0x0004,
  0xC002, 0x0004, 0x0004, 0xC002, 0x0004, 0xC002, 0x0004, 0xC002, 0x0004, 0xC002,
  0x0004, 0xC002, 0x0004, 0xC002, 0xC002, 0x0004, 0xC002, 0x0004, 0x0004, 0xC002,
  0xC002, 0xC002, 0xC002, 0x0004, 0xC002, 0xC002, 0xC002, 0xC002, 0xC002, 0xC002,
  0xC002, 0x0004, 0xC002, 0xC002, 0xC002, 0xC002, 0x0004, 0xC002, 0xC002, 0xC002,
  0xC002, 0x0004, 0xC002, 0x0004, 0xC002, 0xC002, 0xC002, 0xC002, 0xC002, 0xC002,
  0xC002, 0xC002, 0xC002, 0xC002, 0x0004, 0xC002, 0xC002, 0xC002, 0xC002, 0xC002,
  0xC002, 0xC002, 0xC002, 0xC002, 0xC002, 0xC002, 0xC002, 0xC002, 0xC002, 0xC002,
  0xC002, 0xC002, 0x0004, 0x0004, 0x0004, 0x0004, 0x0004, 0xC002, 0xC002, 0xC002,
  0x0004, 0xC002, 0xC002, 0xC002, 0xC002, 0xC002, 0x0004, 0xC002, 0xC002, 0xC002,
  0xC002, 0xC002, 0xC002, 0xC002, 0xC002, 0xC002, 0xC002, 0xC002, 0xC002, 0xC002,
  0xC002, 0xC002, 0xC002, 0xC002, 0x0004, 0x0004, 0x0004, 0x0004, 0x0004, 0xC003,
  0xC003, 0xC003, 0xC003, 0xC003, 0xC003, 0xC003, 0xC003, 0xC003, 0xC003, 0xC003,
  0xC003, 0xC003, 0xC003, 0xC003, 0xC003, 0xC003, 0xC003, 0xC003, 0xC003, 0xC003,
  0xC003, 0xC003, 0xC003, 0xC003, 0xC003, 0xC007, 0xC001, 0xC001, 0xC002, 0xC002,
  0x0004, 0xC001, 0xC001, 0xC001, 0xC001, 0xC001, 0xC001, 0xC001, 0xC001, 0xC001,
  0xC001, 0xC001, 0xC001, 0xC001, 0xC001, 0xC001, 0xC001, 0xC002, 0xC002, 0xC002,
  0xC002, 0xC003, 0xC002, 0x0004, 0x0004, 0x0004, 0x0004, 0x0004, 0x0004, 0x0004,
  0x0004, 0x0004, 0x0004, 0x0004, 0x0004, 0x0004, 0x0004, 0x0004, 0x0004, 0x0004,
  0x0004, 0x0004, 0x0004, 0x0004, 0x0004, 0x0004, 0x0004, 0x0004, 0x0004, 0xC002,
  0xC002, 0xC002, 0x0004, 0x0004, 0x0004, 0x0004, 0x0004, 0x0004, 0x0004, 0x0004,
  0x0004, 0x0004, 0x0004, 0x0004, 0x0004, 0x0004, 0x0004, 0x0004, 0x0004, 0x0004,
  0x0004, 0xC002, 0x0004, 0x0004, 0x0004, 0x0004, 0x0004, 0x0004, 0x0004, 0x0004,
  0x0004, 0x0004, 0x0004, 0x0004, 0x0004, 0x0004, 0x0004, 0x0004, 0x0004, 0x0004,
  0x0004, 0x0004, 0x0004, 0x0004, 0x0004, 0x0004, 0x0004, 0x0004, 0x0004, 0x0004,
  0x0004, 0x0004, 0x0004, 0x0004, 0x0004, 0x0004, 0x0004, 0x0004, 0x0004, 0x0004,
  0x0004, 0x0004, 0x0004, 0x0004, 0x0004, 0x0004, 0x0004, 0x0004, 0x0004, 0xC006,
  0xC006, 0xC003, 0x0004, 0x0004, 0x0004, 0x0004, 0x0004, 0x0004, 0x0004, 0x0004,
  0x0004, 0x0004, 0x0004, 0x0004, 0x0004, 0xC003, 0xC003, 0xC003, 0xC006, 0xC003,
  0xC003, 0xC003, 0xC003, 0xC003, 0xC003, 0xC003, 0xC003, 0xC003, 0xC003, 0xC003,
  0xC003, 0xC003, 0xC003, 0xC003, 0xC003, 0xC003, 0xC003, 0xC003, 0xC003, 0xC003,
  0xC003, 0xC003, 0xC003, 0xC003, 0xC003, 0xC003, 0xC003, 0xC003, 0xC003, 0xC003,
  0xC003, 0xC003, 0xC003, 0xC003, 0xC003, 0xC003, 0xC003, 0xC003, 0xC003, 0x0004,
  0x0004, 0x0004, 0x0004, 0xC009, 0xC009, 0xC009, 0xC009, 0xC009, 0xC009, 0xC009,
  0xC009, 0xC009, 0x0004, 0x0004, 0x0004, 0x0004, 0x0004, 0x0004, 0x0004, 0xC003,
  0xC003, 0x0004, 0x0004, 0x0004, 0x0004, 0x0004, 0x0004, 0x0004, 0x0004, 0x0004,
  0x0004, 0x0004, 0x0004, 0x0004, 0x0004, 0x0004, 0x0004, 0x0004, 0x0004, 0x0004,
  0x0004, 0x0004, 0x0004, 0x0004, 0x0004, 0x0004, 0x0004, 0x0004, 0x0004, 0x0004,
  0x0004, 0x0004, 0x0004, 0x0004, 0x0004, 0x0004, 0x0004, 0x0004, 0x0004, 0x0004,
  0x0004, 0x0004, 0x0004, 0x0004, 0x0004, 0x0004, 0x0004, 0x0004, 0x0004, 0xC001,
  0xC001, 0xC001, 0xC001, 0xC001, 0xC001, 0xC001, 0xC001, 0xC001, 0xC001, 0x0004,
  0x0004, 0x0004, 0x0004, 0x0004, 0x0004, 0xC003, 0xC003, 0xC003, 0xC004, 0xC003,
  0xC003, 0xC003, 0xC003, 0xC003, 0xC003, 0xC003, 0xC003, 0xC003, 0xC004, 0xC003,
  0xC003, 0xC003, 0xC003, 0xC004, 0xC003, 0xC003, 0xC003, 0xC004, 0xC003, 0xC003,
  0xC003, 0xC003, 0xC003, 0xC004, 0xC003, 0xC003, 0xC003, 0xC003, 0xC003, 0xC003,
  0xC003, 0xC003, 0xC003, 0xC003, 0xC003, 0xC003, 0xC003, 0xC003, 0xC003, 0xC003,
  0xC003, 0xC003, 0xC003, 0xC003, 0xC003, 0xC003, 0xC003, 0xC004, 0xC003, 0xC003,
  0xC003, 0xC004, 0xC003, 0xC003, 0xC003, 0xC003, 0xC003, 0xC003, 0xC003, 0xC003,
  0xC003, 0xC003, 0xC003, 0xC003, 0xC003, 0xC003, 0xC003, 0xC003, 0xC003, 0xC003,
  0xC003, 0xC003, 0xC003, 0xC003, 0xC003, 0xC003, 0xC003, 0xC004, 0xC003, 0xC003,
  0xC003, 0xC003, 0xC003, 0xC003, 0xC004, 0xC004, 0xC003, 0xC003, 0xC003, 0xC003,
  0xC003, 0xC003, 0xC003, 0xC003, 0xC003, 0xC003, 0xC004, 0xC003, 0xC003, 0xC003,
  0xC003, 0xC004, 0xC003, 0xC003, 0xC003, 0xC003, 0xC003, 0xC003, 0xC003, 0xC003,
  0xC003, 0xC004, 0xC003, 0xC004, 0xC003, 0xC003, 0xC003, 0xC003, 0xC003, 0xC003,
  0xC003, 0xC003, 0xC003, 0xC004, 0xC003, 0xC003, 0xC003, 0xC003, 0xC003, 0xC004,
  0xC003, 0xC004, 0xC004, 0xC003, 0xC003, 0xC003, 0xC003, 0xC004, 0xC004, 0xC003,
  0xC003, 0xC003, 0xC003, 0xC003, 0xC003, 0xC003, 0xC003, 0xC003, 0xC003, 0xC003,
  0xC004, 0xC003, 0xC003, 0xC003, 0xC003, 0xC003, 0xC003, 0xC003, 0xC003, 0xC003,
  0xC003, 0xC003, 0xC003, 0xC003, 0xC003, 0xC003, 0xC003, 0xC003, 0xC003, 0xC003,
  0xC004, 0xC003, 0xC003, 0xC003, 0xC003, 0xC003, 0xC004, 0xC003, 0xC003, 0xC003,
  0xC003, 0xC003, 0xC003, 0xC003, 0xC003, 0xC003, 0xC003, 0xC004, 0xC003, 0xC003,
  0xC003, 0xC003, 0xC003, 0xC003, 0xC003, 0xC003, 0xC003, 0xC003, 0xC003, 0xC003,
  0xC003, 0xC003, 0xC003, 0xC003, 0xC003, 0xC003, 0xC004, 0xC003, 0xC003, 0xC003,
  0xC003, 0xC003, 0xC004, 0xC003, 0xC003, 0xC003, 0xC003, 0xC003, 0xC003, 0xC003,
  0xC003, 0xC004, 0xC003, 0xC003, 0xC003, 0xC004, 0xC003, 0xC003, 0xC003, 0xC003,
  0xC003, 0xC003, 0xC004, 0xC004, 0xC004, 0xC003, 0xC004, 0xC003, 0xC003, 0xC003,
  0xC003, 0xC003, 0xC003, 0xC004, 0xC003, 0xC003, 0xC003, 0xC003, 0xC003, 0xC003,
  0xC004, 0xC003, 0xC003, 0xC004, 0xC004, 0xC003, 0xC003, 0xC003, 0xC003, 0xC003,
  0xC003, 0xC003, 0xC003, 0xC003, 0xC004, 0xC003, 0xC004, 0xC003, 0xC004, 0xC003,
  0xC003, 0xC003, 0xC004, 0xC003, 0xC003, 0xC004, 0xC004, 0xC003, 0xC003, 0xC003,
  0xC003, 0xC003, 0xC003, 0xC003, 0xC003, 0xC003, 0xC003, 0xC003, 0xC003, 0xC003,
  0xC004, 0xC003, 0xC004, 0xC003, 0xC004, 0xC003, 0xC004, 0xC004, 0xC004, 0xC003,
  0xC003, 0xC004, 0xC004, 0xC004, 0xC004, 0xC003, 0xC003, 0xC003, 0xC003, 0xC003,
  0xC003, 0xC003, 0xC003, 0xC004, 0xC003, 0xC003, 0xC003, 0xC003, 0xC004, 0xC003,
  0xC004, 0xC004, 0xC003, 0xC003, 0xC003, 0xC003, 0xC003, 0xC003, 0xC004, 0xC004,
  0xC004, 0xC003, 0xC003, 0xC004, 0xC003, 0xC003, 0xC003, 0xC004, 0xC003, 0xC003,
  0xC003, 0xC003, 0xC003, 0xC004, 0xC003, 0xC003, 0xC003, 0xC003, 0xC003, 0xC003,
  0xC004, 0xC004, 0xC003, 0xC004, 0xC003, 0xC004, 0xC003, 0xC003, 0xC003, 0xC004,
  0xC004, 0xC003, 0xC004, 0xC003, 0xC003, 0xC003, 0xC003, 0xC003, 0xC003, 0xC004,
  0xC004, 0xC004, 0xC004, 0xC003, 0xC003, 0xC003, 0xC003, 0xC003, 0xC003, 0xC003,
  0xC003, 0xC003, 0xC003, 0xC003, 0xC003, 0xC004, 0xC003, 0xC003, 0xC003, 0xC003,
  0xC003, 0xC003, 0xC003, 0xC003, 0xC003, 0xC003, 0xC003, 0xC003, 0xC004, 0xC004,
  0xC004, 0xC003, 0xC003, 0xC003, 0xC003, 0xC004, 0xC003, 0xC004, 0xC003, 0xC003,
  0xC004, 0xC004, 0xC003, 0xC003, 0xC003, 0xC003, 0xC003, 0xC003, 0xC003, 0xC003,
  0xC003, 0xC003, 0xC003, 0xC003, 0xC003, 0xC003, 0xC004, 0xC003, 0xC003, 0xC003,
  0xC003, 0xC003, 0xC004, 0xC004, 0xC003, 0xC003, 0xC003, 0xC003, 0xC003, 0xC003,
  0xC004, 0xC003, 0xC003, 0xC003, 0xC003, 0xC004, 0xC004, 0xC003, 0xC003, 0xC003,
  0xC004, 0xC003, 0xC003, 0xC004, 0xC004, 0xC003, 0xC003, 0xC003, 0xC004, 0xC003,
  0xC003, 0xC003, 0xC003, 0xC003, 0xC003, 0xC003, 0xC004, 0xC003, 0xC003, 0xC003,
  0xC004, 0xC003, 0xC003, 0xC003, 0xC003, 0xC004, 0xC004, 0xC003, 0xC003, 0xC003,
  0xC004, 0xC003, 0xC004, 0xC003, 0xC003, 0xC003, 0xC003, 0xC003, 0xC003, 0xC003,
  0xC004, 0xC003, 0xC003, 0xC003, 0xC003, 0xC003, 0xC003, 0xC004, 0xC003, 0xC004,
  0xC004, 0xC004, 0xC003, 0xC003, 0xC003, 0xC003, 0xC003, 0xC003, 0xC003, 0xC003,
  0xC004, 0x0004, 0x0004, 0x0004, 0x0004, 0x0004, 0x0004, 0x0004, 0x0004, 0x0004,
  0x0004, 0x0004, 0x0004, 0x0004, 0x0004, 0x0004, 0x0004, 0x0004, 0x0004, 0x0004,
  0x0004, 0x0004, 0x0004, 0x0004, 0x0004, 0x0004, 0x0004, 0x0004, 0x0004, 0x0004,
  0x0004, 0x0004, 0x0004, 0x0004, 0x0004,
};
} // namespace nfkc
} // namespace utf8_to_composed
} // namespace tables
} // unnamed namespace
} // namespace simdutf

#endif // SIMDUTF_UTF8_TO_COMPOSED_TABLES_H
