// This file was generated by scripts/normalization.py
#ifndef SIMDUTF_UTF8_TO_DECOMPOSED_TABLES_H
#define SIMDUTF_UTF8_TO_DECOMPOSED_TABLES_H

namespace simdutf {
namespace {
namespace tables {
namespace utf8_to_decomposed {

struct HangulShuf {
  uint8_t len;
  uint8_t tbl[24];
};


const HangulShuf pack_hangul[16] = {
  {36, {0, 1, 2, 3, 4, 5, 6, 7, 8, 9, 10, 11, 12, 13, 14, 15, 16, 17, 18, 19, 20, 21, 22, 23}},
  {33, {0, 1, 2, 3, 6, 7, 8, 9, 10, 11, 12, 13, 14, 15, 16, 17, 18, 19, 20, 21, 22, 23, 255, 255}},
  {33, {0, 1, 2, 3, 4, 5, 6, 7, 8, 9, 12, 13, 14, 15, 16, 17, 18, 19, 20, 21, 22, 23, 255, 255}},
  {30, {0, 1, 2, 3, 6, 7, 8, 9, 12, 13, 14, 15, 16, 17, 18, 19, 20, 21, 22, 23, 255, 255, 255, 255}},
  {33, {0, 1, 2, 3, 4, 5, 6, 7, 8, 9, 10, 11, 12, 13, 14, 15, 18, 19, 20, 21, 22, 23, 255, 255}},
  {30, {0, 1, 2, 3, 6, 7, 8, 9, 10, 11, 12, 13, 14, 15, 18, 19, 20, 21, 22, 23, 255, 255, 255, 255}},
  {30, {0, 1, 2, 3, 4, 5, 6, 7, 8, 9, 12, 13, 14, 15, 18, 19, 20, 21, 22, 23, 255, 255, 255, 255}},
  {27, {0, 1, 2, 3, 6, 7, 8, 9, 12, 13, 14, 15, 18, 19, 20, 21, 22, 23, 255, 255, 255, 255, 255, 255}},
  {33, {0, 1, 2, 3, 4, 5, 6, 7, 8, 9, 10, 11, 12, 13, 14, 15, 16, 17, 18, 19, 20, 21, 255, 255}},
  {30, {0, 1, 2, 3, 6, 7, 8, 9, 10, 11, 12, 13, 14, 15, 16, 17, 18, 19, 20, 21, 255, 255, 255, 255}},
  {30, {0, 1, 2, 3, 4, 5, 6, 7, 8, 9, 12, 13, 14, 15, 16, 17, 18, 19, 20, 21, 255, 255, 255, 255}},
  {27, {0, 1, 2, 3, 6, 7, 8, 9, 12, 13, 14, 15, 16, 17, 18, 19, 20, 21, 255, 255, 255, 255, 255, 255}},
  {30, {0, 1, 2, 3, 4, 5, 6, 7, 8, 9, 10, 11, 12, 13, 14, 15, 18, 19, 20, 21, 255, 255, 255, 255}},
  {27, {0, 1, 2, 3, 6, 7, 8, 9, 10, 11, 12, 13, 14, 15, 18, 19, 20, 21, 255, 255, 255, 255, 255, 255}},
  {27, {0, 1, 2, 3, 4, 5, 6, 7, 8, 9, 12, 13, 14, 15, 18, 19, 20, 21, 255, 255, 255, 255, 255, 255}},
  {24, {0, 1, 2, 3, 6, 7, 8, 9, 12, 13, 14, 15, 18, 19, 20, 21, 255, 255, 255, 255, 255, 255, 255, 255}},
};

const uint8_t decompositions[21548] = {
  0x00, 0x20, 0x20, 0xCC, 0x88, 0x61, 0x20, 0xCC, 0x84, 0x32,
  0x33, 0x20, 0xCC, 0x81, 0xCE, 0xBC, 0x20, 0xCC, 0xA7, 0x31,
  0x6F, 0x31, 0xE2, 0x81, 0x84, 0x34, 0x31, 0xE2, 0x81, 0x84,
  0x32, 0x33, 0xE2, 0x81, 0x84, 0x34, 0x41, 0xCC, 0x80, 0x41,
  0xCC, 0x81, 0x41, 0xCC, 0x82, 0x41, 0xCC, 0x83, 0x41, 0xCC,
  0x88, 0x41, 0xCC, 0x8A, 0x43, 0xCC, 0xA7, 0x45, 0xCC, 0x80,
  0x45, 0xCC, 0x81, 0x45, 0xCC, 0x82, 0x45, 0xCC, 0x88, 0x49,
  0xCC, 0x80, 0x49, 0xCC, 0x81, 0x49, 0xCC, 0x82, 0x49, 0xCC,
  0x88, 0x4E, 0xCC, 0x83, 0x4F, 0xCC, 0x80, 0x4F, 0xCC, 0x81,
  0x4F, 0xCC, 0x82, 0x4F, 0xCC, 0x83, 0x4F, 0xCC, 0x88, 0x55,
  0xCC, 0x80, 0x55, 0xCC, 0x81, 0x55, 0xCC, 0x82, 0x55, 0xCC,
  0x88, 0x59, 0xCC, 0x81, 0x61, 0xCC, 0x80, 0x61, 0xCC, 0x81,
  0x61, 0xCC, 0x82, 0x61, 0xCC, 0x83, 0x61, 0xCC, 0x88, 0x61,
  0xCC, 0x8A, 0x63, 0xCC, 0xA7, 0x65, 0xCC, 0x80, 0x65, 0xCC,
  0x81, 0x65, 0xCC, 0x82, 0x65, 0xCC, 0x88, 0x69, 0xCC, 0x80,
  0x69, 0xCC, 0x81, 0x69, 0xCC, 0x82, 0x69, 0xCC, 0x88, 0x6E,
  0xCC, 0x83, 0x6F, 0xCC, 0x80, 0x6F, 0xCC, 0x81, 0x6F, 0xCC,
  0x82, 0x6F, 0xCC, 0x83, 0x6F, 0xCC, 0x88, 0x75, 0xCC, 0x80,
  0x75, 0xCC, 0x81, 0x75, 0xCC, 0x82, 0x75, 0xCC, 0x88, 0x79,
  0xCC, 0x81, 0x79, 0xCC, 0x88, 0x41, 0xCC, 0x84, 0x61, 0xCC,
  0x84, 0x41, 0xCC, 0x86, 0x61, 0xCC, 0x86, 0x41, 0xCC, 0xA8,
  0x61, 0xCC, 0xA8, 0x43, 0xCC, 0x81, 0x63, 0xCC, 0x81, 0x43,
  0xCC, 0x82, 0x63, 0xCC, 0x82, 0x43, 0xCC, 0x87, 0x63, 0xCC,
  0x87, 0x43, 0xCC, 0x8C, 0x63, 0xCC, 0x8C, 0x44, 0xCC, 0x8C,
  0x64, 0xCC, 0x8C, 0x45, 0xCC, 0x84, 0x65, 0xCC, 0x84, 0x45,
  0xCC, 0x86, 0x65, 0xCC, 0x86, 0x45, 0xCC, 0x87, 0x65, 0xCC,
  0x87, 0x45, 0xCC, 0xA8, 0x65, 0xCC, 0xA8, 0x45, 0xCC, 0x8C,
  0x65, 0xCC, 0x8C, 0x47, 0xCC, 0x82, 0x67, 0xCC, 0x82, 0x47,
  0xCC, 0x86, 0x67, 0xCC, 0x86, 0x47, 0xCC, 0x87, 0x67, 0xCC,
  0x87, 0x47, 0xCC, 0xA7, 0x67, 0xCC, 0xA7, 0x48, 0xCC, 0x82,
  0x68, 0xCC, 0x82, 0x49, 0xCC, 0x83, 0x69, 0xCC, 0x83, 0x49,
  0xCC, 0x84, 0x69, 0xCC, 0x84, 0x49, 0xCC, 0x86, 0x69, 0xCC,
  0x86, 0x49, 0xCC, 0xA8, 0x69, 0xCC, 0xA8, 0x49, 0xCC, 0x87,
  0x49, 0x4A, 0x69, 0x6A, 0x4A, 0xCC, 0x82, 0x6A, 0xCC, 0x82,
  0x4B, 0xCC, 0xA7, 0x6B, 0xCC, 0xA7, 0x4C, 0xCC, 0x81, 0x6C,
  0xCC, 0x81, 0x4C, 0xCC, 0xA7, 0x6C, 0xCC, 0xA7, 0x4C, 0xCC,
  0x8C, 0x6C, 0xCC, 0x8C, 0x4C, 0xC2, 0xB7, 0x6C, 0xC2, 0xB7,
  0x4E, 0xCC, 0x81, 0x6E, 0xCC, 0x81, 0x4E, 0xCC, 0xA7, 0x6E,
  0xCC, 0xA7, 0x4E, 0xCC, 0x8C, 0x6E, 0xCC, 0x8C, 0xCA, 0xBC,
  0x6E, 0x4F, 0xCC, 0x84, 0x6F, 0xCC, 0x84, 0x4F, 0xCC, 0x86,
  0x6F, 0xCC, 0x86, 0x4F, 0xCC, 0x8B, 0x6F, 0xCC, 0x8B, 0x52,
  0xCC, 0x81, 0x72, 0xCC, 0x81, 0x52, 0xCC, 0xA7, 0x72, 0xCC,
  0xA7, 0x52, 0xCC, 0x8C, 0x72, 0xCC, 0x8C, 0x53, 0xCC, 0x81,
  0x73, 0xCC, 0x81, 0x53, 0xCC, 0x82, 0x73, 0xCC, 0x82, 0x53,
  0xCC, 0xA7, 0x73, 0xCC, 0xA7, 0x53, 0xCC, 0x8C, 0x73, 0xCC,
  0x8C, 0x54, 0xCC, 0xA7, 0x74, 0xCC, 0xA7, 0x54, 0xCC, 0x8C,
  0x74, 0xCC, 0x8C, 0x55, 0xCC, 0x83, 0x75, 0xCC, 0x83, 0x55,
  0xCC, 0x84, 0x75, 0xCC, 0x84, 0x55, 0xCC, 0x86, 0x75, 0xCC,
  0x86, 0x55, 0xCC, 0x8A, 0x75, 0xCC, 0x8A, 0x55, 0xCC, 0x8B,
  0x75, 0xCC, 0x8B, 0x55, 0xCC, 0xA8, 0x75, 0xCC, 0xA8, 0x57,
  0xCC, 0x82, 0x77, 0xCC, 0x82, 0x59, 0xCC, 0x82, 0x79, 0xCC,
  0x82, 0x59, 0xCC, 0x88, 0x5A, 0xCC, 0x81, 0x7A, 0xCC, 0x81,
  0x5A, 0xCC, 0x87, 0x7A, 0xCC, 0x87, 0x5A, 0xCC, 0x8C, 0x7A,
  0xCC, 0x8C, 0x73, 0x4F, 0xCC, 0x9B, 0x6F, 0xCC, 0x9B, 0x55,
  0xCC, 0x9B, 0x75, 0xCC, 0x9B, 0x44, 0x5A, 0xCC, 0x8C, 0x44,
  0x7A, 0xCC, 0x8C, 0x64, 0x7A, 0xCC, 0x8C, 0x4C, 0x4A, 0x4C,
  0x6A, 0x6C, 0x6A, 0x4E, 0x4A, 0x4E, 0x6A, 0x6E, 0x6A, 0x41,
  0xCC, 0x8C, 0x61, 0xCC, 0x8C, 0x49, 0xCC, 0x8C, 0x69, 0xCC,
  0x8C, 0x4F, 0xCC, 0x8C, 0x6F, 0xCC, 0x8C, 0x55, 0xCC, 0x8C,
  0x75, 0xCC, 0x8C, 0x55, 0xCC, 0x88, 0xCC, 0x84, 0x75, 0xCC,
  0x88, 0xCC, 0x84, 0x55, 0xCC, 0x88, 0xCC, 0x81, 0x75, 0xCC,
  0x88, 0xCC, 0x81, 0x55, 0xCC, 0x88, 0xCC, 0x8C, 0x75, 0xCC,
  0x88, 0xCC, 0x8C, 0x55, 0xCC, 0x88, 0xCC, 0x80, 0x75, 0xCC,
  0x88, 0xCC, 0x80, 0x41, 0xCC, 0x88, 0xCC, 0x84, 0x61, 0xCC,
  0x88, 0xCC, 0x84, 0x41, 0xCC, 0x87, 0xCC, 0x84, 0x61, 0xCC,
  0x87, 0xCC, 0x84, 0xC3, 0x86, 0xCC, 0x84, 0xC3, 0xA6, 0xCC,
  0x84, 0x47, 0xCC, 0x8C, 0x67, 0xCC, 0x8C, 0x4B, 0xCC, 0x8C,
  0x6B, 0xCC, 0x8C, 0x4F, 0xCC, 0xA8, 0x6F, 0xCC, 0xA8, 0x4F,
  0xCC, 0xA8, 0xCC, 0x84, 0x6F, 0xCC, 0xA8, 0xCC, 0x84, 0xC6,
  0xB7, 0xCC, 0x8C, 0xCA, 0x92, 0xCC, 0x8C, 0x6A, 0xCC, 0x8C,
  0x44, 0x5A, 0x44, 0x7A, 0x64, 0x7A, 0x47, 0xCC, 0x81, 0x67,
  0xCC, 0x81, 0x4E, 0xCC, 0x80, 0x6E, 0xCC, 0x80, 0x41, 0xCC,
  0x8A, 0xCC, 0x81, 0x61, 0xCC, 0x8A, 0xCC, 0x81, 0xC3, 0x86,
  0xCC, 0x81, 0xC3, 0xA6, 0xCC, 0x81, 0xC3, 0x98, 0xCC, 0x81,
  0xC3, 0xB8, 0xCC, 0x81, 0x41, 0xCC, 0x8F, 0x61, 0xCC, 0x8F,
  0x41, 0xCC, 0x91, 0x61, 0xCC, 0x91, 0x45, 0xCC, 0x8F, 0x65,
  0xCC, 0x8F, 0x45, 0xCC, 0x91, 0x65, 0xCC, 0x91, 0x49, 0xCC,
  0x8F, 0x69, 0xCC, 0x8F, 0x49, 0xCC, 0x91, 0x69, 0xCC, 0x91,
  0x4F, 0xCC, 0x8F, 0x6F, 0xCC, 0x8F, 0x4F, 0xCC, 0x91, 0x6F,
  0xCC, 0x91, 0x52, 0xCC, 0x8F, 0x72, 0xCC, 0x8F, 0x52, 0xCC,
  0x91, 0x72, 0xCC, 0x91, 0x55, 0xCC, 0x8F, 0x75, 0xCC, 0x8F,
  0x55, 0xCC, 0x91, 0x75, 0xCC, 0x91, 0x53, 0xCC, 0xA6, 0x73,
  0xCC, 0xA6, 0x54, 0xCC, 0xA6, 0x74, 0xCC, 0xA6, 0x48, 0xCC,
  0x8C, 0x68, 0xCC, 0x8C, 0x41, 0xCC, 0x87, 0x61, 0xCC, 0x87,
  0x45, 0xCC, 0xA7, 0x65, 0xCC, 0xA7, 0x4F, 0xCC, 0x88, 0xCC,
  0x84, 0x6F, 0xCC, 0x88, 0xCC, 0x84, 0x4F, 0xCC, 0x83, 0xCC,
  0x84, 0x6F, 0xCC, 0x83, 0xCC, 0x84, 0x4F, 0xCC, 0x87, 0x6F,
  0xCC, 0x87, 0x4F, 0xCC, 0x87, 0xCC, 0x84, 0x6F, 0xCC, 0x87,
  0xCC, 0x84, 0x59, 0xCC, 0x84, 0x79, 0xCC, 0x84, 0x68, 0xC9,
  0xA6, 0x6A, 0x72, 0xC9, 0xB9, 0xC9, 0xBB, 0xCA, 0x81, 0x77,
  0x79, 0x20, 0xCC, 0x86, 0x20, 0xCC, 0x87, 0x20, 0xCC, 0x8A,
  0x20, 0xCC, 0xA8, 0x20, 0xCC, 0x83, 0x20, 0xCC, 0x8B, 0xC9,
  0xA3, 0x6C, 0x73, 0x78, 0xCA, 0x95, 0xCC, 0x80, 0xCC, 0x81,
  0xCC, 0x82, 0xCC, 0x83, 0xCC, 0x84, 0xCC, 0x85, 0xCC, 0x86,
  0xCC, 0x87, 0xCC, 0x88, 0xCC, 0x89, 0xCC, 0x8A, 0xCC, 0x8B,
  0xCC, 0x8C, 0xCC, 0x8D, 0xCC, 0x8E, 0xCC, 0x8F, 0xCC, 0x90,
  0xCC, 0x91, 0xCC, 0x92, 0xCC, 0x93, 0xCC, 0x94, 0xCC, 0x95,
  0xCC, 0x96, 0xCC, 0x97, 0xCC, 0x98, 0xCC, 0x99, 0xCC, 0x9A,
  0xCC, 0x9B, 0xCC, 0x9C, 0xCC, 0x9D, 0xCC, 0x9E, 0xCC, 0x9F,
  0xCC, 0xA0, 0xCC, 0xA1, 0xCC, 0xA2, 0xCC, 0xA3, 0xCC, 0xA4,
  0xCC, 0xA5, 0xCC, 0xA6, 0xCC, 0xA7, 0xCC, 0xA8, 0xCC, 0xA9,
  0xCC, 0xAA, 0xCC, 0xAB, 0xCC, 0xAC, 0xCC, 0xAD, 0xCC, 0xAE,
  0xCC, 0xAF, 0xCC, 0xB0, 0xCC, 0xB1, 0xCC, 0xB2, 0xCC, 0xB3,
  0xCC, 0xB4, 0xCC, 0xB5, 0xCC, 0xB6, 0xCC, 0xB7, 0xCC, 0xB8,
  0xCC, 0xB9, 0xCC, 0xBA, 0xCC, 0xBB, 0xCC, 0xBC, 0xCC, 0xBD,
  0xCC, 0xBE, 0xCC, 0xBF, 0xCC, 0x80, 0xCC, 0x81, 0xCD, 0x82,
  0xCC, 0x93, 0xCC, 0x88, 0xCC, 0x81, 0xCD, 0x85, 0xCD, 0x86,
  0xCD, 0x87, 0xCD, 0x88, 0xCD, 0x89, 0xCD, 0x8A, 0xCD, 0x8B,
  0xCD, 0x8C, 0xCD, 0x8D, 0xCD, 0x8E, 0xCD, 0x90, 0xCD, 0x91,
  0xCD, 0x92, 0xCD, 0x93, 0xCD, 0x94, 0xCD, 0x95, 0xCD, 0x96,
  0xCD, 0x97, 0xCD, 0x98, 0xCD, 0x99, 0xCD, 0x9A, 0xCD, 0x9B,
  0xCD, 0x9C, 0xCD, 0x9D, 0xCD, 0x9E, 0xCD, 0x9F, 0xCD, 0xA0,
  0xCD, 0xA1, 0xCD, 0xA2, 0xCD, 0xA3, 0xCD, 0xA4, 0xCD, 0xA5,
  0xCD, 0xA6, 0xCD, 0xA7, 0xCD, 0xA8, 0xCD, 0xA9, 0xCD, 0xAA,
  0xCD, 0xAB, 0xCD, 0xAC, 0xCD, 0xAD, 0xCD, 0xAE, 0xCD, 0xAF,
  0xCA, 0xB9, 0x20, 0xCD, 0x85, 0x3B, 0x20, 0xCC, 0x81, 0x20,
  0xCC, 0x88, 0xCC, 0x81, 0xC2, 0xA8, 0xCC, 0x81, 0xCE, 0x91,
  0xCC, 0x81, 0xC2, 0xB7, 0xCE, 0x95, 0xCC, 0x81, 0xCE, 0x97,
  0xCC, 0x81, 0xCE, 0x99, 0xCC, 0x81, 0xCE, 0x9F, 0xCC, 0x81,
  0xCE, 0xA5, 0xCC, 0x81, 0xCE, 0xA9, 0xCC, 0x81, 0xCE, 0xB9,
  0xCC, 0x88, 0xCC, 0x81, 0xCE, 0x99, 0xCC, 0x88, 0xCE, 0xA5,
  0xCC, 0x88, 0xCE, 0xB1, 0xCC, 0x81, 0xCE, 0xB5, 0xCC, 0x81,
  0xCE, 0xB7, 0xCC, 0x81, 0xCE, 0xB9, 0xCC, 0x81, 0xCF, 0x85,
  0xCC, 0x88, 0xCC, 0x81, 0xCE, 0xB9, 0xCC, 0x88, 0xCF, 0x85,
  0xCC, 0x88, 0xCE, 0xBF, 0xCC, 0x81, 0xCF, 0x85, 0xCC, 0x81,
  0xCF, 0x89, 0xCC, 0x81, 0xCE, 0xB2, 0xCE, 0xB8, 0xCE, 0xA5,
  0xCE, 0xA5, 0xCC, 0x81, 0xCF, 0x92, 0xCC, 0x81, 0xCE, 0xA5,
  0xCC, 0x88, 0xCF, 0x92, 0xCC, 0x88, 0xCF, 0x86, 0xCF, 0x80,
  0xCE, 0xBA, 0xCF, 0x81, 0xCF, 0x82, 0xCE, 0x98, 0xCE, 0xB5,
  0xCE, 0xA3, 0xD0, 0x95, 0xCC, 0x80, 0xD0, 0x95, 0xCC, 0x88,
  0xD0, 0x93, 0xCC, 0x81, 0xD0, 0x86, 0xCC, 0x88, 0xD0, 0x9A,
  0xCC, 0x81, 0xD0, 0x98, 0xCC, 0x80, 0xD0, 0xA3, 0xCC, 0x86,
  0xD0, 0x98, 0xCC, 0x86, 0xD0, 0xB8, 0xCC, 0x86, 0xD0, 0xB5,
  0xCC, 0x80, 0xD0, 0xB5, 0xCC, 0x88, 0xD0, 0xB3, 0xCC, 0x81,
  0xD1, 0x96, 0xCC, 0x88, 0xD0, 0xBA, 0xCC, 0x81, 0xD0, 0xB8,
  0xCC, 0x80, 0xD1, 0x83, 0xCC, 0x86, 0xD1, 0xB4, 0xCC, 0x8F,
  0xD1, 0xB5, 0xCC, 0x8F, 0xD2, 0x83, 0xD2, 0x84, 0xD2, 0x85,
  0xD2, 0x86, 0xD2, 0x87, 0xD0, 0x96, 0xCC, 0x86, 0xD0, 0xB6,
  0xCC, 0x86, 0xD0, 0x90, 0xCC, 0x86, 0xD0, 0xB0, 0xCC, 0x86,
  0xD0, 0x90, 0xCC, 0x88, 0xD0, 0xB0, 0xCC, 0x88, 0xD0, 0x95,
  0xCC, 0x86, 0xD0, 0xB5, 0xCC, 0x86, 0xD3, 0x98, 0xCC, 0x88,
  0xD3, 0x99, 0xCC, 0x88, 0xD0, 0x96, 0xCC, 0x88, 0xD0, 0xB6,
  0xCC, 0x88, 0xD0, 0x97, 0xCC, 0x88, 0xD0, 0xB7, 0xCC, 0x88,
  0xD0, 0x98, 0xCC, 0x84, 0xD0, 0xB8, 0xCC, 0x84, 0xD0, 0x98,
  0xCC, 0x88, 0xD0, 0xB8, 0xCC, 0x88, 0xD0, 0x9E, 0xCC, 0x88,
  0xD0, 0xBE, 0xCC, 0x88, 0xD3, 0xA8, 0xCC, 0x88, 0xD3, 0xA9,
  0xCC, 0x88, 0xD0, 0xAD, 0xCC, 0x88, 0xD1, 0x8D, 0xCC, 0x88,
  0xD0, 0xA3, 0xCC, 0x84, 0xD1, 0x83, 0xCC, 0x84, 0xD0, 0xA3,
  0xCC, 0x88, 0xD1, 0x83, 0xCC, 0x88, 0xD0, 0xA3, 0xCC, 0x8B,
  0xD1, 0x83, 0xCC, 0x8B, 0xD0, 0xA7, 0xCC, 0x88, 0xD1, 0x87,
  0xCC, 0x88, 0xD0, 0xAB, 0xCC, 0x88, 0xD1, 0x8B, 0xCC, 0x88,
  0xD5, 0xA5, 0xD6, 0x82, 0xD6, 0x91, 0xD6, 0x92, 0xD6, 0x93,
  0xD6, 0x94, 0xD6, 0x95, 0xD6, 0x96, 0xD6, 0x97, 0xD6, 0x98,
  0xD6, 0x99, 0xD6, 0x9A, 0xD6, 0x9B, 0xD6, 0x9C, 0xD6, 0x9D,
  0xD6, 0x9E, 0xD6, 0x9F, 0xD6, 0xA0, 0xD6, 0xA1, 0xD6, 0xA2,
  0xD6, 0xA3, 0xD6, 0xA4, 0xD6, 0xA5, 0xD6, 0xA6, 0xD6, 0xA7,
  0xD6, 0xA8, 0xD6, 0xA9, 0xD6, 0xAA, 0xD6, 0xAB, 0xD6, 0xAC,
  0xD6, 0xAD, 0xD6, 0xAE, 0xD6, 0xAF, 0xD6, 0xB0, 0xD6, 0xB1,
  0xD6, 0xB2, 0xD6, 0xB3, 0xD6, 0xB4, 0xD6, 0xB5, 0xD6, 0xB6,
  0xD6, 0xB7, 0xD6, 0xB8, 0xD6, 0xB9, 0xD6, 0xBA, 0xD6, 0xBB,
  0xD6, 0xBC, 0xD6, 0xBD, 0xD6, 0xBF, 0xD7, 0x81, 0xD7, 0x82,
  0xD7, 0x84, 0xD7, 0x85, 0xD7, 0x87, 0xD8, 0x90, 0xD8, 0x91,
  0xD8, 0x92, 0xD8, 0x93, 0xD8, 0x94, 0xD8, 0x95, 0xD8, 0x96,
  0xD8, 0x97, 0xD8, 0x98, 0xD8, 0x99, 0xD8, 0x9A, 0xD8, 0xA7,
  0xD9, 0x93, 0xD8, 0xA7, 0xD9, 0x94, 0xD9, 0x88, 0xD9, 0x94,
  0xD8, 0xA7, 0xD9, 0x95, 0xD9, 0x8A, 0xD9, 0x94, 0xD9, 0x8B,
  0xD9, 0x8C, 0xD9, 0x8D, 0xD9, 0x8E, 0xD9, 0x8F, 0xD9, 0x90,
  0xD9, 0x91, 0xD9, 0x92, 0xD9, 0x93, 0xD9, 0x94, 0xD9, 0x95,
  0xD9, 0x96, 0xD9, 0x97, 0xD9, 0x98, 0xD9, 0x99, 0xD9, 0x9A,
  0xD9, 0x9B, 0xD9, 0x9C, 0xD9, 0x9D, 0xD9, 0x9E, 0xD9, 0x9F,
  0xD9, 0xB0, 0xD8, 0xA7, 0xD9, 0xB4, 0xD9, 0x88, 0xD9, 0xB4,
  0xDB, 0x87, 0xD9, 0xB4, 0xD9, 0x8A, 0xD9, 0xB4, 0xDB, 0x95,
  0xD9, 0x94, 0xDB, 0x81, 0xD9, 0x94, 0xDB, 0x92, 0xD9, 0x94,
  0xDB, 0x96, 0xDB, 0x97, 0xDB, 0x98, 0xDB, 0x99, 0xDB, 0x9A,
  0xDB, 0x9B, 0xDB, 0x9C, 0xDB, 0x9F, 0xDB, 0xA0, 0xDB, 0xA1,
  0xDB, 0xA2, 0xDB, 0xA3, 0xDB, 0xA4, 0xDB, 0xA7, 0xDB, 0xA8,
  0xDB, 0xAA, 0xDB, 0xAB, 0xDB, 0xAC, 0xDB, 0xAD, 0xDC, 0x91,
  0xDC, 0xB0, 0xDC, 0xB1, 0xDC, 0xB2, 0xDC, 0xB3, 0xDC, 0xB4,
  0xDC, 0xB5, 0xDC, 0xB6, 0xDC, 0xB7, 0xDC, 0xB8, 0xDC, 0xB9,
  0xDC, 0xBA, 0xDC, 0xBB, 0xDC, 0xBC, 0xDC, 0xBD, 0xDC, 0xBE,
  0xDC, 0xBF, 0xDD, 0x80, 0xDD, 0x81, 0xDD, 0x82, 0xDD, 0x83,
  0xDD, 0x84, 0xDD, 0x85, 0xDD, 0x86, 0xDD, 0x87, 0xDD, 0x88,
  0xDD, 0x89, 0xDD, 0x8A, 0xDF, 0xAB, 0xDF, 0xAC, 0xDF, 0xAD,
  0xDF, 0xAE, 0xDF, 0xAF, 0xDF, 0xB0, 0xDF, 0xB1, 0xDF, 0xB2,
  0xDF, 0xB3, 0xDF, 0xBD, 0xE0, 0xA0, 0x96, 0xE0, 0xA0, 0x97,
  0xE0, 0xA0, 0x98, 0xE0, 0xA0, 0x99, 0xE0, 0xA0, 0x9B, 0xE0,
  0xA0, 0x9C, 0xE0, 0xA0, 0x9D, 0xE0, 0xA0, 0x9E, 0xE0, 0xA0,
  0x9F, 0xE0, 0xA0, 0xA0, 0xE0, 0xA0, 0xA1, 0xE0, 0xA0, 0xA2,
  0xE0, 0xA0, 0xA3, 0xE0, 0xA0, 0xA5, 0xE0, 0xA0, 0xA6, 0xE0,
  0xA0, 0xA7, 0xE0, 0xA0, 0xA9, 0xE0, 0xA0, 0xAA, 0xE0, 0xA0,
  0xAB, 0xE0, 0xA0, 0xAC, 0xE0, 0xA0, 0xAD, 0xE0, 0xA1, 0x99,
  0xE0, 0xA1, 0x9A, 0xE0, 0xA1, 0x9B, 0xE0, 0xA2, 0x97, 0xE0,
  0xA2, 0x98, 0xE0, 0xA2, 0x99, 0xE0, 0xA2, 0x9A, 0xE0, 0xA2,
  0x9B, 0xE0, 0xA2, 0x9C, 0xE0, 0xA2, 0x9D, 0xE0, 0xA2, 0x9E,
  0xE0, 0xA2, 0x9F, 0xE0, 0xA3, 0x8A, 0xE0, 0xA3, 0x8B, 0xE0,
  0xA3, 0x8C, 0xE0, 0xA3, 0x8D, 0xE0, 0xA3, 0x8E, 0xE0, 0xA3,
  0x8F, 0xE0, 0xA3, 0x90, 0xE0, 0xA3, 0x91, 0xE0, 0xA3, 0x92,
  0xE0, 0xA3, 0x93, 0xE0, 0xA3, 0x94, 0xE0, 0xA3, 0x95, 0xE0,
  0xA3, 0x96, 0xE0, 0xA3, 0x97, 0xE0, 0xA3, 0x98, 0xE0, 0xA3,
  0x99, 0xE0, 0xA3, 0x9A, 0xE0, 0xA3, 0x9B, 0xE0, 0xA3, 0x9C,
  0xE0, 0xA3, 0x9D, 0xE0, 0xA3, 0x9E, 0xE0, 0xA3, 0x9F, 0xE0,
  0xA3, 0xA0, 0xE0, 0xA3, 0xA1, 0xE0, 0xA3, 0xA3, 0xE0, 0xA3,
  0xA4, 0xE0, 0xA3, 0xA5, 0xE0, 0xA3, 0xA6, 0xE0, 0xA3, 0xA7,
  0xE0, 0xA3, 0xA8, 0xE0, 0xA3, 0xA9, 0xE0, 0xA3, 0xAA, 0xE0,
  0xA3, 0xAB, 0xE0, 0xA3, 0xAC, 0xE0, 0xA3, 0xAD, 0xE0, 0xA3,
  0xAE, 0xE0, 0xA3, 0xAF, 0xE0, 0xA3, 0xB0, 0xE0, 0xA3, 0xB1,
  0xE0, 0xA3, 0xB2, 0xE0, 0xA3, 0xB3, 0xE0, 0xA3, 0xB4, 0xE0,
  0xA3, 0xB5, 0xE0, 0xA3, 0xB6, 0xE0, 0xA3, 0xB7, 0xE0, 0xA3,
  0xB8, 0xE0, 0xA3, 0xB9, 0xE0, 0xA3, 0xBA, 0xE0, 0xA3, 0xBB,
  0xE0, 0xA3, 0xBC, 0xE0, 0xA3, 0xBD, 0xE0, 0xA3, 0xBE, 0xE0,
  0xA3, 0xBF, 0xE0, 0xA4, 0xA8, 0xE0, 0xA4, 0xBC, 0xE0, 0xA4,
  0xB0, 0xE0, 0xA4, 0xBC, 0xE0, 0xA4, 0xB3, 0xE0, 0xA4, 0xBC,
  0xE0, 0xA4, 0xBC, 0xE0, 0xA5, 0x8D, 0xE0, 0xA5, 0x91, 0xE0,
  0xA5, 0x92, 0xE0, 0xA5, 0x93, 0xE0, 0xA5, 0x94, 0xE0, 0xA4,
  0x95, 0xE0, 0xA4, 0xBC, 0xE0, 0xA4, 0x96, 0xE0, 0xA4, 0xBC,
  0xE0, 0xA4, 0x97, 0xE0, 0xA4, 0xBC, 0xE0, 0xA4, 0x9C, 0xE0,
  0xA4, 0xBC, 0xE0, 0xA4, 0xA1, 0xE0, 0xA4, 0xBC, 0xE0, 0xA4,
  0xA2, 0xE0, 0xA4, 0xBC, 0xE0, 0xA4, 0xAB, 0xE0, 0xA4, 0xBC,
  0xE0, 0xA4, 0xAF, 0xE0, 0xA4, 0xBC, 0xE0, 0xA6, 0xBC, 0xE0,
  0xA7, 0x87, 0xE0, 0xA6, 0xBE, 0xE0, 0xA7, 0x87, 0xE0, 0xA7,
  0x97, 0xE0, 0xA7, 0x8D, 0xE0, 0xA6, 0xA1, 0xE0, 0xA6, 0xBC,
  0xE0, 0xA6, 0xA2, 0xE0, 0xA6, 0xBC, 0xE0, 0xA6, 0xAF, 0xE0,
  0xA6, 0xBC, 0xE0, 0xA7, 0xBE, 0xE0, 0xA8, 0xB2, 0xE0, 0xA8,
  0xBC, 0xE0, 0xA8, 0xB8, 0xE0, 0xA8, 0xBC, 0xE0, 0xA8, 0xBC,
  0xE0, 0xA9, 0x8D, 0xE0, 0xA8, 0x96, 0xE0, 0xA8, 0xBC, 0xE0,
  0xA8, 0x97, 0xE0, 0xA8, 0xBC, 0xE0, 0xA8, 0x9C, 0xE0, 0xA8,
  0xBC, 0xE0, 0xA8, 0xAB, 0xE0, 0xA8, 0xBC, 0xE0, 0xAA, 0xBC,
  0xE0, 0xAB, 0x8D, 0xE0, 0xAC, 0xBC, 0xE0, 0xAD, 0x87, 0xE0,
  0xAD, 0x96, 0xE0, 0xAD, 0x87, 0xE0, 0xAC, 0xBE, 0xE0, 0xAD,
  0x87, 0xE0, 0xAD, 0x97, 0xE0, 0xAD, 0x8D, 0xE0, 0xAC, 0xA1,
  0xE0, 0xAC, 0xBC, 0xE0, 0xAC, 0xA2, 0xE0, 0xAC, 0xBC, 0xE0,
  0xAE, 0x92, 0xE0, 0xAF, 0x97, 0xE0, 0xAF, 0x86, 0xE0, 0xAE,
  0xBE, 0xE0, 0xAF, 0x87, 0xE0, 0xAE, 0xBE, 0xE0, 0xAF, 0x86,
  0xE0, 0xAF, 0x97, 0xE0, 0xAF, 0x8D, 0xE0, 0xB0, 0xBC, 0xE0,
  0xB1, 0x86, 0xE0, 0xB1, 0x96, 0xE0, 0xB1, 0x8D, 0xE0, 0xB1,
  0x95, 0xE0, 0xB1, 0x96, 0xE0, 0xB2, 0xBC, 0xE0, 0xB2, 0xBF,
  0xE0, 0xB3, 0x95, 0xE0, 0xB3, 0x86, 0xE0, 0xB3, 0x95, 0xE0,
  0xB3, 0x86, 0xE0, 0xB3, 0x96, 0xE0, 0xB3, 0x86, 0xE0, 0xB3,
  0x82, 0xE0, 0xB3, 0x86, 0xE0, 0xB3, 0x82, 0xE0, 0xB3, 0x95,
  0xE0, 0xB3, 0x8D, 0xE0, 0xB4, 0xBB, 0xE0, 0xB4, 0xBC, 0xE0,
  0xB5, 0x86, 0xE0, 0xB4, 0xBE, 0xE0, 0xB5, 0x87, 0xE0, 0xB4,
  0xBE, 0xE0, 0xB5, 0x86, 0xE0, 0xB5, 0x97, 0xE0, 0xB5, 0x8D,
  0xE0, 0xB7, 0x8A, 0xE0, 0xB7, 0x99, 0xE0, 0xB7, 0x8A, 0xE0,
  0xB7, 0x99, 0xE0, 0xB7, 0x8F, 0xE0, 0xB7, 0x99, 0xE0, 0xB7,
  0x8F, 0xE0, 0xB7, 0x8A, 0xE0, 0xB7, 0x99, 0xE0, 0xB7, 0x9F,
  0xE0, 0xB9, 0x8D, 0xE0, 0xB8, 0xB2, 0xE0, 0xB8, 0xB8, 0xE0,
  0xB8, 0xB9, 0xE0, 0xB8, 0xBA, 0xE0, 0xB9, 0x88, 0xE0, 0xB9,
  0x89, 0xE0, 0xB9, 0x8A, 0xE0, 0xB9, 0x8B, 0xE0, 0xBB, 0x8D,
  0xE0, 0xBA, 0xB2, 0xE0, 0xBA, 0xB8, 0xE0, 0xBA, 0xB9, 0xE0,
  0xBA, 0xBA, 0xE0, 0xBB, 0x88, 0xE0, 0xBB, 0x89, 0xE0, 0xBB,
  0x8A, 0xE0, 0xBB, 0x8B, 0xE0, 0xBA, 0xAB, 0xE0, 0xBA, 0x99,
  0xE0, 0xBA, 0xAB, 0xE0, 0xBA, 0xA1, 0xE0, 0xBC, 0x8B, 0xE0,
  0xBC, 0x98, 0xE0, 0xBC, 0x99, 0xE0, 0xBC, 0xB5, 0xE0, 0xBC,
  0xB7, 0xE0, 0xBC, 0xB9, 0xE0, 0xBD, 0x82, 0xE0, 0xBE, 0xB7,
  0xE0, 0xBD, 0x8C, 0xE0, 0xBE, 0xB7, 0xE0, 0xBD, 0x91, 0xE0,
  0xBE, 0xB7, 0xE0, 0xBD, 0x96, 0xE0, 0xBE, 0xB7, 0xE0, 0xBD,
  0x9B, 0xE0, 0xBE, 0xB7, 0xE0, 0xBD, 0x80, 0xE0, 0xBE, 0xB5,
  0xE0, 0xBD, 0xB1, 0xE0, 0xBD, 0xB2, 0xE0, 0xBD, 0xB1, 0xE0,
  0xBD, 0xB2, 0xE0, 0xBD, 0xB4, 0xE0, 0xBD, 0xB1, 0xE0, 0xBD,
  0xB4, 0xE0, 0xBE, 0xB2, 0xE0, 0xBE, 0x80, 0xE0, 0xBE, 0xB2,
  0xE0, 0xBD, 0xB1, 0xE0, 0xBE, 0x80, 0xE0, 0xBE, 0xB3, 0xE0,
  0xBE, 0x80, 0xE0, 0xBE, 0xB3, 0xE0, 0xBD, 0xB1, 0xE0, 0xBE,
  0x80, 0xE0, 0xBD, 0xBA, 0xE0, 0xBD, 0xBB, 0xE0, 0xBD, 0xBC,
  0xE0, 0xBD, 0xBD, 0xE0, 0xBE, 0x80, 0xE0, 0xBD, 0xB1, 0xE0,
  0xBE, 0x80, 0xE0, 0xBE, 0x82, 0xE0, 0xBE, 0x83, 0xE0, 0xBE,
  0x84, 0xE0, 0xBE, 0x86, 0xE0, 0xBE, 0x87, 0xE0, 0xBE, 0x92,
  0xE0, 0xBE, 0xB7, 0xE0, 0xBE, 0x9C, 0xE0, 0xBE, 0xB7, 0xE0,
  0xBE, 0xA1, 0xE0, 0xBE, 0xB7, 0xE0, 0xBE, 0xA6, 0xE0, 0xBE,
  0xB7, 0xE0, 0xBE, 0xAB, 0xE0, 0xBE, 0xB7, 0xE0, 0xBE, 0x90,
  0xE0, 0xBE, 0xB5, 0xE0, 0xBF, 0x86, 0xE1, 0x80, 0xA5, 0xE1,
  0x80, 0xAE, 0xE1, 0x80, 0xB7, 0xE1, 0x80, 0xB9, 0xE1, 0x80,
  0xBA, 0xE1, 0x82, 0x8D, 0xE1, 0x83, 0x9C, 0xE1, 0x8D, 0x9D,
  0xE1, 0x8D, 0x9E, 0xE1, 0x8D, 0x9F, 0xE1, 0x9C, 0x94, 0xE1,
  0x9C, 0x95, 0xE1, 0x9C, 0xB4, 0xE1, 0x9F, 0x92, 0xE1, 0x9F,
  0x9D, 0xE1, 0xA2, 0xA9, 0xE1, 0xA4, 0xB9, 0xE1, 0xA4, 0xBA,
  0xE1, 0xA4, 0xBB, 0xE1, 0xA8, 0x97, 0xE1, 0xA8, 0x98, 0xE1,
  0xA9, 0xA0, 0xE1, 0xA9, 0xB5, 0xE1, 0xA9, 0xB6, 0xE1, 0xA9,
  0xB7, 0xE1, 0xA9, 0xB8, 0xE1, 0xA9, 0xB9, 0xE1, 0xA9, 0xBA,
  0xE1, 0xA9, 0xBB, 0xE1, 0xA9, 0xBC, 0xE1, 0xA9, 0xBF, 0xE1,
  0xAA, 0xB0, 0xE1, 0xAA, 0xB1, 0xE1, 0xAA, 0xB2, 0xE1, 0xAA,
  0xB3, 0xE1, 0xAA, 0xB4, 0xE1, 0xAA, 0xB5, 0xE1, 0xAA, 0xB6,
  0xE1, 0xAA, 0xB7, 0xE1, 0xAA, 0xB8, 0xE1, 0xAA, 0xB9, 0xE1,
  0xAA, 0xBA, 0xE1, 0xAA, 0xBB, 0xE1, 0xAA, 0xBC, 0xE1, 0xAA,
  0xBD, 0xE1, 0xAA, 0xBF, 0xE1, 0xAB, 0x80, 0xE1, 0xAB, 0x81,
  0xE1, 0xAB, 0x82, 0xE1, 0xAB, 0x83, 0xE1, 0xAB, 0x84, 0xE1,
  0xAB, 0x85, 0xE1, 0xAB, 0x86, 0xE1, 0xAB, 0x87, 0xE1, 0xAB,
  0x88, 0xE1, 0xAB, 0x89, 0xE1, 0xAB, 0x8A, 0xE1, 0xAB, 0x8B,
  0xE1, 0xAB, 0x8C, 0xE1, 0xAB, 0x8D, 0xE1, 0xAB, 0x8E, 0xE1,
  0xAB, 0x8F, 0xE1, 0xAB, 0x90, 0xE1, 0xAB, 0x91, 0xE1, 0xAB,
  0x92, 0xE1, 0xAB, 0x93, 0xE1, 0xAB, 0x94, 0xE1, 0xAB, 0x95,
  0xE1, 0xAB, 0x96, 0xE1, 0xAB, 0x97, 0xE1, 0xAB, 0x98, 0xE1,
  0xAB, 0x99, 0xE1, 0xAB, 0x9A, 0xE1, 0xAB, 0x9B, 0xE1, 0xAB,
  0x9C, 0xE1, 0xAB, 0x9D, 0xE1, 0xAB, 0xA0, 0xE1, 0xAB, 0xA1,
  0xE1, 0xAB, 0xA2, 0xE1, 0xAB, 0xA3, 0xE1, 0xAB, 0xA4, 0xE1,
  0xAB, 0xA5, 0xE1, 0xAB, 0xA6, 0xE1, 0xAB, 0xA7, 0xE1, 0xAB,
  0xA8, 0xE1, 0xAB, 0xA9, 0xE1, 0xAB, 0xAA, 0xE1, 0xAB, 0xAB,
  0xE1, 0xAC, 0x85, 0xE1, 0xAC, 0xB5, 0xE1, 0xAC, 0x87, 0xE1,
  0xAC, 0xB5, 0xE1, 0xAC, 0x89, 0xE1, 0xAC, 0xB5, 0xE1, 0xAC,
  0x8B, 0xE1, 0xAC, 0xB5, 0xE1, 0xAC, 0x8D, 0xE1, 0xAC, 0xB5,
  0xE1, 0xAC, 0x91, 0xE1, 0xAC, 0xB5, 0xE1, 0xAC, 0xB4, 0xE1,
  0xAC, 0xBA, 0xE1, 0xAC, 0xB5, 0xE1, 0xAC, 0xBC, 0xE1, 0xAC,
  0xB5, 0xE1, 0xAC, 0xBE, 0xE1, 0xAC, 0xB5, 0xE1, 0xAC, 0xBF,
  0xE1, 0xAC, 0xB5, 0xE1, 0xAD, 0x82, 0xE1, 0xAC, 0xB5, 0xE1,
  0xAD, 0x84, 0xE1, 0xAD, 0xAB, 0xE1, 0xAD, 0xAC, 0xE1, 0xAD,
  0xAD, 0xE1, 0xAD, 0xAE, 0xE1, 0xAD, 0xAF, 0xE1, 0xAD, 0xB0,
  0xE1, 0xAD, 0xB1, 0xE1, 0xAD, 0xB2, 0xE1, 0xAD, 0xB3, 0xE1,
  0xAE, 0xAA, 0xE1, 0xAE, 0xAB, 0xE1, 0xAF, 0xA6, 0xE1, 0xAF,
  0xB2, 0xE1, 0xAF, 0xB3, 0xE1, 0xB0, 0xB7, 0xE1, 0xB3, 0x90,
  0xE1, 0xB3, 0x91, 0xE1, 0xB3, 0x92, 0xE1, 0xB3, 0x94, 0xE1,
  0xB3, 0x95, 0xE1, 0xB3, 0x96, 0xE1, 0xB3, 0x97, 0xE1, 0xB3,
  0x98, 0xE1, 0xB3, 0x99, 0xE1, 0xB3, 0x9A, 0xE1, 0xB3, 0x9B,
  0xE1, 0xB3, 0x9C, 0xE1, 0xB3, 0x9D, 0xE1, 0xB3, 0x9E, 0xE1,
  0xB3, 0x9F, 0xE1, 0xB3, 0xA0, 0xE1, 0xB3, 0xA2, 0xE1, 0xB3,
  0xA3, 0xE1, 0xB3, 0xA4, 0xE1, 0xB3, 0xA5, 0xE1, 0xB3, 0xA6,
  0xE1, 0xB3, 0xA7, 0xE1, 0xB3, 0xA8, 0xE1, 0xB3, 0xAD, 0xE1,
  0xB3, 0xB4, 0xE1, 0xB3, 0xB8, 0xE1, 0xB3, 0xB9, 0x41, 0xC3,
  0x86, 0x42, 0x44, 0x45, 0xC6, 0x8E, 0x47, 0x48, 0x49, 0x4A,
  0x4B, 0x4C, 0x4D, 0x4E, 0x4F, 0xC8, 0xA2, 0x50, 0x52, 0x54,
  0x55, 0x57, 0x61, 0xC9, 0x90, 0xC9, 0x91, 0xE1, 0xB4, 0x82,
  0x62, 0x64, 0x65, 0xC9, 0x99, 0xC9, 0x9B, 0xC9, 0x9C, 0x67,
  0x6B, 0x6D, 0xC5, 0x8B, 0x6F, 0xC9, 0x94, 0xE1, 0xB4, 0x96,
  0xE1, 0xB4, 0x97, 0x70, 0x74, 0x75, 0xE1, 0xB4, 0x9D, 0xC9,
  0xAF, 0x76, 0xE1, 0xB4, 0xA5, 0xCE, 0xB2, 0xCE, 0xB3, 0xCE,
  0xB4, 0xCF, 0x86, 0xCF, 0x87, 0x69, 0x72, 0x75, 0x76, 0xCE,
  0xB2, 0xCE, 0xB3, 0xCF, 0x81, 0xCF, 0x86, 0xCF, 0x87, 0xD0,
  0xBD, 0xC9, 0x92, 0x63, 0xC9, 0x95, 0xC3, 0xB0, 0xC9, 0x9C,
  0x66, 0xC9, 0x9F, 0xC9, 0xA1, 0xC9, 0xA5, 0xC9, 0xA8, 0xC9,
  0xA9, 0xC9, 0xAA, 0xE1, 0xB5, 0xBB, 0xCA, 0x9D, 0xC9, 0xAD,
  0xE1, 0xB6, 0x85, 0xCA, 0x9F, 0xC9, 0xB1, 0xC9, 0xB0, 0xC9,
  0xB2, 0xC9, 0xB3, 0xC9, 0xB4, 0xC9, 0xB5, 0xC9, 0xB8, 0xCA,
  0x82, 0xCA, 0x83, 0xC6, 0xAB, 0xCA, 0x89, 0xCA, 0x8A, 0xE1,
  0xB4, 0x9C, 0xCA, 0x8B, 0xCA, 0x8C, 0x7A, 0xCA, 0x90, 0xCA,
  0x91, 0xCA, 0x92, 0xCE, 0xB8, 0xE1, 0xB7, 0x80, 0xE1, 0xB7,
  0x81, 0xE1, 0xB7, 0x82, 0xE1, 0xB7, 0x83, 0xE1, 0xB7, 0x84,
  0xE1, 0xB7, 0x85, 0xE1, 0xB7, 0x86, 0xE1, 0xB7, 0x87, 0xE1,
  0xB7, 0x88, 0xE1, 0xB7, 0x89, 0xE1, 0xB7, 0x8A, 0xE1, 0xB7,
  0x8B, 0xE1, 0xB7, 0x8C, 0xE1, 0xB7, 0x8D, 0xE1, 0xB7, 0x8E,
  0xE1, 0xB7, 0x8F, 0xE1, 0xB7, 0x90, 0xE1, 0xB7, 0x91, 0xE1,
  0xB7, 0x92, 0xE1, 0xB7, 0x93, 0xE1, 0xB7, 0x94, 0xE1, 0xB7,
  0x95, 0xE1, 0xB7, 0x96, 0xE1, 0xB7, 0x97, 0xE1, 0xB7, 0x98,
  0xE1, 0xB7, 0x99, 0xE1, 0xB7, 0x9A, 0xE1, 0xB7, 0x9B, 0xE1,
  0xB7, 0x9C, 0xE1, 0xB7, 0x9D, 0xE1, 0xB7, 0x9E, 0xE1, 0xB7,
  0x9F, 0xE1, 0xB7, 0xA0, 0xE1, 0xB7, 0xA1, 0xE1, 0xB7, 0xA2,
  0xE1, 0xB7, 0xA3, 0xE1, 0xB7, 0xA4, 0xE1, 0xB7, 0xA5, 0xE1,
  0xB7, 0xA6, 0xE1, 0xB7, 0xA7, 0xE1, 0xB7, 0xA8, 0xE1, 0xB7,
  0xA9, 0xE1, 0xB7, 0xAA, 0xE1, 0xB7, 0xAB, 0xE1, 0xB7, 0xAC,
  0xE1, 0xB7, 0xAD, 0xE1, 0xB7, 0xAE, 0xE1, 0xB7, 0xAF, 0xE1,
  0xB7, 0xB0, 0xE1, 0xB7, 0xB1, 0xE1, 0xB7, 0xB2, 0xE1, 0xB7,
  0xB3, 0xE1, 0xB7, 0xB4, 0xE1, 0xB7, 0xB5, 0xE1, 0xB7, 0xB6,
  0xE1, 0xB7, 0xB7, 0xE1, 0xB7, 0xB8, 0xE1, 0xB7, 0xB9, 0xE1,
  0xB7, 0xBA, 0xE1, 0xB7, 0xBB, 0xE1, 0xB7, 0xBC, 0xE1, 0xB7,
  0xBD, 0xE1, 0xB7, 0xBE, 0xE1, 0xB7, 0xBF, 0x41, 0xCC, 0xA5,
  0x61, 0xCC, 0xA5, 0x42, 0xCC, 0x87, 0x62, 0xCC, 0x87, 0x42,
  0xCC, 0xA3, 0x62, 0xCC, 0xA3, 0x42, 0xCC, 0xB1, 0x62, 0xCC,
  0xB1, 0x43, 0xCC, 0xA7, 0xCC, 0x81, 0x63, 0xCC, 0xA7, 0xCC,
  0x81, 0x44, 0xCC, 0x87, 0x64, 0xCC, 0x87, 0x44, 0xCC, 0xA3,
  0x64, 0xCC, 0xA3, 0x44, 0xCC, 0xB1, 0x64, 0xCC, 0xB1, 0x44,
  0xCC, 0xA7, 0x64, 0xCC, 0xA7, 0x44, 0xCC, 0xAD, 0x64, 0xCC,
  0xAD, 0x45, 0xCC, 0x84, 0xCC, 0x80, 0x65, 0xCC, 0x84, 0xCC,
  0x80, 0x45, 0xCC, 0x84, 0xCC, 0x81, 0x65, 0xCC, 0x84, 0xCC,
  0x81, 0x45, 0xCC, 0xAD, 0x65, 0xCC, 0xAD, 0x45, 0xCC, 0xB0,
  0x65, 0xCC, 0xB0, 0x45, 0xCC, 0xA7, 0xCC, 0x86, 0x65, 0xCC,
  0xA7, 0xCC, 0x86, 0x46, 0xCC, 0x87, 0x66, 0xCC, 0x87, 0x47,
  0xCC, 0x84, 0x67, 0xCC, 0x84, 0x48, 0xCC, 0x87, 0x68, 0xCC,
  0x87, 0x48, 0xCC, 0xA3, 0x68, 0xCC, 0xA3, 0x48, 0xCC, 0x88,
  0x68, 0xCC, 0x88, 0x48, 0xCC, 0xA7, 0x68, 0xCC, 0xA7, 0x48,
  0xCC, 0xAE, 0x68, 0xCC, 0xAE, 0x49, 0xCC, 0xB0, 0x69, 0xCC,
  0xB0, 0x49, 0xCC, 0x88, 0xCC, 0x81, 0x69, 0xCC, 0x88, 0xCC,
  0x81, 0x4B, 0xCC, 0x81, 0x6B, 0xCC, 0x81, 0x4B, 0xCC, 0xA3,
  0x6B, 0xCC, 0xA3, 0x4B, 0xCC, 0xB1, 0x6B, 0xCC, 0xB1, 0x4C,
  0xCC, 0xA3, 0x6C, 0xCC, 0xA3, 0x4C, 0xCC, 0xA3, 0xCC, 0x84,
  0x6C, 0xCC, 0xA3, 0xCC, 0x84, 0x4C, 0xCC, 0xB1, 0x6C, 0xCC,
  0xB1, 0x4C, 0xCC, 0xAD, 0x6C, 0xCC, 0xAD, 0x4D, 0xCC, 0x81,
  0x6D, 0xCC, 0x81, 0x4D, 0xCC, 0x87, 0x6D, 0xCC, 0x87, 0x4D,
  0xCC, 0xA3, 0x6D, 0xCC, 0xA3, 0x4E, 0xCC, 0x87, 0x6E, 0xCC,
  0x87, 0x4E, 0xCC, 0xA3, 0x6E, 0xCC, 0xA3, 0x4E, 0xCC, 0xB1,
  0x6E, 0xCC, 0xB1, 0x4E, 0xCC, 0xAD, 0x6E, 0xCC, 0xAD, 0x4F,
  0xCC, 0x83, 0xCC, 0x81, 0x6F, 0xCC, 0x83, 0xCC, 0x81, 0x4F,
  0xCC, 0x83, 0xCC, 0x88, 0x6F, 0xCC, 0x83, 0xCC, 0x88, 0x4F,
  0xCC, 0x84, 0xCC, 0x80, 0x6F, 0xCC, 0x84, 0xCC, 0x80, 0x4F,
  0xCC, 0x84, 0xCC, 0x81, 0x6F, 0xCC, 0x84, 0xCC, 0x81, 0x50,
  0xCC, 0x81, 0x70, 0xCC, 0x81, 0x50, 0xCC, 0x87, 0x70, 0xCC,
  0x87, 0x52, 0xCC, 0x87, 0x72, 0xCC, 0x87, 0x52, 0xCC, 0xA3,
  0x72, 0xCC, 0xA3, 0x52, 0xCC, 0xA3, 0xCC, 0x84, 0x72, 0xCC,
  0xA3, 0xCC, 0x84, 0x52, 0xCC, 0xB1, 0x72, 0xCC, 0xB1, 0x53,
  0xCC, 0x87, 0x73, 0xCC, 0x87, 0x53, 0xCC, 0xA3, 0x73, 0xCC,
  0xA3, 0x53, 0xCC, 0x81, 0xCC, 0x87, 0x73, 0xCC, 0x81, 0xCC,
  0x87, 0x53, 0xCC, 0x8C, 0xCC, 0x87, 0x73, 0xCC, 0x8C, 0xCC,
  0x87, 0x53, 0xCC, 0xA3, 0xCC, 0x87, 0x73, 0xCC, 0xA3, 0xCC,
  0x87, 0x54, 0xCC, 0x87, 0x74, 0xCC, 0x87, 0x54, 0xCC, 0xA3,
  0x74, 0xCC, 0xA3, 0x54, 0xCC, 0xB1, 0x74, 0xCC, 0xB1, 0x54,
  0xCC, 0xAD, 0x74, 0xCC, 0xAD, 0x55, 0xCC, 0xA4, 0x75, 0xCC,
  0xA4, 0x55, 0xCC, 0xB0, 0x75, 0xCC, 0xB0, 0x55, 0xCC, 0xAD,
  0x75, 0xCC, 0xAD, 0x55, 0xCC, 0x83, 0xCC, 0x81, 0x75, 0xCC,
  0x83, 0xCC, 0x81, 0x55, 0xCC, 0x84, 0xCC, 0x88, 0x75, 0xCC,
  0x84, 0xCC, 0x88, 0x56, 0xCC, 0x83, 0x76, 0xCC, 0x83, 0x56,
  0xCC, 0xA3, 0x76, 0xCC, 0xA3, 0x57, 0xCC, 0x80, 0x77, 0xCC,
  0x80, 0x57, 0xCC, 0x81, 0x77, 0xCC, 0x81, 0x57, 0xCC, 0x88,
  0x77, 0xCC, 0x88, 0x57, 0xCC, 0x87, 0x77, 0xCC, 0x87, 0x57,
  0xCC, 0xA3, 0x77, 0xCC, 0xA3, 0x58, 0xCC, 0x87, 0x78, 0xCC,
  0x87, 0x58, 0xCC, 0x88, 0x78, 0xCC, 0x88, 0x59, 0xCC, 0x87,
  0x79, 0xCC, 0x87, 0x5A, 0xCC, 0x82, 0x7A, 0xCC, 0x82, 0x5A,
  0xCC, 0xA3, 0x7A, 0xCC, 0xA3, 0x5A, 0xCC, 0xB1, 0x7A, 0xCC,
  0xB1, 0x68, 0xCC, 0xB1, 0x74, 0xCC, 0x88, 0x77, 0xCC, 0x8A,
  0x79, 0xCC, 0x8A, 0x61, 0xCA, 0xBE, 0x73, 0xCC, 0x87, 0xC5,
  0xBF, 0xCC, 0x87, 0x41, 0xCC, 0xA3, 0x61, 0xCC, 0xA3, 0x41,
  0xCC, 0x89, 0x61, 0xCC, 0x89, 0x41, 0xCC, 0x82, 0xCC, 0x81,
  0x61, 0xCC, 0x82, 0xCC, 0x81, 0x41, 0xCC, 0x82, 0xCC, 0x80,
  0x61, 0xCC, 0x82, 0xCC, 0x80, 0x41, 0xCC, 0x82, 0xCC, 0x89,
  0x61, 0xCC, 0x82, 0xCC, 0x89, 0x41, 0xCC, 0x82, 0xCC, 0x83,
  0x61, 0xCC, 0x82, 0xCC, 0x83, 0x41, 0xCC, 0xA3, 0xCC, 0x82,
  0x61, 0xCC, 0xA3, 0xCC, 0x82, 0x41, 0xCC, 0x86, 0xCC, 0x81,
  0x61, 0xCC, 0x86, 0xCC, 0x81, 0x41, 0xCC, 0x86, 0xCC, 0x80,
  0x61, 0xCC, 0x86, 0xCC, 0x80, 0x41, 0xCC, 0x86, 0xCC, 0x89,
  0x61, 0xCC, 0x86, 0xCC, 0x89, 0x41, 0xCC, 0x86, 0xCC, 0x83,
  0x61, 0xCC, 0x86, 0xCC, 0x83, 0x41, 0xCC, 0xA3, 0xCC, 0x86,
  0x61, 0xCC, 0xA3, 0xCC, 0x86, 0x45, 0xCC, 0xA3, 0x65, 0xCC,
  0xA3, 0x45, 0xCC, 0x89, 0x65, 0xCC, 0x89, 0x45, 0xCC, 0x83,
  0x65, 0xCC, 0x83, 0x45, 0xCC, 0x82, 0xCC, 0x81, 0x65, 0xCC,
  0x82, 0xCC, 0x81, 0x45, 0xCC, 0x82, 0xCC, 0x80, 0x65, 0xCC,
  0x82, 0xCC, 0x80, 0x45, 0xCC, 0x82, 0xCC, 0x89, 0x65, 0xCC,
  0x82, 0xCC, 0x89, 0x45, 0xCC, 0x82, 0xCC, 0x83, 0x65, 0xCC,
  0x82, 0xCC, 0x83, 0x45, 0xCC, 0xA3, 0xCC, 0x82, 0x65, 0xCC,
  0xA3, 0xCC, 0x82, 0x49, 0xCC, 0x89, 0x69, 0xCC, 0x89, 0x49,
  0xCC, 0xA3, 0x69, 0xCC, 0xA3, 0x4F, 0xCC, 0xA3, 0x6F, 0xCC,
  0xA3, 0x4F, 0xCC, 0x89, 0x6F, 0xCC, 0x89, 0x4F, 0xCC, 0x82,
  0xCC, 0x81, 0x6F, 0xCC, 0x82, 0xCC, 0x81, 0x4F, 0xCC, 0x82,
  0xCC, 0x80, 0x6F, 0xCC, 0x82, 0xCC, 0x80, 0x4F, 0xCC, 0x82,
  0xCC, 0x89, 0x6F, 0xCC, 0x82, 0xCC, 0x89, 0x4F, 0xCC, 0x82,
  0xCC, 0x83, 0x6F, 0xCC, 0x82, 0xCC, 0x83, 0x4F, 0xCC, 0xA3,
  0xCC, 0x82, 0x6F, 0xCC, 0xA3, 0xCC, 0x82, 0x4F, 0xCC, 0x9B,
  0xCC, 0x81, 0x6F, 0xCC, 0x9B, 0xCC, 0x81, 0x4F, 0xCC, 0x9B,
  0xCC, 0x80, 0x6F, 0xCC, 0x9B, 0xCC, 0x80, 0x4F, 0xCC, 0x9B,
  0xCC, 0x89, 0x6F, 0xCC, 0x9B, 0xCC, 0x89, 0x4F, 0xCC, 0x9B,
  0xCC, 0x83, 0x6F, 0xCC, 0x9B, 0xCC, 0x83, 0x4F, 0xCC, 0x9B,
  0xCC, 0xA3, 0x6F, 0xCC, 0x9B, 0xCC, 0xA3, 0x55, 0xCC, 0xA3,
  0x75, 0xCC, 0xA3, 0x55, 0xCC, 0x89, 0x75, 0xCC, 0x89, 0x55,
  0xCC, 0x9B, 0xCC, 0x81, 0x75, 0xCC, 0x9B, 0xCC, 0x81, 0x55,
  0xCC, 0x9B, 0xCC, 0x80, 0x75, 0xCC, 0x9B, 0xCC, 0x80, 0x55,
  0xCC, 0x9B, 0xCC, 0x89, 0x75, 0xCC, 0x9B, 0xCC, 0x89, 0x55,
  0xCC, 0x9B, 0xCC, 0x83, 0x75, 0xCC, 0x9B, 0xCC, 0x83, 0x55,
  0xCC, 0x9B, 0xCC, 0xA3, 0x75, 0xCC, 0x9B, 0xCC, 0xA3, 0x59,
  0xCC, 0x80, 0x79, 0xCC, 0x80, 0x59, 0xCC, 0xA3, 0x79, 0xCC,
  0xA3, 0x59, 0xCC, 0x89, 0x79, 0xCC, 0x89, 0x59, 0xCC, 0x83,
  0x79, 0xCC, 0x83, 0xCE, 0xB1, 0xCC, 0x93, 0xCE, 0xB1, 0xCC,
  0x94, 0xCE, 0xB1, 0xCC, 0x93, 0xCC, 0x80, 0xCE, 0xB1, 0xCC,
  0x94, 0xCC, 0x80, 0xCE, 0xB1, 0xCC, 0x93, 0xCC, 0x81, 0xCE,
  0xB1, 0xCC, 0x94, 0xCC, 0x81, 0xCE, 0xB1, 0xCC, 0x93, 0xCD,
  0x82, 0xCE, 0xB1, 0xCC, 0x94, 0xCD, 0x82, 0xCE, 0x91, 0xCC,
  0x93, 0xCE, 0x91, 0xCC, 0x94, 0xCE, 0x91, 0xCC, 0x93, 0xCC,
  0x80, 0xCE, 0x91, 0xCC, 0x94, 0xCC, 0x80, 0xCE, 0x91, 0xCC,
  0x93, 0xCC, 0x81, 0xCE, 0x91, 0xCC, 0x94, 0xCC, 0x81, 0xCE,
  0x91, 0xCC, 0x93, 0xCD, 0x82, 0xCE, 0x91, 0xCC, 0x94, 0xCD,
  0x82, 0xCE, 0xB5, 0xCC, 0x93, 0xCE, 0xB5, 0xCC, 0x94, 0xCE,
  0xB5, 0xCC, 0x93, 0xCC, 0x80, 0xCE, 0xB5, 0xCC, 0x94, 0xCC,
  0x80, 0xCE, 0xB5, 0xCC, 0x93, 0xCC, 0x81, 0xCE, 0xB5, 0xCC,
  0x94, 0xCC, 0x81, 0xCE, 0x95, 0xCC, 0x93, 0xCE, 0x95, 0xCC,
  0x94, 0xCE, 0x95, 0xCC, 0x93, 0xCC, 0x80, 0xCE, 0x95, 0xCC,
  0x94, 0xCC, 0x80, 0xCE, 0x95, 0xCC, 0x93, 0xCC, 0x81, 0xCE,
  0x95, 0xCC, 0x94, 0xCC, 0x81, 0xCE, 0xB7, 0xCC, 0x93, 0xCE,
  0xB7, 0xCC, 0x94, 0xCE, 0xB7, 0xCC, 0x93, 0xCC, 0x80, 0xCE,
  0xB7, 0xCC, 0x94, 0xCC, 0x80, 0xCE, 0xB7, 0xCC, 0x93, 0xCC,
  0x81, 0xCE, 0xB7, 0xCC, 0x94, 0xCC, 0x81, 0xCE, 0xB7, 0xCC,
  0x93, 0xCD, 0x82, 0xCE, 0xB7, 0xCC, 0x94, 0xCD, 0x82, 0xCE,
  0x97, 0xCC, 0x93, 0xCE, 0x97, 0xCC, 0x94, 0xCE, 0x97, 0xCC,
  0x93, 0xCC, 0x80, 0xCE, 0x97, 0xCC, 0x94, 0xCC, 0x80, 0xCE,
  0x97, 0xCC, 0x93, 0xCC, 0x81, 0xCE, 0x97, 0xCC, 0x94, 0xCC,
  0x81, 0xCE, 0x97, 0xCC, 0x93, 0xCD, 0x82, 0xCE, 0x97, 0xCC,
  0x94, 0xCD, 0x82, 0xCE, 0xB9, 0xCC, 0x93, 0xCE, 0xB9, 0xCC,
  0x94, 0xCE, 0xB9, 0xCC, 0x93, 0xCC, 0x80, 0xCE, 0xB9, 0xCC,
  0x94, 0xCC, 0x80, 0xCE, 0xB9, 0xCC, 0x93, 0xCC, 0x81, 0xCE,
  0xB9, 0xCC, 0x94, 0xCC, 0x81, 0xCE, 0xB9, 0xCC, 0x93, 0xCD,
  0x82, 0xCE, 0xB9, 0xCC, 0x94, 0xCD, 0x82, 0xCE, 0x99, 0xCC,
  0x93, 0xCE, 0x99, 0xCC, 0x94, 0xCE, 0x99, 0xCC, 0x93, 0xCC,
  0x80, 0xCE, 0x99, 0xCC, 0x94, 0xCC, 0x80, 0xCE, 0x99, 0xCC,
  0x93, 0xCC, 0x81, 0xCE, 0x99, 0xCC, 0x94, 0xCC, 0x81, 0xCE,
  0x99, 0xCC, 0x93, 0xCD, 0x82, 0xCE, 0x99, 0xCC, 0x94, 0xCD,
  0x82, 0xCE, 0xBF, 0xCC, 0x93, 0xCE, 0xBF, 0xCC, 0x94, 0xCE,
  0xBF, 0xCC, 0x93, 0xCC, 0x80, 0xCE, 0xBF, 0xCC, 0x94, 0xCC,
  0x80, 0xCE, 0xBF, 0xCC, 0x93, 0xCC, 0x81, 0xCE, 0xBF, 0xCC,
  0x94, 0xCC, 0x81, 0xCE, 0x9F, 0xCC, 0x93, 0xCE, 0x9F, 0xCC,
  0x94, 0xCE, 0x9F, 0xCC, 0x93, 0xCC, 0x80, 0xCE, 0x9F, 0xCC,
  0x94, 0xCC, 0x80, 0xCE, 0x9F, 0xCC, 0x93, 0xCC, 0x81, 0xCE,
  0x9F, 0xCC, 0x94, 0xCC, 0x81, 0xCF, 0x85, 0xCC, 0x93, 0xCF,
  0x85, 0xCC, 0x94, 0xCF, 0x85, 0xCC, 0x93, 0xCC, 0x80, 0xCF,
  0x85, 0xCC, 0x94, 0xCC, 0x80, 0xCF, 0x85, 0xCC, 0x93, 0xCC,
  0x81, 0xCF, 0x85, 0xCC, 0x94, 0xCC, 0x81, 0xCF, 0x85, 0xCC,
  0x93, 0xCD, 0x82, 0xCF, 0x85, 0xCC, 0x94, 0xCD, 0x82, 0xCE,
  0xA5, 0xCC, 0x94, 0xCE, 0xA5, 0xCC, 0x94, 0xCC, 0x80, 0xCE,
  0xA5, 0xCC, 0x94, 0xCC, 0x81, 0xCE, 0xA5, 0xCC, 0x94, 0xCD,
  0x82, 0xCF, 0x89, 0xCC, 0x93, 0xCF, 0x89, 0xCC, 0x94, 0xCF,
  0x89, 0xCC, 0x93, 0xCC, 0x80, 0xCF, 0x89, 0xCC, 0x94, 0xCC,
  0x80, 0xCF, 0x89, 0xCC, 0x93, 0xCC, 0x81, 0xCF, 0x89, 0xCC,
  0x94, 0xCC, 0x81, 0xCF, 0x89, 0xCC, 0x93, 0xCD, 0x82, 0xCF,
  0x89, 0xCC, 0x94, 0xCD, 0x82, 0xCE, 0xA9, 0xCC, 0x93, 0xCE,
  0xA9, 0xCC, 0x94, 0xCE, 0xA9, 0xCC, 0x93, 0xCC, 0x80, 0xCE,
  0xA9, 0xCC, 0x94, 0xCC, 0x80, 0xCE, 0xA9, 0xCC, 0x93, 0xCC,
  0x81, 0xCE, 0xA9, 0xCC, 0x94, 0xCC, 0x81, 0xCE, 0xA9, 0xCC,
  0x93, 0xCD, 0x82, 0xCE, 0xA9, 0xCC, 0x94, 0xCD, 0x82, 0xCE,
  0xB1, 0xCC, 0x80, 0xCE, 0xB1, 0xCC, 0x81, 0xCE, 0xB5, 0xCC,
  0x80, 0xCE, 0xB5, 0xCC, 0x81, 0xCE, 0xB7, 0xCC, 0x80, 0xCE,
  0xB7, 0xCC, 0x81, 0xCE, 0xB9, 0xCC, 0x80, 0xCE, 0xB9, 0xCC,
  0x81, 0xCE, 0xBF, 0xCC, 0x80, 0xCE, 0xBF, 0xCC, 0x81, 0xCF,
  0x85, 0xCC, 0x80, 0xCF, 0x85, 0xCC, 0x81, 0xCF, 0x89, 0xCC,
  0x80, 0xCF, 0x89, 0xCC, 0x81, 0xCE, 0xB1, 0xCC, 0x93, 0xCD,
  0x85, 0xCE, 0xB1, 0xCC, 0x94, 0xCD, 0x85, 0xCE, 0xB1, 0xCC,
  0x93, 0xCC, 0x80, 0xCD, 0x85, 0xCE, 0xB1, 0xCC, 0x94, 0xCC,
  0x80, 0xCD, 0x85, 0xCE, 0xB1, 0xCC, 0x93, 0xCC, 0x81, 0xCD,
  0x85, 0xCE, 0xB1, 0xCC, 0x94, 0xCC, 0x81, 0xCD, 0x85, 0xCE,
  0xB1, 0xCC, 0x93, 0xCD, 0x82, 0xCD, 0x85, 0xCE, 0xB1, 0xCC,
  0x94, 0xCD, 0x82, 0xCD, 0x85, 0xCE, 0x91, 0xCC, 0x93, 0xCD,
  0x85, 0xCE, 0x91, 0xCC, 0x94, 0xCD, 0x85, 0xCE, 0x91, 0xCC,
  0x93, 0xCC, 0x80, 0xCD, 0x85, 0xCE, 0x91, 0xCC, 0x94, 0xCC,
  0x80, 0xCD, 0x85, 0xCE, 0x91, 0xCC, 0x93, 0xCC, 0x81, 0xCD,
  0x85, 0xCE, 0x91, 0xCC, 0x94, 0xCC, 0x81, 0xCD, 0x85, 0xCE,
  0x91, 0xCC, 0x93, 0xCD, 0x82, 0xCD, 0x85, 0xCE, 0x91, 0xCC,
  0x94, 0xCD, 0x82, 0xCD, 0x85, 0xCE, 0xB7, 0xCC, 0x93, 0xCD,
  0x85, 0xCE, 0xB7, 0xCC, 0x94, 0xCD, 0x85, 0xCE, 0xB7, 0xCC,
  0x93, 0xCC, 0x80, 0xCD, 0x85, 0xCE, 0xB7, 0xCC, 0x94, 0xCC,
  0x80, 0xCD, 0x85, 0xCE, 0xB7, 0xCC, 0x93, 0xCC, 0x81, 0xCD,
  0x85, 0xCE, 0xB7, 0xCC, 0x94, 0xCC, 0x81, 0xCD, 0x85, 0xCE,
  0xB7, 0xCC, 0x93, 0xCD, 0x82, 0xCD, 0x85, 0xCE, 0xB7, 0xCC,
  0x94, 0xCD, 0x82, 0xCD, 0x85, 0xCE, 0x97, 0xCC, 0x93, 0xCD,
  0x85, 0xCE, 0x97, 0xCC, 0x94, 0xCD, 0x85, 0xCE, 0x97, 0xCC,
  0x93, 0xCC, 0x80, 0xCD, 0x85, 0xCE, 0x97, 0xCC, 0x94, 0xCC,
  0x80, 0xCD, 0x85, 0xCE, 0x97, 0xCC, 0x93, 0xCC, 0x81, 0xCD,
  0x85, 0xCE, 0x97, 0xCC, 0x94, 0xCC, 0x81, 0xCD, 0x85, 0xCE,
  0x97, 0xCC, 0x93, 0xCD, 0x82, 0xCD, 0x85, 0xCE, 0x97, 0xCC,
  0x94, 0xCD, 0x82, 0xCD, 0x85, 0xCF, 0x89, 0xCC, 0x93, 0xCD,
  0x85, 0xCF, 0x89, 0xCC, 0x94, 0xCD, 0x85, 0xCF, 0x89, 0xCC,
  0x93, 0xCC, 0x80, 0xCD, 0x85, 0xCF, 0x89, 0xCC, 0x94, 0xCC,
  0x80, 0xCD, 0x85, 0xCF, 0x89, 0xCC, 0x93, 0xCC, 0x81, 0xCD,
  0x85, 0xCF, 0x89, 0xCC, 0x94, 0xCC, 0x81, 0xCD, 0x85, 0xCF,
  0x89, 0xCC, 0x93, 0xCD, 0x82, 0xCD, 0x85, 0xCF, 0x89, 0xCC,
  0x94, 0xCD, 0x82, 0xCD, 0x85, 0xCE, 0xA9, 0xCC, 0x93, 0xCD,
  0x85, 0xCE, 0xA9, 0xCC, 0x94, 0xCD, 0x85, 0xCE, 0xA9, 0xCC,
  0x93, 0xCC, 0x80, 0xCD, 0x85, 0xCE, 0xA9, 0xCC, 0x94, 0xCC,
  0x80, 0xCD, 0x85, 0xCE, 0xA9, 0xCC, 0x93, 0xCC, 0x81, 0xCD,
  0x85, 0xCE, 0xA9, 0xCC, 0x94, 0xCC, 0x81, 0xCD, 0x85, 0xCE,
  0xA9, 0xCC, 0x93, 0xCD, 0x82, 0xCD, 0x85, 0xCE, 0xA9, 0xCC,
  0x94, 0xCD, 0x82, 0xCD, 0x85, 0xCE, 0xB1, 0xCC, 0x86, 0xCE,
  0xB1, 0xCC, 0x84, 0xCE, 0xB1, 0xCC, 0x80, 0xCD, 0x85, 0xCE,
  0xB1, 0xCD, 0x85, 0xCE, 0xB1, 0xCC, 0x81, 0xCD, 0x85, 0xCE,
  0xB1, 0xCD, 0x82, 0xCE, 0xB1, 0xCD, 0x82, 0xCD, 0x85, 0xCE,
  0x91, 0xCC, 0x86, 0xCE, 0x91, 0xCC, 0x84, 0xCE, 0x91, 0xCC,
  0x80, 0xCE, 0x91, 0xCC, 0x81, 0xCE, 0x91, 0xCD, 0x85, 0x20,
  0xCC, 0x93, 0xCE, 0xB9, 0x20, 0xCC, 0x93, 0x20, 0xCD, 0x82,
  0x20, 0xCC, 0x88, 0xCD, 0x82, 0xC2, 0xA8, 0xCD, 0x82, 0xCE,
  0xB7, 0xCC, 0x80, 0xCD, 0x85, 0xCE, 0xB7, 0xCD, 0x85, 0xCE,
  0xB7, 0xCC, 0x81, 0xCD, 0x85, 0xCE, 0xB7, 0xCD, 0x82, 0xCE,
  0xB7, 0xCD, 0x82, 0xCD, 0x85, 0xCE, 0x95, 0xCC, 0x80, 0xCE,
  0x95, 0xCC, 0x81, 0xCE, 0x97, 0xCC, 0x80, 0xCE, 0x97, 0xCC,
  0x81, 0xCE, 0x97, 0xCD, 0x85, 0x20, 0xCC, 0x93, 0xCC, 0x80,
  0xE1, 0xBE, 0xBF, 0xCC, 0x80, 0x20, 0xCC, 0x93, 0xCC, 0x81,
  0xE1, 0xBE, 0xBF, 0xCC, 0x81, 0x20, 0xCC, 0x93, 0xCD, 0x82,
  0xE1, 0xBE, 0xBF, 0xCD, 0x82, 0xCE, 0xB9, 0xCC, 0x86, 0xCE,
  0xB9, 0xCC, 0x84, 0xCE, 0xB9, 0xCC, 0x88, 0xCC, 0x80, 0xCE,
  0xB9, 0xCC, 0x88, 0xCC, 0x81, 0xCE, 0xB9, 0xCD, 0x82, 0xCE,
  0xB9, 0xCC, 0x88, 0xCD, 0x82, 0xCE, 0x99, 0xCC, 0x86, 0xCE,
  0x99, 0xCC, 0x84, 0xCE, 0x99, 0xCC, 0x80, 0xCE, 0x99, 0xCC,
  0x81, 0x20, 0xCC, 0x94, 0xCC, 0x80, 0xE1, 0xBF, 0xBE, 0xCC,
  0x80, 0x20, 0xCC, 0x94, 0xCC, 0x81, 0xE1, 0xBF, 0xBE, 0xCC,
  0x81, 0x20, 0xCC, 0x94, 0xCD, 0x82, 0xE1, 0xBF, 0xBE, 0xCD,
  0x82, 0xCF, 0x85, 0xCC, 0x86, 0xCF, 0x85, 0xCC, 0x84, 0xCF,
  0x85, 0xCC, 0x88, 0xCC, 0x80, 0xCF, 0x85, 0xCC, 0x88, 0xCC,
  0x81, 0xCF, 0x81, 0xCC, 0x93, 0xCF, 0x81, 0xCC, 0x94, 0xCF,
  0x85, 0xCD, 0x82, 0xCF, 0x85, 0xCC, 0x88, 0xCD, 0x82, 0xCE,
  0xA5, 0xCC, 0x86, 0xCE, 0xA5, 0xCC, 0x84, 0xCE, 0xA5, 0xCC,
  0x80, 0xCE, 0xA5, 0xCC, 0x81, 0xCE, 0xA1, 0xCC, 0x94, 0x20,
  0xCC, 0x88, 0xCC, 0x80, 0xC2, 0xA8, 0xCC, 0x80, 0x20, 0xCC,
  0x88, 0xCC, 0x81, 0xC2, 0xA8, 0xCC, 0x81, 0x60, 0xCF, 0x89,
  0xCC, 0x80, 0xCD, 0x85, 0xCF, 0x89, 0xCD, 0x85, 0xCF, 0x89,
  0xCC, 0x81, 0xCD, 0x85, 0xCF, 0x89, 0xCD, 0x82, 0xCF, 0x89,
  0xCD, 0x82, 0xCD, 0x85, 0xCE, 0x9F, 0xCC, 0x80, 0xCE, 0x9F,
  0xCC, 0x81, 0xCE, 0xA9, 0xCC, 0x80, 0xCE, 0xA9, 0xCC, 0x81,
  0xCE, 0xA9, 0xCD, 0x85, 0x20, 0xCC, 0x81, 0xC2, 0xB4, 0x20,
  0xCC, 0x94, 0x20, 0xE2, 0x80, 0x82, 0x20, 0xE2, 0x80, 0x83,
  0x20, 0x20, 0x20, 0x20, 0x20, 0x20, 0x20, 0x20, 0x20, 0xE2,
  0x80, 0x90, 0x20, 0xCC, 0xB3, 0x2E, 0x2E, 0x2E, 0x2E, 0x2E,
  0x2E, 0x20, 0xE2, 0x80, 0xB2, 0xE2, 0x80, 0xB2, 0xE2, 0x80,
  0xB2, 0xE2, 0x80, 0xB2, 0xE2, 0x80, 0xB2, 0xE2, 0x80, 0xB5,
  0xE2, 0x80, 0xB5, 0xE2, 0x80, 0xB5, 0xE2, 0x80, 0xB5, 0xE2,
  0x80, 0xB5, 0x21, 0x21, 0x20, 0xCC, 0x85, 0x3F, 0x3F, 0x3F,
  0x21, 0x21, 0x3F, 0xE2, 0x80, 0xB2, 0xE2, 0x80, 0xB2, 0xE2,
  0x80, 0xB2, 0xE2, 0x80, 0xB2, 0x20, 0x30, 0x69, 0x34, 0x35,
  0x36, 0x37, 0x38, 0x39, 0x2B, 0xE2, 0x88, 0x92, 0x3D, 0x28,
  0x29, 0x6E, 0x30, 0x31, 0x32, 0x33, 0x34, 0x35, 0x36, 0x37,
  0x38, 0x39, 0x2B, 0xE2, 0x88, 0x92, 0x3D, 0x28, 0x29, 0x61,
  0x65, 0x6F, 0x78, 0xC9, 0x99, 0x68, 0x6B, 0x6C, 0x6D, 0x6E,
  0x70, 0x73, 0x74, 0x52, 0x73, 0xE2, 0x83, 0x90, 0xE2, 0x83,
  0x91, 0xE2, 0x83, 0x92, 0xE2, 0x83, 0x93, 0xE2, 0x83, 0x94,
  0xE2, 0x83, 0x95, 0xE2, 0x83, 0x96, 0xE2, 0x83, 0x97, 0xE2,
  0x83, 0x98, 0xE2, 0x83, 0x99, 0xE2, 0x83, 0x9A, 0xE2, 0x83,
  0x9B, 0xE2, 0x83, 0x9C, 0xE2, 0x83, 0xA1, 0xE2, 0x83, 0xA5,
  0xE2, 0x83, 0xA6, 0xE2, 0x83, 0xA7, 0xE2, 0x83, 0xA8, 0xE2,
  0x83, 0xA9, 0xE2, 0x83, 0xAA, 0xE2, 0x83, 0xAB, 0xE2, 0x83,
  0xAC, 0xE2, 0x83, 0xAD, 0xE2, 0x83, 0xAE, 0xE2, 0x83, 0xAF,
  0xE2, 0x83, 0xB0, 0x61, 0x2F, 0x63, 0x61, 0x2F, 0x73, 0x43,
  0xC2, 0xB0, 0x43, 0x63, 0x2F, 0x6F, 0x63, 0x2F, 0x75, 0xC6,
  0x90, 0xC2, 0xB0, 0x46, 0x67, 0x48, 0x48, 0x48, 0x68, 0xC4,
  0xA7, 0x49, 0x49, 0x4C, 0x6C, 0x4E, 0x4E, 0x6F, 0x50, 0x51,
  0x52, 0x52, 0x52, 0x53, 0x4D, 0x54, 0x45, 0x4C, 0x54, 0x4D,
  0x5A, 0xCE, 0xA9, 0x5A, 0x4B, 0x41, 0xCC, 0x8A, 0x42, 0x43,
  0x65, 0x45, 0x46, 0x4D, 0x6F, 0xD7, 0x90, 0xD7, 0x91, 0xD7,
  0x92, 0xD7, 0x93, 0x69, 0x46, 0x41, 0x58, 0xCF, 0x80, 0xCE,
  0xB3, 0xCE, 0x93, 0xCE, 0xA0, 0xE2, 0x88, 0x91, 0x44, 0x64,
  0x65, 0x69, 0x6A, 0x31, 0xE2, 0x81, 0x84, 0x37, 0x31, 0xE2,
  0x81, 0x84, 0x39, 0x31, 0xE2, 0x81, 0x84, 0x31, 0x30, 0x31,
  0xE2, 0x81, 0x84, 0x33, 0x32, 0xE2, 0x81, 0x84, 0x33, 0x31,
  0xE2, 0x81, 0x84, 0x35, 0x32, 0xE2, 0x81, 0x84, 0x35, 0x33,
  0xE2, 0x81, 0x84, 0x35, 0x34, 0xE2, 0x81, 0x84, 0x35, 0x31,
  0xE2, 0x81, 0x84, 0x36, 0x35, 0xE2, 0x81, 0x84, 0x36, 0x31,
  0xE2, 0x81, 0x84, 0x38, 0x33, 0xE2, 0x81, 0x84, 0x38, 0x35,
  0xE2, 0x81, 0x84, 0x38, 0x37, 0xE2, 0x81, 0x84, 0x38, 0x31,
  0xE2, 0x81, 0x84, 0x49, 0x49, 0x49, 0x49, 0x49, 0x49, 0x49,
  0x56, 0x56, 0x56, 0x49, 0x56, 0x49, 0x49, 0x56, 0x49, 0x49,
  0x49, 0x49, 0x58, 0x58, 0x58, 0x49, 0x58, 0x49, 0x49, 0x4C,
  0x43, 0x44, 0x4D, 0x69, 0x69, 0x69, 0x69, 0x69, 0x69, 0x69,
  0x76, 0x76, 0x76, 0x69, 0x76, 0x69, 0x69, 0x76, 0x69, 0x69,
  0x69, 0x69, 0x78, 0x78, 0x78, 0x69, 0x78, 0x69, 0x69, 0x6C,
  0x63, 0x64, 0x6D, 0x30, 0xE2, 0x81, 0x84, 0x33, 0xE2, 0x86,
  0x90, 0xCC, 0xB8, 0xE2, 0x86, 0x92, 0xCC, 0xB8, 0xE2, 0x86,
  0x94, 0xCC, 0xB8, 0xE2, 0x87, 0x90, 0xCC, 0xB8, 0xE2, 0x87,
  0x94, 0xCC, 0xB8, 0xE2, 0x87, 0x92, 0xCC, 0xB8, 0xE2, 0x88,
  0x83, 0xCC, 0xB8, 0xE2, 0x88, 0x88, 0xCC, 0xB8, 0xE2, 0x88,
  0x8B, 0xCC, 0xB8, 0xE2, 0x88, 0xA3, 0xCC, 0xB8, 0xE2, 0x88,
  0xA5, 0xCC, 0xB8, 0xE2, 0x88, 0xAB, 0xE2, 0x88, 0xAB, 0xE2,
  0x88, 0xAB, 0xE2, 0x88, 0xAB, 0xE2, 0x88, 0xAB, 0xE2, 0x88,
  0xAE, 0xE2, 0x88, 0xAE, 0xE2, 0x88, 0xAE, 0xE2, 0x88, 0xAE,
  0xE2, 0x88, 0xAE, 0xE2, 0x88, 0xBC, 0xCC, 0xB8, 0xE2, 0x89,
  0x83, 0xCC, 0xB8, 0xE2, 0x89, 0x85, 0xCC, 0xB8, 0xE2, 0x89,
  0x88, 0xCC, 0xB8, 0x3D, 0xCC, 0xB8, 0xE2, 0x89, 0xA1, 0xCC,
  0xB8, 0xE2, 0x89, 0x8D, 0xCC, 0xB8, 0x3C, 0xCC, 0xB8, 0x3E,
  0xCC, 0xB8, 0xE2, 0x89, 0xA4, 0xCC, 0xB8, 0xE2, 0x89, 0xA5,
  0xCC, 0xB8, 0xE2, 0x89, 0xB2, 0xCC, 0xB8, 0xE2, 0x89, 0xB3,
  0xCC, 0xB8, 0xE2, 0x89, 0xB6, 0xCC, 0xB8, 0xE2, 0x89, 0xB7,
  0xCC, 0xB8, 0xE2, 0x89, 0xBA, 0xCC, 0xB8, 0xE2, 0x89, 0xBB,
  0xCC, 0xB8, 0xE2, 0x8A, 0x82, 0xCC, 0xB8, 0xE2, 0x8A, 0x83,
  0xCC, 0xB8, 0xE2, 0x8A, 0x86, 0xCC, 0xB8, 0xE2, 0x8A, 0x87,
  0xCC, 0xB8, 0xE2, 0x8A, 0xA2, 0xCC, 0xB8, 0xE2, 0x8A, 0xA8,
  0xCC, 0xB8, 0xE2, 0x8A, 0xA9, 0xCC, 0xB8, 0xE2, 0x8A, 0xAB,
  0xCC, 0xB8, 0xE2, 0x89, 0xBC, 0xCC, 0xB8, 0xE2, 0x89, 0xBD,
  0xCC, 0xB8, 0xE2, 0x8A, 0x91, 0xCC, 0xB8, 0xE2, 0x8A, 0x92,
  0xCC, 0xB8, 0xE2, 0x8A, 0xB2, 0xCC, 0xB8, 0xE2, 0x8A, 0xB3,
  0xCC, 0xB8, 0xE2, 0x8A, 0xB4, 0xCC, 0xB8, 0xE2, 0x8A, 0xB5,
  0xCC, 0xB8, 0xE3, 0x80, 0x88, 0xE3, 0x80, 0x89, 0x31, 0x32,
  0x33, 0x34, 0x35, 0x36, 0x37, 0x38, 0x39, 0x31, 0x30, 0x31,
  0x31, 0x31, 0x32, 0x31, 0x33, 0x31, 0x34, 0x31, 0x35, 0x31,
  0x36, 0x31, 0x37, 0x31, 0x38, 0x31, 0x39, 0x32, 0x30, 0x28,
  0x31, 0x29, 0x28, 0x32, 0x29, 0x28, 0x33, 0x29, 0x28, 0x34,
  0x29, 0x28, 0x35, 0x29, 0x28, 0x36, 0x29, 0x28, 0x37, 0x29,
  0x28, 0x38, 0x29, 0x28, 0x39, 0x29, 0x28, 0x31, 0x30, 0x29,
  0x28, 0x31, 0x31, 0x29, 0x28, 0x31, 0x32, 0x29, 0x28, 0x31,
  0x33, 0x29, 0x28, 0x31, 0x34, 0x29, 0x28, 0x31, 0x35, 0x29,
  0x28, 0x31, 0x36, 0x29, 0x28, 0x31, 0x37, 0x29, 0x28, 0x31,
  0x38, 0x29, 0x28, 0x31, 0x39, 0x29, 0x28, 0x32, 0x30, 0x29,
  0x31, 0x2E, 0x32, 0x2E, 0x33, 0x2E, 0x34, 0x2E, 0x35, 0x2E,
  0x36, 0x2E, 0x37, 0x2E, 0x38, 0x2E, 0x39, 0x2E, 0x31, 0x30,
  0x2E, 0x31, 0x31, 0x2E, 0x31, 0x32, 0x2E, 0x31, 0x33, 0x2E,
  0x31, 0x34, 0x2E, 0x31, 0x35, 0x2E, 0x31, 0x36, 0x2E, 0x31,
  0x37, 0x2E, 0x31, 0x38, 0x2E, 0x31, 0x39, 0x2E, 0x32, 0x30,
  0x2E, 0x28, 0x61, 0x29, 0x28, 0x62, 0x29, 0x28, 0x63, 0x29,
  0x28, 0x64, 0x29, 0x28, 0x65, 0x29, 0x28, 0x66, 0x29, 0x28,
  0x67, 0x29, 0x28, 0x68, 0x29, 0x28, 0x69, 0x29, 0x28, 0x6A,
  0x29, 0x28, 0x6B, 0x29, 0x28, 0x6C, 0x29, 0x28, 0x6D, 0x29,
  0x28, 0x6E, 0x29, 0x28, 0x6F, 0x29, 0x28, 0x70, 0x29, 0x28,
  0x71, 0x29, 0x28, 0x72, 0x29, 0x28, 0x73, 0x29, 0x28, 0x74,
  0x29, 0x28, 0x75, 0x29, 0x28, 0x76, 0x29, 0x28, 0x77, 0x29,
  0x28, 0x78, 0x29, 0x28, 0x79, 0x29, 0x28, 0x7A, 0x29, 0x41,
  0x42, 0x43, 0x44, 0x45, 0x46, 0x47, 0x48, 0x49, 0x4A, 0x4B,
  0x4C, 0x4D, 0x4E, 0x4F, 0x50, 0x51, 0x52, 0x53, 0x54, 0x55,
  0x56, 0x57, 0x58, 0x59, 0x5A, 0x61, 0x62, 0x63, 0x64, 0x65,
  0x66, 0x67, 0x68, 0x69, 0x6A, 0x6B, 0x6C, 0x6D, 0x6E, 0x6F,
  0x70, 0x71, 0x72, 0x73, 0x74, 0x75, 0x76, 0x77, 0x78, 0x79,
  0x7A, 0x30, 0xE2, 0x88, 0xAB, 0xE2, 0x88, 0xAB, 0xE2, 0x88,
  0xAB, 0xE2, 0x88, 0xAB, 0x3A, 0x3A, 0x3D, 0x3D, 0x3D, 0x3D,
  0x3D, 0x3D, 0xE2, 0xAB, 0x9D, 0xCC, 0xB8, 0x6A, 0x56, 0xE2,
  0xB3, 0xAF, 0xE2, 0xB3, 0xB0, 0xE2, 0xB3, 0xB1, 0xE2, 0xB5,
  0xA1, 0xE2, 0xB5, 0xBF, 0xE2, 0xB7, 0xA0, 0xE2, 0xB7, 0xA1,
  0xE2, 0xB7, 0xA2, 0xE2, 0xB7, 0xA3, 0xE2, 0xB7, 0xA4, 0xE2,
  0xB7, 0xA5, 0xE2, 0xB7, 0xA6, 0xE2, 0xB7, 0xA7, 0xE2, 0xB7,
  0xA8, 0xE2, 0xB7, 0xA9, 0xE2, 0xB7, 0xAA, 0xE2, 0xB7, 0xAB,
  0xE2, 0xB7, 0xAC, 0xE2, 0xB7, 0xAD, 0xE2, 0xB7, 0xAE, 0xE2,
  0xB7, 0xAF, 0xE2, 0xB7, 0xB0, 0xE2, 0xB7, 0xB1, 0xE2, 0xB7,
  0xB2, 0xE2, 0xB7, 0xB3, 0xE2, 0xB7, 0xB4, 0xE2, 0xB7, 0xB5,
  0xE2, 0xB7, 0xB6, 0xE2, 0xB7, 0xB7, 0xE2, 0xB7, 0xB8, 0xE2,
  0xB7, 0xB9, 0xE2, 0xB7, 0xBA, 0xE2, 0xB7, 0xBB, 0xE2, 0xB7,
  0xBC, 0xE2, 0xB7, 0xBD, 0xE2, 0xB7, 0xBE, 0xE2, 0xB7, 0xBF,
  0xE6, 0xAF, 0x8D, 0xE9, 0xBE, 0x9F, 0xE4, 0xB8, 0x80, 0xE4,
  0xB8, 0xA8, 0xE4, 0xB8, 0xB6, 0xE4, 0xB8, 0xBF, 0xE4, 0xB9,
  0x99, 0xE4, 0xBA, 0x85, 0xE4, 0xBA, 0x8C, 0xE4, 0xBA, 0xA0,
  0xE4, 0xBA, 0xBA, 0xE5, 0x84, 0xBF, 0xE5, 0x85, 0xA5, 0xE5,
  0x85, 0xAB, 0xE5, 0x86, 0x82, 0xE5, 0x86, 0x96, 0xE5, 0x86,
  0xAB, 0xE5, 0x87, 0xA0, 0xE5, 0x87, 0xB5, 0xE5, 0x88, 0x80,
  0xE5, 0x8A, 0x9B, 0xE5, 0x8B, 0xB9, 0xE5, 0x8C, 0x95, 0xE5,
  0x8C, 0x9A, 0xE5, 0x8C, 0xB8, 0xE5, 0x8D, 0x81, 0xE5, 0x8D,
  0x9C, 0xE5, 0x8D, 0xA9, 0xE5, 0x8E, 0x82, 0xE5, 0x8E, 0xB6,
  0xE5, 0x8F, 0x88, 0xE5, 0x8F, 0xA3, 0xE5, 0x9B, 0x97, 0xE5,
  0x9C, 0x9F, 0xE5, 0xA3, 0xAB, 0xE5, 0xA4, 0x82, 0xE5, 0xA4,
  0x8A, 0xE5, 0xA4, 0x95, 0xE5, 0xA4, 0xA7, 0xE5, 0xA5, 0xB3,
  0xE5, 0xAD, 0x90, 0xE5, 0xAE, 0x80, 0xE5, 0xAF, 0xB8, 0xE5,
  0xB0, 0x8F, 0xE5, 0xB0, 0xA2, 0xE5, 0xB0, 0xB8, 0xE5, 0xB1,
  0xAE, 0xE5, 0xB1, 0xB1, 0xE5, 0xB7, 0x9B, 0xE5, 0xB7, 0xA5,
  0xE5, 0xB7, 0xB1, 0xE5, 0xB7, 0xBE, 0xE5, 0xB9, 0xB2, 0xE5,
  0xB9, 0xBA, 0xE5, 0xB9, 0xBF, 0xE5, 0xBB, 0xB4, 0xE5, 0xBB,
  0xBE, 0xE5, 0xBC, 0x8B, 0xE5, 0xBC, 0x93, 0xE5, 0xBD, 0x90,
  0xE5, 0xBD, 0xA1, 0xE5, 0xBD, 0xB3, 0xE5, 0xBF, 0x83, 0xE6,
  0x88, 0x88, 0xE6, 0x88, 0xB6, 0xE6, 0x89, 0x8B, 0xE6, 0x94,
  0xAF, 0xE6, 0x94, 0xB4, 0xE6, 0x96, 0x87, 0xE6, 0x96, 0x97,
  0xE6, 0x96, 0xA4, 0xE6, 0x96, 0xB9, 0xE6, 0x97, 0xA0, 0xE6,
  0x97, 0xA5, 0xE6, 0x9B, 0xB0, 0xE6, 0x9C, 0x88, 0xE6, 0x9C,
  0xA8, 0xE6, 0xAC, 0xA0, 0xE6, 0xAD, 0xA2, 0xE6, 0xAD, 0xB9,
  0xE6, 0xAE, 0xB3, 0xE6, 0xAF, 0x8B, 0xE6, 0xAF, 0x94, 0xE6,
  0xAF, 0x9B, 0xE6, 0xB0, 0x8F, 0xE6, 0xB0, 0x94, 0xE6, 0xB0,
  0xB4, 0xE7, 0x81, 0xAB, 0xE7, 0x88, 0xAA, 0xE7, 0x88, 0xB6,
  0xE7, 0x88, 0xBB, 0xE7, 0x88, 0xBF, 0xE7, 0x89, 0x87, 0xE7,
  0x89, 0x99, 0xE7, 0x89, 0x9B, 0xE7, 0x8A, 0xAC, 0xE7, 0x8E,
  0x84, 0xE7, 0x8E, 0x89, 0xE7, 0x93, 0x9C, 0xE7, 0x93, 0xA6,
  0xE7, 0x94, 0x98, 0xE7, 0x94, 0x9F, 0xE7, 0x94, 0xA8, 0xE7,
  0x94, 0xB0, 0xE7, 0x96, 0x8B, 0xE7, 0x96, 0x92, 0xE7, 0x99,
  0xB6, 0xE7, 0x99, 0xBD, 0xE7, 0x9A, 0xAE, 0xE7, 0x9A, 0xBF,
  0xE7, 0x9B, 0xAE, 0xE7, 0x9F, 0x9B, 0xE7, 0x9F, 0xA2, 0xE7,
  0x9F, 0xB3, 0xE7, 0xA4, 0xBA, 0xE7, 0xA6, 0xB8, 0xE7, 0xA6,
  0xBE, 0xE7, 0xA9, 0xB4, 0xE7, 0xAB, 0x8B, 0xE7, 0xAB, 0xB9,
  0xE7, 0xB1, 0xB3, 0xE7, 0xB3, 0xB8, 0xE7, 0xBC, 0xB6, 0xE7,
  0xBD, 0x91, 0xE7, 0xBE, 0x8A, 0xE7, 0xBE, 0xBD, 0xE8, 0x80,
  0x81, 0xE8, 0x80, 0x8C, 0xE8, 0x80, 0x92, 0xE8, 0x80, 0xB3,
  0xE8, 0x81, 0xBF, 0xE8, 0x82, 0x89, 0xE8, 0x87, 0xA3, 0xE8,
  0x87, 0xAA, 0xE8, 0x87, 0xB3, 0xE8, 0x87, 0xBC, 0xE8, 0x88,
  0x8C, 0xE8, 0x88, 0x9B, 0xE8, 0x88, 0x9F, 0xE8, 0x89, 0xAE,
  0xE8, 0x89, 0xB2, 0xE8, 0x89, 0xB8, 0xE8, 0x99, 0x8D, 0xE8,
  0x99, 0xAB, 0xE8, 0xA1, 0x80, 0xE8, 0xA1, 0x8C, 0xE8, 0xA1,
  0xA3, 0xE8, 0xA5, 0xBE, 0xE8, 0xA6, 0x8B, 0xE8, 0xA7, 0x92,
  0xE8, 0xA8, 0x80, 0xE8, 0xB0, 0xB7, 0xE8, 0xB1, 0x86, 0xE8,
  0xB1, 0x95, 0xE8, 0xB1, 0xB8, 0xE8, 0xB2, 0x9D, 0xE8, 0xB5,
  0xA4, 0xE8, 0xB5, 0xB0, 0xE8, 0xB6, 0xB3, 0xE8, 0xBA, 0xAB,
  0xE8, 0xBB, 0x8A, 0xE8, 0xBE, 0x9B, 0xE8, 0xBE, 0xB0, 0xE8,
  0xBE, 0xB5, 0xE9, 0x82, 0x91, 0xE9, 0x85, 0x89, 0xE9, 0x87,
  0x86, 0xE9, 0x87, 0x8C, 0xE9, 0x87, 0x91, 0xE9, 0x95, 0xB7,
  0xE9, 0x96, 0x80, 0xE9, 0x98, 0x9C, 0xE9, 0x9A, 0xB6, 0xE9,
  0x9A, 0xB9, 0xE9, 0x9B, 0xA8, 0xE9, 0x9D, 0x91, 0xE9, 0x9D,
  0x9E, 0xE9, 0x9D, 0xA2, 0xE9, 0x9D, 0xA9, 0xE9, 0x9F, 0x8B,
  0xE9, 0x9F, 0xAD, 0xE9, 0x9F, 0xB3, 0xE9, 0xA0, 0x81, 0xE9,
  0xA2, 0xA8, 0xE9, 0xA3, 0x9B, 0xE9, 0xA3, 0x9F, 0xE9, 0xA6,
  0x96, 0xE9, 0xA6, 0x99, 0xE9, 0xA6, 0xAC, 0xE9, 0xAA, 0xA8,
  0xE9, 0xAB, 0x98, 0xE9, 0xAB, 0x9F, 0xE9, 0xAC, 0xA5, 0xE9,
  0xAC, 0xAF, 0xE9, 0xAC, 0xB2, 0xE9, 0xAC, 0xBC, 0xE9, 0xAD,
  0x9A, 0xE9, 0xB3, 0xA5, 0xE9, 0xB9, 0xB5, 0xE9, 0xB9, 0xBF,
  0xE9, 0xBA, 0xA5, 0xE9, 0xBA, 0xBB, 0xE9, 0xBB, 0x83, 0xE9,
  0xBB, 0x8D, 0xE9, 0xBB, 0x91, 0xE9, 0xBB, 0xB9, 0xE9, 0xBB,
  0xBD, 0xE9, 0xBC, 0x8E, 0xE9, 0xBC, 0x93, 0xE9, 0xBC, 0xA0,
  0xE9, 0xBC, 0xBB, 0xE9, 0xBD, 0x8A, 0xE9, 0xBD, 0x92, 0xE9,
  0xBE, 0x8D, 0xE9, 0xBE, 0x9C, 0xE9, 0xBE, 0xA0, 0x20, 0xE3,
  0x80, 0xAA, 0xE3, 0x80, 0xAB, 0xE3, 0x80, 0xAC, 0xE3, 0x80,
  0xAD, 0xE3, 0x80, 0xAE, 0xE3, 0x80, 0xAF, 0xE3, 0x80, 0x92,
  0xE5, 0x8D, 0x81, 0xE5, 0x8D, 0x84, 0xE5, 0x8D, 0x85, 0xE3,
  0x81, 0x8B, 0xE3, 0x82, 0x99, 0xE3, 0x81, 0x8D, 0xE3, 0x82,
  0x99, 0xE3, 0x81, 0x8F, 0xE3, 0x82, 0x99, 0xE3, 0x81, 0x91,
  0xE3, 0x82, 0x99, 0xE3, 0x81, 0x93, 0xE3, 0x82, 0x99, 0xE3,
  0x81, 0x95, 0xE3, 0x82, 0x99, 0xE3, 0x81, 0x97, 0xE3, 0x82,
  0x99, 0xE3, 0x81, 0x99, 0xE3, 0x82, 0x99, 0xE3, 0x81, 0x9B,
  0xE3, 0x82, 0x99, 0xE3, 0x81, 0x9D, 0xE3, 0x82, 0x99, 0xE3,
  0x81, 0x9F, 0xE3, 0x82, 0x99, 0xE3, 0x81, 0xA1, 0xE3, 0x82,
  0x99, 0xE3, 0x81, 0xA4, 0xE3, 0x82, 0x99, 0xE3, 0x81, 0xA6,
  0xE3, 0x82, 0x99, 0xE3, 0x81, 0xA8, 0xE3, 0x82, 0x99, 0xE3,
  0x81, 0xAF, 0xE3, 0x82, 0x99, 0xE3, 0x81, 0xAF, 0xE3, 0x82,
  0x9A, 0xE3, 0x81, 0xB2, 0xE3, 0x82, 0x99, 0xE3, 0x81, 0xB2,
  0xE3, 0x82, 0x9A, 0xE3, 0x81, 0xB5, 0xE3, 0x82, 0x99, 0xE3,
  0x81, 0xB5, 0xE3, 0x82, 0x9A, 0xE3, 0x81, 0xB8, 0xE3, 0x82,
  0x99, 0xE3, 0x81, 0xB8, 0xE3, 0x82, 0x9A, 0xE3, 0x81, 0xBB,
  0xE3, 0x82, 0x99, 0xE3, 0x81, 0xBB, 0xE3, 0x82, 0x9A, 0xE3,
  0x81, 0x86, 0xE3, 0x82, 0x99, 0xE3, 0x82, 0x99, 0xE3, 0x82,
  0x9A, 0x20, 0xE3, 0x82, 0x99, 0x20, 0xE3, 0x82, 0x9A, 0xE3,
  0x82, 0x9D, 0xE3, 0x82, 0x99, 0xE3, 0x82, 0x88, 0xE3, 0x82,
  0x8A, 0xE3, 0x82, 0xAB, 0xE3, 0x82, 0x99, 0xE3, 0x82, 0xAD,
  0xE3, 0x82, 0x99, 0xE3, 0x82, 0xAF, 0xE3, 0x82, 0x99, 0xE3,
  0x82, 0xB1, 0xE3, 0x82, 0x99, 0xE3, 0x82, 0xB3, 0xE3, 0x82,
  0x99, 0xE3, 0x82, 0xB5, 0xE3, 0x82, 0x99, 0xE3, 0x82, 0xB7,
  0xE3, 0x82, 0x99, 0xE3, 0x82, 0xB9, 0xE3, 0x82, 0x99, 0xE3,
  0x82, 0xBB, 0xE3, 0x82, 0x99, 0xE3, 0x82, 0xBD, 0xE3, 0x82,
  0x99, 0xE3, 0x82, 0xBF, 0xE3, 0x82, 0x99, 0xE3, 0x83, 0x81,
  0xE3, 0x82, 0x99, 0xE3, 0x83, 0x84, 0xE3, 0x82, 0x99, 0xE3,
  0x83, 0x86, 0xE3, 0x82, 0x99, 0xE3, 0x83, 0x88, 0xE3, 0x82,
  0x99, 0xE3, 0x83, 0x8F, 0xE3, 0x82, 0x99, 0xE3, 0x83, 0x8F,
  0xE3, 0x82, 0x9A, 0xE3, 0x83, 0x92, 0xE3, 0x82, 0x99, 0xE3,
  0x83, 0x92, 0xE3, 0x82, 0x9A, 0xE3, 0x83, 0x95, 0xE3, 0x82,
  0x99, 0xE3, 0x83, 0x95, 0xE3, 0x82, 0x9A, 0xE3, 0x83, 0x98,
  0xE3, 0x82, 0x99, 0xE3, 0x83, 0x98, 0xE3, 0x82, 0x9A, 0xE3,
  0x83, 0x9B, 0xE3, 0x82, 0x99, 0xE3, 0x83, 0x9B, 0xE3, 0x82,
  0x9A, 0xE3, 0x82, 0xA6, 0xE3, 0x82, 0x99, 0xE3, 0x83, 0xAF,
  0xE3, 0x82, 0x99, 0xE3, 0x83, 0xB0, 0xE3, 0x82, 0x99, 0xE3,
  0x83, 0xB1, 0xE3, 0x82, 0x99, 0xE3, 0x83, 0xB2, 0xE3, 0x82,
  0x99, 0xE3, 0x83, 0xBD, 0xE3, 0x82, 0x99, 0xE3, 0x82, 0xB3,
  0xE3, 0x83, 0x88, 0xE1, 0x84, 0x80, 0xE1, 0x84, 0x81, 0xE1,
  0x86, 0xAA, 0xE1, 0x84, 0x82, 0xE1, 0x86, 0xAC, 0xE1, 0x86,
  0xAD, 0xE1, 0x84, 0x83, 0xE1, 0x84, 0x84, 0xE1, 0x84, 0x85,
  0xE1, 0x86, 0xB0, 0xE1, 0x86, 0xB1, 0xE1, 0x86, 0xB2, 0xE1,
  0x86, 0xB3, 0xE1, 0x86, 0xB4, 0xE1, 0x86, 0xB5, 0xE1, 0x84,
  0x9A, 0xE1, 0x84, 0x86, 0xE1, 0x84, 0x87, 0xE1, 0x84, 0x88,
  0xE1, 0x84, 0xA1, 0xE1, 0x84, 0x89, 0xE1, 0x84, 0x8A, 0xE1,
  0x84, 0x8B, 0xE1, 0x84, 0x8C, 0xE1, 0x84, 0x8D, 0xE1, 0x84,
  0x8E, 0xE1, 0x84, 0x8F, 0xE1, 0x84, 0x90, 0xE1, 0x84, 0x91,
  0xE1, 0x84, 0x92, 0xE1, 0x85, 0xA1, 0xE1, 0x85, 0xA2, 0xE1,
  0x85, 0xA3, 0xE1, 0x85, 0xA4, 0xE1, 0x85, 0xA5, 0xE1, 0x85,
  0xA6, 0xE1, 0x85, 0xA7, 0xE1, 0x85, 0xA8, 0xE1, 0x85, 0xA9,
  0xE1, 0x85, 0xAA, 0xE1, 0x85, 0xAB, 0xE1, 0x85, 0xAC, 0xE1,
  0x85, 0xAD, 0xE1, 0x85, 0xAE, 0xE1, 0x85, 0xAF, 0xE1, 0x85,
  0xB0, 0xE1, 0x85, 0xB1, 0xE1, 0x85, 0xB2, 0xE1, 0x85, 0xB3,
  0xE1, 0x85, 0xB4, 0xE1, 0x85, 0xB5, 0xE1, 0x85, 0xA0, 0xE1,
  0x84, 0x94, 0xE1, 0x84, 0x95, 0xE1, 0x87, 0x87, 0xE1, 0x87,
  0x88, 0xE1, 0x87, 0x8C, 0xE1, 0x87, 0x8E, 0xE1, 0x87, 0x93,
  0xE1, 0x87, 0x97, 0xE1, 0x87, 0x99, 0xE1, 0x84, 0x9C, 0xE1,
  0x87, 0x9D, 0xE1, 0x87, 0x9F, 0xE1, 0x84, 0x9D, 0xE1, 0x84,
  0x9E, 0xE1, 0x84, 0xA0, 0xE1, 0x84, 0xA2, 0xE1, 0x84, 0xA3,
  0xE1, 0x84, 0xA7, 0xE1, 0x84, 0xA9, 0xE1, 0x84, 0xAB, 0xE1,
  0x84, 0xAC, 0xE1, 0x84, 0xAD, 0xE1, 0x84, 0xAE, 0xE1, 0x84,
  0xAF, 0xE1, 0x84, 0xB2, 0xE1, 0x84, 0xB6, 0xE1, 0x85, 0x80,
  0xE1, 0x85, 0x87, 0xE1, 0x85, 0x8C, 0xE1, 0x87, 0xB1, 0xE1,
  0x87, 0xB2, 0xE1, 0x85, 0x97, 0xE1, 0x85, 0x98, 0xE1, 0x85,
  0x99, 0xE1, 0x86, 0x84, 0xE1, 0x86, 0x85, 0xE1, 0x86, 0x88,
  0xE1, 0x86, 0x91, 0xE1, 0x86, 0x92, 0xE1, 0x86, 0x94, 0xE1,
  0x86, 0x9E, 0xE1, 0x86, 0xA1, 0xE4, 0xB8, 0x80, 0xE4, 0xBA,
  0x8C, 0xE4, 0xB8, 0x89, 0xE5, 0x9B, 0x9B, 0xE4, 0xB8, 0x8A,
  0xE4, 0xB8, 0xAD, 0xE4, 0xB8, 0x8B, 0xE7, 0x94, 0xB2, 0xE4,
  0xB9, 0x99, 0xE4, 0xB8, 0x99, 0xE4, 0xB8, 0x81, 0xE5, 0xA4,
  0xA9, 0xE5, 0x9C, 0xB0, 0xE4, 0xBA, 0xBA, 0x28, 0xE1, 0x84,
  0x80, 0x29, 0x28, 0xE1, 0x84, 0x82, 0x29, 0x28, 0xE1, 0x84,
  0x83, 0x29, 0x28, 0xE1, 0x84, 0x85, 0x29, 0x28, 0xE1, 0x84,
  0x86, 0x29, 0x28, 0xE1, 0x84, 0x87, 0x29, 0x28, 0xE1, 0x84,
  0x89, 0x29, 0x28, 0xE1, 0x84, 0x8B, 0x29, 0x28, 0xE1, 0x84,
  0x8C, 0x29, 0x28, 0xE1, 0x84, 0x8E, 0x29, 0x28, 0xE1, 0x84,
  0x8F, 0x29, 0x28, 0xE1, 0x84, 0x90, 0x29, 0x28, 0xE1, 0x84,
  0x91, 0x29, 0x28, 0xE1, 0x84, 0x92, 0x29, 0x28, 0xE1, 0x84,
  0x80, 0xE1, 0x85, 0xA1, 0x29, 0x28, 0xE1, 0x84, 0x82, 0xE1,
  0x85, 0xA1, 0x29, 0x28, 0xE1, 0x84, 0x83, 0xE1, 0x85, 0xA1,
  0x29, 0x28, 0xE1, 0x84, 0x85, 0xE1, 0x85, 0xA1, 0x29, 0x28,
  0xE1, 0x84, 0x86, 0xE1, 0x85, 0xA1, 0x29, 0x28, 0xE1, 0x84,
  0x87, 0xE1, 0x85, 0xA1, 0x29, 0x28, 0xE1, 0x84, 0x89, 0xE1,
  0x85, 0xA1, 0x29, 0x28, 0xE1, 0x84, 0x8B, 0xE1, 0x85, 0xA1,
  0x29, 0x28, 0xE1, 0x84, 0x8C, 0xE1, 0x85, 0xA1, 0x29, 0x28,
  0xE1, 0x84, 0x8E, 0xE1, 0x85, 0xA1, 0x29, 0x28, 0xE1, 0x84,
  0x8F, 0xE1, 0x85, 0xA1, 0x29, 0x28, 0xE1, 0x84, 0x90, 0xE1,
  0x85, 0xA1, 0x29, 0x28, 0xE1, 0x84, 0x91, 0xE1, 0x85, 0xA1,
  0x29, 0x28, 0xE1, 0x84, 0x92, 0xE1, 0x85, 0xA1, 0x29, 0x28,
  0xE1, 0x84, 0x8C, 0xE1, 0x85, 0xAE, 0x29, 0x28, 0xE1, 0x84,
  0x8B, 0xE1, 0x85, 0xA9, 0xE1, 0x84, 0x8C, 0xE1, 0x85, 0xA5,
  0xE1, 0x86, 0xAB, 0x29, 0x28, 0xE1, 0x84, 0x8B, 0xE1, 0x85,
  0xA9, 0xE1, 0x84, 0x92, 0xE1, 0x85, 0xAE, 0x29, 0x28, 0xE4,
  0xB8, 0x80, 0x29, 0x28, 0xE4, 0xBA, 0x8C, 0x29, 0x28, 0xE4,
  0xB8, 0x89, 0x29, 0x28, 0xE5, 0x9B, 0x9B, 0x29, 0x28, 0xE4,
  0xBA, 0x94, 0x29, 0x28, 0xE5, 0x85, 0xAD, 0x29, 0x28, 0xE4,
  0xB8, 0x83, 0x29, 0x28, 0xE5, 0x85, 0xAB, 0x29, 0x28, 0xE4,
  0xB9, 0x9D, 0x29, 0x28, 0xE5, 0x8D, 0x81, 0x29, 0x28, 0xE6,
  0x9C, 0x88, 0x29, 0x28, 0xE7, 0x81, 0xAB, 0x29, 0x28, 0xE6,
  0xB0, 0xB4, 0x29, 0x28, 0xE6, 0x9C, 0xA8, 0x29, 0x28, 0xE9,
  0x87, 0x91, 0x29, 0x28, 0xE5, 0x9C, 0x9F, 0x29, 0x28, 0xE6,
  0x97, 0xA5, 0x29, 0x28, 0xE6, 0xA0, 0xAA, 0x29, 0x28, 0xE6,
  0x9C, 0x89, 0x29, 0x28, 0xE7, 0xA4, 0xBE, 0x29, 0x28, 0xE5,
  0x90, 0x8D, 0x29, 0x28, 0xE7, 0x89, 0xB9, 0x29, 0x28, 0xE8,
  0xB2, 0xA1, 0x29, 0x28, 0xE7, 0xA5, 0x9D, 0x29, 0x28, 0xE5,
  0x8A, 0xB4, 0x29, 0x28, 0xE4, 0xBB, 0xA3, 0x29, 0x28, 0xE5,
  0x91, 0xBC, 0x29, 0x28, 0xE5, 0xAD, 0xA6, 0x29, 0x28, 0xE7,
  0x9B, 0xA3, 0x29, 0x28, 0xE4, 0xBC, 0x81, 0x29, 0x28, 0xE8,
  0xB3, 0x87, 0x29, 0x28, 0xE5, 0x8D, 0x94, 0x29, 0x28, 0xE7,
  0xA5, 0xAD, 0x29, 0x28, 0xE4, 0xBC, 0x91, 0x29, 0x28, 0xE8,
  0x87, 0xAA, 0x29, 0x28, 0xE8, 0x87, 0xB3, 0x29, 0xE5, 0x95,
  0x8F, 0xE5, 0xB9, 0xBC, 0xE6, 0x96, 0x87, 0xE7, 0xAE, 0x8F,
  0x50, 0x54, 0x45, 0x32, 0x31, 0x32, 0x32, 0x32, 0x33, 0x32,
  0x34, 0x32, 0x35, 0x32, 0x36, 0x32, 0x37, 0x32, 0x38, 0x32,
  0x39, 0x33, 0x30, 0x33, 0x31, 0x33, 0x32, 0x33, 0x33, 0x33,
  0x34, 0x33, 0x35, 0xE1, 0x84, 0x80, 0xE1, 0x84, 0x82, 0xE1,
  0x84, 0x83, 0xE1, 0x84, 0x85, 0xE1, 0x84, 0x86, 0xE1, 0x84,
  0x87, 0xE1, 0x84, 0x89, 0xE1, 0x84, 0x8B, 0xE1, 0x84, 0x8C,
  0xE1, 0x84, 0x8E, 0xE1, 0x84, 0x8F, 0xE1, 0x84, 0x90, 0xE1,
  0x84, 0x91, 0xE1, 0x84, 0x92, 0xE1, 0x84, 0x80, 0xE1, 0x85,
  0xA1, 0xE1, 0x84, 0x82, 0xE1, 0x85, 0xA1, 0xE1, 0x84, 0x83,
  0xE1, 0x85, 0xA1, 0xE1, 0x84, 0x85, 0xE1, 0x85, 0xA1, 0xE1,
  0x84, 0x86, 0xE1, 0x85, 0xA1, 0xE1, 0x84, 0x87, 0xE1, 0x85,
  0xA1, 0xE1, 0x84, 0x89, 0xE1, 0x85, 0xA1, 0xE1, 0x84, 0x8B,
  0xE1, 0x85, 0xA1, 0xE1, 0x84, 0x8C, 0xE1, 0x85, 0xA1, 0xE1,
  0x84, 0x8E, 0xE1, 0x85, 0xA1, 0xE1, 0x84, 0x8F, 0xE1, 0x85,
  0xA1, 0xE1, 0x84, 0x90, 0xE1, 0x85, 0xA1, 0xE1, 0x84, 0x91,
  0xE1, 0x85, 0xA1, 0xE1, 0x84, 0x92, 0xE1, 0x85, 0xA1, 0xE1,
  0x84, 0x8E, 0xE1, 0x85, 0xA1, 0xE1, 0x86, 0xB7, 0xE1, 0x84,
  0x80, 0xE1, 0x85, 0xA9, 0xE1, 0x84, 0x8C, 0xE1, 0x85, 0xAE,
  0xE1, 0x84, 0x8B, 0xE1, 0x85, 0xB4, 0xE1, 0x84, 0x8B, 0xE1,
  0x85, 0xAE, 0xE4, 0xB8, 0x80, 0xE4, 0xBA, 0x8C, 0xE4, 0xB8,
  0x89, 0xE5, 0x9B, 0x9B, 0xE4, 0xBA, 0x94, 0xE5, 0x85, 0xAD,
  0xE4, 0xB8, 0x83, 0xE5, 0x85, 0xAB, 0xE4, 0xB9, 0x9D, 0xE5,
  0x8D, 0x81, 0xE6, 0x9C, 0x88, 0xE7, 0x81, 0xAB, 0xE6, 0xB0,
  0xB4, 0xE6, 0x9C, 0xA8, 0xE9, 0x87, 0x91, 0xE5, 0x9C, 0x9F,
  0xE6, 0x97, 0xA5, 0xE6, 0xA0, 0xAA, 0xE6, 0x9C, 0x89, 0xE7,
  0xA4, 0xBE, 0xE5, 0x90, 0x8D, 0xE7, 0x89, 0xB9, 0xE8, 0xB2,
  0xA1, 0xE7, 0xA5, 0x9D, 0xE5, 0x8A, 0xB4, 0xE7, 0xA7, 0x98,
  0xE7, 0x94, 0xB7, 0xE5, 0xA5, 0xB3, 0xE9, 0x81, 0xA9, 0xE5,
  0x84, 0xAA, 0xE5, 0x8D, 0xB0, 0xE6, 0xB3, 0xA8, 0xE9, 0xA0,
  0x85, 0xE4, 0xBC, 0x91, 0xE5, 0x86, 0x99, 0xE6, 0xAD, 0xA3,
  0xE4, 0xB8, 0x8A, 0xE4, 0xB8, 0xAD, 0xE4, 0xB8, 0x8B, 0xE5,
  0xB7, 0xA6, 0xE5, 0x8F, 0xB3, 0xE5, 0x8C, 0xBB, 0xE5, 0xAE,
  0x97, 0xE5, 0xAD, 0xA6, 0xE7, 0x9B, 0xA3, 0xE4, 0xBC, 0x81,
  0xE8, 0xB3, 0x87, 0xE5, 0x8D, 0x94, 0xE5, 0xA4, 0x9C, 0x33,
  0x36, 0x33, 0x37, 0x33, 0x38, 0x33, 0x39, 0x34, 0x30, 0x34,
  0x31, 0x34, 0x32, 0x34, 0x33, 0x34, 0x34, 0x34, 0x35, 0x34,
  0x36, 0x34, 0x37, 0x34, 0x38, 0x34, 0x39, 0x35, 0x30, 0x31,
  0xE6, 0x9C, 0x88, 0x32, 0xE6, 0x9C, 0x88, 0x33, 0xE6, 0x9C,
  0x88, 0x34, 0xE6, 0x9C, 0x88, 0x35, 0xE6, 0x9C, 0x88, 0x36,
  0xE6, 0x9C, 0x88, 0x37, 0xE6, 0x9C, 0x88, 0x38, 0xE6, 0x9C,
  0x88, 0x39, 0xE6, 0x9C, 0x88, 0x31, 0x30, 0xE6, 0x9C, 0x88,
  0x31, 0x31, 0xE6, 0x9C, 0x88, 0x31, 0x32, 0xE6, 0x9C, 0x88,
  0x48, 0x67, 0x65, 0x72, 0x67, 0x65, 0x56, 0x4C, 0x54, 0x44,
  0xE3, 0x82, 0xA2, 0xE3, 0x82, 0xA4, 0xE3, 0x82, 0xA6, 0xE3,
  0x82, 0xA8, 0xE3, 0x82, 0xAA, 0xE3, 0x82, 0xAB, 0xE3, 0x82,
  0xAD, 0xE3, 0x82, 0xAF, 0xE3, 0x82, 0xB1, 0xE3, 0x82, 0xB3,
  0xE3, 0x82, 0xB5, 0xE3, 0x82, 0xB7, 0xE3, 0x82, 0xB9, 0xE3,
  0x82, 0xBB, 0xE3, 0x82, 0xBD, 0xE3, 0x82, 0xBF, 0xE3, 0x83,
  0x81, 0xE3, 0x83, 0x84, 0xE3, 0x83, 0x86, 0xE3, 0x83, 0x88,
  0xE3, 0x83, 0x8A, 0xE3, 0x83, 0x8B, 0xE3, 0x83, 0x8C, 0xE3,
  0x83, 0x8D, 0xE3, 0x83, 0x8E, 0xE3, 0x83, 0x8F, 0xE3, 0x83,
  0x92, 0xE3, 0x83, 0x95, 0xE3, 0x83, 0x98, 0xE3, 0x83, 0x9B,
  0xE3, 0x83, 0x9E, 0xE3, 0x83, 0x9F, 0xE3, 0x83, 0xA0, 0xE3,
  0x83, 0xA1, 0xE3, 0x83, 0xA2, 0xE3, 0x83, 0xA4, 0xE3, 0x83,
  0xA6, 0xE3, 0x83, 0xA8, 0xE3, 0x83, 0xA9, 0xE3, 0x83, 0xAA,
  0xE3, 0x83, 0xAB, 0xE3, 0x83, 0xAC, 0xE3, 0x83, 0xAD, 0xE3,
  0x83, 0xAF, 0xE3, 0x83, 0xB0, 0xE3, 0x83, 0xB1, 0xE3, 0x83,
  0xB2, 0xE4, 0xBB, 0xA4, 0xE5, 0x92, 0x8C, 0xE3, 0x82, 0xA2,
  0xE3, 0x83, 0x8F, 0xE3, 0x82, 0x9A, 0xE3, 0x83, 0xBC, 0xE3,
  0x83, 0x88, 0xE3, 0x82, 0xA2, 0xE3, 0x83, 0xAB, 0xE3, 0x83,
  0x95, 0xE3, 0x82, 0xA1, 0xE3, 0x82, 0xA2, 0xE3, 0x83, 0xB3,
  0xE3, 0x83, 0x98, 0xE3, 0x82, 0x9A, 0xE3, 0x82, 0xA2, 0xE3,
  0x82, 0xA2, 0xE3, 0x83, 0xBC, 0xE3, 0x83, 0xAB, 0xE3, 0x82,
  0xA4, 0xE3, 0x83, 0x8B, 0xE3, 0x83, 0xB3, 0xE3, 0x82, 0xAF,
  0xE3, 0x82, 0x99, 0xE3, 0x82, 0xA4, 0xE3, 0x83, 0xB3, 0xE3,
  0x83, 0x81, 0xE3, 0x82, 0xA6, 0xE3, 0x82, 0xA9, 0xE3, 0x83,
  0xB3, 0xE3, 0x82, 0xA8, 0xE3, 0x82, 0xB9, 0xE3, 0x82, 0xAF,
  0xE3, 0x83, 0xBC, 0xE3, 0x83, 0x88, 0xE3, 0x82, 0x99, 0xE3,
  0x82, 0xA8, 0xE3, 0x83, 0xBC, 0xE3, 0x82, 0xAB, 0xE3, 0x83,
  0xBC, 0xE3, 0x82, 0xAA, 0xE3, 0x83, 0xB3, 0xE3, 0x82, 0xB9,
  0xE3, 0x82, 0xAA, 0xE3, 0x83, 0xBC, 0xE3, 0x83, 0xA0, 0xE3,
  0x82, 0xAB, 0xE3, 0x82, 0xA4, 0xE3, 0x83, 0xAA, 0xE3, 0x82,
  0xAB, 0xE3, 0x83, 0xA9, 0xE3, 0x83, 0x83, 0xE3, 0x83, 0x88,
  0xE3, 0x82, 0xAB, 0xE3, 0x83, 0xAD, 0xE3, 0x83, 0xAA, 0xE3,
  0x83, 0xBC, 0xE3, 0x82, 0xAB, 0xE3, 0x82, 0x99, 0xE3, 0x83,
  0xAD, 0xE3, 0x83, 0xB3, 0xE3, 0x82, 0xAB, 0xE3, 0x82, 0x99,
  0xE3, 0x83, 0xB3, 0xE3, 0x83, 0x9E, 0xE3, 0x82, 0xAD, 0xE3,
  0x82, 0x99, 0xE3, 0x82, 0xAB, 0xE3, 0x82, 0x99, 0xE3, 0x82,
  0xAD, 0xE3, 0x82, 0x99, 0xE3, 0x83, 0x8B, 0xE3, 0x83, 0xBC,
  0xE3, 0x82, 0xAD, 0xE3, 0x83, 0xA5, 0xE3, 0x83, 0xAA, 0xE3,
  0x83, 0xBC, 0xE3, 0x82, 0xAD, 0xE3, 0x82, 0x99, 0xE3, 0x83,
  0xAB, 0xE3, 0x82, 0xBF, 0xE3, 0x82, 0x99, 0xE3, 0x83, 0xBC,
  0xE3, 0x82, 0xAD, 0xE3, 0x83, 0xAD, 0xE3, 0x82, 0xAD, 0xE3,
  0x83, 0xAD, 0xE3, 0x82, 0xAF, 0xE3, 0x82, 0x99, 0xE3, 0x83,
  0xA9, 0xE3, 0x83, 0xA0, 0xE3, 0x82, 0xAD, 0xE3, 0x83, 0xAD,
  0xE3, 0x83, 0xA1, 0xE3, 0x83, 0xBC, 0xE3, 0x83, 0x88, 0xE3,
  0x83, 0xAB, 0xE3, 0x82, 0xAD, 0xE3, 0x83, 0xAD, 0xE3, 0x83,
  0xAF, 0xE3, 0x83, 0x83, 0xE3, 0x83, 0x88, 0xE3, 0x82, 0xAF,
  0xE3, 0x82, 0x99, 0xE3, 0x83, 0xA9, 0xE3, 0x83, 0xA0, 0xE3,
  0x82, 0xAF, 0xE3, 0x82, 0x99, 0xE3, 0x83, 0xA9, 0xE3, 0x83,
  0xA0, 0xE3, 0x83, 0x88, 0xE3, 0x83, 0xB3, 0xE3, 0x82, 0xAF,
  0xE3, 0x83, 0xAB, 0xE3, 0x82, 0xBB, 0xE3, 0x82, 0x99, 0xE3,
  0x82, 0xA4, 0xE3, 0x83, 0xAD, 0xE3, 0x82, 0xAF, 0xE3, 0x83,
  0xAD, 0xE3, 0x83, 0xBC, 0xE3, 0x83, 0x8D, 0xE3, 0x82, 0xB1,
  0xE3, 0x83, 0xBC, 0xE3, 0x82, 0xB9, 0xE3, 0x82, 0xB3, 0xE3,
  0x83, 0xAB, 0xE3, 0x83, 0x8A, 0xE3, 0x82, 0xB3, 0xE3, 0x83,
  0xBC, 0xE3, 0x83, 0x9B, 0xE3, 0x82, 0x9A, 0xE3, 0x82, 0xB5,
  0xE3, 0x82, 0xA4, 0xE3, 0x82, 0xAF, 0xE3, 0x83, 0xAB, 0xE3,
  0x82, 0xB5, 0xE3, 0x83, 0xB3, 0xE3, 0x83, 0x81, 0xE3, 0x83,
  0xBC, 0xE3, 0x83, 0xA0, 0xE3, 0x82, 0xB7, 0xE3, 0x83, 0xAA,
  0xE3, 0x83, 0xB3, 0xE3, 0x82, 0xAF, 0xE3, 0x82, 0x99, 0xE3,
  0x82, 0xBB, 0xE3, 0x83, 0xB3, 0xE3, 0x83, 0x81, 0xE3, 0x82,
  0xBB, 0xE3, 0x83, 0xB3, 0xE3, 0x83, 0x88, 0xE3, 0x82, 0xBF,
  0xE3, 0x82, 0x99, 0xE3, 0x83, 0xBC, 0xE3, 0x82, 0xB9, 0xE3,
  0x83, 0x86, 0xE3, 0x82, 0x99, 0xE3, 0x82, 0xB7, 0xE3, 0x83,
  0x88, 0xE3, 0x82, 0x99, 0xE3, 0x83, 0xAB, 0xE3, 0x83, 0x88,
  0xE3, 0x83, 0xB3, 0xE3, 0x83, 0x8A, 0xE3, 0x83, 0x8E, 0xE3,
  0x83, 0x8E, 0xE3, 0x83, 0x83, 0xE3, 0x83, 0x88, 0xE3, 0x83,
  0x8F, 0xE3, 0x82, 0xA4, 0xE3, 0x83, 0x84, 0xE3, 0x83, 0x8F,
  0xE3, 0x82, 0x9A, 0xE3, 0x83, 0xBC, 0xE3, 0x82, 0xBB, 0xE3,
  0x83, 0xB3, 0xE3, 0x83, 0x88, 0xE3, 0x83, 0x8F, 0xE3, 0x82,
  0x9A, 0xE3, 0x83, 0xBC, 0xE3, 0x83, 0x84, 0xE3, 0x83, 0x8F,
  0xE3, 0x82, 0x99, 0xE3, 0x83, 0xBC, 0xE3, 0x83, 0xAC, 0xE3,
  0x83, 0xAB, 0xE3, 0x83, 0x92, 0xE3, 0x82, 0x9A, 0xE3, 0x82,
  0xA2, 0xE3, 0x82, 0xB9, 0xE3, 0x83, 0x88, 0xE3, 0x83, 0xAB,
  0xE3, 0x83, 0x92, 0xE3, 0x82, 0x9A, 0xE3, 0x82, 0xAF, 0xE3,
  0x83, 0xAB, 0xE3, 0x83, 0x92, 0xE3, 0x82, 0x9A, 0xE3, 0x82,
  0xB3, 0xE3, 0x83, 0x92, 0xE3, 0x82, 0x99, 0xE3, 0x83, 0xAB,
  0xE3, 0x83, 0x95, 0xE3, 0x82, 0xA1, 0xE3, 0x83, 0xA9, 0xE3,
  0x83, 0x83, 0xE3, 0x83, 0x88, 0xE3, 0x82, 0x99, 0xE3, 0x83,
  0x95, 0xE3, 0x82, 0xA3, 0xE3, 0x83, 0xBC, 0xE3, 0x83, 0x88,
  0xE3, 0x83, 0x95, 0xE3, 0x82, 0x99, 0xE3, 0x83, 0x83, 0xE3,
  0x82, 0xB7, 0xE3, 0x82, 0xA7, 0xE3, 0x83, 0xAB, 0xE3, 0x83,
  0x95, 0xE3, 0x83, 0xA9, 0xE3, 0x83, 0xB3, 0xE3, 0x83, 0x98,
  0xE3, 0x82, 0xAF, 0xE3, 0x82, 0xBF, 0xE3, 0x83, 0xBC, 0xE3,
  0x83, 0xAB, 0xE3, 0x83, 0x98, 0xE3, 0x82, 0x9A, 0xE3, 0x82,
  0xBD, 0xE3, 0x83, 0x98, 0xE3, 0x82, 0x9A, 0xE3, 0x83, 0x8B,
  0xE3, 0x83, 0x92, 0xE3, 0x83, 0x98, 0xE3, 0x83, 0xAB, 0xE3,
  0x83, 0x84, 0xE3, 0x83, 0x98, 0xE3, 0x82, 0x9A, 0xE3, 0x83,
  0xB3, 0xE3, 0x82, 0xB9, 0xE3, 0x83, 0x98, 0xE3, 0x82, 0x9A,
  0xE3, 0x83, 0xBC, 0xE3, 0x82, 0xB7, 0xE3, 0x82, 0x99, 0xE3,
  0x83, 0x98, 0xE3, 0x82, 0x99, 0xE3, 0x83, 0xBC, 0xE3, 0x82,
  0xBF, 0xE3, 0x83, 0x9B, 0xE3, 0x82, 0x9A, 0xE3, 0x82, 0xA4,
  0xE3, 0x83, 0xB3, 0xE3, 0x83, 0x88, 0xE3, 0x83, 0x9B, 0xE3,
  0x82, 0x99, 0xE3, 0x83, 0xAB, 0xE3, 0x83, 0x88, 0xE3, 0x83,
  0x9B, 0xE3, 0x83, 0xB3, 0xE3, 0x83, 0x9B, 0xE3, 0x82, 0x9A,
  0xE3, 0x83, 0xB3, 0xE3, 0x83, 0x88, 0xE3, 0x82, 0x99, 0xE3,
  0x83, 0x9B, 0xE3, 0x83, 0xBC, 0xE3, 0x83, 0xAB, 0xE3, 0x83,
  0x9B, 0xE3, 0x83, 0xBC, 0xE3, 0x83, 0xB3, 0xE3, 0x83, 0x9E,
  0xE3, 0x82, 0xA4, 0xE3, 0x82, 0xAF, 0xE3, 0x83, 0xAD, 0xE3,
  0x83, 0x9E, 0xE3, 0x82, 0xA4, 0xE3, 0x83, 0xAB, 0xE3, 0x83,
  0x9E, 0xE3, 0x83, 0x83, 0xE3, 0x83, 0x8F, 0xE3, 0x83, 0x9E,
  0xE3, 0x83, 0xAB, 0xE3, 0x82, 0xAF, 0xE3, 0x83, 0x9E, 0xE3,
  0x83, 0xB3, 0xE3, 0x82, 0xB7, 0xE3, 0x83, 0xA7, 0xE3, 0x83,
  0xB3, 0xE3, 0x83, 0x9F, 0xE3, 0x82, 0xAF, 0xE3, 0x83, 0xAD,
  0xE3, 0x83, 0xB3, 0xE3, 0x83, 0x9F, 0xE3, 0x83, 0xAA, 0xE3,
  0x83, 0x9F, 0xE3, 0x83, 0xAA, 0xE3, 0x83, 0x8F, 0xE3, 0x82,
  0x99, 0xE3, 0x83, 0xBC, 0xE3, 0x83, 0xAB, 0xE3, 0x83, 0xA1,
  0xE3, 0x82, 0xAB, 0xE3, 0x82, 0x99, 0xE3, 0x83, 0xA1, 0xE3,
  0x82, 0xAB, 0xE3, 0x82, 0x99, 0xE3, 0x83, 0x88, 0xE3, 0x83,
  0xB3, 0xE3, 0x83, 0xA1, 0xE3, 0x83, 0xBC, 0xE3, 0x83, 0x88,
  0xE3, 0x83, 0xAB, 0xE3, 0x83, 0xA4, 0xE3, 0x83, 0xBC, 0xE3,
  0x83, 0x88, 0xE3, 0x82, 0x99, 0xE3, 0x83, 0xA4, 0xE3, 0x83,
  0xBC, 0xE3, 0x83, 0xAB, 0xE3, 0x83, 0xA6, 0xE3, 0x82, 0xA2,
  0xE3, 0x83, 0xB3, 0xE3, 0x83, 0xAA, 0xE3, 0x83, 0x83, 0xE3,
  0x83, 0x88, 0xE3, 0x83, 0xAB, 0xE3, 0x83, 0xAA, 0xE3, 0x83,
  0xA9, 0xE3, 0x83, 0xAB, 0xE3, 0x83, 0x92, 0xE3, 0x82, 0x9A,
  0xE3, 0x83, 0xBC, 0xE3, 0x83, 0xAB, 0xE3, 0x83, 0xBC, 0xE3,
  0x83, 0x95, 0xE3, 0x82, 0x99, 0xE3, 0x83, 0xAB, 0xE3, 0x83,
  0xAC, 0xE3, 0x83, 0xA0, 0xE3, 0x83, 0xAC, 0xE3, 0x83, 0xB3,
  0xE3, 0x83, 0x88, 0xE3, 0x82, 0xB1, 0xE3, 0x82, 0x99, 0xE3,
  0x83, 0xB3, 0xE3, 0x83, 0xAF, 0xE3, 0x83, 0x83, 0xE3, 0x83,
  0x88, 0x30, 0xE7, 0x82, 0xB9, 0x31, 0xE7, 0x82, 0xB9, 0x32,
  0xE7, 0x82, 0xB9, 0x33, 0xE7, 0x82, 0xB9, 0x34, 0xE7, 0x82,
  0xB9, 0x35, 0xE7, 0x82, 0xB9, 0x36, 0xE7, 0x82, 0xB9, 0x37,
  0xE7, 0x82, 0xB9, 0x38, 0xE7, 0x82, 0xB9, 0x39, 0xE7, 0x82,
  0xB9, 0x31, 0x30, 0xE7, 0x82, 0xB9, 0x31, 0x31, 0xE7, 0x82,
  0xB9, 0x31, 0x32, 0xE7, 0x82, 0xB9, 0x31, 0x33, 0xE7, 0x82,
  0xB9, 0x31, 0x34, 0xE7, 0x82, 0xB9, 0x31, 0x35, 0xE7, 0x82,
  0xB9, 0x31, 0x36, 0xE7, 0x82, 0xB9, 0x31, 0x37, 0xE7, 0x82,
  0xB9, 0x31, 0x38, 0xE7, 0x82, 0xB9, 0x31, 0x39, 0xE7, 0x82,
  0xB9, 0x32, 0x30, 0xE7, 0x82, 0xB9, 0x32, 0x31, 0xE7, 0x82,
  0xB9, 0x32, 0x32, 0xE7, 0x82, 0xB9, 0x32, 0x33, 0xE7, 0x82,
  0xB9, 0x32, 0x34, 0xE7, 0x82, 0xB9, 0x68, 0x50, 0x61, 0x64,
  0x61, 0x41, 0x55, 0x62, 0x61, 0x72, 0x6F, 0x56, 0x70, 0x63,
  0x64, 0x6D, 0x64, 0x6D, 0x32, 0x64, 0x6D, 0x33, 0x49, 0x55,
  0xE5, 0xB9, 0xB3, 0xE6, 0x88, 0x90, 0xE6, 0x98, 0xAD, 0xE5,
  0x92, 0x8C, 0xE5, 0xA4, 0xA7, 0xE6, 0xAD, 0xA3, 0xE6, 0x98,
  0x8E, 0xE6, 0xB2, 0xBB, 0xE6, 0xA0, 0xAA, 0xE5, 0xBC, 0x8F,
  0xE4, 0xBC, 0x9A, 0xE7, 0xA4, 0xBE, 0x70, 0x41, 0x6E, 0x41,
  0xCE, 0xBC, 0x41, 0x6D, 0x41, 0x6B, 0x41, 0x4B, 0x42, 0x4D,
  0x42, 0x47, 0x42, 0x63, 0x61, 0x6C, 0x6B, 0x63, 0x61, 0x6C,
  0x70, 0x46, 0x6E, 0x46, 0xCE, 0xBC, 0x46, 0xCE, 0xBC, 0x67,
  0x6D, 0x67, 0x6B, 0x67, 0x48, 0x7A, 0x6B, 0x48, 0x7A, 0x4D,
  0x48, 0x7A, 0x47, 0x48, 0x7A, 0x54, 0x48, 0x7A, 0xCE, 0xBC,
  0x6C, 0x6D, 0x6C, 0x64, 0x6C, 0x6B, 0x6C, 0x66, 0x6D, 0x6E,
  0x6D, 0xCE, 0xBC, 0x6D, 0x6D, 0x6D, 0x63, 0x6D, 0x6B, 0x6D,
  0x6D, 0x6D, 0x32, 0x63, 0x6D, 0x32, 0x6D, 0x32, 0x6B, 0x6D,
  0x32, 0x6D, 0x6D, 0x33, 0x63, 0x6D, 0x33, 0x6D, 0x33, 0x6B,
  0x6D, 0x33, 0x6D, 0xE2, 0x88, 0x95, 0x73, 0x6D, 0xE2, 0x88,
  0x95, 0x73, 0x32, 0x50, 0x61, 0x6B, 0x50, 0x61, 0x4D, 0x50,
  0x61, 0x47, 0x50, 0x61, 0x72, 0x61, 0x64, 0x72, 0x61, 0x64,
  0xE2, 0x88, 0x95, 0x73, 0x72, 0x61, 0x64, 0xE2, 0x88, 0x95,
  0x73, 0x32, 0x70, 0x73, 0x6E, 0x73, 0xCE, 0xBC, 0x73, 0x6D,
  0x73, 0x70, 0x56, 0x6E, 0x56, 0xCE, 0xBC, 0x56, 0x6D, 0x56,
  0x6B, 0x56, 0x4D, 0x56, 0x70, 0x57, 0x6E, 0x57, 0xCE, 0xBC,
  0x57, 0x6D, 0x57, 0x6B, 0x57, 0x4D, 0x57, 0x6B, 0xCE, 0xA9,
  0x4D, 0xCE, 0xA9, 0x61, 0x2E, 0x6D, 0x2E, 0x42, 0x71, 0x63,
  0x63, 0x63, 0x64, 0x43, 0xE2, 0x88, 0x95, 0x6B, 0x67, 0x43,
  0x6F, 0x2E, 0x64, 0x42, 0x47, 0x79, 0x68, 0x61, 0x48, 0x50,
  0x69, 0x6E, 0x4B, 0x4B, 0x4B, 0x4D, 0x6B, 0x74, 0x6C, 0x6D,
  0x6C, 0x6E, 0x6C, 0x6F, 0x67, 0x6C, 0x78, 0x6D, 0x62, 0x6D,
  0x69, 0x6C, 0x6D, 0x6F, 0x6C, 0x50, 0x48, 0x70, 0x2E, 0x6D,
  0x2E, 0x50, 0x50, 0x4D, 0x50, 0x52, 0x73, 0x72, 0x53, 0x76,
  0x57, 0x62, 0x56, 0xE2, 0x88, 0x95, 0x6D, 0x41, 0xE2, 0x88,
  0x95, 0x6D, 0x31, 0xE6, 0x97, 0xA5, 0x32, 0xE6, 0x97, 0xA5,
  0x33, 0xE6, 0x97, 0xA5, 0x34, 0xE6, 0x97, 0xA5, 0x35, 0xE6,
  0x97, 0xA5, 0x36, 0xE6, 0x97, 0xA5, 0x37, 0xE6, 0x97, 0xA5,
  0x38, 0xE6, 0x97, 0xA5, 0x39, 0xE6, 0x97, 0xA5, 0x31, 0x30,
  0xE6, 0x97, 0xA5, 0x31, 0x31, 0xE6, 0x97, 0xA5, 0x31, 0x32,
  0xE6, 0x97, 0xA5, 0x31, 0x33, 0xE6, 0x97, 0xA5, 0x31, 0x34,
  0xE6, 0x97, 0xA5, 0x31, 0x35, 0xE6, 0x97, 0xA5, 0x31, 0x36,
  0xE6, 0x97, 0xA5, 0x31, 0x37, 0xE6, 0x97, 0xA5, 0x31, 0x38,
  0xE6, 0x97, 0xA5, 0x31, 0x39, 0xE6, 0x97, 0xA5, 0x32, 0x30,
  0xE6, 0x97, 0xA5, 0x32, 0x31, 0xE6, 0x97, 0xA5, 0x32, 0x32,
  0xE6, 0x97, 0xA5, 0x32, 0x33, 0xE6, 0x97, 0xA5, 0x32, 0x34,
  0xE6, 0x97, 0xA5, 0x32, 0x35, 0xE6, 0x97, 0xA5, 0x32, 0x36,
  0xE6, 0x97, 0xA5, 0x32, 0x37, 0xE6, 0x97, 0xA5, 0x32, 0x38,
  0xE6, 0x97, 0xA5, 0x32, 0x39, 0xE6, 0x97, 0xA5, 0x33, 0x30,
  0xE6, 0x97, 0xA5, 0x33, 0x31, 0xE6, 0x97, 0xA5, 0x67, 0x61,
  0x6C, 0xEA, 0x99, 0xAF, 0xEA, 0x99, 0xB4, 0xEA, 0x99, 0xB5,
  0xEA, 0x99, 0xB6, 0xEA, 0x99, 0xB7, 0xEA, 0x99, 0xB8, 0xEA,
  0x99, 0xB9, 0xEA, 0x99, 0xBA, 0xEA, 0x99, 0xBB, 0xEA, 0x99,
  0xBC, 0xEA, 0x99, 0xBD, 0xD1, 0x8A, 0xD1, 0x8C, 0xEA, 0x9A,
  0x9E, 0xEA, 0x9A, 0x9F, 0xEA, 0x9B, 0xB0, 0xEA, 0x9B, 0xB1,
  0xEA, 0x9D, 0xAF, 0x53, 0x43, 0x46, 0x51, 0xC4, 0xA6, 0xC5,
  0x93, 0xEA, 0xA0, 0x86, 0xEA, 0xA0, 0xAC, 0xEA, 0xA3, 0x84,
  0xEA, 0xA3, 0xA0, 0xEA, 0xA3, 0xA1, 0xEA, 0xA3, 0xA2, 0xEA,
  0xA3, 0xA3, 0xEA, 0xA3, 0xA4, 0xEA, 0xA3, 0xA5, 0xEA, 0xA3,
  0xA6, 0xEA, 0xA3, 0xA7, 0xEA, 0xA3, 0xA8, 0xEA, 0xA3, 0xA9,
  0xEA, 0xA3, 0xAA, 0xEA, 0xA3, 0xAB, 0xEA, 0xA3, 0xAC, 0xEA,
  0xA3, 0xAD, 0xEA, 0xA3, 0xAE, 0xEA, 0xA3, 0xAF, 0xEA, 0xA3,
  0xB0, 0xEA, 0xA3, 0xB1, 0xEA, 0xA4, 0xAB, 0xEA, 0xA4, 0xAC,
  0xEA, 0xA4, 0xAD, 0xEA, 0xA5, 0x93, 0xEA, 0xA6, 0xB3, 0xEA,
  0xA7, 0x80, 0xEA, 0xAA, 0xB0, 0xEA, 0xAA, 0xB2, 0xEA, 0xAA,
  0xB3, 0xEA, 0xAA, 0xB4, 0xEA, 0xAA, 0xB7, 0xEA, 0xAA, 0xB8,
  0xEA, 0xAA, 0xBE, 0xEA, 0xAA, 0xBF, 0xEA, 0xAB, 0x81, 0xEA,
  0xAB, 0xB6, 0xEA, 0x9C, 0xA7, 0xEA, 0xAC, 0xB7, 0xC9, 0xAB,
  0xEA, 0xAD, 0x92, 0xCA, 0x8D, 0xEA, 0xAF, 0xAD, 0xE8, 0xB1,
  0x88, 0xE6, 0x9B, 0xB4, 0xE8, 0xBB, 0x8A, 0xE8, 0xB3, 0x88,
  0xE6, 0xBB, 0x91, 0xE4, 0xB8, 0xB2, 0xE5, 0x8F, 0xA5, 0xE9,
  0xBE, 0x9C, 0xE9, 0xBE, 0x9C, 0xE5, 0xA5, 0x91, 0xE9, 0x87,
  0x91, 0xE5, 0x96, 0x87, 0xE5, 0xA5, 0x88, 0xE6, 0x87, 0xB6,
  0xE7, 0x99, 0xA9, 0xE7, 0xBE, 0x85, 0xE8, 0x98, 0xBF, 0xE8,
  0x9E, 0xBA, 0xE8, 0xA3, 0xB8, 0xE9, 0x82, 0x8F, 0xE6, 0xA8,
  0x82, 0xE6, 0xB4, 0x9B, 0xE7, 0x83, 0x99, 0xE7, 0x8F, 0x9E,
  0xE8, 0x90, 0xBD, 0xE9, 0x85, 0xAA, 0xE9, 0xA7, 0xB1, 0xE4,
  0xBA, 0x82, 0xE5, 0x8D, 0xB5, 0xE6, 0xAC, 0x84, 0xE7, 0x88,
  0x9B, 0xE8, 0x98, 0xAD, 0xE9, 0xB8, 0x9E, 0xE5, 0xB5, 0x90,
  0xE6, 0xBF, 0xAB, 0xE8, 0x97, 0x8D, 0xE8, 0xA5, 0xA4, 0xE6,
  0x8B, 0x89, 0xE8, 0x87, 0x98, 0xE8, 0xA0, 0x9F, 0xE5, 0xBB,
  0x8A, 0xE6, 0x9C, 0x97, 0xE6, 0xB5, 0xAA, 0xE7, 0x8B, 0xBC,
  0xE9, 0x83, 0x8E, 0xE4, 0xBE, 0x86, 0xE5, 0x86, 0xB7, 0xE5,
  0x8B, 0x9E, 0xE6, 0x93, 0x84, 0xE6, 0xAB, 0x93, 0xE7, 0x88,
  0x90, 0xE7, 0x9B, 0xA7, 0xE8, 0x80, 0x81, 0xE8, 0x98, 0x86,
  0xE8, 0x99, 0x9C, 0xE8, 0xB7, 0xAF, 0xE9, 0x9C, 0xB2, 0xE9,
  0xAD, 0xAF, 0xE9, 0xB7, 0xBA, 0xE7, 0xA2, 0x8C, 0xE7, 0xA5,
  0xBF, 0xE7, 0xB6, 0xA0, 0xE8, 0x8F, 0x89, 0xE9, 0x8C, 0x84,
  0xE9, 0xB9, 0xBF, 0xE8, 0xAB, 0x96, 0xE5, 0xA3, 0x9F, 0xE5,
  0xBC, 0x84, 0xE7, 0xB1, 0xA0, 0xE8, 0x81, 0xBE, 0xE7, 0x89,
  0xA2, 0xE7, 0xA3, 0x8A, 0xE8, 0xB3, 0x82, 0xE9, 0x9B, 0xB7,
  0xE5, 0xA3, 0x98, 0xE5, 0xB1, 0xA2, 0xE6, 0xA8, 0x93, 0xE6,
  0xB7, 0x9A, 0xE6, 0xBC, 0x8F, 0xE7, 0xB4, 0xAF, 0xE7, 0xB8,
  0xB7, 0xE9, 0x99, 0x8B, 0xE5, 0x8B, 0x92, 0xE8, 0x82, 0x8B,
  0xE5, 0x87, 0x9C, 0xE5, 0x87, 0x8C, 0xE7, 0xA8, 0x9C, 0xE7,
  0xB6, 0xBE, 0xE8, 0x8F, 0xB1, 0xE9, 0x99, 0xB5, 0xE8, 0xAE,
  0x80, 0xE6, 0x8B, 0x8F, 0xE6, 0xA8, 0x82, 0xE8, 0xAB, 0xBE,
  0xE4, 0xB8, 0xB9, 0xE5, 0xAF, 0xA7, 0xE6, 0x80, 0x92, 0xE7,
  0x8E, 0x87, 0xE7, 0x95, 0xB0, 0xE5, 0x8C, 0x97, 0xE7, 0xA3,
  0xBB, 0xE4, 0xBE, 0xBF, 0xE5, 0xBE, 0xA9, 0xE4, 0xB8, 0x8D,
  0xE6, 0xB3, 0x8C, 0xE6, 0x95, 0xB8, 0xE7, 0xB4, 0xA2, 0xE5,
  0x8F, 0x83, 0xE5, 0xA1, 0x9E, 0xE7, 0x9C, 0x81, 0xE8, 0x91,
  0x89, 0xE8, 0xAA, 0xAA, 0xE6, 0xAE, 0xBA, 0xE8, 0xBE, 0xB0,
  0xE6, 0xB2, 0x88, 0xE6, 0x8B, 0xBE, 0xE8, 0x8B, 0xA5, 0xE6,
  0x8E, 0xA0, 0xE7, 0x95, 0xA5, 0xE4, 0xBA, 0xAE, 0xE5, 0x85,
  0xA9, 0xE5, 0x87, 0x89, 0xE6, 0xA2, 0x81, 0xE7, 0xB3, 0xA7,
  0xE8, 0x89, 0xAF, 0xE8, 0xAB, 0x92, 0xE9, 0x87, 0x8F, 0xE5,
  0x8B, 0xB5, 0xE5, 0x91, 0x82, 0xE5, 0xA5, 0xB3, 0xE5, 0xBB,
  0xAC, 0xE6, 0x97, 0x85, 0xE6, 0xBF, 0xBE, 0xE7, 0xA4, 0xAA,
  0xE9, 0x96, 0xAD, 0xE9, 0xA9, 0xAA, 0xE9, 0xBA, 0x97, 0xE9,
  0xBB, 0x8E, 0xE5, 0x8A, 0x9B, 0xE6, 0x9B, 0x86, 0xE6, 0xAD,
  0xB7, 0xE8, 0xBD, 0xA2, 0xE5, 0xB9, 0xB4, 0xE6, 0x86, 0x90,
  0xE6, 0x88, 0x80, 0xE6, 0x92, 0x9A, 0xE6, 0xBC, 0xA3, 0xE7,
  0x85, 0x89, 0xE7, 0x92, 0x89, 0xE7, 0xA7, 0x8A, 0xE7, 0xB7,
  0xB4, 0xE8, 0x81, 0xAF, 0xE8, 0xBC, 0xA6, 0xE8, 0x93, 0xAE,
  0xE9, 0x80, 0xA3, 0xE9, 0x8D, 0x8A, 0xE5, 0x88, 0x97, 0xE5,
  0x8A, 0xA3, 0xE5, 0x92, 0xBD, 0xE7, 0x83, 0x88, 0xE8, 0xA3,
  0x82, 0xE8, 0xAA, 0xAA, 0xE5, 0xBB, 0x89, 0xE5, 0xBF, 0xB5,
  0xE6, 0x8D, 0xBB, 0xE6, 0xAE, 0xAE, 0xE7, 0xB0, 0xBE, 0xE7,
  0x8D, 0xB5, 0xE4, 0xBB, 0xA4, 0xE5, 0x9B, 0xB9, 0xE5, 0xAF,
  0xA7, 0xE5, 0xB6, 0xBA, 0xE6, 0x80, 0x9C, 0xE7, 0x8E, 0xB2,
  0xE7, 0x91, 0xA9, 0xE7, 0xBE, 0x9A, 0xE8, 0x81, 0x86, 0xE9,
  0x88, 0xB4, 0xE9, 0x9B, 0xB6, 0xE9, 0x9D, 0x88, 0xE9, 0xA0,
  0x98, 0xE4, 0xBE, 0x8B, 0xE7, 0xA6, 0xAE, 0xE9, 0x86, 0xB4,
  0xE9, 0x9A, 0xB8, 0xE6, 0x83, 0xA1, 0xE4, 0xBA, 0x86, 0xE5,
  0x83, 0x9A, 0xE5, 0xAF, 0xAE, 0xE5, 0xB0, 0xBF, 0xE6, 0x96,
  0x99, 0xE6, 0xA8, 0x82, 0xE7, 0x87, 0x8E, 0xE7, 0x99, 0x82,
  0xE8, 0x93, 0xBC, 0xE9, 0x81, 0xBC, 0xE9, 0xBE, 0x8D, 0xE6,
  0x9A, 0x88, 0xE9, 0x98, 0xAE, 0xE5, 0x8A, 0x89, 0xE6, 0x9D,
  0xBB, 0xE6, 0x9F, 0xB3, 0xE6, 0xB5, 0x81, 0xE6, 0xBA, 0x9C,
  0xE7, 0x90, 0x89, 0xE7, 0x95, 0x99, 0xE7, 0xA1, 0xAB, 0xE7,
  0xB4, 0x90, 0xE9, 0xA1, 0x9E, 0xE5, 0x85, 0xAD, 0xE6, 0x88,
  0xAE, 0xE9, 0x99, 0xB8, 0xE5, 0x80, 0xAB, 0xE5, 0xB4, 0x99,
  0xE6, 0xB7, 0xAA, 0xE8, 0xBC, 0xAA, 0xE5, 0xBE, 0x8B, 0xE6,
  0x85, 0x84, 0xE6, 0xA0, 0x97, 0xE7, 0x8E, 0x87, 0xE9, 0x9A,
  0x86, 0xE5, 0x88, 0xA9, 0xE5, 0x90, 0x8F, 0xE5, 0xB1, 0xA5,
  0xE6, 0x98, 0x93, 0xE6, 0x9D, 0x8E, 0xE6, 0xA2, 0xA8, 0xE6,
  0xB3, 0xA5, 0xE7, 0x90, 0x86, 0xE7, 0x97, 0xA2, 0xE7, 0xBD,
  0xB9, 0xE8, 0xA3, 0x8F, 0xE8, 0xA3, 0xA1, 0xE9, 0x87, 0x8C,
  0xE9, 0x9B, 0xA2, 0xE5, 0x8C, 0xBF, 0xE6, 0xBA, 0xBA, 0xE5,
  0x90, 0x9D, 0xE7, 0x87, 0x90, 0xE7, 0x92, 0x98, 0xE8, 0x97,
  0xBA, 0xE9, 0x9A, 0xA3, 0xE9, 0xB1, 0x97, 0xE9, 0xBA, 0x9F,
  0xE6, 0x9E, 0x97, 0xE6, 0xB7, 0x8B, 0xE8, 0x87, 0xA8, 0xE7,
  0xAB, 0x8B, 0xE7, 0xAC, 0xA0, 0xE7, 0xB2, 0x92, 0xE7, 0x8B,
  0x80, 0xE7, 0x82, 0x99, 0xE8, 0xAD, 0x98, 0xE4, 0xBB, 0x80,
  0xE8, 0x8C, 0xB6, 0xE5, 0x88, 0xBA, 0xE5, 0x88, 0x87, 0xE5,
  0xBA, 0xA6, 0xE6, 0x8B, 0x93, 0xE7, 0xB3, 0x96, 0xE5, 0xAE,
  0x85, 0xE6, 0xB4, 0x9E, 0xE6, 0x9A, 0xB4, 0xE8, 0xBC, 0xBB,
  0xE8, 0xA1, 0x8C, 0xE9, 0x99, 0x8D, 0xE8, 0xA6, 0x8B, 0xE5,
  0xBB, 0x93, 0xE5, 0x85, 0x80, 0xE5, 0x97, 0x80, 0xE5, 0xA1,
  0x9A, 0xE6, 0x99, 0xB4, 0xE5, 0x87, 0x9E, 0xE7, 0x8C, 0xAA,
  0xE7, 0x9B, 0x8A, 0xE7, 0xA4, 0xBC, 0xE7, 0xA5, 0x9E, 0xE7,
  0xA5, 0xA5, 0xE7, 0xA6, 0x8F, 0xE9, 0x9D, 0x96, 0xE7, 0xB2,
  0xBE, 0xE7, 0xBE, 0xBD, 0xE8, 0x98, 0x92, 0xE8, 0xAB, 0xB8,
  0xE9, 0x80, 0xB8, 0xE9, 0x83, 0xBD, 0xE9, 0xA3, 0xAF, 0xE9,
  0xA3, 0xBC, 0xE9, 0xA4, 0xA8, 0xE9, 0xB6, 0xB4, 0xE9, 0x83,
  0x9E, 0xE9, 0x9A, 0xB7, 0xE4, 0xBE, 0xAE, 0xE5, 0x83, 0xA7,
  0xE5, 0x85, 0x8D, 0xE5, 0x8B, 0x89, 0xE5, 0x8B, 0xA4, 0xE5,
  0x8D, 0x91, 0xE5, 0x96, 0x9D, 0xE5, 0x98, 0x86, 0xE5, 0x99,
  0xA8, 0xE5, 0xA1, 0x80, 0xE5, 0xA2, 0xA8, 0xE5, 0xB1, 0xA4,
  0xE5, 0xB1, 0xAE, 0xE6, 0x82, 0x94, 0xE6, 0x85, 0xA8, 0xE6,
  0x86, 0x8E, 0xE6, 0x87, 0xB2, 0xE6, 0x95, 0x8F, 0xE6, 0x97,
  0xA2, 0xE6, 0x9A, 0x91, 0xE6, 0xA2, 0x85, 0xE6, 0xB5, 0xB7,
  0xE6, 0xB8, 0x9A, 0xE6, 0xBC, 0xA2, 0xE7, 0x85, 0xAE, 0xE7,
  0x88, 0xAB, 0xE7, 0x90, 0xA2, 0xE7, 0xA2, 0x91, 0xE7, 0xA4,
  0xBE, 0xE7, 0xA5, 0x89, 0xE7, 0xA5, 0x88, 0xE7, 0xA5, 0x90,
  0xE7, 0xA5, 0x96, 0xE7, 0xA5, 0x9D, 0xE7, 0xA6, 0x8D, 0xE7,
  0xA6, 0x8E, 0xE7, 0xA9, 0x80, 0xE7, 0xAA, 0x81, 0xE7, 0xAF,
  0x80, 0xE7, 0xB7, 0xB4, 0xE7, 0xB8, 0x89, 0xE7, 0xB9, 0x81,
  0xE7, 0xBD, 0xB2, 0xE8, 0x80, 0x85, 0xE8, 0x87, 0xAD, 0xE8,
  0x89, 0xB9, 0xE8, 0x89, 0xB9, 0xE8, 0x91, 0x97, 0xE8, 0xA4,
  0x90, 0xE8, 0xA6, 0x96, 0xE8, 0xAC, 0x81, 0xE8, 0xAC, 0xB9,
  0xE8, 0xB3, 0x93, 0xE8, 0xB4, 0x88, 0xE8, 0xBE, 0xB6, 0xE9,
  0x80, 0xB8, 0xE9, 0x9B, 0xA3, 0xE9, 0x9F, 0xBF, 0xE9, 0xA0,
  0xBB, 0xE6, 0x81, 0xB5, 0xF0, 0xA4, 0x8B, 0xAE, 0xE8, 0x88,
  0x98, 0xE4, 0xB8, 0xA6, 0xE5, 0x86, 0xB5, 0xE5, 0x85, 0xA8,
  0xE4, 0xBE, 0x80, 0xE5, 0x85, 0x85, 0xE5, 0x86, 0x80, 0xE5,
  0x8B, 0x87, 0xE5, 0x8B, 0xBA, 0xE5, 0x96, 0x9D, 0xE5, 0x95,
  0x95, 0xE5, 0x96, 0x99, 0xE5, 0x97, 0xA2, 0xE5, 0xA1, 0x9A,
  0xE5, 0xA2, 0xB3, 0xE5, 0xA5, 0x84, 0xE5, 0xA5, 0x94, 0xE5,
  0xA9, 0xA2, 0xE5, 0xAC, 0xA8, 0xE5, 0xBB, 0x92, 0xE5, 0xBB,
  0x99, 0xE5, 0xBD, 0xA9, 0xE5, 0xBE, 0xAD, 0xE6, 0x83, 0x98,
  0xE6, 0x85, 0x8E, 0xE6, 0x84, 0x88, 0xE6, 0x86, 0x8E, 0xE6,
  0x85, 0xA0, 0xE6, 0x87, 0xB2, 0xE6, 0x88, 0xB4, 0xE6, 0x8F,
  0x84, 0xE6, 0x90, 0x9C, 0xE6, 0x91, 0x92, 0xE6, 0x95, 0x96,
  0xE6, 0x99, 0xB4, 0xE6, 0x9C, 0x97, 0xE6, 0x9C, 0x9B, 0xE6,
  0x9D, 0x96, 0xE6, 0xAD, 0xB9, 0xE6, 0xAE, 0xBA, 0xE6, 0xB5,
  0x81, 0xE6, 0xBB, 0x9B, 0xE6, 0xBB, 0x8B, 0xE6, 0xBC, 0xA2,
  0xE7, 0x80, 0x9E, 0xE7, 0x85, 0xAE, 0xE7, 0x9E, 0xA7, 0xE7,
  0x88, 0xB5, 0xE7, 0x8A, 0xAF, 0xE7, 0x8C, 0xAA, 0xE7, 0x91,
  0xB1, 0xE7, 0x94, 0x86, 0xE7, 0x94, 0xBB, 0xE7, 0x98, 0x9D,
  0xE7, 0x98, 0x9F, 0xE7, 0x9B, 0x8A, 0xE7, 0x9B, 0x9B, 0xE7,
  0x9B, 0xB4, 0xE7, 0x9D, 0x8A, 0xE7, 0x9D, 0x80, 0xE7, 0xA3,
  0x8C, 0xE7, 0xAA, 0xB1, 0xE7, 0xAF, 0x80, 0xE7, 0xB1, 0xBB,
  0xE7, 0xB5, 0x9B, 0xE7, 0xB7, 0xB4, 0xE7, 0xBC, 0xBE, 0xE8,
  0x80, 0x85, 0xE8, 0x8D, 0x92, 0xE8, 0x8F, 0xAF, 0xE8, 0x9D,
  0xB9, 0xE8, 0xA5, 0x81, 0xE8, 0xA6, 0x86, 0xE8, 0xA6, 0x96,
  0xE8, 0xAA, 0xBF, 0xE8, 0xAB, 0xB8, 0xE8, 0xAB, 0x8B, 0xE8,
  0xAC, 0x81, 0xE8, 0xAB, 0xBE, 0xE8, 0xAB, 0xAD, 0xE8, 0xAC,
  0xB9, 0xE8, 0xAE, 0x8A, 0xE8, 0xB4, 0x88, 0xE8, 0xBC, 0xB8,
  0xE9, 0x81, 0xB2, 0xE9, 0x86, 0x99, 0xE9, 0x89, 0xB6, 0xE9,
  0x99, 0xBC, 0xE9, 0x9B, 0xA3, 0xE9, 0x9D, 0x96, 0xE9, 0x9F,
  0x9B, 0xE9, 0x9F, 0xBF, 0xE9, 0xA0, 0x8B, 0xE9, 0xA0, 0xBB,
  0xE9, 0xAC, 0x92, 0xE9, 0xBE, 0x9C, 0xF0, 0xA2, 0xA1, 0x8A,
  0xF0, 0xA2, 0xA1, 0x84, 0xF0, 0xA3, 0x8F, 0x95, 0xE3, 0xAE,
  0x9D, 0xE4, 0x80, 0x98, 0xE4, 0x80, 0xB9, 0xF0, 0xA5, 0x89,
  0x89, 0xF0, 0xA5, 0xB3, 0x90, 0xF0, 0xA7, 0xBB, 0x93, 0xE9,
  0xBD, 0x83, 0xE9, 0xBE, 0x8E, 0x66, 0x66, 0x66, 0x69, 0x66,
  0x6C, 0x66, 0x66, 0x69, 0x66, 0x66, 0x6C, 0x73, 0x74, 0x73,
  0x74, 0xD5, 0xB4, 0xD5, 0xB6, 0xD5, 0xB4, 0xD5, 0xA5, 0xD5,
  0xB4, 0xD5, 0xAB, 0xD5, 0xBE, 0xD5, 0xB6, 0xD5, 0xB4, 0xD5,
  0xAD, 0xD7, 0x99, 0xD6, 0xB4, 0xEF, 0xAC, 0x9E, 0xD7, 0xB2,
  0xD6, 0xB7, 0xD7, 0xA2, 0xD7, 0x90, 0xD7, 0x93, 0xD7, 0x94,
  0xD7, 0x9B, 0xD7, 0x9C, 0xD7, 0x9D, 0xD7, 0xA8, 0xD7, 0xAA,
  0x2B, 0xD7, 0xA9, 0xD7, 0x81, 0xD7, 0xA9, 0xD7, 0x82, 0xD7,
  0xA9, 0xD6, 0xBC, 0xD7, 0x81, 0xD7, 0xA9, 0xD6, 0xBC, 0xD7,
  0x82, 0xD7, 0x90, 0xD6, 0xB7, 0xD7, 0x90, 0xD6, 0xB8, 0xD7,
  0x90, 0xD6, 0xBC, 0xD7, 0x91, 0xD6, 0xBC, 0xD7, 0x92, 0xD6,
  0xBC, 0xD7, 0x93, 0xD6, 0xBC, 0xD7, 0x94, 0xD6, 0xBC, 0xD7,
  0x95, 0xD6, 0xBC, 0xD7, 0x96, 0xD6, 0xBC, 0xD7, 0x98, 0xD6,
  0xBC, 0xD7, 0x99, 0xD6, 0xBC, 0xD7, 0x9A, 0xD6, 0xBC, 0xD7,
  0x9B, 0xD6, 0xBC, 0xD7, 0x9C, 0xD6, 0xBC, 0xD7, 0x9E, 0xD6,
  0xBC, 0xD7, 0xA0, 0xD6, 0xBC, 0xD7, 0xA1, 0xD6, 0xBC, 0xD7,
  0xA3, 0xD6, 0xBC, 0xD7, 0xA4, 0xD6, 0xBC, 0xD7, 0xA6, 0xD6,
  0xBC, 0xD7, 0xA7, 0xD6, 0xBC, 0xD7, 0xA8, 0xD6, 0xBC, 0xD7,
  0xA9, 0xD6, 0xBC, 0xD7, 0xAA, 0xD6, 0xBC, 0xD7, 0x95, 0xD6,
  0xB9, 0xD7, 0x91, 0xD6, 0xBF, 0xD7, 0x9B, 0xD6, 0xBF, 0xD7,
  0xA4, 0xD6, 0xBF, 0xD7, 0x90, 0xD7, 0x9C, 0xD9, 0xB1, 0xD9,
  0xB1, 0xD9, 0xBB, 0xD9, 0xBB, 0xD9, 0xBB, 0xD9, 0xBB, 0xD9,
  0xBE, 0xD9, 0xBE, 0xD9, 0xBE, 0xD9, 0xBE, 0xDA, 0x80, 0xDA,
  0x80, 0xDA, 0x80, 0xDA, 0x80, 0xD9, 0xBA, 0xD9, 0xBA, 0xD9,
  0xBA, 0xD9, 0xBA, 0xD9, 0xBF, 0xD9, 0xBF, 0xD9, 0xBF, 0xD9,
  0xBF, 0xD9, 0xB9, 0xD9, 0xB9, 0xD9, 0xB9, 0xD9, 0xB9, 0xDA,
  0xA4, 0xDA, 0xA4, 0xDA, 0xA4, 0xDA, 0xA4, 0xDA, 0xA6, 0xDA,
  0xA6, 0xDA, 0xA6, 0xDA, 0xA6, 0xDA, 0x84, 0xDA, 0x84, 0xDA,
  0x84, 0xDA, 0x84, 0xDA, 0x83, 0xDA, 0x83, 0xDA, 0x83, 0xDA,
  0x83, 0xDA, 0x86, 0xDA, 0x86, 0xDA, 0x86, 0xDA, 0x86, 0xDA,
  0x87, 0xDA, 0x87, 0xDA, 0x87, 0xDA, 0x87, 0xDA, 0x8D, 0xDA,
  0x8D, 0xDA, 0x8C, 0xDA, 0x8C, 0xDA, 0x8E, 0xDA, 0x8E, 0xDA,
  0x88, 0xDA, 0x88, 0xDA, 0x98, 0xDA, 0x98, 0xDA, 0x91, 0xDA,
  0x91, 0xDA, 0xA9, 0xDA, 0xA9, 0xDA, 0xA9, 0xDA, 0xA9, 0xDA,
  0xAF, 0xDA, 0xAF, 0xDA, 0xAF, 0xDA, 0xAF, 0xDA, 0xB3, 0xDA,
  0xB3, 0xDA, 0xB3, 0xDA, 0xB3, 0xDA, 0xB1, 0xDA, 0xB1, 0xDA,
  0xB1, 0xDA, 0xB1, 0xDA, 0xBA, 0xDA, 0xBA, 0xDA, 0xBB, 0xDA,
  0xBB, 0xDA, 0xBB, 0xDA, 0xBB, 0xDB, 0x95, 0xD9, 0x94, 0xDB,
  0x95, 0xD9, 0x94, 0xDB, 0x81, 0xDB, 0x81, 0xDB, 0x81, 0xDB,
  0x81, 0xDA, 0xBE, 0xDA, 0xBE, 0xDA, 0xBE, 0xDA, 0xBE, 0xDB,
  0x92, 0xDB, 0x92, 0xDB, 0x92, 0xD9, 0x94, 0xDB, 0x92, 0xD9,
  0x94, 0xDA, 0xAD, 0xDA, 0xAD, 0xDA, 0xAD, 0xDA, 0xAD, 0xDB,
  0x87, 0xDB, 0x87, 0xDB, 0x86, 0xDB, 0x86, 0xDB, 0x88, 0xDB,
  0x88, 0xDB, 0x87, 0xD9, 0xB4, 0xDB, 0x8B, 0xDB, 0x8B, 0xDB,
  0x85, 0xDB, 0x85, 0xDB, 0x89, 0xDB, 0x89, 0xDB, 0x90, 0xDB,
  0x90, 0xDB, 0x90, 0xDB, 0x90, 0xD9, 0x89, 0xD9, 0x89, 0xD9,
  0x8A, 0xD9, 0x94, 0xD8, 0xA7, 0xD9, 0x8A, 0xD9, 0x94, 0xD8,
  0xA7, 0xD9, 0x8A, 0xD9, 0x94, 0xDB, 0x95, 0xD9, 0x8A, 0xD9,
  0x94, 0xDB, 0x95, 0xD9, 0x8A, 0xD9, 0x94, 0xD9, 0x88, 0xD9,
  0x8A, 0xD9, 0x94, 0xD9, 0x88, 0xD9, 0x8A, 0xD9, 0x94, 0xDB,
  0x87, 0xD9, 0x8A, 0xD9, 0x94, 0xDB, 0x87, 0xD9, 0x8A, 0xD9,
  0x94, 0xDB, 0x86, 0xD9, 0x8A, 0xD9, 0x94, 0xDB, 0x86, 0xD9,
  0x8A, 0xD9, 0x94, 0xDB, 0x88, 0xD9, 0x8A, 0xD9, 0x94, 0xDB,
  0x88, 0xD9, 0x8A, 0xD9, 0x94, 0xDB, 0x90, 0xD9, 0x8A, 0xD9,
  0x94, 0xDB, 0x90, 0xD9, 0x8A, 0xD9, 0x94, 0xDB, 0x90, 0xD9,
  0x8A, 0xD9, 0x94, 0xD9, 0x89, 0xD9, 0x8A, 0xD9, 0x94, 0xD9,
  0x89, 0xD9, 0x8A, 0xD9, 0x94, 0xD9, 0x89, 0xDB, 0x8C, 0xDB,
  0x8C, 0xDB, 0x8C, 0xDB, 0x8C, 0xD9, 0x8A, 0xD9, 0x94, 0xD8,
  0xAC, 0xD9, 0x8A, 0xD9, 0x94, 0xD8, 0xAD, 0xD9, 0x8A, 0xD9,
  0x94, 0xD9, 0x85, 0xD9, 0x8A, 0xD9, 0x94, 0xD9, 0x89, 0xD9,
  0x8A, 0xD9, 0x94, 0xD9, 0x8A, 0xD8, 0xA8, 0xD8, 0xAC, 0xD8,
  0xA8, 0xD8, 0xAD, 0xD8, 0xA8, 0xD8, 0xAE, 0xD8, 0xA8, 0xD9,
  0x85, 0xD8, 0xA8, 0xD9, 0x89, 0xD8, 0xA8, 0xD9, 0x8A, 0xD8,
  0xAA, 0xD8, 0xAC, 0xD8, 0xAA, 0xD8, 0xAD, 0xD8, 0xAA, 0xD8,
  0xAE, 0xD8, 0xAA, 0xD9, 0x85, 0xD8, 0xAA, 0xD9, 0x89, 0xD8,
  0xAA, 0xD9, 0x8A, 0xD8, 0xAB, 0xD8, 0xAC, 0xD8, 0xAB, 0xD9,
  0x85, 0xD8, 0xAB, 0xD9, 0x89, 0xD8, 0xAB, 0xD9, 0x8A, 0xD8,
  0xAC, 0xD8, 0xAD, 0xD8, 0xAC, 0xD9, 0x85, 0xD8, 0xAD, 0xD8,
  0xAC, 0xD8, 0xAD, 0xD9, 0x85, 0xD8, 0xAE, 0xD8, 0xAC, 0xD8,
  0xAE, 0xD8, 0xAD, 0xD8, 0xAE, 0xD9, 0x85, 0xD8, 0xB3, 0xD8,
  0xAC, 0xD8, 0xB3, 0xD8, 0xAD, 0xD8, 0xB3, 0xD8, 0xAE, 0xD8,
  0xB3, 0xD9, 0x85, 0xD8, 0xB5, 0xD8, 0xAD, 0xD8, 0xB5, 0xD9,
  0x85, 0xD8, 0xB6, 0xD8, 0xAC, 0xD8, 0xB6, 0xD8, 0xAD, 0xD8,
  0xB6, 0xD8, 0xAE, 0xD8, 0xB6, 0xD9, 0x85, 0xD8, 0xB7, 0xD8,
  0xAD, 0xD8, 0xB7, 0xD9, 0x85, 0xD8, 0xB8, 0xD9, 0x85, 0xD8,
  0xB9, 0xD8, 0xAC, 0xD8, 0xB9, 0xD9, 0x85, 0xD8, 0xBA, 0xD8,
  0xAC, 0xD8, 0xBA, 0xD9, 0x85, 0xD9, 0x81, 0xD8, 0xAC, 0xD9,
  0x81, 0xD8, 0xAD, 0xD9, 0x81, 0xD8, 0xAE, 0xD9, 0x81, 0xD9,
  0x85, 0xD9, 0x81, 0xD9, 0x89, 0xD9, 0x81, 0xD9, 0x8A, 0xD9,
  0x82, 0xD8, 0xAD, 0xD9, 0x82, 0xD9, 0x85, 0xD9, 0x82, 0xD9,
  0x89, 0xD9, 0x82, 0xD9, 0x8A, 0xD9, 0x83, 0xD8, 0xA7, 0xD9,
  0x83, 0xD8, 0xAC, 0xD9, 0x83, 0xD8, 0xAD, 0xD9, 0x83, 0xD8,
  0xAE, 0xD9, 0x83, 0xD9, 0x84, 0xD9, 0x83, 0xD9, 0x85, 0xD9,
  0x83, 0xD9, 0x89, 0xD9, 0x83, 0xD9, 0x8A, 0xD9, 0x84, 0xD8,
  0xAC, 0xD9, 0x84, 0xD8, 0xAD, 0xD9, 0x84, 0xD8, 0xAE, 0xD9,
  0x84, 0xD9, 0x85, 0xD9, 0x84, 0xD9, 0x89, 0xD9, 0x84, 0xD9,
  0x8A, 0xD9, 0x85, 0xD8, 0xAC, 0xD9, 0x85, 0xD8, 0xAD, 0xD9,
  0x85, 0xD8, 0xAE, 0xD9, 0x85, 0xD9, 0x85, 0xD9, 0x85, 0xD9,
  0x89, 0xD9, 0x85, 0xD9, 0x8A, 0xD9, 0x86, 0xD8, 0xAC, 0xD9,
  0x86, 0xD8, 0xAD, 0xD9, 0x86, 0xD8, 0xAE, 0xD9, 0x86, 0xD9,
  0x85, 0xD9, 0x86, 0xD9, 0x89, 0xD9, 0x86, 0xD9, 0x8A, 0xD9,
  0x87, 0xD8, 0xAC, 0xD9, 0x87, 0xD9, 0x85, 0xD9, 0x87, 0xD9,
  0x89, 0xD9, 0x87, 0xD9, 0x8A, 0xD9, 0x8A, 0xD8, 0xAC, 0xD9,
  0x8A, 0xD8, 0xAD, 0xD9, 0x8A, 0xD8, 0xAE, 0xD9, 0x8A, 0xD9,
  0x85, 0xD9, 0x8A, 0xD9, 0x89, 0xD9, 0x8A, 0xD9, 0x8A, 0xD8,
  0xB0, 0xD9, 0xB0, 0xD8, 0xB1, 0xD9, 0xB0, 0xD9, 0x89, 0xD9,
  0xB0, 0x20, 0xD9, 0x8C, 0xD9, 0x91, 0x20, 0xD9, 0x8D, 0xD9,
  0x91, 0x20, 0xD9, 0x8E, 0xD9, 0x91, 0x20, 0xD9, 0x8F, 0xD9,
  0x91, 0x20, 0xD9, 0x90, 0xD9, 0x91, 0x20, 0xD9, 0x91, 0xD9,
  0xB0, 0xD9, 0x8A, 0xD9, 0x94, 0xD8, 0xB1, 0xD9, 0x8A, 0xD9,
  0x94, 0xD8, 0xB2, 0xD9, 0x8A, 0xD9, 0x94, 0xD9, 0x85, 0xD9,
  0x8A, 0xD9, 0x94, 0xD9, 0x86, 0xD9, 0x8A, 0xD9, 0x94, 0xD9,
  0x89, 0xD9, 0x8A, 0xD9, 0x94, 0xD9, 0x8A, 0xD8, 0xA8, 0xD8,
  0xB1, 0xD8, 0xA8, 0xD8, 0xB2, 0xD8, 0xA8, 0xD9, 0x85, 0xD8,
  0xA8, 0xD9, 0x86, 0xD8, 0xA8, 0xD9, 0x89, 0xD8, 0xA8, 0xD9,
  0x8A, 0xD8, 0xAA, 0xD8, 0xB1, 0xD8, 0xAA, 0xD8, 0xB2, 0xD8,
  0xAA, 0xD9, 0x85, 0xD8, 0xAA, 0xD9, 0x86, 0xD8, 0xAA, 0xD9,
  0x89, 0xD8, 0xAA, 0xD9, 0x8A, 0xD8, 0xAB, 0xD8, 0xB1, 0xD8,
  0xAB, 0xD8, 0xB2, 0xD8, 0xAB, 0xD9, 0x85, 0xD8, 0xAB, 0xD9,
  0x86, 0xD8, 0xAB, 0xD9, 0x89, 0xD8, 0xAB, 0xD9, 0x8A, 0xD9,
  0x81, 0xD9, 0x89, 0xD9, 0x81, 0xD9, 0x8A, 0xD9, 0x82, 0xD9,
  0x89, 0xD9, 0x82, 0xD9, 0x8A, 0xD9, 0x83, 0xD8, 0xA7, 0xD9,
  0x83, 0xD9, 0x84, 0xD9, 0x83, 0xD9, 0x85, 0xD9, 0x83, 0xD9,
  0x89, 0xD9, 0x83, 0xD9, 0x8A, 0xD9, 0x84, 0xD9, 0x85, 0xD9,
  0x84, 0xD9, 0x89, 0xD9, 0x84, 0xD9, 0x8A, 0xD9, 0x85, 0xD8,
  0xA7, 0xD9, 0x85, 0xD9, 0x85, 0xD9, 0x86, 0xD8, 0xB1, 0xD9,
  0x86, 0xD8, 0xB2, 0xD9, 0x86, 0xD9, 0x85, 0xD9, 0x86, 0xD9,
  0x86, 0xD9, 0x86, 0xD9, 0x89, 0xD9, 0x86, 0xD9, 0x8A, 0xD9,
  0x89, 0xD9, 0xB0, 0xD9, 0x8A, 0xD8, 0xB1, 0xD9, 0x8A, 0xD8,
  0xB2, 0xD9, 0x8A, 0xD9, 0x85, 0xD9, 0x8A, 0xD9, 0x86, 0xD9,
  0x8A, 0xD9, 0x89, 0xD9, 0x8A, 0xD9, 0x8A, 0xD9, 0x8A, 0xD9,
  0x94, 0xD8, 0xAC, 0xD9, 0x8A, 0xD9, 0x94, 0xD8, 0xAD, 0xD9,
  0x8A, 0xD9, 0x94, 0xD8, 0xAE, 0xD9, 0x8A, 0xD9, 0x94, 0xD9,
  0x85, 0xD9, 0x8A, 0xD9, 0x94, 0xD9, 0x87, 0xD8, 0xA8, 0xD8,
  0xAC, 0xD8, 0xA8, 0xD8, 0xAD, 0xD8, 0xA8, 0xD8, 0xAE, 0xD8,
  0xA8, 0xD9, 0x85, 0xD8, 0xA8, 0xD9, 0x87, 0xD8, 0xAA, 0xD8,
  0xAC, 0xD8, 0xAA, 0xD8, 0xAD, 0xD8, 0xAA, 0xD8, 0xAE, 0xD8,
  0xAA, 0xD9, 0x85, 0xD8, 0xAA, 0xD9, 0x87, 0xD8, 0xAB, 0xD9,
  0x85, 0xD8, 0xAC, 0xD8, 0xAD, 0xD8, 0xAC, 0xD9, 0x85, 0xD8,
  0xAD, 0xD8, 0xAC, 0xD8, 0xAD, 0xD9, 0x85, 0xD8, 0xAE, 0xD8,
  0xAC, 0xD8, 0xAE, 0xD9, 0x85, 0xD8, 0xB3, 0xD8, 0xAC, 0xD8,
  0xB3, 0xD8, 0xAD, 0xD8, 0xB3, 0xD8, 0xAE, 0xD8, 0xB3, 0xD9,
  0x85, 0xD8, 0xB5, 0xD8, 0xAD, 0xD8, 0xB5, 0xD8, 0xAE, 0xD8,
  0xB5, 0xD9, 0x85, 0xD8, 0xB6, 0xD8, 0xAC, 0xD8, 0xB6, 0xD8,
  0xAD, 0xD8, 0xB6, 0xD8, 0xAE, 0xD8, 0xB6, 0xD9, 0x85, 0xD8,
  0xB7, 0xD8, 0xAD, 0xD8, 0xB8, 0xD9, 0x85, 0xD8, 0xB9, 0xD8,
  0xAC, 0xD8, 0xB9, 0xD9, 0x85, 0xD8, 0xBA, 0xD8, 0xAC, 0xD8,
  0xBA, 0xD9, 0x85, 0xD9, 0x81, 0xD8, 0xAC, 0xD9, 0x81, 0xD8,
  0xAD, 0xD9, 0x81, 0xD8, 0xAE, 0xD9, 0x81, 0xD9, 0x85, 0xD9,
  0x82, 0xD8, 0xAD, 0xD9, 0x82, 0xD9, 0x85, 0xD9, 0x83, 0xD8,
  0xAC, 0xD9, 0x83, 0xD8, 0xAD, 0xD9, 0x83, 0xD8, 0xAE, 0xD9,
  0x83, 0xD9, 0x84, 0xD9, 0x83, 0xD9, 0x85, 0xD9, 0x84, 0xD8,
  0xAC, 0xD9, 0x84, 0xD8, 0xAD, 0xD9, 0x84, 0xD8, 0xAE, 0xD9,
  0x84, 0xD9, 0x85, 0xD9, 0x84, 0xD9, 0x87, 0xD9, 0x85, 0xD8,
  0xAC, 0xD9, 0x85, 0xD8, 0xAD, 0xD9, 0x85, 0xD8, 0xAE, 0xD9,
  0x85, 0xD9, 0x85, 0xD9, 0x86, 0xD8, 0xAC, 0xD9, 0x86, 0xD8,
  0xAD, 0xD9, 0x86, 0xD8, 0xAE, 0xD9, 0x86, 0xD9, 0x85, 0xD9,
  0x86, 0xD9, 0x87, 0xD9, 0x87, 0xD8, 0xAC, 0xD9, 0x87, 0xD9,
  0x85, 0xD9, 0x87, 0xD9, 0xB0, 0xD9, 0x8A, 0xD8, 0xAC, 0xD9,
  0x8A, 0xD8, 0xAD, 0xD9, 0x8A, 0xD8, 0xAE, 0xD9, 0x8A, 0xD9,
  0x85, 0xD9, 0x8A, 0xD9, 0x87, 0xD9, 0x8A, 0xD9, 0x94, 0xD9,
  0x85, 0xD9, 0x8A, 0xD9, 0x94, 0xD9, 0x87, 0xD8, 0xA8, 0xD9,
  0x85, 0xD8, 0xA8, 0xD9, 0x87, 0xD8, 0xAA, 0xD9, 0x85, 0xD8,
  0xAA, 0xD9, 0x87, 0xD8, 0xAB, 0xD9, 0x85, 0xD8, 0xAB, 0xD9,
  0x87, 0xD8, 0xB3, 0xD9, 0x85, 0xD8, 0xB3, 0xD9, 0x87, 0xD8,
  0xB4, 0xD9, 0x85, 0xD8, 0xB4, 0xD9, 0x87, 0xD9, 0x83, 0xD9,
  0x84, 0xD9, 0x83, 0xD9, 0x85, 0xD9, 0x84, 0xD9, 0x85, 0xD9,
  0x86, 0xD9, 0x85, 0xD9, 0x86, 0xD9, 0x87, 0xD9, 0x8A, 0xD9,
  0x85, 0xD9, 0x8A, 0xD9, 0x87, 0xD9, 0x80, 0xD9, 0x8E, 0xD9,
  0x91, 0xD9, 0x80, 0xD9, 0x8F, 0xD9, 0x91, 0xD9, 0x80, 0xD9,
  0x90, 0xD9, 0x91, 0xD8, 0xB7, 0xD9, 0x89, 0xD8, 0xB7, 0xD9,
  0x8A, 0xD8, 0xB9, 0xD9, 0x89, 0xD8, 0xB9, 0xD9, 0x8A, 0xD8,
  0xBA, 0xD9, 0x89, 0xD8, 0xBA, 0xD9, 0x8A, 0xD8, 0xB3, 0xD9,
  0x89, 0xD8, 0xB3, 0xD9, 0x8A, 0xD8, 0xB4, 0xD9, 0x89, 0xD8,
  0xB4, 0xD9, 0x8A, 0xD8, 0xAD, 0xD9, 0x89, 0xD8, 0xAD, 0xD9,
  0x8A, 0xD8, 0xAC, 0xD9, 0x89, 0xD8, 0xAC, 0xD9, 0x8A, 0xD8,
  0xAE, 0xD9, 0x89, 0xD8, 0xAE, 0xD9, 0x8A, 0xD8, 0xB5, 0xD9,
  0x89, 0xD8, 0xB5, 0xD9, 0x8A, 0xD8, 0xB6, 0xD9, 0x89, 0xD8,
  0xB6, 0xD9, 0x8A, 0xD8, 0xB4, 0xD8, 0xAC, 0xD8, 0xB4, 0xD8,
  0xAD, 0xD8, 0xB4, 0xD8, 0xAE, 0xD8, 0xB4, 0xD9, 0x85, 0xD8,
  0xB4, 0xD8, 0xB1, 0xD8, 0xB3, 0xD8, 0xB1, 0xD8, 0xB5, 0xD8,
  0xB1, 0xD8, 0xB6, 0xD8, 0xB1, 0xD8, 0xB7, 0xD9, 0x89, 0xD8,
  0xB7, 0xD9, 0x8A, 0xD8, 0xB9, 0xD9, 0x89, 0xD8, 0xB9, 0xD9,
  0x8A, 0xD8, 0xBA, 0xD9, 0x89, 0xD8, 0xBA, 0xD9, 0x8A, 0xD8,
  0xB3, 0xD9, 0x89, 0xD8, 0xB3, 0xD9, 0x8A, 0xD8, 0xB4, 0xD9,
  0x89, 0xD8, 0xB4, 0xD9, 0x8A, 0xD8, 0xAD, 0xD9, 0x89, 0xD8,
  0xAD, 0xD9, 0x8A, 0xD8, 0xAC, 0xD9, 0x89, 0xD8, 0xAC, 0xD9,
  0x8A, 0xD8, 0xAE, 0xD9, 0x89, 0xD8, 0xAE, 0xD9, 0x8A, 0xD8,
  0xB5, 0xD9, 0x89, 0xD8, 0xB5, 0xD9, 0x8A, 0xD8, 0xB6, 0xD9,
  0x89, 0xD8, 0xB6, 0xD9, 0x8A, 0xD8, 0xB4, 0xD8, 0xAC, 0xD8,
  0xB4, 0xD8, 0xAD, 0xD8, 0xB4, 0xD8, 0xAE, 0xD8, 0xB4, 0xD9,
  0x85, 0xD8, 0xB4, 0xD8, 0xB1, 0xD8, 0xB3, 0xD8, 0xB1, 0xD8,
  0xB5, 0xD8, 0xB1, 0xD8, 0xB6, 0xD8, 0xB1, 0xD8, 0xB4, 0xD8,
  0xAC, 0xD8, 0xB4, 0xD8, 0xAD, 0xD8, 0xB4, 0xD8, 0xAE, 0xD8,
  0xB4, 0xD9, 0x85, 0xD8, 0xB3, 0xD9, 0x87, 0xD8, 0xB4, 0xD9,
  0x87, 0xD8, 0xB7, 0xD9, 0x85, 0xD8, 0xB3, 0xD8, 0xAC, 0xD8,
  0xB3, 0xD8, 0xAD, 0xD8, 0xB3, 0xD8, 0xAE, 0xD8, 0xB4, 0xD8,
  0xAC, 0xD8, 0xB4, 0xD8, 0xAD, 0xD8, 0xB4, 0xD8, 0xAE, 0xD8,
  0xB7, 0xD9, 0x85, 0xD8, 0xB8, 0xD9, 0x85, 0xD8, 0xA7, 0xD9,
  0x8B, 0xD8, 0xA7, 0xD9, 0x8B, 0xD8, 0xAA, 0xD8, 0xAC, 0xD9,
  0x85, 0xD8, 0xAA, 0xD8, 0xAD, 0xD8, 0xAC, 0xD8, 0xAA, 0xD8,
  0xAD, 0xD8, 0xAC, 0xD8, 0xAA, 0xD8, 0xAD, 0xD9, 0x85, 0xD8,
  0xAA, 0xD8, 0xAE, 0xD9, 0x85, 0xD8, 0xAA, 0xD9, 0x85, 0xD8,
  0xAC, 0xD8, 0xAA, 0xD9, 0x85, 0xD8, 0xAD, 0xD8, 0xAA, 0xD9,
  0x85, 0xD8, 0xAE, 0xD8, 0xAC, 0xD9, 0x85, 0xD8, 0xAD, 0xD8,
  0xAC, 0xD9, 0x85, 0xD8, 0xAD, 0xD8, 0xAD, 0xD9, 0x85, 0xD9,
  0x8A, 0xD8, 0xAD, 0xD9, 0x85, 0xD9, 0x89, 0xD8, 0xB3, 0xD8,
  0xAD, 0xD8, 0xAC, 0xD8, 0xB3, 0xD8, 0xAC, 0xD8, 0xAD, 0xD8,
  0xB3, 0xD8, 0xAC, 0xD9, 0x89, 0xD8, 0xB3, 0xD9, 0x85, 0xD8,
  0xAD, 0xD8, 0xB3, 0xD9, 0x85, 0xD8, 0xAD, 0xD8, 0xB3, 0xD9,
  0x85, 0xD8, 0xAC, 0xD8, 0xB3, 0xD9, 0x85, 0xD9, 0x85, 0xD8,
  0xB3, 0xD9, 0x85, 0xD9, 0x85, 0xD8, 0xB5, 0xD8, 0xAD, 0xD8,
  0xAD, 0xD8, 0xB5, 0xD8, 0xAD, 0xD8, 0xAD, 0xD8, 0xB5, 0xD9,
  0x85, 0xD9, 0x85, 0xD8, 0xB4, 0xD8, 0xAD, 0xD9, 0x85, 0xD8,
  0xB4, 0xD8, 0xAD, 0xD9, 0x85, 0xD8, 0xB4, 0xD8, 0xAC, 0xD9,
  0x8A, 0xD8, 0xB4, 0xD9, 0x85, 0xD8, 0xAE, 0xD8, 0xB4, 0xD9,
  0x85, 0xD8, 0xAE, 0xD8, 0xB4, 0xD9, 0x85, 0xD9, 0x85, 0xD8,
  0xB4, 0xD9, 0x85, 0xD9, 0x85, 0xD8, 0xB6, 0xD8, 0xAD, 0xD9,
  0x89, 0xD8, 0xB6, 0xD8, 0xAE, 0xD9, 0x85, 0xD8, 0xB6, 0xD8,
  0xAE, 0xD9, 0x85, 0xD8, 0xB7, 0xD9, 0x85, 0xD8, 0xAD, 0xD8,
  0xB7, 0xD9, 0x85, 0xD8, 0xAD, 0xD8, 0xB7, 0xD9, 0x85, 0xD9,
  0x85, 0xD8, 0xB7, 0xD9, 0x85, 0xD9, 0x8A, 0xD8, 0xB9, 0xD8,
  0xAC, 0xD9, 0x85, 0xD8, 0xB9, 0xD9, 0x85, 0xD9, 0x85, 0xD8,
  0xB9, 0xD9, 0x85, 0xD9, 0x85, 0xD8, 0xB9, 0xD9, 0x85, 0xD9,
  0x89, 0xD8, 0xBA, 0xD9, 0x85, 0xD9, 0x85, 0xD8, 0xBA, 0xD9,
  0x85, 0xD9, 0x8A, 0xD8, 0xBA, 0xD9, 0x85, 0xD9, 0x89, 0xD9,
  0x81, 0xD8, 0xAE, 0xD9, 0x85, 0xD9, 0x81, 0xD8, 0xAE, 0xD9,
  0x85, 0xD9, 0x82, 0xD9, 0x85, 0xD8, 0xAD, 0xD9, 0x82, 0xD9,
  0x85, 0xD9, 0x85, 0xD9, 0x84, 0xD8, 0xAD, 0xD9, 0x85, 0xD9,
  0x84, 0xD8, 0xAD, 0xD9, 0x8A, 0xD9, 0x84, 0xD8, 0xAD, 0xD9,
  0x89, 0xD9, 0x84, 0xD8, 0xAC, 0xD8, 0xAC, 0xD9, 0x84, 0xD8,
  0xAC, 0xD8, 0xAC, 0xD9, 0x84, 0xD8, 0xAE, 0xD9, 0x85, 0xD9,
  0x84, 0xD8, 0xAE, 0xD9, 0x85, 0xD9, 0x84, 0xD9, 0x85, 0xD8,
  0xAD, 0xD9, 0x84, 0xD9, 0x85, 0xD8, 0xAD, 0xD9, 0x85, 0xD8,
  0xAD, 0xD8, 0xAC, 0xD9, 0x85, 0xD8, 0xAD, 0xD9, 0x85, 0xD9,
  0x85, 0xD8, 0xAD, 0xD9, 0x8A, 0xD9, 0x85, 0xD8, 0xAC, 0xD8,
  0xAD, 0xD9, 0x85, 0xD8, 0xAC, 0xD9, 0x85, 0xD9, 0x85, 0xD8,
  0xAE, 0xD8, 0xAC, 0xD9, 0x85, 0xD8, 0xAE, 0xD9, 0x85, 0xD9,
  0x85, 0xD8, 0xAC, 0xD8, 0xAE, 0xD9, 0x87, 0xD9, 0x85, 0xD8,
  0xAC, 0xD9, 0x87, 0xD9, 0x85, 0xD9, 0x85, 0xD9, 0x86, 0xD8,
  0xAD, 0xD9, 0x85, 0xD9, 0x86, 0xD8, 0xAD, 0xD9, 0x89, 0xD9,
  0x86, 0xD8, 0xAC, 0xD9, 0x85, 0xD9, 0x86, 0xD8, 0xAC, 0xD9,
  0x85, 0xD9, 0x86, 0xD8, 0xAC, 0xD9, 0x89, 0xD9, 0x86, 0xD9,
  0x85, 0xD9, 0x8A, 0xD9, 0x86, 0xD9, 0x85, 0xD9, 0x89, 0xD9,
  0x8A, 0xD9, 0x85, 0xD9, 0x85, 0xD9, 0x8A, 0xD9, 0x85, 0xD9,
  0x85, 0xD8, 0xA8, 0xD8, 0xAE, 0xD9, 0x8A, 0xD8, 0xAA, 0xD8,
  0xAC, 0xD9, 0x8A, 0xD8, 0xAA, 0xD8, 0xAC, 0xD9, 0x89, 0xD8,
  0xAA, 0xD8, 0xAE, 0xD9, 0x8A, 0xD8, 0xAA, 0xD8, 0xAE, 0xD9,
  0x89, 0xD8, 0xAA, 0xD9, 0x85, 0xD9, 0x8A, 0xD8, 0xAA, 0xD9,
  0x85, 0xD9, 0x89, 0xD8, 0xAC, 0xD9, 0x85, 0xD9, 0x8A, 0xD8,
  0xAC, 0xD8, 0xAD, 0xD9, 0x89, 0xD8, 0xAC, 0xD9, 0x85, 0xD9,
  0x89, 0xD8, 0xB3, 0xD8, 0xAE, 0xD9, 0x89, 0xD8, 0xB5, 0xD8,
  0xAD, 0xD9, 0x8A, 0xD8, 0xB4, 0xD8, 0xAD, 0xD9, 0x8A, 0xD8,
  0xB6, 0xD8, 0xAD, 0xD9, 0x8A, 0xD9, 0x84, 0xD8, 0xAC, 0xD9,
  0x8A, 0xD9, 0x84, 0xD9, 0x85, 0xD9, 0x8A, 0xD9, 0x8A, 0xD8,
  0xAD, 0xD9, 0x8A, 0xD9, 0x8A, 0xD8, 0xAC, 0xD9, 0x8A, 0xD9,
  0x8A, 0xD9, 0x85, 0xD9, 0x8A, 0xD9, 0x85, 0xD9, 0x85, 0xD9,
  0x8A, 0xD9, 0x82, 0xD9, 0x85, 0xD9, 0x8A, 0xD9, 0x86, 0xD8,
  0xAD, 0xD9, 0x8A, 0xD9, 0x82, 0xD9, 0x85, 0xD8, 0xAD, 0xD9,
  0x84, 0xD8, 0xAD, 0xD9, 0x85, 0xD8, 0xB9, 0xD9, 0x85, 0xD9,
  0x8A, 0xD9, 0x83, 0xD9, 0x85, 0xD9, 0x8A, 0xD9, 0x86, 0xD8,
  0xAC, 0xD8, 0xAD, 0xD9, 0x85, 0xD8, 0xAE, 0xD9, 0x8A, 0xD9,
  0x84, 0xD8, 0xAC, 0xD9, 0x85, 0xD9, 0x83, 0xD9, 0x85, 0xD9,
  0x85, 0xD9, 0x84, 0xD8, 0xAC, 0xD9, 0x85, 0xD9, 0x86, 0xD8,
  0xAC, 0xD8, 0xAD, 0xD8, 0xAC, 0xD8, 0xAD, 0xD9, 0x8A, 0xD8,
  0xAD, 0xD8, 0xAC, 0xD9, 0x8A, 0xD9, 0x85, 0xD8, 0xAC, 0xD9,
  0x8A, 0xD9, 0x81, 0xD9, 0x85, 0xD9, 0x8A, 0xD8, 0xA8, 0xD8,
  0xAD, 0xD9, 0x8A, 0xD9, 0x83, 0xD9, 0x85, 0xD9, 0x85, 0xD8,
  0xB9, 0xD8, 0xAC, 0xD9, 0x85, 0xD8, 0xB5, 0xD9, 0x85, 0xD9,
  0x85, 0xD8, 0xB3, 0xD8, 0xAE, 0xD9, 0x8A, 0xD9, 0x86, 0xD8,
  0xAC, 0xD9, 0x8A, 0xD8, 0xB5, 0xD9, 0x84, 0xDB, 0x92, 0xD9,
  0x82, 0xD9, 0x84, 0xDB, 0x92, 0xD8, 0xA7, 0xD9, 0x84, 0xD9,
  0x84, 0xD9, 0x87, 0xD8, 0xA7, 0xD9, 0x83, 0xD8, 0xA8, 0xD8,
  0xB1, 0xD9, 0x85, 0xD8, 0xAD, 0xD9, 0x85, 0xD8, 0xAF, 0xD8,
  0xB5, 0xD9, 0x84, 0xD8, 0xB9, 0xD9, 0x85, 0xD8, 0xB1, 0xD8,
  0xB3, 0xD9, 0x88, 0xD9, 0x84, 0xD8, 0xB9, 0xD9, 0x84, 0xD9,
  0x8A, 0xD9, 0x87, 0xD9, 0x88, 0xD8, 0xB3, 0xD9, 0x84, 0xD9,
  0x85, 0xD8, 0xB5, 0xD9, 0x84, 0xD9, 0x89, 0xD8, 0xB5, 0xD9,
  0x84, 0xD9, 0x89, 0x20, 0xD8, 0xA7, 0xD9, 0x84, 0xD9, 0x84,
  0xD9, 0x87, 0x20, 0xD8, 0xB9, 0xD9, 0x84, 0xD9, 0x8A, 0xD9,
  0x87, 0x20, 0xD9, 0x88, 0xD8, 0xB3, 0xD9, 0x84, 0xD9, 0x85,
  0xD8, 0xAC, 0xD9, 0x84, 0x20, 0xD8, 0xAC, 0xD9, 0x84, 0xD8,
  0xA7, 0xD9, 0x84, 0xD9, 0x87, 0xD8, 0xB1, 0xDB, 0x8C, 0xD8,
  0xA7, 0xD9, 0x84, 0x2C, 0xE3, 0x80, 0x81, 0xE3, 0x80, 0x82,
  0x3A, 0x3B, 0x21, 0x3F, 0xE3, 0x80, 0x96, 0xE3, 0x80, 0x97,
  0x2E, 0x2E, 0x2E, 0xEF, 0xB8, 0xA0, 0xEF, 0xB8, 0xA1, 0xEF,
  0xB8, 0xA2, 0xEF, 0xB8, 0xA3, 0xEF, 0xB8, 0xA4, 0xEF, 0xB8,
  0xA5, 0xEF, 0xB8, 0xA6, 0xEF, 0xB8, 0xA7, 0xEF, 0xB8, 0xA8,
  0xEF, 0xB8, 0xA9, 0xEF, 0xB8, 0xAA, 0xEF, 0xB8, 0xAB, 0xEF,
  0xB8, 0xAC, 0xEF, 0xB8, 0xAD, 0xEF, 0xB8, 0xAE, 0xEF, 0xB8,
  0xAF, 0x2E, 0x2E, 0xE2, 0x80, 0x94, 0xE2, 0x80, 0x93, 0x5F,
  0x5F, 0x28, 0x29, 0x7B, 0x7D, 0xE3, 0x80, 0x94, 0xE3, 0x80,
  0x95, 0xE3, 0x80, 0x90, 0xE3, 0x80, 0x91, 0xE3, 0x80, 0x8A,
  0xE3, 0x80, 0x8B, 0xE3, 0x80, 0x88, 0xE3, 0x80, 0x89, 0xE3,
  0x80, 0x8C, 0xE3, 0x80, 0x8D, 0xE3, 0x80, 0x8E, 0xE3, 0x80,
  0x8F, 0x5B, 0x5D, 0x20, 0xCC, 0x85, 0x20, 0xCC, 0x85, 0x20,
  0xCC, 0x85, 0x20, 0xCC, 0x85, 0x5F, 0x5F, 0x5F, 0x2C, 0xE3,
  0x80, 0x81, 0x2E, 0x3B, 0x3A, 0x3F, 0x21, 0xE2, 0x80, 0x94,
  0x28, 0x29, 0x7B, 0x7D, 0xE3, 0x80, 0x94, 0xE3, 0x80, 0x95,
  0x23, 0x26, 0x2A, 0x2B, 0x2D, 0x3C, 0x3E, 0x3D, 0x5C, 0x24,
  0x25, 0x40, 0x20, 0xD9, 0x8B, 0xD9, 0x80, 0xD9, 0x8B, 0x20,
  0xD9, 0x8C, 0x20, 0xD9, 0x8D, 0x20, 0xD9, 0x8E, 0xD9, 0x80,
  0xD9, 0x8E, 0x20, 0xD9, 0x8F, 0xD9, 0x80, 0xD9, 0x8F, 0x20,
  0xD9, 0x90, 0xD9, 0x80, 0xD9, 0x90, 0x20, 0xD9, 0x91, 0xD9,
  0x80, 0xD9, 0x91, 0x20, 0xD9, 0x92, 0xD9, 0x80, 0xD9, 0x92,
  0xD8, 0xA1, 0xD8, 0xA7, 0xD9, 0x93, 0xD8, 0xA7, 0xD9, 0x93,
  0xD8, 0xA7, 0xD9, 0x94, 0xD8, 0xA7, 0xD9, 0x94, 0xD9, 0x88,
  0xD9, 0x94, 0xD9, 0x88, 0xD9, 0x94, 0xD8, 0xA7, 0xD9, 0x95,
  0xD8, 0xA7, 0xD9, 0x95, 0xD9, 0x8A, 0xD9, 0x94, 0xD9, 0x8A,
  0xD9, 0x94, 0xD9, 0x8A, 0xD9, 0x94, 0xD9, 0x8A, 0xD9, 0x94,
  0xD8, 0xA7, 0xD8, 0xA7, 0xD8, 0xA8, 0xD8, 0xA8, 0xD8, 0xA8,
  0xD8, 0xA8, 0xD8, 0xA9, 0xD8, 0xA9, 0xD8, 0xAA, 0xD8, 0xAA,
  0xD8, 0xAA, 0xD8, 0xAA, 0xD8, 0xAB, 0xD8, 0xAB, 0xD8, 0xAB,
  0xD8, 0xAB, 0xD8, 0xAC, 0xD8, 0xAC, 0xD8, 0xAC, 0xD8, 0xAC,
  0xD8, 0xAD, 0xD8, 0xAD, 0xD8, 0xAD, 0xD8, 0xAD, 0xD8, 0xAE,
  0xD8, 0xAE, 0xD8, 0xAE, 0xD8, 0xAE, 0xD8, 0xAF, 0xD8, 0xAF,
  0xD8, 0xB0, 0xD8, 0xB0, 0xD8, 0xB1, 0xD8, 0xB1, 0xD8, 0xB2,
  0xD8, 0xB2, 0xD8, 0xB3, 0xD8, 0xB3, 0xD8, 0xB3, 0xD8, 0xB3,
  0xD8, 0xB4, 0xD8, 0xB4, 0xD8, 0xB4, 0xD8, 0xB4, 0xD8, 0xB5,
  0xD8, 0xB5, 0xD8, 0xB5, 0xD8, 0xB5, 0xD8, 0xB6, 0xD8, 0xB6,
  0xD8, 0xB6, 0xD8, 0xB6, 0xD8, 0xB7, 0xD8, 0xB7, 0xD8, 0xB7,
  0xD8, 0xB7, 0xD8, 0xB8, 0xD8, 0xB8, 0xD8, 0xB8, 0xD8, 0xB8,
  0xD8, 0xB9, 0xD8, 0xB9, 0xD8, 0xB9, 0xD8, 0xB9, 0xD8, 0xBA,
  0xD8, 0xBA, 0xD8, 0xBA, 0xD8, 0xBA, 0xD9, 0x81, 0xD9, 0x81,
  0xD9, 0x81, 0xD9, 0x81, 0xD9, 0x82, 0xD9, 0x82, 0xD9, 0x82,
  0xD9, 0x82, 0xD9, 0x83, 0xD9, 0x83, 0xD9, 0x83, 0xD9, 0x83,
  0xD9, 0x84, 0xD9, 0x84, 0xD9, 0x84, 0xD9, 0x84, 0xD9, 0x85,
  0xD9, 0x85, 0xD9, 0x85, 0xD9, 0x85, 0xD9, 0x86, 0xD9, 0x86,
  0xD9, 0x86, 0xD9, 0x86, 0xD9, 0x87, 0xD9, 0x87, 0xD9, 0x87,
  0xD9, 0x87, 0xD9, 0x88, 0xD9, 0x88, 0xD9, 0x89, 0xD9, 0x89,
  0xD9, 0x8A, 0xD9, 0x8A, 0xD9, 0x8A, 0xD9, 0x8A, 0xD9, 0x84,
  0xD8, 0xA7, 0xD9, 0x93, 0xD9, 0x84, 0xD8, 0xA7, 0xD9, 0x93,
  0xD9, 0x84, 0xD8, 0xA7, 0xD9, 0x94, 0xD9, 0x84, 0xD8, 0xA7,
  0xD9, 0x94, 0xD9, 0x84, 0xD8, 0xA7, 0xD9, 0x95, 0xD9, 0x84,
  0xD8, 0xA7, 0xD9, 0x95, 0xD9, 0x84, 0xD8, 0xA7, 0xD9, 0x84,
  0xD8, 0xA7, 0x21, 0x22, 0x23, 0x24, 0x25, 0x26, 0x27, 0x28,
  0x29, 0x2A, 0x2B, 0x2C, 0x2D, 0x2E, 0x2F, 0x30, 0x31, 0x32,
  0x33, 0x34, 0x35, 0x36, 0x37, 0x38, 0x39, 0x3A, 0x3B, 0x3C,
  0x3D, 0x3E, 0x3F, 0x40, 0x41, 0x42, 0x43, 0x44, 0x45, 0x46,
  0x47, 0x48, 0x49, 0x4A, 0x4B, 0x4C, 0x4D, 0x4E, 0x4F, 0x50,
  0x51, 0x52, 0x53, 0x54, 0x55, 0x56, 0x57, 0x58, 0x59, 0x5A,
  0x5B, 0x5C, 0x5D, 0x5E, 0x5F, 0x60, 0x61, 0x62, 0x63, 0x64,
  0x65, 0x66, 0x67, 0x68, 0x69, 0x6A, 0x6B, 0x6C, 0x6D, 0x6E,
  0x6F, 0x70, 0x71, 0x72, 0x73, 0x74, 0x75, 0x76, 0x77, 0x78,
  0x79, 0x7A, 0x7B, 0x7C, 0x7D, 0x7E, 0xE2, 0xA6, 0x85, 0xE2,
  0xA6, 0x86, 0xE3, 0x80, 0x82, 0xE3, 0x80, 0x8C, 0xE3, 0x80,
  0x8D, 0xE3, 0x80, 0x81, 0xE3, 0x83, 0xBB, 0xE3, 0x83, 0xB2,
  0xE3, 0x82, 0xA1, 0xE3, 0x82, 0xA3, 0xE3, 0x82, 0xA5, 0xE3,
  0x82, 0xA7, 0xE3, 0x82, 0xA9, 0xE3, 0x83, 0xA3, 0xE3, 0x83,
  0xA5, 0xE3, 0x83, 0xA7, 0xE3, 0x83, 0x83, 0xE3, 0x83, 0xBC,
  0xE3, 0x82, 0xA2, 0xE3, 0x82, 0xA4, 0xE3, 0x82, 0xA6, 0xE3,
  0x82, 0xA8, 0xE3, 0x82, 0xAA, 0xE3, 0x82, 0xAB, 0xE3, 0x82,
  0xAD, 0xE3, 0x82, 0xAF, 0xE3, 0x82, 0xB1, 0xE3, 0x82, 0xB3,
  0xE3, 0x82, 0xB5, 0xE3, 0x82, 0xB7, 0xE3, 0x82, 0xB9, 0xE3,
  0x82, 0xBB, 0xE3, 0x82, 0xBD, 0xE3, 0x82, 0xBF, 0xE3, 0x83,
  0x81, 0xE3, 0x83, 0x84, 0xE3, 0x83, 0x86, 0xE3, 0x83, 0x88,
  0xE3, 0x83, 0x8A, 0xE3, 0x83, 0x8B, 0xE3, 0x83, 0x8C, 0xE3,
  0x83, 0x8D, 0xE3, 0x83, 0x8E, 0xE3, 0x83, 0x8F, 0xE3, 0x83,
  0x92, 0xE3, 0x83, 0x95, 0xE3, 0x83, 0x98, 0xE3, 0x83, 0x9B,
  0xE3, 0x83, 0x9E, 0xE3, 0x83, 0x9F, 0xE3, 0x83, 0xA0, 0xE3,
  0x83, 0xA1, 0xE3, 0x83, 0xA2, 0xE3, 0x83, 0xA4, 0xE3, 0x83,
  0xA6, 0xE3, 0x83, 0xA8, 0xE3, 0x83, 0xA9, 0xE3, 0x83, 0xAA,
  0xE3, 0x83, 0xAB, 0xE3, 0x83, 0xAC, 0xE3, 0x83, 0xAD, 0xE3,
  0x83, 0xAF, 0xE3, 0x83, 0xB3, 0xE3, 0x82, 0x99, 0xE3, 0x82,
  0x9A, 0xE1, 0x85, 0xA0, 0xE1, 0x84, 0x80, 0xE1, 0x84, 0x81,
  0xE1, 0x86, 0xAA, 0xE1, 0x84, 0x82, 0xE1, 0x86, 0xAC, 0xE1,
  0x86, 0xAD, 0xE1, 0x84, 0x83, 0xE1, 0x84, 0x84, 0xE1, 0x84,
  0x85, 0xE1, 0x86, 0xB0, 0xE1, 0x86, 0xB1, 0xE1, 0x86, 0xB2,
  0xE1, 0x86, 0xB3, 0xE1, 0x86, 0xB4, 0xE1, 0x86, 0xB5, 0xE1,
  0x84, 0x9A, 0xE1, 0x84, 0x86, 0xE1, 0x84, 0x87, 0xE1, 0x84,
  0x88, 0xE1, 0x84, 0xA1, 0xE1, 0x84, 0x89, 0xE1, 0x84, 0x8A,
  0xE1, 0x84, 0x8B, 0xE1, 0x84, 0x8C, 0xE1, 0x84, 0x8D, 0xE1,
  0x84, 0x8E, 0xE1, 0x84, 0x8F, 0xE1, 0x84, 0x90, 0xE1, 0x84,
  0x91, 0xE1, 0x84, 0x92, 0xE1, 0x85, 0xA1, 0xE1, 0x85, 0xA2,
  0xE1, 0x85, 0xA3, 0xE1, 0x85, 0xA4, 0xE1, 0x85, 0xA5, 0xE1,
  0x85, 0xA6, 0xE1, 0x85, 0xA7, 0xE1, 0x85, 0xA8, 0xE1, 0x85,
  0xA9, 0xE1, 0x85, 0xAA, 0xE1, 0x85, 0xAB, 0xE1, 0x85, 0xAC,
  0xE1, 0x85, 0xAD, 0xE1, 0x85, 0xAE, 0xE1, 0x85, 0xAF, 0xE1,
  0x85, 0xB0, 0xE1, 0x85, 0xB1, 0xE1, 0x85, 0xB2, 0xE1, 0x85,
  0xB3, 0xE1, 0x85, 0xB4, 0xE1, 0x85, 0xB5, 0xC2, 0xA2, 0xC2,
  0xA3, 0xC2, 0xAC, 0x20, 0xCC, 0x84, 0xC2, 0xA6, 0xC2, 0xA5,
  0xE2, 0x82, 0xA9, 0xE2, 0x94, 0x82, 0xE2, 0x86, 0x90, 0xE2,
  0x86, 0x91, 0xE2, 0x86, 0x92, 0xE2, 0x86, 0x93, 0xE2, 0x96,
  0xA0, 0xE2, 0x97, 0x8B, 0xF0, 0x90, 0x87, 0xBD, 0xF0, 0x90,
  0x8B, 0xA0, 0xF0, 0x90, 0x8D, 0xB6, 0xF0, 0x90, 0x8D, 0xB7,
  0xF0, 0x90, 0x8D, 0xB8, 0xF0, 0x90, 0x8D, 0xB9, 0xF0, 0x90,
  0x8D, 0xBA, 0xF0, 0x90, 0x97, 0x92, 0xCC, 0x87, 0xF0, 0x90,
  0x97, 0x9A, 0xCC, 0x87, 0xCB, 0x90, 0xCB, 0x91, 0xC3, 0xA6,
  0xCA, 0x99, 0xC9, 0x93, 0xCA, 0xA3, 0xEA, 0xAD, 0xA6, 0xCA,
  0xA5, 0xCA, 0xA4, 0xC9, 0x96, 0xC9, 0x97, 0xE1, 0xB6, 0x91,
  0xC9, 0x98, 0xC9, 0x9E, 0xCA, 0xA9, 0xC9, 0xA4, 0xC9, 0xA2,
  0xC9, 0xA0, 0xCA, 0x9B, 0xC4, 0xA7, 0xCA, 0x9C, 0xC9, 0xA7,
  0xCA, 0x84, 0xCA, 0xAA, 0xCA, 0xAB, 0xC9, 0xAC, 0xF0, 0x9D,
  0xBC, 0x84, 0xEA, 0x9E, 0x8E, 0xC9, 0xAE, 0xF0, 0x9D, 0xBC,
  0x85, 0xCA, 0x8E, 0xF0, 0x9D, 0xBC, 0x86, 0xC3, 0xB8, 0xC9,
  0xB6, 0xC9, 0xB7, 0x71, 0xC9, 0xBA, 0xF0, 0x9D, 0xBC, 0x88,
  0xC9, 0xBD, 0xC9, 0xBE, 0xCA, 0x80, 0xCA, 0xA8, 0xCA, 0xA6,
  0xEA, 0xAD, 0xA7, 0xCA, 0xA7, 0xCA, 0x88, 0xE2, 0xB1, 0xB1,
  0xCA, 0x8F, 0xCA, 0xA1, 0xCA, 0xA2, 0xCA, 0x98, 0xC7, 0x80,
  0xC7, 0x81, 0xC7, 0x82, 0xF0, 0x9D, 0xBC, 0x8A, 0xF0, 0x9D,
  0xBC, 0x9E, 0xF0, 0x90, 0xA8, 0x8D, 0xF0, 0x90, 0xA8, 0x8F,
  0xF0, 0x90, 0xA8, 0xB8, 0xF0, 0x90, 0xA8, 0xB9, 0xF0, 0x90,
  0xA8, 0xBA, 0xF0, 0x90, 0xA8, 0xBF, 0xF0, 0x90, 0xAB, 0xA5,
  0xF0, 0x90, 0xAB, 0xA6, 0xF0, 0x90, 0xB4, 0xA4, 0xF0, 0x90,
  0xB4, 0xA5, 0xF0, 0x90, 0xB4, 0xA6, 0xF0, 0x90, 0xB4, 0xA7,
  0xF0, 0x90, 0xB5, 0xA9, 0xF0, 0x90, 0xB5, 0xAA, 0xF0, 0x90,
  0xB5, 0xAB, 0xF0, 0x90, 0xB5, 0xAC, 0xF0, 0x90, 0xB5, 0xAD,
  0xF0, 0x90, 0xBA, 0xAB, 0xF0, 0x90, 0xBA, 0xAC, 0xF0, 0x90,
  0xBB, 0xBA, 0xF0, 0x90, 0xBB, 0xBB, 0xF0, 0x90, 0xBB, 0xBD,
  0xF0, 0x90, 0xBB, 0xBE, 0xF0, 0x90, 0xBB, 0xBF, 0xF0, 0x90,
  0xBD, 0x86, 0xF0, 0x90, 0xBD, 0x87, 0xF0, 0x90, 0xBD, 0x88,
  0xF0, 0x90, 0xBD, 0x89, 0xF0, 0x90, 0xBD, 0x8A, 0xF0, 0x90,
  0xBD, 0x8B, 0xF0, 0x90, 0xBD, 0x8C, 0xF0, 0x90, 0xBD, 0x8D,
  0xF0, 0x90, 0xBD, 0x8E, 0xF0, 0x90, 0xBD, 0x8F, 0xF0, 0x90,
  0xBD, 0x90, 0xF0, 0x90, 0xBE, 0x82, 0xF0, 0x90, 0xBE, 0x83,
  0xF0, 0x90, 0xBE, 0x84, 0xF0, 0x90, 0xBE, 0x85, 0xF0, 0x91,
  0x81, 0x86, 0xF0, 0x91, 0x81, 0xB0, 0xF0, 0x91, 0x81, 0xBF,
  0xF0, 0x91, 0x82, 0x99, 0xF0, 0x91, 0x82, 0xBA, 0xF0, 0x91,
  0x82, 0x9B, 0xF0, 0x91, 0x82, 0xBA, 0xF0, 0x91, 0x82, 0xA5,
  0xF0, 0x91, 0x82, 0xBA, 0xF0, 0x91, 0x82, 0xB9, 0xF0, 0x91,
  0x82, 0xBA, 0xF0, 0x91, 0x84, 0x80, 0xF0, 0x91, 0x84, 0x81,
  0xF0, 0x91, 0x84, 0x82, 0xF0, 0x91, 0x84, 0xB1, 0xF0, 0x91,
  0x84, 0xA7, 0xF0, 0x91, 0x84, 0xB2, 0xF0, 0x91, 0x84, 0xA7,
  0xF0, 0x91, 0x84, 0xB3, 0xF0, 0x91, 0x84, 0xB4, 0xF0, 0x91,
  0x85, 0xB3, 0xF0, 0x91, 0x87, 0x80, 0xF0, 0x91, 0x87, 0x8A,
  0xF0, 0x91, 0x88, 0xB5, 0xF0, 0x91, 0x88, 0xB6, 0xF0, 0x91,
  0x8B, 0xA9, 0xF0, 0x91, 0x8B, 0xAA, 0xF0, 0x91, 0x8C, 0xBB,
  0xF0, 0x91, 0x8C, 0xBC, 0xF0, 0x91, 0x8D, 0x87, 0xF0, 0x91,
  0x8C, 0xBE, 0xF0, 0x91, 0x8D, 0x87, 0xF0, 0x91, 0x8D, 0x97,
  0xF0, 0x91, 0x8D, 0x8D, 0xF0, 0x91, 0x8D, 0xA6, 0xF0, 0x91,
  0x8D, 0xA7, 0xF0, 0x91, 0x8D, 0xA8, 0xF0, 0x91, 0x8D, 0xA9,
  0xF0, 0x91, 0x8D, 0xAA, 0xF0, 0x91, 0x8D, 0xAB, 0xF0, 0x91,
  0x8D, 0xAC, 0xF0, 0x91, 0x8D, 0xB0, 0xF0, 0x91, 0x8D, 0xB1,
  0xF0, 0x91, 0x8D, 0xB2, 0xF0, 0x91, 0x8D, 0xB3, 0xF0, 0x91,
  0x8D, 0xB4, 0xF0, 0x91, 0x8E, 0x82, 0xF0, 0x91, 0x8F, 0x89,
  0xF0, 0x91, 0x8E, 0x84, 0xF0, 0x91, 0x8E, 0xBB, 0xF0, 0x91,
  0x8E, 0x8B, 0xF0, 0x91, 0x8F, 0x82, 0xF0, 0x91, 0x8E, 0x90,
  0xF0, 0x91, 0x8F, 0x89, 0xF0, 0x91, 0x8F, 0x82, 0xF0, 0x91,
  0x8F, 0x82, 0xF0, 0x91, 0x8F, 0x82, 0xF0, 0x91, 0x8E, 0xB8,
  0xF0, 0x91, 0x8F, 0x82, 0xF0, 0x91, 0x8F, 0x89, 0xF0, 0x91,
  0x8F, 0x8E, 0xF0, 0x91, 0x8F, 0x8F, 0xF0, 0x91, 0x8F, 0x90,
  0xF0, 0x91, 0x91, 0x82, 0xF0, 0x91, 0x91, 0x86, 0xF0, 0x91,
  0x91, 0x9E, 0xF0, 0x91, 0x92, 0xB9, 0xF0, 0x91, 0x92, 0xBA,
  0xF0, 0x91, 0x92, 0xB9, 0xF0, 0x91, 0x92, 0xB0, 0xF0, 0x91,
  0x92, 0xB9, 0xF0, 0x91, 0x92, 0xBD, 0xF0, 0x91, 0x93, 0x82,
  0xF0, 0x91, 0x93, 0x83, 0xF0, 0x91, 0x96, 0xB8, 0xF0, 0x91,
  0x96, 0xAF, 0xF0, 0x91, 0x96, 0xB9, 0xF0, 0x91, 0x96, 0xAF,
  0xF0, 0x91, 0x96, 0xBF, 0xF0, 0x91, 0x97, 0x80, 0xF0, 0x91,
  0x98, 0xBF, 0xF0, 0x91, 0x9A, 0xB6, 0xF0, 0x91, 0x9A, 0xB7,
  0xF0, 0x91, 0x9C, 0xAB, 0xF0, 0x91, 0xA0, 0xB9, 0xF0, 0x91,
  0xA0, 0xBA, 0xF0, 0x91, 0xA4, 0xB5, 0xF0, 0x91, 0xA4, 0xB0,
  0xF0, 0x91, 0xA4, 0xBD, 0xF0, 0x91, 0xA4, 0xBE, 0xF0, 0x91,
  0xA5, 0x83, 0xF0, 0x91, 0xA7, 0xA0, 0xF0, 0x91, 0xA8, 0xB4,
  0xF0, 0x91, 0xA9, 0x87, 0xF0, 0x91, 0xAA, 0x99, 0xF0, 0x91,
  0xB0, 0xBF, 0xF0, 0x91, 0xB5, 0x82, 0xF0, 0x91, 0xB5, 0x84,
  0xF0, 0x91, 0xB5, 0x85, 0xF0, 0x91, 0xB6, 0x97, 0xF0, 0x91,
  0xBD, 0x81, 0xF0, 0x91, 0xBD, 0x82, 0xF0, 0x96, 0x84, 0x9E,
  0xF0, 0x96, 0x84, 0x9E, 0xF0, 0x96, 0x84, 0x9E, 0xF0, 0x96,
  0x84, 0xA9, 0xF0, 0x96, 0x84, 0x9E, 0xF0, 0x96, 0x84, 0x9F,
  0xF0, 0x96, 0x84, 0xA9, 0xF0, 0x96, 0x84, 0x9F, 0xF0, 0x96,
  0x84, 0x9E, 0xF0, 0x96, 0x84, 0xA0, 0xF0, 0x96, 0x84, 0x9E,
  0xF0, 0x96, 0x84, 0x9E, 0xF0, 0x96, 0x84, 0x9F, 0xF0, 0x96,
  0x84, 0x9E, 0xF0, 0x96, 0x84, 0xA9, 0xF0, 0x96, 0x84, 0x9F,
  0xF0, 0x96, 0x84, 0x9E, 0xF0, 0x96, 0x84, 0x9E, 0xF0, 0x96,
  0x84, 0xA0, 0xF0, 0x96, 0x84, 0xAF, 0xF0, 0x96, 0xAB, 0xB0,
  0xF0, 0x96, 0xAB, 0xB1, 0xF0, 0x96, 0xAB, 0xB2, 0xF0, 0x96,
  0xAB, 0xB3, 0xF0, 0x96, 0xAB, 0xB4, 0xF0, 0x96, 0xAC, 0xB0,
  0xF0, 0x96, 0xAC, 0xB1, 0xF0, 0x96, 0xAC, 0xB2, 0xF0, 0x96,
  0xAC, 0xB3, 0xF0, 0x96, 0xAC, 0xB4, 0xF0, 0x96, 0xAC, 0xB5,
  0xF0, 0x96, 0xAC, 0xB6, 0xF0, 0x96, 0xB5, 0xA7, 0xF0, 0x96,
  0xB5, 0xA7, 0xF0, 0x96, 0xB5, 0xA3, 0xF0, 0x96, 0xB5, 0xA7,
  0xF0, 0x96, 0xB5, 0xA3, 0xF0, 0x96, 0xB5, 0xA7, 0xF0, 0x96,
  0xB5, 0xA7, 0xF0, 0x96, 0xBF, 0xB0, 0xF0, 0x96, 0xBF, 0xB1,
  0xF0, 0x9B, 0xB2, 0x9E, 0x41, 0x42, 0x43, 0x44, 0x45, 0x46,
  0x47, 0x48, 0x49, 0x4A, 0x4B, 0x4C, 0x4D, 0x4E, 0x4F, 0x50,
  0x51, 0x52, 0x53, 0x54, 0x55, 0x56, 0x57, 0x58, 0x59, 0x5A,
  0x30, 0x31, 0x32, 0x33, 0x34, 0x35, 0x36, 0x37, 0x38, 0x39,
  0xF0, 0x9D, 0x85, 0x97, 0xF0, 0x9D, 0x85, 0xA5, 0xF0, 0x9D,
  0x85, 0x98, 0xF0, 0x9D, 0x85, 0xA5, 0xF0, 0x9D, 0x85, 0x98,
  0xF0, 0x9D, 0x85, 0xA5, 0xF0, 0x9D, 0x85, 0xAE, 0xF0, 0x9D,
  0x85, 0x98, 0xF0, 0x9D, 0x85, 0xA5, 0xF0, 0x9D, 0x85, 0xAF,
  0xF0, 0x9D, 0x85, 0x98, 0xF0, 0x9D, 0x85, 0xA5, 0xF0, 0x9D,
  0x85, 0xB0, 0xF0, 0x9D, 0x85, 0x98, 0xF0, 0x9D, 0x85, 0xA5,
  0xF0, 0x9D, 0x85, 0xB1, 0xF0, 0x9D, 0x85, 0x98, 0xF0, 0x9D,
  0x85, 0xA5, 0xF0, 0x9D, 0x85, 0xB2, 0xF0, 0x9D, 0x85, 0xA5,
  0xF0, 0x9D, 0x85, 0xA6, 0xF0, 0x9D, 0x85, 0xA7, 0xF0, 0x9D,
  0x85, 0xA8, 0xF0, 0x9D, 0x85, 0xA9, 0xF0, 0x9D, 0x85, 0xAD,
  0xF0, 0x9D, 0x85, 0xAE, 0xF0, 0x9D, 0x85, 0xAF, 0xF0, 0x9D,
  0x85, 0xB0, 0xF0, 0x9D, 0x85, 0xB1, 0xF0, 0x9D, 0x85, 0xB2,
  0xF0, 0x9D, 0x85, 0xBB, 0xF0, 0x9D, 0x85, 0xBC, 0xF0, 0x9D,
  0x85, 0xBD, 0xF0, 0x9D, 0x85, 0xBE, 0xF0, 0x9D, 0x85, 0xBF,
  0xF0, 0x9D, 0x86, 0x80, 0xF0, 0x9D, 0x86, 0x81, 0xF0, 0x9D,
  0x86, 0x82, 0xF0, 0x9D, 0x86, 0x85, 0xF0, 0x9D, 0x86, 0x86,
  0xF0, 0x9D, 0x86, 0x87, 0xF0, 0x9D, 0x86, 0x88, 0xF0, 0x9D,
  0x86, 0x89, 0xF0, 0x9D, 0x86, 0x8A, 0xF0, 0x9D, 0x86, 0x8B,
  0xF0, 0x9D, 0x86, 0xAA, 0xF0, 0x9D, 0x86, 0xAB, 0xF0, 0x9D,
  0x86, 0xAC, 0xF0, 0x9D, 0x86, 0xAD, 0xF0, 0x9D, 0x86, 0xB9,
  0xF0, 0x9D, 0x85, 0xA5, 0xF0, 0x9D, 0x86, 0xBA, 0xF0, 0x9D,
  0x85, 0xA5, 0xF0, 0x9D, 0x86, 0xB9, 0xF0, 0x9D, 0x85, 0xA5,
  0xF0, 0x9D, 0x85, 0xAE, 0xF0, 0x9D, 0x86, 0xBA, 0xF0, 0x9D,
  0x85, 0xA5, 0xF0, 0x9D, 0x85, 0xAE, 0xF0, 0x9D, 0x86, 0xB9,
  0xF0, 0x9D, 0x85, 0xA5, 0xF0, 0x9D, 0x85, 0xAF, 0xF0, 0x9D,
  0x86, 0xBA, 0xF0, 0x9D, 0x85, 0xA5, 0xF0, 0x9D, 0x85, 0xAF,
  0xF0, 0x9D, 0x89, 0x82, 0xF0, 0x9D, 0x89, 0x83, 0xF0, 0x9D,
  0x89, 0x84, 0x41, 0x42, 0x43, 0x44, 0x45, 0x46, 0x47, 0x48,
  0x49, 0x4A, 0x4B, 0x4C, 0x4D, 0x4E, 0x4F, 0x50, 0x51, 0x52,
  0x53, 0x54, 0x55, 0x56, 0x57, 0x58, 0x59, 0x5A, 0x61, 0x62,
  0x63, 0x64, 0x65, 0x66, 0x67, 0x68, 0x69, 0x6A, 0x6B, 0x6C,
  0x6D, 0x6E, 0x6F, 0x70, 0x71, 0x72, 0x73, 0x74, 0x75, 0x76,
  0x77, 0x78, 0x79, 0x7A, 0x41, 0x42, 0x43, 0x44, 0x45, 0x46,
  0x47, 0x48, 0x49, 0x4A, 0x4B, 0x4C, 0x4D, 0x4E, 0x4F, 0x50,
  0x51, 0x52, 0x53, 0x54, 0x55, 0x56, 0x57, 0x58, 0x59, 0x5A,
  0x61, 0x62, 0x63, 0x64, 0x65, 0x66, 0x67, 0x69, 0x6A, 0x6B,
  0x6C, 0x6D, 0x6E, 0x6F, 0x70, 0x71, 0x72, 0x73, 0x74, 0x75,
  0x76, 0x77, 0x78, 0x79, 0x7A, 0x41, 0x42, 0x43, 0x44, 0x45,
  0x46, 0x47, 0x48, 0x49, 0x4A, 0x4B, 0x4C, 0x4D, 0x4E, 0x4F,
  0x50, 0x51, 0x52, 0x53, 0x54, 0x55, 0x56, 0x57, 0x58, 0x59,
  0x5A, 0x61, 0x62, 0x63, 0x64, 0x65, 0x66, 0x67, 0x68, 0x69,
  0x6A, 0x6B, 0x6C, 0x6D, 0x6E, 0x6F, 0x70, 0x71, 0x72, 0x73,
  0x74, 0x75, 0x76, 0x77, 0x78, 0x79, 0x7A, 0x41, 0x43, 0x44,
  0x47, 0x4A, 0x4B, 0x4E, 0x4F, 0x50, 0x51, 0x53, 0x54, 0x55,
  0x56, 0x57, 0x58, 0x59, 0x5A, 0x61, 0x62, 0x63, 0x64, 0x66,
  0x68, 0x69, 0x6A, 0x6B, 0x6C, 0x6D, 0x6E, 0x70, 0x71, 0x72,
  0x73, 0x74, 0x75, 0x76, 0x77, 0x78, 0x79, 0x7A, 0x41, 0x42,
  0x43, 0x44, 0x45, 0x46, 0x47, 0x48, 0x49, 0x4A, 0x4B, 0x4C,
  0x4D, 0x4E, 0x4F, 0x50, 0x51, 0x52, 0x53, 0x54, 0x55, 0x56,
  0x57, 0x58, 0x59, 0x5A, 0x61, 0x62, 0x63, 0x64, 0x65, 0x66,
  0x67, 0x68, 0x69, 0x6A, 0x6B, 0x6C, 0x6D, 0x6E, 0x6F, 0x70,
  0x71, 0x72, 0x73, 0x74, 0x75, 0x76, 0x77, 0x78, 0x79, 0x7A,
  0x41, 0x42, 0x44, 0x45, 0x46, 0x47, 0x4A, 0x4B, 0x4C, 0x4D,
  0x4E, 0x4F, 0x50, 0x51, 0x53, 0x54, 0x55, 0x56, 0x57, 0x58,
  0x59, 0x61, 0x62, 0x63, 0x64, 0x65, 0x66, 0x67, 0x68, 0x69,
  0x6A, 0x6B, 0x6C, 0x6D, 0x6E, 0x6F, 0x70, 0x71, 0x72, 0x73,
  0x74, 0x75, 0x76, 0x77, 0x78, 0x79, 0x7A, 0x41, 0x42, 0x44,
  0x45, 0x46, 0x47, 0x49, 0x4A, 0x4B, 0x4C, 0x4D, 0x4F, 0x53,
  0x54, 0x55, 0x56, 0x57, 0x58, 0x59, 0x61, 0x62, 0x63, 0x64,
  0x65, 0x66, 0x67, 0x68, 0x69, 0x6A, 0x6B, 0x6C, 0x6D, 0x6E,
  0x6F, 0x70, 0x71, 0x72, 0x73, 0x74, 0x75, 0x76, 0x77, 0x78,
  0x79, 0x7A, 0x41, 0x42, 0x43, 0x44, 0x45, 0x46, 0x47, 0x48,
  0x49, 0x4A, 0x4B, 0x4C, 0x4D, 0x4E, 0x4F, 0x50, 0x51, 0x52,
  0x53, 0x54, 0x55, 0x56, 0x57, 0x58, 0x59, 0x5A, 0x61, 0x62,
  0x63, 0x64, 0x65, 0x66, 0x67, 0x68, 0x69, 0x6A, 0x6B, 0x6C,
  0x6D, 0x6E, 0x6F, 0x70, 0x71, 0x72, 0x73, 0x74, 0x75, 0x76,
  0x77, 0x78, 0x79, 0x7A, 0x41, 0x42, 0x43, 0x44, 0x45, 0x46,
  0x47, 0x48, 0x49, 0x4A, 0x4B, 0x4C, 0x4D, 0x4E, 0x4F, 0x50,
  0x51, 0x52, 0x53, 0x54, 0x55, 0x56, 0x57, 0x58, 0x59, 0x5A,
  0x61, 0x62, 0x63, 0x64, 0x65, 0x66, 0x67, 0x68, 0x69, 0x6A,
  0x6B, 0x6C, 0x6D, 0x6E, 0x6F, 0x70, 0x71, 0x72, 0x73, 0x74,
  0x75, 0x76, 0x77, 0x78, 0x79, 0x7A, 0x41, 0x42, 0x43, 0x44,
  0x45, 0x46, 0x47, 0x48, 0x49, 0x4A, 0x4B, 0x4C, 0x4D, 0x4E,
  0x4F, 0x50, 0x51, 0x52, 0x53, 0x54, 0x55, 0x56, 0x57, 0x58,
  0x59, 0x5A, 0x61, 0x62, 0x63, 0x64, 0x65, 0x66, 0x67, 0x68,
  0x69, 0x6A, 0x6B, 0x6C, 0x6D, 0x6E, 0x6F, 0x70, 0x71, 0x72,
  0x73, 0x74, 0x75, 0x76, 0x77, 0x78, 0x79, 0x7A, 0x41, 0x42,
  0x43, 0x44, 0x45, 0x46, 0x47, 0x48, 0x49, 0x4A, 0x4B, 0x4C,
  0x4D, 0x4E, 0x4F, 0x50, 0x51, 0x52, 0x53, 0x54, 0x55, 0x56,
  0x57, 0x58, 0x59, 0x5A, 0x61, 0x62, 0x63, 0x64, 0x65, 0x66,
  0x67, 0x68, 0x69, 0x6A, 0x6B, 0x6C, 0x6D, 0x6E, 0x6F, 0x70,
  0x71, 0x72, 0x73, 0x74, 0x75, 0x76, 0x77, 0x78, 0x79, 0x7A,
  0x41, 0x42, 0x43, 0x44, 0x45, 0x46, 0x47, 0x48, 0x49, 0x4A,
  0x4B, 0x4C, 0x4D, 0x4E, 0x4F, 0x50, 0x51, 0x52, 0x53, 0x54,
  0x55, 0x56, 0x57, 0x58, 0x59, 0x5A, 0x61, 0x62, 0x63, 0x64,
  0x65, 0x66, 0x67, 0x68, 0x69, 0x6A, 0x6B, 0x6C, 0x6D, 0x6E,
  0x6F, 0x70, 0x71, 0x72, 0x73, 0x74, 0x75, 0x76, 0x77, 0x78,
  0x79, 0x7A, 0x41, 0x42, 0x43, 0x44, 0x45, 0x46, 0x47, 0x48,
  0x49, 0x4A, 0x4B, 0x4C, 0x4D, 0x4E, 0x4F, 0x50, 0x51, 0x52,
  0x53, 0x54, 0x55, 0x56, 0x57, 0x58, 0x59, 0x5A, 0x61, 0x62,
  0x63, 0x64, 0x65, 0x66, 0x67, 0x68, 0x69, 0x6A, 0x6B, 0x6C,
  0x6D, 0x6E, 0x6F, 0x70, 0x71, 0x72, 0x73, 0x74, 0x75, 0x76,
  0x77, 0x78, 0x79, 0x7A, 0xC4, 0xB1, 0xC8, 0xB7, 0xCE, 0x91,
  0xCE, 0x92, 0xCE, 0x93, 0xCE, 0x94, 0xCE, 0x95, 0xCE, 0x96,
  0xCE, 0x97, 0xCE, 0x98, 0xCE, 0x99, 0xCE, 0x9A, 0xCE, 0x9B,
  0xCE, 0x9C, 0xCE, 0x9D, 0xCE, 0x9E, 0xCE, 0x9F, 0xCE, 0xA0,
  0xCE, 0xA1, 0xCE, 0x98, 0xCE, 0xA3, 0xCE, 0xA4, 0xCE, 0xA5,
  0xCE, 0xA6, 0xCE, 0xA7, 0xCE, 0xA8, 0xCE, 0xA9, 0xE2, 0x88,
  0x87, 0xCE, 0xB1, 0xCE, 0xB2, 0xCE, 0xB3, 0xCE, 0xB4, 0xCE,
  0xB5, 0xCE, 0xB6, 0xCE, 0xB7, 0xCE, 0xB8, 0xCE, 0xB9, 0xCE,
  0xBA, 0xCE, 0xBB, 0xCE, 0xBC, 0xCE, 0xBD, 0xCE, 0xBE, 0xCE,
  0xBF, 0xCF, 0x80, 0xCF, 0x81, 0xCF, 0x82, 0xCF, 0x83, 0xCF,
  0x84, 0xCF, 0x85, 0xCF, 0x86, 0xCF, 0x87, 0xCF, 0x88, 0xCF,
  0x89, 0xE2, 0x88, 0x82, 0xCE, 0xB5, 0xCE, 0xB8, 0xCE, 0xBA,
  0xCF, 0x86, 0xCF, 0x81, 0xCF, 0x80, 0xCE, 0x91, 0xCE, 0x92,
  0xCE, 0x93, 0xCE, 0x94, 0xCE, 0x95, 0xCE, 0x96, 0xCE, 0x97,
  0xCE, 0x98, 0xCE, 0x99, 0xCE, 0x9A, 0xCE, 0x9B, 0xCE, 0x9C,
  0xCE, 0x9D, 0xCE, 0x9E, 0xCE, 0x9F, 0xCE, 0xA0, 0xCE, 0xA1,
  0xCE, 0x98, 0xCE, 0xA3, 0xCE, 0xA4, 0xCE, 0xA5, 0xCE, 0xA6,
  0xCE, 0xA7, 0xCE, 0xA8, 0xCE, 0xA9, 0xE2, 0x88, 0x87, 0xCE,
  0xB1, 0xCE, 0xB2, 0xCE, 0xB3, 0xCE, 0xB4, 0xCE, 0xB5, 0xCE,
  0xB6, 0xCE, 0xB7, 0xCE, 0xB8, 0xCE, 0xB9, 0xCE, 0xBA, 0xCE,
  0xBB, 0xCE, 0xBC, 0xCE, 0xBD, 0xCE, 0xBE, 0xCE, 0xBF, 0xCF,
  0x80, 0xCF, 0x81, 0xCF, 0x82, 0xCF, 0x83, 0xCF, 0x84, 0xCF,
  0x85, 0xCF, 0x86, 0xCF, 0x87, 0xCF, 0x88, 0xCF, 0x89, 0xE2,
  0x88, 0x82, 0xCE, 0xB5, 0xCE, 0xB8, 0xCE, 0xBA, 0xCF, 0x86,
  0xCF, 0x81, 0xCF, 0x80, 0xCE, 0x91, 0xCE, 0x92, 0xCE, 0x93,
  0xCE, 0x94, 0xCE, 0x95, 0xCE, 0x96, 0xCE, 0x97, 0xCE, 0x98,
  0xCE, 0x99, 0xCE, 0x9A, 0xCE, 0x9B, 0xCE, 0x9C, 0xCE, 0x9D,
  0xCE, 0x9E, 0xCE, 0x9F, 0xCE, 0xA0, 0xCE, 0xA1, 0xCE, 0x98,
  0xCE, 0xA3, 0xCE, 0xA4, 0xCE, 0xA5, 0xCE, 0xA6, 0xCE, 0xA7,
  0xCE, 0xA8, 0xCE, 0xA9, 0xE2, 0x88, 0x87, 0xCE, 0xB1, 0xCE,
  0xB2, 0xCE, 0xB3, 0xCE, 0xB4, 0xCE, 0xB5, 0xCE, 0xB6, 0xCE,
  0xB7, 0xCE, 0xB8, 0xCE, 0xB9, 0xCE, 0xBA, 0xCE, 0xBB, 0xCE,
  0xBC, 0xCE, 0xBD, 0xCE, 0xBE, 0xCE, 0xBF, 0xCF, 0x80, 0xCF,
  0x81, 0xCF, 0x82, 0xCF, 0x83, 0xCF, 0x84, 0xCF, 0x85, 0xCF,
  0x86, 0xCF, 0x87, 0xCF, 0x88, 0xCF, 0x89, 0xE2, 0x88, 0x82,
  0xCE, 0xB5, 0xCE, 0xB8, 0xCE, 0xBA, 0xCF, 0x86, 0xCF, 0x81,
  0xCF, 0x80, 0xCE, 0x91, 0xCE, 0x92, 0xCE, 0x93, 0xCE, 0x94,
  0xCE, 0x95, 0xCE, 0x96, 0xCE, 0x97, 0xCE, 0x98, 0xCE, 0x99,
  0xCE, 0x9A, 0xCE, 0x9B, 0xCE, 0x9C, 0xCE, 0x9D, 0xCE, 0x9E,
  0xCE, 0x9F, 0xCE, 0xA0, 0xCE, 0xA1, 0xCE, 0x98, 0xCE, 0xA3,
  0xCE, 0xA4, 0xCE, 0xA5, 0xCE, 0xA6, 0xCE, 0xA7, 0xCE, 0xA8,
  0xCE, 0xA9, 0xE2, 0x88, 0x87, 0xCE, 0xB1, 0xCE, 0xB2, 0xCE,
  0xB3, 0xCE, 0xB4, 0xCE, 0xB5, 0xCE, 0xB6, 0xCE, 0xB7, 0xCE,
  0xB8, 0xCE, 0xB9, 0xCE, 0xBA, 0xCE, 0xBB, 0xCE, 0xBC, 0xCE,
  0xBD, 0xCE, 0xBE, 0xCE, 0xBF, 0xCF, 0x80, 0xCF, 0x81, 0xCF,
  0x82, 0xCF, 0x83, 0xCF, 0x84, 0xCF, 0x85, 0xCF, 0x86, 0xCF,
  0x87, 0xCF, 0x88, 0xCF, 0x89, 0xE2, 0x88, 0x82, 0xCE, 0xB5,
  0xCE, 0xB8, 0xCE, 0xBA, 0xCF, 0x86, 0xCF, 0x81, 0xCF, 0x80,
  0xCE, 0x91, 0xCE, 0x92, 0xCE, 0x93, 0xCE, 0x94, 0xCE, 0x95,
  0xCE, 0x96, 0xCE, 0x97, 0xCE, 0x98, 0xCE, 0x99, 0xCE, 0x9A,
  0xCE, 0x9B, 0xCE, 0x9C, 0xCE, 0x9D, 0xCE, 0x9E, 0xCE, 0x9F,
  0xCE, 0xA0, 0xCE, 0xA1, 0xCE, 0x98, 0xCE, 0xA3, 0xCE, 0xA4,
  0xCE, 0xA5, 0xCE, 0xA6, 0xCE, 0xA7, 0xCE, 0xA8, 0xCE, 0xA9,
  0xE2, 0x88, 0x87, 0xCE, 0xB1, 0xCE, 0xB2, 0xCE, 0xB3, 0xCE,
  0xB4, 0xCE, 0xB5, 0xCE, 0xB6, 0xCE, 0xB7, 0xCE, 0xB8, 0xCE,
  0xB9, 0xCE, 0xBA, 0xCE, 0xBB, 0xCE, 0xBC, 0xCE, 0xBD, 0xCE,
  0xBE, 0xCE, 0xBF, 0xCF, 0x80, 0xCF, 0x81, 0xCF, 0x82, 0xCF,
  0x83, 0xCF, 0x84, 0xCF, 0x85, 0xCF, 0x86, 0xCF, 0x87, 0xCF,
  0x88, 0xCF, 0x89, 0xE2, 0x88, 0x82, 0xCE, 0xB5, 0xCE, 0xB8,
  0xCE, 0xBA, 0xCF, 0x86, 0xCF, 0x81, 0xCF, 0x80, 0xCF, 0x9C,
  0xCF, 0x9D, 0x30, 0x31, 0x32, 0x33, 0x34, 0x35, 0x36, 0x37,
  0x38, 0x39, 0x30, 0x31, 0x32, 0x33, 0x34, 0x35, 0x36, 0x37,
  0x38, 0x39, 0x30, 0x31, 0x32, 0x33, 0x34, 0x35, 0x36, 0x37,
  0x38, 0x39, 0x30, 0x31, 0x32, 0x33, 0x34, 0x35, 0x36, 0x37,
  0x38, 0x39, 0x30, 0x31, 0x32, 0x33, 0x34, 0x35, 0x36, 0x37,
  0x38, 0x39, 0xF0, 0x9E, 0x80, 0x80, 0xF0, 0x9E, 0x80, 0x81,
  0xF0, 0x9E, 0x80, 0x82, 0xF0, 0x9E, 0x80, 0x83, 0xF0, 0x9E,
  0x80, 0x84, 0xF0, 0x9E, 0x80, 0x85, 0xF0, 0x9E, 0x80, 0x86,
  0xF0, 0x9E, 0x80, 0x88, 0xF0, 0x9E, 0x80, 0x89, 0xF0, 0x9E,
  0x80, 0x8A, 0xF0, 0x9E, 0x80, 0x8B, 0xF0, 0x9E, 0x80, 0x8C,
  0xF0, 0x9E, 0x80, 0x8D, 0xF0, 0x9E, 0x80, 0x8E, 0xF0, 0x9E,
  0x80, 0x8F, 0xF0, 0x9E, 0x80, 0x90, 0xF0, 0x9E, 0x80, 0x91,
  0xF0, 0x9E, 0x80, 0x92, 0xF0, 0x9E, 0x80, 0x93, 0xF0, 0x9E,
  0x80, 0x94, 0xF0, 0x9E, 0x80, 0x95, 0xF0, 0x9E, 0x80, 0x96,
  0xF0, 0x9E, 0x80, 0x97, 0xF0, 0x9E, 0x80, 0x98, 0xF0, 0x9E,
  0x80, 0x9B, 0xF0, 0x9E, 0x80, 0x9C, 0xF0, 0x9E, 0x80, 0x9D,
  0xF0, 0x9E, 0x80, 0x9E, 0xF0, 0x9E, 0x80, 0x9F, 0xF0, 0x9E,
  0x80, 0xA0, 0xF0, 0x9E, 0x80, 0xA1, 0xF0, 0x9E, 0x80, 0xA3,
  0xF0, 0x9E, 0x80, 0xA4, 0xF0, 0x9E, 0x80, 0xA6, 0xF0, 0x9E,
  0x80, 0xA7, 0xF0, 0x9E, 0x80, 0xA8, 0xF0, 0x9E, 0x80, 0xA9,
  0xF0, 0x9E, 0x80, 0xAA, 0xD0, 0xB0, 0xD0, 0xB1, 0xD0, 0xB2,
  0xD0, 0xB3, 0xD0, 0xB4, 0xD0, 0xB5, 0xD0, 0xB6, 0xD0, 0xB7,
  0xD0, 0xB8, 0xD0, 0xBA, 0xD0, 0xBB, 0xD0, 0xBC, 0xD0, 0xBE,
  0xD0, 0xBF, 0xD1, 0x80, 0xD1, 0x81, 0xD1, 0x82, 0xD1, 0x83,
  0xD1, 0x84, 0xD1, 0x85, 0xD1, 0x86, 0xD1, 0x87, 0xD1, 0x88,
  0xD1, 0x8B, 0xD1, 0x8D, 0xD1, 0x8E, 0xEA, 0x9A, 0x89, 0xD3,
  0x99, 0xD1, 0x96, 0xD1, 0x98, 0xD3, 0xA9, 0xD2, 0xAF, 0xD3,
  0x8F, 0xD0, 0xB0, 0xD0, 0xB1, 0xD0, 0xB2, 0xD0, 0xB3, 0xD0,
  0xB4, 0xD0, 0xB5, 0xD0, 0xB6, 0xD0, 0xB7, 0xD0, 0xB8, 0xD0,
  0xBA, 0xD0, 0xBB, 0xD0, 0xBE, 0xD0, 0xBF, 0xD1, 0x81, 0xD1,
  0x83, 0xD1, 0x84, 0xD1, 0x85, 0xD1, 0x86, 0xD1, 0x87, 0xD1,
  0x88, 0xD1, 0x8A, 0xD1, 0x8B, 0xD2, 0x91, 0xD1, 0x96, 0xD1,
  0x95, 0xD1, 0x9F, 0xD2, 0xAB, 0xEA, 0x99, 0x91, 0xD2, 0xB1,
  0xF0, 0x9E, 0x82, 0x8F, 0xF0, 0x9E, 0x84, 0xB0, 0xF0, 0x9E,
  0x84, 0xB1, 0xF0, 0x9E, 0x84, 0xB2, 0xF0, 0x9E, 0x84, 0xB3,
  0xF0, 0x9E, 0x84, 0xB4, 0xF0, 0x9E, 0x84, 0xB5, 0xF0, 0x9E,
  0x84, 0xB6, 0xF0, 0x9E, 0x8A, 0xAE, 0xF0, 0x9E, 0x8B, 0xAC,
  0xF0, 0x9E, 0x8B, 0xAD, 0xF0, 0x9E, 0x8B, 0xAE, 0xF0, 0x9E,
  0x8B, 0xAF, 0xF0, 0x9E, 0x93, 0xAC, 0xF0, 0x9E, 0x93, 0xAD,
  0xF0, 0x9E, 0x93, 0xAE, 0xF0, 0x9E, 0x93, 0xAF, 0xF0, 0x9E,
  0x97, 0xAE, 0xF0, 0x9E, 0x97, 0xAF, 0xF0, 0x9E, 0x9B, 0xA3,
  0xF0, 0x9E, 0x9B, 0xA6, 0xF0, 0x9E, 0x9B, 0xAE, 0xF0, 0x9E,
  0x9B, 0xAF, 0xF0, 0x9E, 0x9B, 0xB5, 0xF0, 0x9E, 0xA3, 0x90,
  0xF0, 0x9E, 0xA3, 0x91, 0xF0, 0x9E, 0xA3, 0x92, 0xF0, 0x9E,
  0xA3, 0x93, 0xF0, 0x9E, 0xA3, 0x94, 0xF0, 0x9E, 0xA3, 0x95,
  0xF0, 0x9E, 0xA3, 0x96, 0xF0, 0x9E, 0xA5, 0x84, 0xF0, 0x9E,
  0xA5, 0x85, 0xF0, 0x9E, 0xA5, 0x86, 0xF0, 0x9E, 0xA5, 0x87,
  0xF0, 0x9E, 0xA5, 0x88, 0xF0, 0x9E, 0xA5, 0x89, 0xF0, 0x9E,
  0xA5, 0x8A, 0xD8, 0xA7, 0xD8, 0xA8, 0xD8, 0xAC, 0xD8, 0xAF,
  0xD9, 0x88, 0xD8, 0xB2, 0xD8, 0xAD, 0xD8, 0xB7, 0xD9, 0x8A,
  0xD9, 0x83, 0xD9, 0x84, 0xD9, 0x85, 0xD9, 0x86, 0xD8, 0xB3,
  0xD8, 0xB9, 0xD9, 0x81, 0xD8, 0xB5, 0xD9, 0x82, 0xD8, 0xB1,
  0xD8, 0xB4, 0xD8, 0xAA, 0xD8, 0xAB, 0xD8, 0xAE, 0xD8, 0xB0,
  0xD8, 0xB6, 0xD8, 0xB8, 0xD8, 0xBA, 0xD9, 0xAE, 0xDA, 0xBA,
  0xDA, 0xA1, 0xD9, 0xAF, 0xD8, 0xA8, 0xD8, 0xAC, 0xD9, 0x87,
  0xD8, 0xAD, 0xD9, 0x8A, 0xD9, 0x83, 0xD9, 0x84, 0xD9, 0x85,
  0xD9, 0x86, 0xD8, 0xB3, 0xD8, 0xB9, 0xD9, 0x81, 0xD8, 0xB5,
  0xD9, 0x82, 0xD8, 0xB4, 0xD8, 0xAA, 0xD8, 0xAB, 0xD8, 0xAE,
  0xD8, 0xB6, 0xD8, 0xBA, 0xD8, 0xAC, 0xD8, 0xAD, 0xD9, 0x8A,
  0xD9, 0x84, 0xD9, 0x86, 0xD8, 0xB3, 0xD8, 0xB9, 0xD8, 0xB5,
  0xD9, 0x82, 0xD8, 0xB4, 0xD8, 0xAE, 0xD8, 0xB6, 0xD8, 0xBA,
  0xDA, 0xBA, 0xD9, 0xAF, 0xD8, 0xA8, 0xD8, 0xAC, 0xD9, 0x87,
  0xD8, 0xAD, 0xD8, 0xB7, 0xD9, 0x8A, 0xD9, 0x83, 0xD9, 0x85,
  0xD9, 0x86, 0xD8, 0xB3, 0xD8, 0xB9, 0xD9, 0x81, 0xD8, 0xB5,
  0xD9, 0x82, 0xD8, 0xB4, 0xD8, 0xAA, 0xD8, 0xAB, 0xD8, 0xAE,
  0xD8, 0xB6, 0xD8, 0xB8, 0xD8, 0xBA, 0xD9, 0xAE, 0xDA, 0xA1,
  0xD8, 0xA7, 0xD8, 0xA8, 0xD8, 0xAC, 0xD8, 0xAF, 0xD9, 0x87,
  0xD9, 0x88, 0xD8, 0xB2, 0xD8, 0xAD, 0xD8, 0xB7, 0xD9, 0x8A,
  0xD9, 0x84, 0xD9, 0x85, 0xD9, 0x86, 0xD8, 0xB3, 0xD8, 0xB9,
  0xD9, 0x81, 0xD8, 0xB5, 0xD9, 0x82, 0xD8, 0xB1, 0xD8, 0xB4,
  0xD8, 0xAA, 0xD8, 0xAB, 0xD8, 0xAE, 0xD8, 0xB0, 0xD8, 0xB6,
  0xD8, 0xB8, 0xD8, 0xBA, 0xD8, 0xA8, 0xD8, 0xAC, 0xD8, 0xAF,
  0xD9, 0x88, 0xD8, 0xB2, 0xD8, 0xAD, 0xD8, 0xB7, 0xD9, 0x8A,
  0xD9, 0x84, 0xD9, 0x85, 0xD9, 0x86, 0xD8, 0xB3, 0xD8, 0xB9,
  0xD9, 0x81, 0xD8, 0xB5, 0xD9, 0x82, 0xD8, 0xB1, 0xD8, 0xB4,
  0xD8, 0xAA, 0xD8, 0xAB, 0xD8, 0xAE, 0xD8, 0xB0, 0xD8, 0xB6,
  0xD8, 0xB8, 0xD8, 0xBA, 0x30, 0x2E, 0x30, 0x2C, 0x31, 0x2C,
  0x32, 0x2C, 0x33, 0x2C, 0x34, 0x2C, 0x35, 0x2C, 0x36, 0x2C,
  0x37, 0x2C, 0x38, 0x2C, 0x39, 0x2C, 0x28, 0x41, 0x29, 0x28,
  0x42, 0x29, 0x28, 0x43, 0x29, 0x28, 0x44, 0x29, 0x28, 0x45,
  0x29, 0x28, 0x46, 0x29, 0x28, 0x47, 0x29, 0x28, 0x48, 0x29,
  0x28, 0x49, 0x29, 0x28, 0x4A, 0x29, 0x28, 0x4B, 0x29, 0x28,
  0x4C, 0x29, 0x28, 0x4D, 0x29, 0x28, 0x4E, 0x29, 0x28, 0x4F,
  0x29, 0x28, 0x50, 0x29, 0x28, 0x51, 0x29, 0x28, 0x52, 0x29,
  0x28, 0x53, 0x29, 0x28, 0x54, 0x29, 0x28, 0x55, 0x29, 0x28,
  0x56, 0x29, 0x28, 0x57, 0x29, 0x28, 0x58, 0x29, 0x28, 0x59,
  0x29, 0x28, 0x5A, 0x29, 0xE3, 0x80, 0x94, 0x53, 0xE3, 0x80,
  0x95, 0x43, 0x52, 0x43, 0x44, 0x57, 0x5A, 0x41, 0x42, 0x43,
  0x44, 0x45, 0x46, 0x47, 0x48, 0x49, 0x4A, 0x4B, 0x4C, 0x4D,
  0x4E, 0x4F, 0x50, 0x51, 0x52, 0x53, 0x54, 0x55, 0x56, 0x57,
  0x58, 0x59, 0x5A, 0x48, 0x56, 0x4D, 0x56, 0x53, 0x44, 0x53,
  0x53, 0x50, 0x50, 0x56, 0x57, 0x43, 0x4D, 0x43, 0x4D, 0x44,
  0x4D, 0x52, 0x44, 0x4A, 0xE3, 0x81, 0xBB, 0xE3, 0x81, 0x8B,
  0xE3, 0x82, 0xB3, 0xE3, 0x82, 0xB3, 0xE3, 0x82, 0xB5, 0xE6,
  0x89, 0x8B, 0xE5, 0xAD, 0x97, 0xE5, 0x8F, 0x8C, 0xE3, 0x83,
  0x86, 0xE3, 0x82, 0x99, 0xE4, 0xBA, 0x8C, 0xE5, 0xA4, 0x9A,
  0xE8, 0xA7, 0xA3, 0xE5, 0xA4, 0xA9, 0xE4, 0xBA, 0xA4, 0xE6,
  0x98, 0xA0, 0xE7, 0x84, 0xA1, 0xE6, 0x96, 0x99, 0xE5, 0x89,
  0x8D, 0xE5, 0xBE, 0x8C, 0xE5, 0x86, 0x8D, 0xE6, 0x96, 0xB0,
  0xE5, 0x88, 0x9D, 0xE7, 0xB5, 0x82, 0xE7, 0x94, 0x9F, 0xE8,
  0xB2, 0xA9, 0xE5, 0xA3, 0xB0, 0xE5, 0x90, 0xB9, 0xE6, 0xBC,
  0x94, 0xE6, 0x8A, 0x95, 0xE6, 0x8D, 0x95, 0xE4, 0xB8, 0x80,
  0xE4, 0xB8, 0x89, 0xE9, 0x81, 0x8A, 0xE5, 0xB7, 0xA6, 0xE4,
  0xB8, 0xAD, 0xE5, 0x8F, 0xB3, 0xE6, 0x8C, 0x87, 0xE8, 0xB5,
  0xB0, 0xE6, 0x89, 0x93, 0xE7, 0xA6, 0x81, 0xE7, 0xA9, 0xBA,
  0xE5, 0x90, 0x88, 0xE6, 0xBA, 0x80, 0xE6, 0x9C, 0x89, 0xE6,
  0x9C, 0x88, 0xE7, 0x94, 0xB3, 0xE5, 0x89, 0xB2, 0xE5, 0x96,
  0xB6, 0xE9, 0x85, 0x8D, 0xE3, 0x80, 0x94, 0xE6, 0x9C, 0xAC,
  0xE3, 0x80, 0x95, 0xE3, 0x80, 0x94, 0xE4, 0xB8, 0x89, 0xE3,
  0x80, 0x95, 0xE3, 0x80, 0x94, 0xE4, 0xBA, 0x8C, 0xE3, 0x80,
  0x95, 0xE3, 0x80, 0x94, 0xE5, 0xAE, 0x89, 0xE3, 0x80, 0x95,
  0xE3, 0x80, 0x94, 0xE7, 0x82, 0xB9, 0xE3, 0x80, 0x95, 0xE3,
  0x80, 0x94, 0xE6, 0x89, 0x93, 0xE3, 0x80, 0x95, 0xE3, 0x80,
  0x94, 0xE7, 0x9B, 0x97, 0xE3, 0x80, 0x95, 0xE3, 0x80, 0x94,
  0xE5, 0x8B, 0x9D, 0xE3, 0x80, 0x95, 0xE3, 0x80, 0x94, 0xE6,
  0x95, 0x97, 0xE3, 0x80, 0x95, 0xE5, 0xBE, 0x97, 0xE5, 0x8F,
  0xAF, 0x30, 0x31, 0x32, 0x33, 0x34, 0x35, 0x36, 0x37, 0x38,
  0x39, 0xE4, 0xB8, 0xBD, 0xE4, 0xB8, 0xB8, 0xE4, 0xB9, 0x81,
  0xF0, 0xA0, 0x84, 0xA2, 0xE4, 0xBD, 0xA0, 0xE4, 0xBE, 0xAE,
  0xE4, 0xBE, 0xBB, 0xE5, 0x80, 0x82, 0xE5, 0x81, 0xBA, 0xE5,
  0x82, 0x99, 0xE5, 0x83, 0xA7, 0xE5, 0x83, 0x8F, 0xE3, 0x92,
  0x9E, 0xF0, 0xA0, 0x98, 0xBA, 0xE5, 0x85, 0x8D, 0xE5, 0x85,
  0x94, 0xE5, 0x85, 0xA4, 0xE5, 0x85, 0xB7, 0xF0, 0xA0, 0x94,
  0x9C, 0xE3, 0x92, 0xB9, 0xE5, 0x85, 0xA7, 0xE5, 0x86, 0x8D,
  0xF0, 0xA0, 0x95, 0x8B, 0xE5, 0x86, 0x97, 0xE5, 0x86, 0xA4,
  0xE4, 0xBB, 0x8C, 0xE5, 0x86, 0xAC, 0xE5, 0x86, 0xB5, 0xF0,
  0xA9, 0x87, 0x9F, 0xE5, 0x87, 0xB5, 0xE5, 0x88, 0x83, 0xE3,
  0x93, 0x9F, 0xE5, 0x88, 0xBB, 0xE5, 0x89, 0x86, 0xE5, 0x89,
  0xB2, 0xE5, 0x89, 0xB7, 0xE3, 0x94, 0x95, 0xE5, 0x8B, 0x87,
  0xE5, 0x8B, 0x89, 0xE5, 0x8B, 0xA4, 0xE5, 0x8B, 0xBA, 0xE5,
  0x8C, 0x85, 0xE5, 0x8C, 0x86, 0xE5, 0x8C, 0x97, 0xE5, 0x8D,
  0x89, 0xE5, 0x8D, 0x91, 0xE5, 0x8D, 0x9A, 0xE5, 0x8D, 0xB3,
  0xE5, 0x8D, 0xBD, 0xE5, 0x8D, 0xBF, 0xE5, 0x8D, 0xBF, 0xE5,
  0x8D, 0xBF, 0xF0, 0xA0, 0xA8, 0xAC, 0xE7, 0x81, 0xB0, 0xE5,
  0x8F, 0x8A, 0xE5, 0x8F, 0x9F, 0xF0, 0xA0, 0xAD, 0xA3, 0xE5,
  0x8F, 0xAB, 0xE5, 0x8F, 0xB1, 0xE5, 0x90, 0x86, 0xE5, 0x92,
  0x9E, 0xE5, 0x90, 0xB8, 0xE5, 0x91, 0x88, 0xE5, 0x91, 0xA8,
  0xE5, 0x92, 0xA2, 0xE5, 0x93, 0xB6, 0xE5, 0x94, 0x90, 0xE5,
  0x95, 0x93, 0xE5, 0x95, 0xA3, 0xE5, 0x96, 0x84, 0xE5, 0x96,
  0x84, 0xE5, 0x96, 0x99, 0xE5, 0x96, 0xAB, 0xE5, 0x96, 0xB3,
  0xE5, 0x97, 0x82, 0xE5, 0x9C, 0x96, 0xE5, 0x98, 0x86, 0xE5,
  0x9C, 0x97, 0xE5, 0x99, 0x91, 0xE5, 0x99, 0xB4, 0xE5, 0x88,
  0x87, 0xE5, 0xA3, 0xAE, 0xE5, 0x9F, 0x8E, 0xE5, 0x9F, 0xB4,
  0xE5, 0xA0, 0x8D, 0xE5, 0x9E, 0x8B, 0xE5, 0xA0, 0xB2, 0xE5,
  0xA0, 0xB1, 0xE5, 0xA2, 0xAC, 0xF0, 0xA1, 0x93, 0xA4, 0xE5,
  0xA3, 0xB2, 0xE5, 0xA3, 0xB7, 0xE5, 0xA4, 0x86, 0xE5, 0xA4,
  0x9A, 0xE5, 0xA4, 0xA2, 0xE5, 0xA5, 0xA2, 0xF0, 0xA1, 0x9A,
  0xA8, 0xF0, 0xA1, 0x9B, 0xAA, 0xE5, 0xA7, 0xAC, 0xE5, 0xA8,
  0x9B, 0xE5, 0xA8, 0xA7, 0xE5, 0xA7, 0x98, 0xE5, 0xA9, 0xA6,
  0xE3, 0x9B, 0xAE, 0xE3, 0x9B, 0xBC, 0xE5, 0xAC, 0x88, 0xE5,
  0xAC, 0xBE, 0xE5, 0xAC, 0xBE, 0xF0, 0xA1, 0xA7, 0x88, 0xE5,
  0xAF, 0x83, 0xE5, 0xAF, 0x98, 0xE5, 0xAF, 0xA7, 0xE5, 0xAF,
  0xB3, 0xF0, 0xA1, 0xAC, 0x98, 0xE5, 0xAF, 0xBF, 0xE5, 0xB0,
  0x86, 0xE5, 0xBD, 0x93, 0xE5, 0xB0, 0xA2, 0xE3, 0x9E, 0x81,
  0xE5, 0xB1, 0xA0, 0xE5, 0xB1, 0xAE, 0xE5, 0xB3, 0x80, 0xE5,
  0xB2, 0x8D, 0xF0, 0xA1, 0xB7, 0xA4, 0xE5, 0xB5, 0x83, 0xF0,
  0xA1, 0xB7, 0xA6, 0xE5, 0xB5, 0xAE, 0xE5, 0xB5, 0xAB, 0xE5,
  0xB5, 0xBC, 0xE5, 0xB7, 0xA1, 0xE5, 0xB7, 0xA2, 0xE3, 0xA0,
  0xAF, 0xE5, 0xB7, 0xBD, 0xE5, 0xB8, 0xA8, 0xE5, 0xB8, 0xBD,
  0xE5, 0xB9, 0xA9, 0xE3, 0xA1, 0xA2, 0xF0, 0xA2, 0x86, 0x83,
  0xE3, 0xA1, 0xBC, 0xE5, 0xBA, 0xB0, 0xE5, 0xBA, 0xB3, 0xE5,
  0xBA, 0xB6, 0xE5, 0xBB, 0x8A, 0xF0, 0xAA, 0x8E, 0x92, 0xE5,
  0xBB, 0xBE, 0xF0, 0xA2, 0x8C, 0xB1, 0xF0, 0xA2, 0x8C, 0xB1,
  0xE8, 0x88, 0x81, 0xE5, 0xBC, 0xA2, 0xE5, 0xBC, 0xA2, 0xE3,
  0xA3, 0x87, 0xF0, 0xA3, 0x8A, 0xB8, 0xF0, 0xA6, 0x87, 0x9A,
  0xE5, 0xBD, 0xA2, 0xE5, 0xBD, 0xAB, 0xE3, 0xA3, 0xA3, 0xE5,
  0xBE, 0x9A, 0xE5, 0xBF, 0x8D, 0xE5, 0xBF, 0x97, 0xE5, 0xBF,
  0xB9, 0xE6, 0x82, 0x81, 0xE3, 0xA4, 0xBA, 0xE3, 0xA4, 0x9C,
  0xE6, 0x82, 0x94, 0xF0, 0xA2, 0x9B, 0x94, 0xE6, 0x83, 0x87,
  0xE6, 0x85, 0x88, 0xE6, 0x85, 0x8C, 0xE6, 0x85, 0x8E, 0xE6,
  0x85, 0x8C, 0xE6, 0x85, 0xBA, 0xE6, 0x86, 0x8E, 0xE6, 0x86,
  0xB2, 0xE6, 0x86, 0xA4, 0xE6, 0x86, 0xAF, 0xE6, 0x87, 0x9E,
  0xE6, 0x87, 0xB2, 0xE6, 0x87, 0xB6, 0xE6, 0x88, 0x90, 0xE6,
  0x88, 0x9B, 0xE6, 0x89, 0x9D, 0xE6, 0x8A, 0xB1, 0xE6, 0x8B,
  0x94, 0xE6, 0x8D, 0x90, 0xF0, 0xA2, 0xAC, 0x8C, 0xE6, 0x8C,
  0xBD, 0xE6, 0x8B, 0xBC, 0xE6, 0x8D, 0xA8, 0xE6, 0x8E, 0x83,
  0xE6, 0x8F, 0xA4, 0xF0, 0xA2, 0xAF, 0xB1, 0xE6, 0x90, 0xA2,
  0xE6, 0x8F, 0x85, 0xE6, 0x8E, 0xA9, 0xE3, 0xA8, 0xAE, 0xE6,
  0x91, 0xA9, 0xE6, 0x91, 0xBE, 0xE6, 0x92, 0x9D, 0xE6, 0x91,
  0xB7, 0xE3, 0xA9, 0xAC, 0xE6, 0x95, 0x8F, 0xE6, 0x95, 0xAC,
  0xF0, 0xA3, 0x80, 0x8A, 0xE6, 0x97, 0xA3, 0xE6, 0x9B, 0xB8,
  0xE6, 0x99, 0x89, 0xE3, 0xAC, 0x99, 0xE6, 0x9A, 0x91, 0xE3,
  0xAC, 0x88, 0xE3, 0xAB, 0xA4, 0xE5, 0x86, 0x92, 0xE5, 0x86,
  0x95, 0xE6, 0x9C, 0x80, 0xE6, 0x9A, 0x9C, 0xE8, 0x82, 0xAD,
  0xE4, 0x8F, 0x99, 0xE6, 0x9C, 0x97, 0xE6, 0x9C, 0x9B, 0xE6,
  0x9C, 0xA1, 0xE6, 0x9D, 0x9E, 0xE6, 0x9D, 0x93, 0xF0, 0xA3,
  0x8F, 0x83, 0xE3, 0xAD, 0x89, 0xE6, 0x9F, 0xBA, 0xE6, 0x9E,
  0x85, 0xE6, 0xA1, 0x92, 0xE6, 0xA2, 0x85, 0xF0, 0xA3, 0x91,
  0xAD, 0xE6, 0xA2, 0x8E, 0xE6, 0xA0, 0x9F, 0xE6, 0xA4, 0x94,
  0xE3, 0xAE, 0x9D, 0xE6, 0xA5, 0x82, 0xE6, 0xA6, 0xA3, 0xE6,
  0xA7, 0xAA, 0xE6, 0xAA, 0xA8, 0xF0, 0xA3, 0x9A, 0xA3, 0xE6,
  0xAB, 0x9B, 0xE3, 0xB0, 0x98, 0xE6, 0xAC, 0xA1, 0xF0, 0xA3,
  0xA2, 0xA7, 0xE6, 0xAD, 0x94, 0xE3, 0xB1, 0x8E, 0xE6, 0xAD,
  0xB2, 0xE6, 0xAE, 0x9F, 0xE6, 0xAE, 0xBA, 0xE6, 0xAE, 0xBB,
  0xF0, 0xA3, 0xAA, 0x8D, 0xF0, 0xA1, 0xB4, 0x8B, 0xF0, 0xA3,
  0xAB, 0xBA, 0xE6, 0xB1, 0x8E, 0xF0, 0xA3, 0xB2, 0xBC, 0xE6,
  0xB2, 0xBF, 0xE6, 0xB3, 0x8D, 0xE6, 0xB1, 0xA7, 0xE6, 0xB4,
  0x96, 0xE6, 0xB4, 0xBE, 0xE6, 0xB5, 0xB7, 0xE6, 0xB5, 0x81,
  0xE6, 0xB5, 0xA9, 0xE6, 0xB5, 0xB8, 0xE6, 0xB6, 0x85, 0xF0,
  0xA3, 0xB4, 0x9E, 0xE6, 0xB4, 0xB4, 0xE6, 0xB8, 0xAF, 0xE6,
  0xB9, 0xAE, 0xE3, 0xB4, 0xB3, 0xE6, 0xBB, 0x8B, 0xE6, 0xBB,
  0x87, 0xF0, 0xA3, 0xBB, 0x91, 0xE6, 0xB7, 0xB9, 0xE6, 0xBD,
  0xAE, 0xF0, 0xA3, 0xBD, 0x9E, 0xF0, 0xA3, 0xBE, 0x8E, 0xE6,
  0xBF, 0x86, 0xE7, 0x80, 0xB9, 0xE7, 0x80, 0x9E, 0xE7, 0x80,
  0x9B, 0xE3, 0xB6, 0x96, 0xE7, 0x81, 0x8A, 0xE7, 0x81, 0xBD,
  0xE7, 0x81, 0xB7, 0xE7, 0x82, 0xAD, 0xF0, 0xA0, 0x94, 0xA5,
  0xE7, 0x85, 0x85, 0xF0, 0xA4, 0x89, 0xA3, 0xE7, 0x86, 0x9C,
  0xF0, 0xA4, 0x8E, 0xAB, 0xE7, 0x88, 0xA8, 0xE7, 0x88, 0xB5,
  0xE7, 0x89, 0x90, 0xF0, 0xA4, 0x98, 0x88, 0xE7, 0x8A, 0x80,
  0xE7, 0x8A, 0x95, 0xF0, 0xA4, 0x9C, 0xB5, 0xF0, 0xA4, 0xA0,
  0x94, 0xE7, 0x8D, 0xBA, 0xE7, 0x8E, 0x8B, 0xE3, 0xBA, 0xAC,
  0xE7, 0x8E, 0xA5, 0xE3, 0xBA, 0xB8, 0xE3, 0xBA, 0xB8, 0xE7,
  0x91, 0x87, 0xE7, 0x91, 0x9C, 0xE7, 0x91, 0xB1, 0xE7, 0x92,
  0x85, 0xE7, 0x93, 0x8A, 0xE3, 0xBC, 0x9B, 0xE7, 0x94, 0xA4,
  0xF0, 0xA4, 0xB0, 0xB6, 0xE7, 0x94, 0xBE, 0xF0, 0xA4, 0xB2,
  0x92, 0xE7, 0x95, 0xB0, 0xF0, 0xA2, 0x86, 0x9F, 0xE7, 0x98,
  0x90, 0xF0, 0xA4, 0xBE, 0xA1, 0xF0, 0xA4, 0xBE, 0xB8, 0xF0,
  0xA5, 0x81, 0x84, 0xE3, 0xBF, 0xBC, 0xE4, 0x80, 0x88, 0xE7,
  0x9B, 0xB4, 0xF0, 0xA5, 0x83, 0xB3, 0xF0, 0xA5, 0x83, 0xB2,
  0xF0, 0xA5, 0x84, 0x99, 0xF0, 0xA5, 0x84, 0xB3, 0xE7, 0x9C,
  0x9E, 0xE7, 0x9C, 0x9F, 0xE7, 0x9C, 0x9F, 0xE7, 0x9D, 0x8A,
  0xE4, 0x80, 0xB9, 0xE7, 0x9E, 0x8B, 0xE4, 0x81, 0x86, 0xE4,
  0x82, 0x96, 0xF0, 0xA5, 0x90, 0x9D, 0xE7, 0xA1, 0x8E, 0xE7,
  0xA2, 0x8C, 0xE7, 0xA3, 0x8C, 0xE4, 0x83, 0xA3, 0xF0, 0xA5,
  0x98, 0xA6, 0xE7, 0xA5, 0x96, 0xF0, 0xA5, 0x9A, 0x9A, 0xF0,
  0xA5, 0x9B, 0x85, 0xE7, 0xA6, 0x8F, 0xE7, 0xA7, 0xAB, 0xE4,
  0x84, 0xAF, 0xE7, 0xA9, 0x80, 0xE7, 0xA9, 0x8A, 0xE7, 0xA9,
  0x8F, 0xF0, 0xA5, 0xA5, 0xBC, 0xF0, 0xA5, 0xAA, 0xA7, 0xF0,
  0xA5, 0xAA, 0xA7, 0xE7, 0xAB, 0xAE, 0xE4, 0x88, 0x82, 0xF0,
  0xA5, 0xAE, 0xAB, 0xE7, 0xAF, 0x86, 0xE7, 0xAF, 0x89, 0xE4,
  0x88, 0xA7, 0xF0, 0xA5, 0xB2, 0x80, 0xE7, 0xB3, 0x92, 0xE4,
  0x8A, 0xA0, 0xE7, 0xB3, 0xA8, 0xE7, 0xB3, 0xA3, 0xE7, 0xB4,
  0x80, 0xF0, 0xA5, 0xBE, 0x86, 0xE7, 0xB5, 0xA3, 0xE4, 0x8C,
  0x81, 0xE7, 0xB7, 0x87, 0xE7, 0xB8, 0x82, 0xE7, 0xB9, 0x85,
  0xE4, 0x8C, 0xB4, 0xF0, 0xA6, 0x88, 0xA8, 0xF0, 0xA6, 0x89,
  0x87, 0xE4, 0x8D, 0x99, 0xF0, 0xA6, 0x8B, 0x99, 0xE7, 0xBD,
  0xBA, 0xF0, 0xA6, 0x8C, 0xBE, 0xE7, 0xBE, 0x95, 0xE7, 0xBF,
  0xBA, 0xE8, 0x80, 0x85, 0xF0, 0xA6, 0x93, 0x9A, 0xF0, 0xA6,
  0x94, 0xA3, 0xE8, 0x81, 0xA0, 0xF0, 0xA6, 0x96, 0xA8, 0xE8,
  0x81, 0xB0, 0xF0, 0xA3, 0x8D, 0x9F, 0xE4, 0x8F, 0x95, 0xE8,
  0x82, 0xB2, 0xE8, 0x84, 0x83, 0xE4, 0x90, 0x8B, 0xE8, 0x84,
  0xBE, 0xE5, 0xAA, 0xB5, 0xF0, 0xA6, 0x9E, 0xA7, 0xF0, 0xA6,
  0x9E, 0xB5, 0xF0, 0xA3, 0x8E, 0x93, 0xF0, 0xA3, 0x8E, 0x9C,
  0xE8, 0x88, 0x81, 0xE8, 0x88, 0x84, 0xE8, 0xBE, 0x9E, 0xE4,
  0x91, 0xAB, 0xE8, 0x8A, 0x91, 0xE8, 0x8A, 0x8B, 0xE8, 0x8A,
  0x9D, 0xE5, 0x8A, 0xB3, 0xE8, 0x8A, 0xB1, 0xE8, 0x8A, 0xB3,
  0xE8, 0x8A, 0xBD, 0xE8, 0x8B, 0xA6, 0xF0, 0xA6, 0xAC, 0xBC,
  0xE8, 0x8B, 0xA5, 0xE8, 0x8C, 0x9D, 0xE8, 0x8D, 0xA3, 0xE8,
  0x8E, 0xAD, 0xE8, 0x8C, 0xA3, 0xE8, 0x8E, 0xBD, 0xE8, 0x8F,
  0xA7, 0xE8, 0x91, 0x97, 0xE8, 0x8D, 0x93, 0xE8, 0x8F, 0x8A,
  0xE8, 0x8F, 0x8C, 0xE8, 0x8F, 0x9C, 0xF0, 0xA6, 0xB0, 0xB6,
  0xF0, 0xA6, 0xB5, 0xAB, 0xF0, 0xA6, 0xB3, 0x95, 0xE4, 0x94,
  0xAB, 0xE8, 0x93, 0xB1, 0xE8, 0x93, 0xB3, 0xE8, 0x94, 0x96,
  0xF0, 0xA7, 0x8F, 0x8A, 0xE8, 0x95, 0xA4, 0xF0, 0xA6, 0xBC,
  0xAC, 0xE4, 0x95, 0x9D, 0xE4, 0x95, 0xA1, 0xF0, 0xA6, 0xBE,
  0xB1, 0xF0, 0xA7, 0x83, 0x92, 0xE4, 0x95, 0xAB, 0xE8, 0x99,
  0x90, 0xE8, 0x99, 0x9C, 0xE8, 0x99, 0xA7, 0xE8, 0x99, 0xA9,
  0xE8, 0x9A, 0xA9, 0xE8, 0x9A, 0x88, 0xE8, 0x9C, 0x8E, 0xE8,
  0x9B, 0xA2, 0xE8, 0x9D, 0xB9, 0xE8, 0x9C, 0xA8, 0xE8, 0x9D,
  0xAB, 0xE8, 0x9E, 0x86, 0xE4, 0x97, 0x97, 0xE8, 0x9F, 0xA1,
  0xE8, 0xA0, 0x81, 0xE4, 0x97, 0xB9, 0xE8, 0xA1, 0xA0, 0xE8,
  0xA1, 0xA3, 0xF0, 0xA7, 0x99, 0xA7, 0xE8, 0xA3, 0x97, 0xE8,
  0xA3, 0x9E, 0xE4, 0x98, 0xB5, 0xE8, 0xA3, 0xBA, 0xE3, 0x92,
  0xBB, 0xF0, 0xA7, 0xA2, 0xAE, 0xF0, 0xA7, 0xA5, 0xA6, 0xE4,
  0x9A, 0xBE, 0xE4, 0x9B, 0x87, 0xE8, 0xAA, 0xA0, 0xE8, 0xAB,
  0xAD, 0xE8, 0xAE, 0x8A, 0xE8, 0xB1, 0x95, 0xF0, 0xA7, 0xB2,
  0xA8, 0xE8, 0xB2, 0xAB, 0xE8, 0xB3, 0x81, 0xE8, 0xB4, 0x9B,
  0xE8, 0xB5, 0xB7, 0xF0, 0xA7, 0xBC, 0xAF, 0xF0, 0xA0, 0xA0,
  0x84, 0xE8, 0xB7, 0x8B, 0xE8, 0xB6, 0xBC, 0xE8, 0xB7, 0xB0,
  0xF0, 0xA0, 0xA3, 0x9E, 0xE8, 0xBB, 0x94, 0xE8, 0xBC, 0xB8,
  0xF0, 0xA8, 0x97, 0x92, 0xF0, 0xA8, 0x97, 0xAD, 0xE9, 0x82,
  0x94, 0xE9, 0x83, 0xB1, 0xE9, 0x84, 0x91, 0xF0, 0xA8, 0x9C,
  0xAE, 0xE9, 0x84, 0x9B, 0xE9, 0x88, 0xB8, 0xE9, 0x8B, 0x97,
  0xE9, 0x8B, 0x98, 0xE9, 0x89, 0xBC, 0xE9, 0x8F, 0xB9, 0xE9,
  0x90, 0x95, 0xF0, 0xA8, 0xAF, 0xBA, 0xE9, 0x96, 0x8B, 0xE4,
  0xA6, 0x95, 0xE9, 0x96, 0xB7, 0xF0, 0xA8, 0xB5, 0xB7, 0xE4,
  0xA7, 0xA6, 0xE9, 0x9B, 0x83, 0xE5, 0xB6, 0xB2, 0xE9, 0x9C,
  0xA3, 0xF0, 0xA9, 0x85, 0x85, 0xF0, 0xA9, 0x88, 0x9A, 0xE4,
  0xA9, 0xAE, 0xE4, 0xA9, 0xB6, 0xE9, 0x9F, 0xA0, 0xF0, 0xA9,
  0x90, 0x8A, 0xE4, 0xAA, 0xB2, 0xF0, 0xA9, 0x92, 0x96, 0xE9,
  0xA0, 0x8B, 0xE9, 0xA0, 0x8B, 0xE9, 0xA0, 0xA9, 0xF0, 0xA9,
  0x96, 0xB6, 0xE9, 0xA3, 0xA2, 0xE4, 0xAC, 0xB3, 0xE9, 0xA4,
  0xA9, 0xE9, 0xA6, 0xA7, 0xE9, 0xA7, 0x82, 0xE9, 0xA7, 0xBE,
  0xE4, 0xAF, 0x8E, 0xF0, 0xA9, 0xAC, 0xB0, 0xE9, 0xAC, 0x92,
  0xE9, 0xB1, 0x80, 0xE9, 0xB3, 0xBD, 0xE4, 0xB3, 0x8E, 0xE4,
  0xB3, 0xAD, 0xE9, 0xB5, 0xA7, 0xF0, 0xAA, 0x83, 0x8E, 0xE4,
  0xB3, 0xB8, 0xF0, 0xAA, 0x84, 0x85, 0xF0, 0xAA, 0x88, 0x8E,
  0xF0, 0xAA, 0x8A, 0x91, 0xE9, 0xBA, 0xBB, 0xE4, 0xB5, 0x96,
  0xE9, 0xBB, 0xB9, 0xE9, 0xBB, 0xBE, 0xE9, 0xBC, 0x85, 0xE9,
  0xBC, 0x8F, 0xE9, 0xBC, 0x96, 0xE9, 0xBC, 0xBB, 0xF0, 0xAA,
  0x98, 0x80, 0x00, 0x00, 0x00, 0x00, 0x00, 0x00, 0x00, 0x00,
  0x00, 0x00, 0x00, 0x00, 0x00, 0x00, 0x00, 0x00,
};

const uint16_t trie_data[14312] = {
  0x0000, 0x0000, 0x0000, 0x0000, 0x0000, 0x0000, 0x0000, 0x0000, 0x0000, 0x0000,
  0x0000, 0x0000, 0x0000, 0x0000, 0x0000, 0x0000, 0x0000, 0x0000, 0x0000, 0x0000,
  0x0000, 0x0000, 0x0000, 0x0000, 0x0000, 0x0000, 0x0000, 0x0000, 0x0000, 0x0000,
  0x0000, 0x0000, 0x0000, 0x0000, 0x0000, 0x0000, 0x0000, 0x0000, 0x0000, 0x0000,
  0x0000, 0x0000, 0x0000, 0x0000, 0x0000, 0x0000, 0x0000, 0x0000, 0x0000, 0x0000,
  0x0000, 0x0000, 0x0000, 0x0000, 0x0000, 0x0000, 0x0000, 0x0000, 0x0000, 0x0000,
  0x0000, 0x0000, 0x0000, 0x0000, 0x0001, 0x0001, 0x0001, 0x0001, 0x0001, 0x0001,
  0x0001, 0x0001, 0x0001, 0x0001, 0x0001, 0x0001, 0x0001, 0x0001, 0x0001, 0x0001,
  0x0001, 0x0001, 0x0001, 0x0001, 0x0001, 0x0001, 0x0001, 0x0001, 0x0001, 0x0001,
  0x0001, 0x0001, 0x0001, 0x0001, 0x0001, 0x0001, 0x0001, 0x0001, 0x0001, 0x0001,
  0x0001, 0x0001, 0x0001, 0x0001, 0x0001, 0x0001, 0x0001, 0x0001, 0x0001, 0x0001,
  0x0001, 0x0001, 0x0001, 0x0001, 0x0001, 0x0001, 0x0001, 0x0001, 0x0001, 0x0001,
  0x0001, 0x0001, 0x0001, 0x0001, 0x0001, 0x0001, 0x0001, 0x0001, 0x0CCD, 0x0CCD,
  0x0CCD, 0x0CCD, 0x0CCD, 0x0CCD, 0x0001, 0x0CA9, 0x0CCD, 0x0CCD, 0x0CCD, 0x0CCD,
  0x0CCD, 0x0CCD, 0x0CCD, 0x0CCD, 0x0001, 0x0CCD, 0x0CCD, 0x0CCD, 0x0CCD, 0x0CCD,
  0x0CCD, 0x0001, 0x0001, 0x0CCD, 0x0CCD, 0x0CCD, 0x0CCD, 0x0CCD, 0x0001, 0x0001,
  0x0CCD, 0x0CCD, 0x0CCD, 0x0CCD, 0x0CCD, 0x0CCD, 0x0001, 0x0CA9, 0x0CCD, 0x0CCD,
  0x0CCD, 0x0CCD, 0x0CCD, 0x0CCD, 0x0CCD, 0x0CCD, 0x0001, 0x0CCD, 0x0CCD, 0x0CCD,
  0x0CCD, 0x0CCD, 0x0CCD, 0x0001, 0x0001, 0x0CCD, 0x0CCD, 0x0CCD, 0x0CCD, 0x0CCD,
  0x0001, 0x0CCD, 0x0CCD, 0x0CCD, 0x0CCD, 0x0CA9, 0x0CA9, 0x0CCD, 0x0CCD, 0x0CCD,
  0x0CCD, 0x0CCD, 0x0CCD, 0x0CCD, 0x0CCD, 0x0CCD, 0x0CCD, 0x0001, 0x0001, 0x0CCD,
  0x0CCD, 0x0CCD, 0x0CCD, 0x0CCD, 0x0CCD, 0x0CA9, 0x0CA9, 0x0CCD, 0x0CCD, 0x0CCD,
  0x0CCD, 0x0CCD, 0x0CCD, 0x0CCD, 0x0CCD, 0x0CA9, 0x0CA9, 0x0CCD, 0x0CCD, 0x0001,
  0x0001, 0x0CCD, 0x0CCD, 0x0CCD, 0x0CCD, 0x0CCD, 0x0CCD, 0x0CA9, 0x0CA9, 0x0CCD,
  0x0001, 0x0001, 0x0001, 0x0CCD, 0x0CCD, 0x0CA9, 0x0CA9, 0x0001, 0x0CCD, 0x0CCD,
  0x0CA9, 0x0CA9, 0x0CCD, 0x0CCD, 0x0001, 0x0001, 0x0001, 0x0CCD, 0x0CCD, 0x0CA9,
  0x0CA9, 0x0CCD, 0x0CCD, 0x0001, 0x0001, 0x0001, 0x0CCD, 0x0CCD, 0x0CCD, 0x0CCD,
  0x0CCD, 0x0CCD, 0x0001, 0x0001, 0x0CCD, 0x0CCD, 0x0CA9, 0x0CA9, 0x0CCD, 0x0CCD,
  0x0CCD, 0x0CCD, 0x0CCD, 0x0CCD, 0x0CA9, 0x0CA9, 0x0CCD, 0x0CCD, 0x0CA9, 0x0CA9,
  0x0CCD, 0x0CCD, 0x0001, 0x0001, 0x0CCD, 0x0CCD, 0x0CCD, 0x0CCD, 0x0CCD, 0x0CCD,
  0x0CCD, 0x0CCD, 0x0CCD, 0x0CCD, 0x0CA9, 0x0CA9, 0x0CCD, 0x0CCD, 0x0CCD, 0x0CCD,
  0x0CCD, 0x0CCD, 0x0CCD, 0x0CCD, 0x0CCD, 0x0CCD, 0x0CCD, 0x0001, 0x0001, 0x0001,
  0x0001, 0x0001, 0x0001, 0x0001, 0x0001, 0x0001, 0x0001, 0x0001, 0x0001, 0x0001,
  0x0001, 0x0001, 0x0001, 0x0001, 0x0001, 0x0001, 0x0001, 0x0001, 0x0001, 0x0001,
  0x0001, 0x0001, 0x0001, 0x0001, 0x0001, 0x0001, 0x0001, 0x0001, 0x0001, 0x0CB1,
  0x0CB1, 0x0001, 0x0001, 0x0001, 0x0001, 0x0001, 0x0001, 0x0001, 0x0001, 0x0001,
  0x0001, 0x0001, 0x0001, 0x0001, 0x0CB1, 0x0CB1, 0x0001, 0x0001, 0x0001, 0x0001,
  0x0001, 0x0001, 0x0001, 0x0001, 0x0001, 0x0001, 0x0001, 0x0001, 0x0001, 0x0001,
  0x0001, 0x0CCD, 0x0CCD, 0x0CCD, 0x0CCD, 0x0CCD, 0x0CCD, 0x0CCD, 0x0CCD, 0x1CCD,
  0x1CCD, 0x1CCD, 0x1CCD, 0x1CCD, 0x1CCD, 0x1CCD, 0x1CCD, 0x0001, 0x1CCD, 0x1CCD,
  0x1CCD, 0x1CCD, 0x14CD, 0x14CD, 0x0001, 0x0001, 0x0CCD, 0x0CCD, 0x0CCD, 0x0CCD,
  0x0CA9, 0x0CA9, 0x1CCD, 0x1CCD, 0x14CD, 0x14CD, 0x0CCD, 0x0001, 0x0001, 0x0001,
  0x0CCD, 0x0CCD, 0x0001, 0x0001, 0x0CCD, 0x0CCD, 0x1CCD, 0x1CCD, 0x14CD, 0x14CD,
  0x14CD, 0x14CD, 0x0CCD, 0x0CCD, 0x0CCD, 0x0CCD, 0x0CCD, 0x0CCD, 0x0CCD, 0x0CCD,
  0x0CCD, 0x0CCD, 0x0CCD, 0x0CCD, 0x0CCD, 0x0CCD, 0x0CCD, 0x0CCD, 0x0CCD, 0x0CCD,
  0x0CCD, 0x0CCD, 0x0CCD, 0x0CCD, 0x0CCD, 0x0CCD, 0x0CB9, 0x0CB9, 0x0CB9, 0x0CB9,
  0x0001, 0x0001, 0x0CCD, 0x0CCD, 0x0001, 0x0001, 0x0001, 0x0001, 0x0001, 0x0001,
  0x0CCD, 0x0CCD, 0x0CA9, 0x0CA9, 0x1CCD, 0x1CCD, 0x1CCD, 0x1CCD, 0x0CCD, 0x0CCD,
  0x1CCD, 0x1CCD, 0x0CCD, 0x0CCD, 0x0001, 0x0001, 0x0001, 0x0001, 0x0001, 0x0001,
  0x0001, 0x0001, 0x0001, 0x0001, 0x0001, 0x0001, 0x00CD, 0x00CD, 0x00CD, 0x00CD,
  0x00CD, 0x00CD, 0x00CD, 0x00CD, 0x00CD, 0x00CD, 0x00CD, 0x00CD, 0x00CD, 0x00CD,
  0x00CD, 0x00CD, 0x00CD, 0x00CD, 0x00CD, 0x00CD, 0x00CD, 0x00D1, 0x00B9, 0x00B9,
  0x00B9, 0x00B9, 0x00D1, 0x00B1, 0x00B9, 0x00B9, 0x00B9, 0x00B9, 0x00B9, 0x00A9,
  0x00A9, 0x00B9, 0x00B9, 0x00B9, 0x00B9, 0x00A9, 0x00A9, 0x00B9, 0x00B9, 0x00B9,
  0x00B9, 0x00B9, 0x00B9, 0x00B9, 0x00B9, 0x00B9, 0x00B9, 0x00B9, 0x0005, 0x0005,
  0x0005, 0x0005, 0x0005, 0x00B9, 0x00B9, 0x00B9, 0x00B9, 0x00CD, 0x00CD, 0x00CD,
  0x04CD, 0x04CD, 0x00CD, 0x04CD, 0x14CD, 0x00DD, 0x00CD, 0x00B9, 0x00B9, 0x00B9,
  0x00CD, 0x00CD, 0x00CD, 0x00B9, 0x00B9, 0x0001, 0x00CD, 0x00CD, 0x00CD, 0x00B9,
  0x00B9, 0x00B9, 0x00B9, 0x00CD, 0x00D1, 0x00B9, 0x00B9, 0x00CD, 0x00D5, 0x00D9,
  0x00D9, 0x00D5, 0x00D9, 0x00D9, 0x00D5, 0x00CD, 0x00CD, 0x00CD, 0x00CD, 0x00CD,
  0x00CD, 0x00CD, 0x00CD, 0x00CD, 0x00CD, 0x00CD, 0x00CD, 0x00CD, 0x0001, 0x0001,
  0x0001, 0x0001, 0x0401, 0x0001, 0x0001, 0x0001, 0x0001, 0x0001, 0x0001, 0x0001,
  0x0001, 0x0001, 0xFC01, 0x0001, 0x0001, 0x0001, 0x0001, 0x0001, 0x14CD, 0x14CD,
  0x0401, 0x14CD, 0x14CD, 0x14CD, 0x0001, 0x14CD, 0x0001, 0x14CD, 0x14CD, 0x24CD,
  0x0001, 0x0001, 0x0001, 0x0001, 0x0001, 0x0001, 0x0001, 0x0001, 0x0001, 0x0001,
  0x0001, 0x0001, 0x0001, 0x0001, 0x0001, 0x0001, 0x0001, 0x0001, 0x0001, 0x0001,
  0x0001, 0x0001, 0x0001, 0x0001, 0x0001, 0x14CD, 0x14CD, 0x14CD, 0x14CD, 0x14CD,
  0x14CD, 0x24CD, 0x0001, 0x0001, 0x0001, 0x0001, 0x0001, 0x0001, 0x0001, 0x0001,
  0x0001, 0x0001, 0x0001, 0x0001, 0x0001, 0x0001, 0x0001, 0x14CD, 0x14CD, 0x14CD,
  0x14CD, 0x14CD, 0x0001, 0x0001, 0x0001, 0x0001, 0x14CD, 0x14CD, 0x0001, 0x0001,
  0x0001, 0x0001, 0x0001, 0x0001, 0x0001, 0x0001, 0x0001, 0x0001, 0x0001, 0x0001,
  0x0001, 0x0001, 0x0001, 0x0001, 0x0001, 0x0001, 0x0001, 0x0001, 0x0001, 0x0001,
  0x0001, 0x0001, 0x0001, 0x0001, 0x0001, 0x0001, 0x0001, 0x0001, 0x0001, 0x0001,
  0x0001, 0x0001, 0x0001, 0x0001, 0x0001, 0x0001, 0x0001, 0x0001, 0x0001, 0x0001,
  0x0001, 0x14CD, 0x14CD, 0x0001, 0x14CD, 0x0001, 0x0001, 0x0001, 0x14CD, 0x0001,
  0x0001, 0x0001, 0x0001, 0x14CD, 0x14CD, 0x14CD, 0x0001, 0x0001, 0x0001, 0x0001,
  0x0001, 0x0001, 0x0001, 0x0001, 0x0001, 0x0001, 0x14CD, 0x0001, 0x0001, 0x0001,
  0x0001, 0x0001, 0x0001, 0x0001, 0x0001, 0x0001, 0x0001, 0x0001, 0x0001, 0x0001,
  0x0001, 0x0001, 0x0001, 0x0001, 0x0001, 0x0001, 0x0001, 0x0001, 0x0001, 0x0001,
  0x0001, 0x0001, 0x0001, 0x0001, 0x0001, 0x0001, 0x0001, 0x0001, 0x14CD, 0x0001,
  0x0001, 0x0001, 0x0001, 0x0001, 0x0001, 0x0001, 0x0001, 0x0001, 0x0001, 0x0001,
  0x0001, 0x0001, 0x0001, 0x0001, 0x0001, 0x14CD, 0x14CD, 0x0001, 0x14CD, 0x0001,
  0x0001, 0x0001, 0x14CD, 0x0001, 0x0001, 0x0001, 0x0001, 0x14CD, 0x14CD, 0x14CD,
  0x0001, 0x0001, 0x0001, 0x0001, 0x0001, 0x0001, 0x0001, 0x0001, 0x0001, 0x0001,
  0x0001, 0x0001, 0x0001, 0x0001, 0x0001, 0x0001, 0x0001, 0x0001, 0x0001, 0x0001,
  0x0001, 0x0001, 0x0001, 0x14CD, 0x14CD, 0x0001, 0x0001, 0x0001, 0x0001, 0x0001,
  0x0001, 0x0001, 0x0001, 0x00CD, 0x00CD, 0x00CD, 0x00CD, 0x00CD, 0x0001, 0x0001,
  0x0001, 0x0001, 0x0001, 0x0001, 0x0001, 0x0001, 0x0001, 0x0001, 0x0001, 0x0001,
  0x0001, 0x0001, 0x0001, 0x0001, 0x0001, 0x0001, 0x0001, 0x0001, 0x0001, 0x0001,
  0x0001, 0x0001, 0x0001, 0x0001, 0x0001, 0x0001, 0x0001, 0x0001, 0x0001, 0x0001,
  0x0001, 0x0001, 0x0001, 0x0001, 0x0001, 0x0001, 0x0001, 0x0001, 0x0001, 0x0001,
  0x0001, 0x0001, 0x0001, 0x0001, 0x0001, 0x0001, 0x0001, 0x0001, 0x0001, 0x0001,
  0x0001, 0x0001, 0x0001, 0x0001, 0x14CD, 0x14CD, 0x0001, 0x0001, 0x0001, 0x0001,
  0x0001, 0x0001, 0x0001, 0x0001, 0x0001, 0x0001, 0x0001, 0x0001, 0x0001, 0x14CD,
  0x14CD, 0x14CD, 0x14CD, 0x0001, 0x0001, 0x14CD, 0x14CD, 0x0001, 0x0001, 0x14CD,
  0x14CD, 0x14CD, 0x14CD, 0x14CD, 0x14CD, 0x0001, 0x0001, 0x14CD, 0x14CD, 0x14CD,
  0x14CD, 0x14CD, 0x14CD, 0x0001, 0x0001, 0x14CD, 0x14CD, 0x14CD, 0x14CD, 0x14CD,
  0x14CD, 0x14CD, 0x14CD, 0x14CD, 0x14CD, 0x14CD, 0x14CD, 0x0001, 0x0001, 0x14CD,
  0x14CD, 0x0001, 0x0001, 0x0001, 0x0001, 0x0001, 0x0001, 0x0001, 0x0001, 0x0001,
  0x0001, 0x0001, 0x0001, 0x0001, 0x0001, 0x0001, 0x0001, 0x0001, 0x00B9, 0x00CD,
  0x00CD, 0x00CD, 0x00CD, 0x00B9, 0x00CD, 0x00CD, 0x00CD, 0x00BD, 0x00B9, 0x00CD,
  0x00CD, 0x00CD, 0x00CD, 0x00CD, 0x00CD, 0x00B9, 0x00B9, 0x00B9, 0x00B9, 0x00B9,
  0x00B9, 0x00CD, 0x00CD, 0x00B9, 0x00CD, 0x00CD, 0x00BD, 0x00C9, 0x00CD, 0x0019,
  0x001D, 0x0021, 0x0025, 0x0029, 0x002D, 0x0031, 0x0035, 0x0039, 0x003D, 0x003D,
  0x0041, 0x0045, 0x0049, 0x0001, 0x004D, 0x0001, 0x0051, 0x0055, 0x0001, 0x00CD,
  0x00B9, 0x0001, 0x0039, 0x0001, 0x0001, 0x0001, 0x0001, 0x0001, 0x0001, 0x0001,
  0x0001, 0x0001, 0x0001, 0x0001, 0x0001, 0x0001, 0x0001, 0x0001, 0x0001, 0x0001,
  0x0001, 0x0001, 0x0001, 0x0001, 0x0001, 0x0001, 0x0001, 0x0001, 0x0001, 0x0001,
  0x0001, 0x0001, 0x0001, 0x0001, 0x0001, 0x0001, 0x0001, 0x0001, 0x0001, 0x0001,
  0x0001, 0x0001, 0x0001, 0x0001, 0x0001, 0x0001, 0x0001, 0x0001, 0x0001, 0x0001,
  0x0001, 0x0001, 0x0001, 0x0001, 0x0001, 0x0001, 0x0001, 0x0001, 0x0001, 0x00CD,
  0x00CD, 0x00CD, 0x00CD, 0x00CD, 0x00CD, 0x00CD, 0x00CD, 0x0069, 0x006D, 0x0071,
  0x0001, 0x0001, 0x0001, 0x0001, 0x0001, 0x0001, 0x0001, 0x14CD, 0x14CD, 0x14CD,
  0x14B9, 0x14CD, 0x0001, 0x0001, 0x0001, 0x0001, 0x0001, 0x0001, 0x0001, 0x0001,
  0x0001, 0x0001, 0x0001, 0x0001, 0x0001, 0x0001, 0x0001, 0x0001, 0x0001, 0x0001,
  0x0001, 0x0001, 0x0001, 0x0001, 0x0001, 0x0001, 0x0001, 0x005D, 0x0061, 0x0065,
  0x0069, 0x006D, 0x0071, 0x0075, 0x0079, 0x00CD, 0x00CD, 0x00B9, 0x00B9, 0x00CD,
  0x00CD, 0x00CD, 0x00CD, 0x00CD, 0x00B9, 0x00CD, 0x00CD, 0x00B9, 0x0001, 0x0001,
  0x0001, 0x0001, 0x0001, 0x0001, 0x0001, 0x0001, 0x0001, 0x0001, 0x0001, 0x0001,
  0x0001, 0x0001, 0x0001, 0x0001, 0x007D, 0x0001, 0x0001, 0x0001, 0x0001, 0x0001,
  0x0001, 0x0001, 0x0001, 0x0001, 0x0001, 0x0001, 0x0001, 0x0001, 0x0001, 0x0001,
  0x14CD, 0x0001, 0x14CD, 0x0001, 0x0001, 0x0001, 0x0001, 0x0001, 0x0001, 0x0001,
  0x0001, 0x0001, 0x0001, 0x0001, 0x0001, 0x0001, 0x0001, 0x0001, 0x0001, 0x14CD,
  0x0001, 0x0001, 0x00CD, 0x00CD, 0x00CD, 0x00CD, 0x00CD, 0x00CD, 0x00CD, 0x0001,
  0x0001, 0x00CD, 0x00CD, 0x00CD, 0x00CD, 0x00B9, 0x00CD, 0x0001, 0x0001, 0x00CD,
  0x00CD, 0x0001, 0x00B9, 0x00CD, 0x00CD, 0x00B9, 0x0001, 0x0001, 0x0001, 0x0001,
  0x0001, 0x0001, 0x0001, 0x0001, 0x0001, 0x0001, 0x0001, 0x0001, 0x0001, 0x0001,
  0x0001, 0x0001, 0x0001, 0x0001, 0x0081, 0x0001, 0x0001, 0x0001, 0x0001, 0x0001,
  0x0001, 0x0001, 0x0001, 0x0001, 0x0001, 0x0001, 0x0001, 0x0001, 0x0001, 0x0001,
  0x0001, 0x0001, 0x0001, 0x0001, 0x0001, 0x0001, 0x0001, 0x0001, 0x0001, 0x0001,
  0x0001, 0x0001, 0x0001, 0x0001, 0x0001, 0x00CD, 0x00B9, 0x00CD, 0x00CD, 0x00B9,
  0x00CD, 0x00CD, 0x00B9, 0x00B9, 0x00B9, 0x00CD, 0x00B9, 0x00B9, 0x00CD, 0x00B9,
  0x00CD, 0x00CD, 0x00B9, 0x00CD, 0x00B9, 0x00CD, 0x00B9, 0x00CD, 0x00B9, 0x00CD,
  0x00CD, 0x0001, 0x0001, 0x0001, 0x0001, 0x0001, 0x0001, 0x0001, 0x0001, 0x0001,
  0x0001, 0x0001, 0x0001, 0x0001, 0x0001, 0x0001, 0x0001, 0x0001, 0x0001, 0x0001,
  0x0001, 0x0001, 0x0001, 0x0001, 0x0001, 0x0001, 0x0001, 0x0001, 0x0001, 0x0001,
  0x0001, 0x0001, 0x0001, 0x0001, 0x0001, 0x0001, 0x0001, 0x0001, 0x0001, 0x0001,
  0x0001, 0x0001, 0x0001, 0x0001, 0x0001, 0x0001, 0x0001, 0x0001, 0x0001, 0x0001,
  0x0001, 0x0001, 0x0001, 0x0001, 0x00CD, 0x00CD, 0x00CD, 0x00CD, 0x00CD, 0x00CD,
  0x00CD, 0x00B9, 0x00CD, 0x0001, 0x0001, 0x0001, 0x0001, 0x0001, 0x0001, 0x0001,
  0x0001, 0x0001, 0x00B9, 0x0001, 0x0001, 0x0002, 0x0002, 0x0002, 0x0002, 0x0002,
  0x0002, 0x0002, 0x0002, 0x0002, 0x0002, 0x0002, 0x0002, 0x0002, 0x0002, 0x0002,
  0x0002, 0x0002, 0x0002, 0x0002, 0x0002, 0x0002, 0x0002, 0x00CE, 0x00CE, 0x00CE,
  0x00CE, 0x0002, 0x00CE, 0x00CE, 0x00CE, 0x00CE, 0x00CE, 0x00CE, 0x00CE, 0x00CE,
  0x00CE, 0x0002, 0x00CE, 0x00CE, 0x00CE, 0x0002, 0x00CE, 0x00CE, 0x00CE, 0x00CE,
  0x00CE, 0x0002, 0x0002, 0x0002, 0x0002, 0x0002, 0x0002, 0x0002, 0x0002, 0x0002,
  0x0002, 0x0002, 0x0002, 0x0002, 0x0002, 0x0002, 0x0002, 0x0002, 0x0002, 0x0002,
  0x0002, 0x0002, 0x0002, 0x0002, 0x0002, 0x0002, 0x00BA, 0x00BA, 0x00BA, 0x0002,
  0x0002, 0x0002, 0x0002, 0x0002, 0x0002, 0x0002, 0x0002, 0x0002, 0x0002, 0x0002,
  0x0002, 0x0002, 0x0002, 0x0002, 0x0002, 0x0002, 0x0002, 0x0002, 0x0002, 0x0002,
  0x0002, 0x0002, 0x0002, 0x0002, 0x0002, 0x0002, 0x0002, 0x0002, 0x0002, 0x0002,
  0x0002, 0x0002, 0x0002, 0x0002, 0x0002, 0x00CE, 0x00CE, 0x00BA, 0x00BA, 0x00BA,
  0x00CE, 0x00CE, 0x00CE, 0x00CE, 0x0002, 0x0002, 0x0002, 0x0002, 0x0002, 0x0002,
  0x0002, 0x0002, 0x0002, 0x0002, 0x0002, 0x0002, 0x0002, 0x0002, 0x0002, 0x0002,
  0x0002, 0x0002, 0x0002, 0x0002, 0x0002, 0x0002, 0x0002, 0x0002, 0x0002, 0x0002,
  0x0002, 0x0002, 0x0002, 0x0002, 0x0002, 0x0002, 0x00CE, 0x00CE, 0x00CE, 0x00CE,
  0x00CE, 0x00BA, 0x00BA, 0x00BA, 0x00BA, 0x00BA, 0x00CE, 0x00CE, 0x00CE, 0x00CE,
  0x00CE, 0x00CE, 0x00CE, 0x00CE, 0x00CE, 0x00CE, 0x00CE, 0x00CE, 0x00CE, 0x00CE,
  0x0002, 0x00BA, 0x00CE, 0x00CE, 0x00BA, 0x00CE, 0x00CE, 0x00BA, 0x00CE, 0x00CE,
  0x00CE, 0x00BA, 0x00BA, 0x00BA, 0x005E, 0x0062, 0x0066, 0x00CE, 0x00CE, 0x00CE,
  0x00BA, 0x00CE, 0x00CE, 0x00BA, 0x00BA, 0x00CE, 0x00CE, 0x00CE, 0x00CE, 0x00CE,
  0x0002, 0x0002, 0x0002, 0x0002, 0x0002, 0x0002, 0x0002, 0x0002, 0x0002, 0x0002,
  0x0002, 0x0002, 0x0002, 0x0002, 0x0002, 0x0002, 0x0002, 0x0002, 0x0002, 0x0002,
  0x0002, 0x0002, 0x0002, 0x0002, 0x0002, 0x0002, 0x0002, 0x0002, 0x0002, 0x0002,
  0x0002, 0x0002, 0x0002, 0x0002, 0x0002, 0x0002, 0x0002, 0x0002, 0x0002, 0x0002,
  0x0002, 0x1C0E, 0x0002, 0x0002, 0x0002, 0x0002, 0x0002, 0x0002, 0x0002, 0x1C0E,
  0x0002, 0x0002, 0x1C0E, 0x0002, 0x0002, 0x0002, 0x0002, 0x0002, 0x0002, 0x0002,
  0x000E, 0x0002, 0x0002, 0x0002, 0x0002, 0x0002, 0x0002, 0x0002, 0x0002, 0x0002,
  0x0002, 0x0002, 0x0002, 0x0002, 0x0016, 0x0002, 0x0002, 0x0002, 0x00CE, 0x00BA,
  0x00CE, 0x00CE, 0x0002, 0x0002, 0x0002, 0x1C0E, 0x1C0E, 0x1C0E, 0x1C0E, 0x1C0E,
  0x1C0E, 0x1C0E, 0x1C0E, 0x0002, 0x0002, 0x0002, 0x0002, 0x0002, 0x0002, 0x0002,
  0x0002, 0x0002, 0x0002, 0x0002, 0x0002, 0x0002, 0x0002, 0x0002, 0x0002, 0x0002,
  0x0002, 0x0002, 0x0002, 0x0002, 0x0002, 0x0002, 0x0002, 0x0002, 0x0002, 0x0002,
  0x0002, 0x0002, 0x0002, 0x0002, 0x0002, 0x0002, 0x0002, 0x0002, 0x0002, 0x0002,
  0x0002, 0x0002, 0x0002, 0x0002, 0x0002, 0x0002, 0x0002, 0x0002, 0x0002, 0x0002,
  0x0002, 0x0002, 0x0002, 0x0002, 0x0002, 0x0002, 0x0002, 0x0002, 0x0002, 0x0002,
  0x0002, 0x0002, 0x0002, 0x000E, 0x0002, 0x0002, 0x0002, 0x0002, 0x0002, 0x0002,
  0x0002, 0x0002, 0x0002, 0x0002, 0x0002, 0x1C02, 0x1C02, 0x0016, 0x0002, 0x0002,
  0x0002, 0x0002, 0x0002, 0x0002, 0x0002, 0x0002, 0x0002, 0x0002, 0x0002, 0x0002,
  0x0002, 0x0002, 0x1C0E, 0x1C0E, 0x0002, 0x1C0E, 0x0002, 0x0002, 0x0002, 0x0002,
  0x0002, 0x0002, 0x0002, 0x0002, 0x0002, 0x0002, 0x0002, 0x0002, 0x0002, 0x0002,
  0x0002, 0x0002, 0x0002, 0x0002, 0x0002, 0x0002, 0x0002, 0x0002, 0x0002, 0x0002,
  0x0002, 0x0002, 0x0002, 0x0002, 0x0002, 0x0002, 0x00CE, 0x0002, 0x0002, 0x0002,
  0x0002, 0x0002, 0x0002, 0x0002, 0x0002, 0x0002, 0x0002, 0x0002, 0x0002, 0x0002,
  0x0002, 0x0002, 0x0002, 0x0002, 0x0002, 0x0002, 0x0002, 0x0002, 0x0002, 0x0002,
  0x0002, 0x0002, 0x0002, 0x0002, 0x0002, 0x0002, 0x0002, 0x0002, 0x0002, 0x0002,
  0x0002, 0x0002, 0x0002, 0x0002, 0x0002, 0x0002, 0x0002, 0x0002, 0x0002, 0x0002,
  0x0002, 0x0002, 0x0002, 0x0002, 0x0002, 0x0002, 0x0002, 0x0002, 0x1C0E, 0x0002,
  0x0002, 0x1C0E, 0x0002, 0x0002, 0x0002, 0x0002, 0x0002, 0x000E, 0x0002, 0x0002,
  0x0002, 0x0002, 0x0002, 0x0002, 0x0002, 0x0002, 0x0002, 0x0002, 0x0002, 0x0002,
  0x0002, 0x0016, 0x0002, 0x0002, 0x0002, 0x0002, 0x0002, 0x0002, 0x0002, 0x0002,
  0x0002, 0x0002, 0x0002, 0x1C0E, 0x1C0E, 0x1C0E, 0x0002, 0x0002, 0x1C0E, 0x0002,
  0x0002, 0x0002, 0x0002, 0x0002, 0x0002, 0x0002, 0x0002, 0x0002, 0x0002, 0x0002,
  0x0002, 0x0002, 0x0002, 0x0002, 0x0002, 0x0002, 0x0002, 0x0002, 0x0002, 0x0002,
  0x0002, 0x0002, 0x0002, 0x0002, 0x0002, 0x0002, 0x0002, 0x0002, 0x0002, 0x0002,
  0x0002, 0x0002, 0x0016, 0x0002, 0x0002, 0x0002, 0x0002, 0x0002, 0x0002, 0x0002,
  0x0002, 0x0002, 0x0002, 0x0002, 0x0002, 0x0002, 0x0002, 0x0002, 0x0002, 0x0002,
  0x0002, 0x0002, 0x0002, 0x0002, 0x0002, 0x0002, 0x0002, 0x0002, 0x0002, 0x0002,
  0x0002, 0x0002, 0x0002, 0x0002, 0x0002, 0x0002, 0x0002, 0x0002, 0x0002, 0x0002,
  0x0002, 0x0002, 0x0002, 0x0002, 0x0002, 0x0002, 0x0002, 0x0002, 0x0002, 0x0002,
  0x0002, 0x0002, 0x0002, 0x1C02, 0x0002, 0x0002, 0x1C02, 0x1C02, 0x0016, 0x0002,
  0x0002, 0x0002, 0x0002, 0x0002, 0x0002, 0x0002, 0x0002, 0x0002, 0x0002, 0x0002,
  0x0002, 0x0002, 0x0002, 0x1C0E, 0x1C0E, 0x0002, 0x0002, 0x0002, 0x0002, 0x0002,
  0x0002, 0x0002, 0x0002, 0x0002, 0x0002, 0x0002, 0x0002, 0x0002, 0x0002, 0x0002,
  0x0002, 0x0002, 0x0002, 0x0002, 0x0002, 0x0002, 0x0002, 0x0002, 0x0002, 0x0002,
  0x0002, 0x0002, 0x0002, 0x0002, 0x0002, 0x0002, 0x0002, 0x0002, 0x0002, 0x1C02,
  0x0002, 0x0002, 0x0002, 0x0002, 0x0002, 0x0002, 0x0002, 0x0002, 0x0002, 0x0002,
  0x0002, 0x0002, 0x0002, 0x0002, 0x0002, 0x0002, 0x0002, 0x0002, 0x0002, 0x0002,
  0x0002, 0x0002, 0x0002, 0x0002, 0x0002, 0x0002, 0x0002, 0x0002, 0x0002, 0x0002,
  0x0002, 0x0002, 0x0002, 0x0002, 0x0002, 0x0002, 0x0002, 0x0002, 0x0002, 0x0002,
  0x0002, 0x0002, 0x0002, 0x1C02, 0x1C02, 0x1C02, 0x0016, 0x0002, 0x0002, 0x0002,
  0x0002, 0x0002, 0x0002, 0x0002, 0x0002, 0x0002, 0x0002, 0x0002, 0x0002, 0x0002,
  0x0002, 0x0002, 0x0002, 0x0002, 0x0002, 0x0002, 0x0002, 0x0002, 0x0002, 0x0002,
  0x0002, 0x0002, 0x0002, 0x0002, 0x0002, 0x0002, 0x0002, 0x0002, 0x0002, 0x0002,
  0x0002, 0x0002, 0x0002, 0x0002, 0x0002, 0x0002, 0x0002, 0x0002, 0x0002, 0x0002,
  0x0002, 0x0002, 0x0002, 0x0002, 0x0002, 0x0002, 0x0002, 0x1C8A, 0x0002, 0x0002,
  0x0002, 0x0002, 0x0016, 0x0002, 0x0002, 0x0002, 0x0002, 0x0002, 0x0002, 0x0002,
  0x0086, 0x008A, 0x0002, 0x0002, 0x0002, 0x0002, 0x0002, 0x0002, 0x0002, 0x0002,
  0x0002, 0x0002, 0x0002, 0x0002, 0x0002, 0x0002, 0x0002, 0x0002, 0x0002, 0x0002,
  0x0002, 0x0002, 0x0002, 0x0002, 0x0002, 0x0002, 0x0002, 0x0002, 0x0002, 0x0002,
  0x0002, 0x0002, 0x0002, 0x0002, 0x0002, 0x0002, 0x0002, 0x0002, 0x0002, 0x0002,
  0x0002, 0x0002, 0x0002, 0x1C02, 0x0002, 0x0002, 0x0002, 0x0002, 0x0002, 0x0002,
  0x1C02, 0x1C02, 0x0002, 0x1C02, 0x7C02, 0x0002, 0x0016, 0x0002, 0x0002, 0x0002,
  0x0002, 0x0002, 0x0002, 0x0002, 0x0002, 0x0002, 0x0002, 0x0002, 0x0002, 0x0002,
  0x0002, 0x0002, 0x0002, 0x0002, 0x0002, 0x0002, 0x0002, 0x0002, 0x0002, 0x0002,
  0x0002, 0x0002, 0x0002, 0x0002, 0x0002, 0x0002, 0x0002, 0x0002, 0x0002, 0x0002,
  0x0002, 0x0002, 0x0002, 0x0002, 0x0002, 0x0002, 0x0002, 0x0002, 0x0002, 0x0002,
  0x0002, 0x0002, 0x0002, 0x0002, 0x0002, 0x0002, 0x0002, 0x0002, 0x0002, 0x0002,
  0x0002, 0x0002, 0x0002, 0x0002, 0x0002, 0x0002, 0x0016, 0x0016, 0x0002, 0x0002,
  0x0002, 0x0002, 0x0002, 0x0002, 0x0002, 0x0002, 0x0002, 0x0002, 0x0002, 0x0002,
  0x0002, 0x0002, 0x0002, 0x0002, 0x0002, 0x0002, 0x0002, 0x0002, 0x0002, 0x0002,
  0x0002, 0x0002, 0x0002, 0x0002, 0x0002, 0x0002, 0x0002, 0x0002, 0x0002, 0x0002,
  0x0002, 0x0002, 0x0002, 0x0002, 0x0002, 0x0002, 0x0002, 0x0002, 0x0002, 0x0002,
  0x0002, 0x0002, 0x0002, 0x0002, 0x0002, 0x0002, 0x0002, 0x0002, 0x0002, 0x0002,
  0x0002, 0x0002, 0x0002, 0x0002, 0x0002, 0x0002, 0x0002, 0x0002, 0x0002, 0x0002,
  0x0002, 0x0002, 0x0016, 0x0002, 0x0002, 0x0002, 0x0002, 0x0002, 0x0002, 0x0002,
  0x0002, 0x0002, 0x0002, 0x0002, 0x0002, 0x0002, 0x0002, 0x0002, 0x1C16, 0x0002,
  0x1C02, 0x7C16, 0x1C02, 0x0002, 0x0002, 0x0002, 0x0002, 0x0002, 0x0002, 0x0002,
  0x0002, 0x0002, 0x0002, 0x0002, 0x0002, 0x0002, 0x0002, 0x0002, 0x0002, 0x0002,
  0x0002, 0x0002, 0x0002, 0x0002, 0x0002, 0x0002, 0x0002, 0x0002, 0x0002, 0x0002,
  0x0002, 0x0002, 0x0002, 0x0002, 0x0002, 0x0002, 0x0002, 0x0002, 0x0002, 0x0002,
  0x0002, 0x0002, 0x0002, 0x0002, 0x0002, 0x0002, 0x0002, 0x0002, 0x0002, 0x0002,
  0x0002, 0x0002, 0x0002, 0x0002, 0x0002, 0x0002, 0x0002, 0x0002, 0x0002, 0x008E,
  0x008E, 0x0016, 0x0002, 0x0002, 0x0002, 0x0002, 0x0002, 0x0002, 0x0002, 0x0002,
  0x0092, 0x0092, 0x0092, 0x0092, 0x0002, 0x0002, 0x0002, 0x0002, 0x0002, 0x0002,
  0x0002, 0x0002, 0x0002, 0x0002, 0x0002, 0x0002, 0x0002, 0x0002, 0x0002, 0x0002,
  0x0002, 0x0002, 0x0002, 0x0002, 0x0002, 0x0002, 0x0002, 0x0002, 0x0002, 0x0002,
  0x0002, 0x0002, 0x0002, 0x0002, 0x0002, 0x0002, 0x0002, 0x0002, 0x0002, 0x0002,
  0x0002, 0x0002, 0x0002, 0x0002, 0x0002, 0x0002, 0x0002, 0x0002, 0x0002, 0x0002,
  0x0002, 0x0002, 0x0002, 0x0002, 0x0002, 0x0002, 0x0002, 0x0002, 0x0002, 0x0002,
  0x0096, 0x0096, 0x0016, 0x0002, 0x0002, 0x0002, 0x0002, 0x0002, 0x0002, 0x0002,
  0x0002, 0x009A, 0x009A, 0x009A, 0x009A, 0x0002, 0x0002, 0x0002, 0x0002, 0x0002,
  0x0002, 0x0002, 0x0002, 0x0002, 0x0002, 0x0002, 0x0002, 0x0002, 0x0002, 0x0002,
  0x0002, 0x0002, 0x0002, 0x0002, 0x0002, 0x0002, 0x0002, 0x0002, 0x0002, 0x0002,
  0x0002, 0x0002, 0x0002, 0x0002, 0x0002, 0x0002, 0x0002, 0x0002, 0x0002, 0x0002,
  0x0002, 0x0002, 0x0002, 0x0002, 0x0002, 0x0002, 0x0002, 0x0002, 0x0002, 0x0002,
  0x0002, 0x0002, 0x0002, 0x0002, 0x0002, 0x0002, 0x0002, 0x00BA, 0x00BA, 0x0002,
  0x0002, 0x0002, 0x0002, 0x0002, 0x0002, 0x0002, 0x0002, 0x0002, 0x0002, 0x0002,
  0x0002, 0x0002, 0x0002, 0x0002, 0x0002, 0x0002, 0x0002, 0x0002, 0x0002, 0x0002,
  0x0002, 0x0002, 0x0002, 0x0002, 0x0002, 0x0002, 0x00BA, 0x0002, 0x00BA, 0x0002,
  0x00B2, 0x0002, 0x0002, 0x0002, 0x0002, 0x0002, 0x0002, 0x1C02, 0x0002, 0x0002,
  0x0002, 0x0002, 0x0002, 0x0002, 0x0002, 0x0002, 0x0002, 0x1C02, 0x0002, 0x0002,
  0x0002, 0x0002, 0x1C02, 0x0002, 0x0002, 0x0002, 0x0002, 0x1C02, 0x0002, 0x0002,
  0x0002, 0x0002, 0x1C02, 0x0002, 0x0002, 0x0002, 0x0002, 0x0002, 0x0002, 0x0002,
  0x0002, 0x0002, 0x0002, 0x0002, 0x0002, 0x1C02, 0x0002, 0x0002, 0x0002, 0x0002,
  0x0002, 0x0002, 0x0002, 0x009E, 0x00A2, 0x7CA2, 0x00A6, 0x7CA6, 0x1CA2, 0x0002,
  0x1CA2, 0x0002, 0x00A2, 0x00A2, 0x00A2, 0x00A2, 0x0002, 0x0002, 0x00A2, 0x7CA2,
  0x00CE, 0x00CE, 0x0016, 0x0002, 0x00CE, 0x00CE, 0x0002, 0x0002, 0x0002, 0x0002,
  0x0002, 0x0002, 0x0002, 0x0002, 0x0002, 0x0002, 0x0002, 0x1C02, 0x0002, 0x0002,
  0x0002, 0x0002, 0x0002, 0x0002, 0x0002, 0x0002, 0x0002, 0x1C02, 0x0002, 0x0002,
  0x0002, 0x0002, 0x1C02, 0x0002, 0x0002, 0x0002, 0x0002, 0x1C02, 0x0002, 0x0002,
  0x0002, 0x0002, 0x1C02, 0x0002, 0x0002, 0x0002, 0x0002, 0x0002, 0x0002, 0x0002,
  0x0002, 0x0002, 0x0002, 0x0002, 0x0002, 0x1C02, 0x0002, 0x0002, 0x0002, 0x0002,
  0x0002, 0x0002, 0x00BA, 0x0002, 0x0002, 0x0002, 0x0002, 0x0002, 0x0002, 0x0002,
  0x0002, 0x0002, 0x0002, 0x0002, 0x0002, 0x0002, 0x0002, 0x0002, 0x0002, 0x0002,
  0x0002, 0x0002, 0x0002, 0x0002, 0x0002, 0x0002, 0x0002, 0x0002, 0x0002, 0x0002,
  0x0002, 0x0002, 0x0002, 0x0002, 0x0002, 0x0002, 0x0002, 0x0002, 0x0002, 0x0002,
  0x0002, 0x0002, 0x0002, 0x0002, 0x0002, 0x0002, 0x0002, 0x0002, 0x0002, 0x0002,
  0x0002, 0x0002, 0x0002, 0x0002, 0x0002, 0x0002, 0x0002, 0x0002, 0x0002, 0x0002,
  0x1C02, 0x0002, 0x0002, 0x0002, 0x0002, 0x0002, 0x0002, 0x0002, 0x0002, 0x0002,
  0x0002, 0x0002, 0x0002, 0x0002, 0x0002, 0x0002, 0x0002, 0x000E, 0x0002, 0x0016,
  0x0016, 0x0002, 0x0002, 0x0002, 0x0002, 0x0002, 0x0002, 0x0002, 0x0002, 0x0002,
  0x0002, 0x0002, 0x0002, 0x0002, 0x00BA, 0x0002, 0x0002, 0x0002, 0x0002, 0x0002,
  0x0002, 0x0002, 0x0002, 0x0002, 0x0002, 0x0002, 0x0002, 0x0002, 0x0002, 0x0002,
  0x0002, 0x0002, 0x0002, 0x0002, 0x0002, 0x0002, 0x0002, 0x0002, 0x0002, 0x0002,
  0x0002, 0x0002, 0x0002, 0x0002, 0x0002, 0x0002, 0x0002, 0x0002, 0x0002, 0x0002,
  0x0002, 0x0002, 0x0002, 0x0002, 0x0002, 0x0002, 0x0002, 0x0002, 0x0002, 0x0002,
  0x0002, 0x0002, 0x0002, 0x0002, 0x0002, 0x00CE, 0x00CE, 0x00CE, 0x0002, 0x0002,
  0x0002, 0x0002, 0x0002, 0x0002, 0x0002, 0x0002, 0x0002, 0x0002, 0x0002, 0x0002,
  0x0002, 0x0002, 0x0002, 0x0002, 0x0002, 0x0002, 0x0002, 0x0002, 0x0002, 0x0002,
  0x0002, 0x0002, 0x0002, 0x0002, 0x0002, 0x0002, 0x0002, 0x0002, 0x0002, 0x0002,
  0x0016, 0x0016, 0x0002, 0x0002, 0x0002, 0x0002, 0x0002, 0x0002, 0x0002, 0x0002,
  0x0002, 0x0002, 0x0002, 0x0002, 0x0002, 0x0002, 0x0002, 0x0002, 0x0002, 0x0002,
  0x0002, 0x0002, 0x0002, 0x0002, 0x0002, 0x0002, 0x0002, 0x0002, 0x0002, 0x0002,
  0x0002, 0x0002, 0x0016, 0x0002, 0x0002, 0x0002, 0x0002, 0x0002, 0x0002, 0x0002,
  0x0002, 0x0002, 0x0002, 0x0002, 0x0002, 0x0002, 0x0002, 0x0002, 0x0002, 0x0002,
  0x0002, 0x0016, 0x0002, 0x0002, 0x0002, 0x0002, 0x0002, 0x0002, 0x0002, 0x0002,
  0x0002, 0x0002, 0x00CE, 0x0002, 0x0002, 0x0002, 0x0002, 0x0002, 0x0002, 0x0002,
  0x0002, 0x0002, 0x0002, 0x0002, 0x0002, 0x0002, 0x0002, 0x0002, 0x0002, 0x0002,
  0x0002, 0x0002, 0x0002, 0x0002, 0x0002, 0x0002, 0x0002, 0x0002, 0x0002, 0x0002,
  0x0002, 0x0002, 0x0002, 0x0002, 0x0002, 0x0002, 0x0002, 0x0002, 0x0002, 0x0002,
  0x0002, 0x0002, 0x0002, 0x0002, 0x00CA, 0x0002, 0x0002, 0x0002, 0x0002, 0x0002,
  0x0002, 0x0002, 0x0002, 0x0002, 0x0002, 0x0002, 0x0002, 0x0002, 0x0002, 0x0002,
  0x0002, 0x0002, 0x0002, 0x0002, 0x0002, 0x0002, 0x0002, 0x0002, 0x0002, 0x0002,
  0x0002, 0x0002, 0x0002, 0x0002, 0x0002, 0x0002, 0x0002, 0x0002, 0x0002, 0x0002,
  0x0002, 0x0002, 0x0002, 0x0002, 0x0002, 0x0002, 0x0002, 0x0002, 0x0002, 0x0002,
  0x0002, 0x0002, 0x0002, 0x0002, 0x0002, 0x0002, 0x0002, 0x0002, 0x0002, 0x0002,
  0x0002, 0x0002, 0x00BE, 0x00CE, 0x00BA, 0x0002, 0x0002, 0x0002, 0x0002, 0x0002,
  0x0002, 0x0002, 0x0002, 0x0002, 0x0002, 0x0002, 0x0002, 0x0002, 0x0002, 0x0002,
  0x0002, 0x0002, 0x0002, 0x0002, 0x0002, 0x0002, 0x0002, 0x0002, 0x00CE, 0x00BA,
  0x0002, 0x0002, 0x0002, 0x0002, 0x0002, 0x0002, 0x0002, 0x0002, 0x0002, 0x0002,
  0x0002, 0x0002, 0x0002, 0x0002, 0x0002, 0x0002, 0x0002, 0x0002, 0x0002, 0x0002,
  0x0002, 0x0002, 0x0002, 0x0002, 0x0002, 0x0002, 0x0002, 0x0002, 0x0002, 0x0002,
  0x0002, 0x0002, 0x0002, 0x0002, 0x0002, 0x0002, 0x0002, 0x0002, 0x0002, 0x0016,
  0x0002, 0x0002, 0x0002, 0x0002, 0x0002, 0x0002, 0x0002, 0x0002, 0x0002, 0x0002,
  0x0002, 0x0002, 0x0002, 0x0002, 0x0002, 0x0002, 0x0002, 0x0002, 0x0002, 0x0002,
  0x00CE, 0x00CE, 0x00CE, 0x00CE, 0x00CE, 0x00CE, 0x00CE, 0x00CE, 0x0002, 0x0002,
  0x00BA, 0x0002, 0x0002, 0x0002, 0x0002, 0x0002, 0x0002, 0x0002, 0x0002, 0x0002,
  0x0002, 0x0002, 0x0002, 0x0002, 0x0002, 0x0002, 0x0002, 0x0002, 0x0002, 0x0002,
  0x0002, 0x0002, 0x0002, 0x0002, 0x0002, 0x0002, 0x0002, 0x0002, 0x0002, 0x0002,
  0x0002, 0x0002, 0x0002, 0x0002, 0x0002, 0x0002, 0x0002, 0x0002, 0x0002, 0x0002,
  0x0002, 0x0002, 0x0002, 0x0002, 0x0002, 0x0002, 0x0002, 0x0002, 0x0002, 0x00CE,
  0x00CE, 0x00CE, 0x00CE, 0x00CE, 0x00BA, 0x00BA, 0x00BA, 0x00BA, 0x00BA, 0x00BA,
  0x00CE, 0x00CE, 0x00BA, 0x0002, 0x00BA, 0x00CE, 0x00CE, 0x00BA, 0x00BA, 0x00CE,
  0x00CE, 0x00CE, 0x00CE, 0x00CE, 0x00BA, 0x00CE, 0x00CE, 0x00CE, 0x00CE, 0x00CE,
  0x00CE, 0x00CE, 0x00CE, 0x00CE, 0x00CE, 0x00CE, 0x00CE, 0x00CE, 0x00CE, 0x00CE,
  0x00CE, 0x00CE, 0x00CE, 0x00BA, 0x0002, 0x0002, 0x00CE, 0x00CE, 0x00CE, 0x00CE,
  0x00CE, 0x00CE, 0x00BA, 0x00CE, 0x00CE, 0x00CE, 0x00CE, 0x00DA, 0x0002, 0x0002,
  0x0002, 0x0002, 0x0002, 0x0002, 0x0002, 0x0002, 0x0002, 0x0002, 0x0002, 0x0002,
  0x0002, 0x0002, 0x0002, 0x0002, 0x0002, 0x0002, 0x0002, 0x0002, 0x1C02, 0x0002,
  0x1C02, 0x0002, 0x1C02, 0x0002, 0x1C02, 0x0002, 0x1C02, 0x0002, 0x0002, 0x0002,
  0x1C02, 0x0002, 0x0002, 0x0002, 0x0002, 0x0002, 0x0002, 0x0002, 0x0002, 0x0002,
  0x0002, 0x0002, 0x0002, 0x0002, 0x0002, 0x0002, 0x0002, 0x0002, 0x0002, 0x0002,
  0x0002, 0x0002, 0x0002, 0x0002, 0x0002, 0x0002, 0x0002, 0x0002, 0x0002, 0x0002,
  0x0002, 0x0002, 0x0002, 0x0002, 0x000E, 0x0002, 0x0002, 0x0002, 0x0002, 0x0002,
  0x0002, 0x1C02, 0x0002, 0x1C02, 0x0002, 0x0002, 0x1C02, 0x1C02, 0x0002, 0x1C02,
  0x0016, 0x0002, 0x0002, 0x0002, 0x0002, 0x0002, 0x0002, 0x0002, 0x0002, 0x0002,
  0x0002, 0x0002, 0x0002, 0x0002, 0x0002, 0x0002, 0x0002, 0x0002, 0x0002, 0x0002,
  0x0002, 0x0002, 0x0002, 0x0002, 0x0002, 0x0002, 0x0002, 0x0002, 0x0002, 0x0002,
  0x0002, 0x0002, 0x0002, 0x0002, 0x0002, 0x0002, 0x0002, 0x0002, 0x0002, 0x00CE,
  0x00BA, 0x00CE, 0x00CE, 0x00CE, 0x00CE, 0x00CE, 0x00CE, 0x00CE, 0x0002, 0x0002,
  0x0002, 0x0002, 0x0002, 0x0002, 0x0002, 0x0002, 0x0002, 0x0002, 0x0002, 0x0002,
  0x0002, 0x0002, 0x0002, 0x0002, 0x0002, 0x0002, 0x0002, 0x0002, 0x0002, 0x0002,
  0x0002, 0x0002, 0x0002, 0x0002, 0x0002, 0x0002, 0x0002, 0x0002, 0x0002, 0x0002,
  0x0002, 0x0002, 0x0002, 0x0002, 0x0002, 0x0002, 0x000E, 0x0002, 0x0002, 0x0002,
  0x0002, 0x0002, 0x0002, 0x0002, 0x0002, 0x0002, 0x0002, 0x0002, 0x0016, 0x0016,
  0x0002, 0x0002, 0x0002, 0x0002, 0x0002, 0x0002, 0x0002, 0x0002, 0x0002, 0x0002,
  0x0002, 0x0002, 0x0002, 0x0002, 0x0002, 0x0002, 0x00CE, 0x00CE, 0x00CE, 0x0002,
  0x0006, 0x00BA, 0x00BA, 0x00BA, 0x00BA, 0x00BA, 0x00CE, 0x00CE, 0x00BA, 0x00BA,
  0x00BA, 0x00BA, 0x00CE, 0x0002, 0x0006, 0x0006, 0x0006, 0x0006, 0x0006, 0x0006,
  0x0006, 0x0002, 0x0002, 0x0002, 0x0002, 0x00BA, 0x0002, 0x0002, 0x0002, 0x0002,
  0x0002, 0x0002, 0x00CE, 0x0002, 0x0002, 0x0002, 0x00CE, 0x00CE, 0x0002, 0x0002,
  0x0002, 0x0002, 0x0002, 0x0002, 0x00CE, 0x00CE, 0x00BA, 0x00CE, 0x00CE, 0x00CE,
  0x00CE, 0x00CE, 0x00CE, 0x00CE, 0x00BA, 0x00CE, 0x00CE, 0x00DA, 0x00AE, 0x00BA,
  0x00AA, 0x00CE, 0x00CE, 0x00CE, 0x00CE, 0x00CE, 0x00CE, 0x00CE, 0x00CE, 0x00CE,
  0x00CE, 0x00CE, 0x00CE, 0x00CE, 0x00CE, 0x00CE, 0x00CE, 0x00CE, 0x00CE, 0x00CE,
  0x00CE, 0x00CE, 0x00CE, 0x00CE, 0x00CE, 0x00CE, 0x00CE, 0x00CE, 0x00CE, 0x00CE,
  0x00CE, 0x00CE, 0x00CE, 0x00CE, 0x00CE, 0x00CE, 0x00CE, 0x00CE, 0x00D2, 0x00CA,
  0x00CA, 0x00BA, 0x00B6, 0x00CE, 0x00D6, 0x00BA, 0x00CE, 0x00BA, 0x04BA, 0x04BA,
  0x04CE, 0x04CE, 0x04BA, 0x04BA, 0x04BA, 0x04BA, 0x14CE, 0x14CE, 0x04CE, 0x04CE,
  0x04BA, 0x04BA, 0x04BA, 0x04BA, 0x04AA, 0x04AA, 0x04BA, 0x04BA, 0x14CE, 0x14CE,
  0x14CE, 0x14CE, 0x04BA, 0x04BA, 0x04BA, 0x04BA, 0x14CE, 0x14CE, 0x04CE, 0x04CE,
  0x04CE, 0x04CE, 0x04CE, 0x04CE, 0x04BA, 0x04BA, 0x04CE, 0x04CE, 0x04AA, 0x04AA,
  0x04BA, 0x04BA, 0x04BA, 0x04BA, 0x14CE, 0x14CE, 0x04CE, 0x04CE, 0x04BA, 0x04BA,
  0x04BA, 0x04BA, 0x04BA, 0x04BA, 0x14CE, 0x14CE, 0x04BA, 0x04BA, 0x04BA, 0x04BA,
  0x04CE, 0x04CE, 0x04BA, 0x04BA, 0x04CE, 0x04CE, 0x04BA, 0x04BA, 0x04BA, 0x04BA,
  0x04BA, 0x04BA, 0x14CE, 0x14CE, 0x14CE, 0x14CE, 0x14CE, 0x14CE, 0x14CE, 0x14CE,
  0x04CE, 0x04CE, 0x04CE, 0x04CE, 0x04CE, 0x04CE, 0x04BA, 0x04BA, 0x14CE, 0x14CE,
  0x04BA, 0x04BA, 0x04CE, 0x04CE, 0x04BA, 0x04BA, 0x14CE, 0x14CE, 0x14CE, 0x14CE,
  0x14CE, 0x14CE, 0x04CE, 0x04CE, 0x04BA, 0x04BA, 0x04BA, 0x04BA, 0x04BA, 0x04BA,
  0x04BA, 0x04BA, 0x04BA, 0x04BA, 0x04BA, 0x04BA, 0x14CE, 0x14CE, 0x14CE, 0x14CE,
  0x04CE, 0x04CE, 0x04BA, 0x04BA, 0x04CE, 0x04CE, 0x04CE, 0x04CE, 0x04CE, 0x04CE,
  0x04CE, 0x04CE, 0x04BA, 0x04BA, 0x04CE, 0x04CE, 0x04CE, 0x04CE, 0x04CE, 0x04CE,
  0x04CE, 0x04CE, 0x04BA, 0x04BA, 0x04BA, 0x04BA, 0x04BA, 0x04CE, 0x04CE, 0x04CE,
  0x0002, 0x0CCE, 0x0002, 0x0002, 0x0002, 0x0002, 0x04BA, 0x04BA, 0x04CE, 0x04CE,
  0x14CE, 0x14CE, 0x14CE, 0x14CE, 0x14CE, 0x14CE, 0x14CE, 0x14CE, 0x14CE, 0x14CE,
  0x14CE, 0x14CE, 0x14CE, 0x14CE, 0x14CE, 0x14CE, 0x14CE, 0x14CE, 0x14CE, 0x14CE,
  0x04BA, 0x04BA, 0x04CE, 0x04CE, 0x04CE, 0x04CE, 0x14CE, 0x14CE, 0x14CE, 0x14CE,
  0x14CE, 0x14CE, 0x14CE, 0x14CE, 0x04CE, 0x04CE, 0x04BA, 0x04BA, 0x04BA, 0x04BA,
  0x04CE, 0x04CE, 0x14CE, 0x14CE, 0x14CE, 0x14CE, 0x14CE, 0x14CE, 0x14CE, 0x14CE,
  0x14CE, 0x14CE, 0x14CE, 0x14CE, 0x14CE, 0x14CE, 0x14CE, 0x14CE, 0x14CE, 0x14CE,
  0x14BA, 0x14BA, 0x04BA, 0x04BA, 0x04CE, 0x04CE, 0x14CE, 0x14CE, 0x14CE, 0x14CE,
  0x14CE, 0x14CE, 0x14CE, 0x14CE, 0x14BA, 0x14BA, 0x04CE, 0x04CE, 0x04BA, 0x04BA,
  0x04CE, 0x04CE, 0x04CE, 0x04CE, 0x0002, 0x0002, 0x0002, 0x0002, 0x0002, 0x0002,
  0x0CCE, 0x0CCE, 0x1CCE, 0x1CCE, 0x1CCE, 0x1CCE, 0x1CCE, 0x1CCE, 0x0CCE, 0x0CCE,
  0x1CCE, 0x1CCE, 0x1CCE, 0x1CCE, 0x1CCE, 0x1CCE, 0x0CCE, 0x0CCE, 0x1CCE, 0x1CCE,
  0x1CCE, 0x1CCE, 0x0002, 0x0002, 0x0CCE, 0x0CCE, 0x1CCE, 0x1CCE, 0x1CCE, 0x1CCE,
  0x0002, 0x0002, 0x0CCE, 0x0CCE, 0x1CCE, 0x1CCE, 0x1CCE, 0x1CCE, 0x1CCE, 0x1CCE,
  0x0CCE, 0x0CCE, 0x1CCE, 0x1CCE, 0x1CCE, 0x1CCE, 0x1CCE, 0x1CCE, 0x0CCE, 0x0CCE,
  0x1CCE, 0x1CCE, 0x1CCE, 0x1CCE, 0x1CCE, 0x1CCE, 0x0CCE, 0x0CCE, 0x1CCE, 0x1CCE,
  0x1CCE, 0x1CCE, 0x1CCE, 0x1CCE, 0x0CCE, 0x0CCE, 0x1CCE, 0x1CCE, 0x1CCE, 0x1CCE,
  0x0002, 0x0002, 0x0CCE, 0x0CCE, 0x1CCE, 0x1CCE, 0x1CCE, 0x1CCE, 0x0002, 0x0002,
  0x0CCE, 0x0CCE, 0x1CCE, 0x1CCE, 0x1CCE, 0x1CCE, 0x1CCE, 0x1CCE, 0x0002, 0x0CCE,
  0x0002, 0x1CCE, 0x0002, 0x1CCE, 0x0002, 0x1CCE, 0x0CCE, 0x0CCE, 0x1CCE, 0x1CCE,
  0x1CCE, 0x1CCE, 0x1CCE, 0x1CCE, 0x0CCE, 0x0CCE, 0x1CCE, 0x1CCE, 0x1CCE, 0x1CCE,
  0x1CCE, 0x1CCE, 0x0CCE, 0x0CCE, 0x0CCE, 0x0CCE, 0x0CCE, 0x0CCE, 0x0CCE, 0x0CCE,
  0x0CCE, 0x0CCE, 0x0CCE, 0x0CCE, 0x0CCE, 0x0CCE, 0x0002, 0x0002, 0x1CDE, 0x1CDE,
  0x2CDE, 0x2CDE, 0x2CDE, 0x2CDE, 0x2CDE, 0x2CDE, 0x1CDE, 0x1CDE, 0x2CDE, 0x2CDE,
  0x2CDE, 0x2CDE, 0x2CDE, 0x2CDE, 0x1CDE, 0x1CDE, 0x2CDE, 0x2CDE, 0x2CDE, 0x2CDE,
  0x2CDE, 0x2CDE, 0x1CDE, 0x1CDE, 0x2CDE, 0x2CDE, 0x2CDE, 0x2CDE, 0x2CDE, 0x2CDE,
  0x1CDE, 0x1CDE, 0x2CDE, 0x2CDE, 0x2CDE, 0x2CDE, 0x2CDE, 0x2CDE, 0x1CDE, 0x1CDE,
  0x2CDE, 0x2CDE, 0x2CDE, 0x2CDE, 0x2CDE, 0x2CDE, 0x0CCE, 0x0CCE, 0x1CDE, 0x0CDE,
  0x1CDE, 0x0002, 0x0CCE, 0x1CDE, 0x0CCE, 0x0CCE, 0x0CCE, 0x0CCE, 0x0CDE, 0x0002,
  0xFC02, 0x0002, 0x0CCE, 0x1CDE, 0x0CDE, 0x1CDE, 0x0002, 0x0CCE, 0x1CDE, 0x0CCE,
  0x0CCE, 0x0CCE, 0x0CCE, 0x0CDE, 0x14CE, 0x14CE, 0x14CE, 0x0CCE, 0x0CCE, 0x1CCE,
  0x1CCE, 0x0002, 0x0002, 0x0CCE, 0x1CCE, 0x0CCE, 0x0CCE, 0x0CCE, 0x0CCE, 0x0002,
  0x14CE, 0x14CE, 0x14CE, 0x0CCE, 0x0CCE, 0x1CCE, 0x1CCE, 0x0CCE, 0x0CCE, 0x0CCE,
  0x1CCE, 0x0CCE, 0x0CCE, 0x0CCE, 0x0CCE, 0x0CCE, 0x0CCE, 0x0CCE, 0xF402, 0x0002,
  0x0002, 0x1CDE, 0x0CDE, 0x1CDE, 0x0002, 0x0CCE, 0x1CDE, 0x0CCE, 0x0CCE, 0x0CCE,
  0x0CCE, 0x0CDE, 0xFC02, 0x0002, 0x0002, 0x0402, 0x0402, 0x0002, 0x0002, 0x0002,
  0x0002, 0x0002, 0x0002, 0x0002, 0x0002, 0x0002, 0x0002, 0x0002, 0x0002, 0x0002,
  0x0002, 0x0002, 0x0002, 0x0002, 0x0002, 0x0002, 0x0002, 0x0002, 0x0002, 0x0002,
  0x0002, 0x0002, 0x0002, 0x0002, 0x0002, 0x0002, 0x0002, 0x0002, 0x0002, 0x0002,
  0x0002, 0x0002, 0x0002, 0x0002, 0x0002, 0x0002, 0x0002, 0x0002, 0x0002, 0x0002,
  0x0002, 0x0002, 0x0002, 0x0002, 0x0002, 0x0002, 0x0002, 0x0002, 0x0002, 0x0002,
  0x0002, 0x0002, 0x0002, 0x0002, 0x0002, 0x0002, 0x0002, 0x0002, 0x0002, 0x00CE,
  0x00CE, 0x0006, 0x0006, 0x00CE, 0x00CE, 0x00CE, 0x00CE, 0x0006, 0x0006, 0x0006,
  0x00CE, 0x00CE, 0x0002, 0x0002, 0x0002, 0x0002, 0x00CE, 0x0002, 0x0002, 0x0002,
  0x0006, 0x0006, 0x00CE, 0x00BA, 0x00CE, 0x0006, 0x0006, 0x00BA, 0x00BA, 0x00BA,
  0x00BA, 0x00CE, 0x0002, 0x0002, 0x0002, 0x0002, 0x0002, 0x0002, 0x0002, 0x0002,
  0x0002, 0x0002, 0x0002, 0x0002, 0x0002, 0x0002, 0x0002, 0x0002, 0x0002, 0x0002,
  0x0002, 0x0002, 0x0002, 0x0002, 0x0002, 0x0002, 0x0002, 0x0002, 0x0002, 0x0002,
  0x0002, 0x0002, 0x0002, 0x0002, 0x0002, 0x0002, 0x0002, 0x0002, 0x0002, 0x0002,
  0xFC02, 0x0002, 0x0002, 0x0002, 0xF402, 0x04CE, 0x0002, 0x0002, 0x0002, 0x0002,
  0x0002, 0x0002, 0x0002, 0x0002, 0x0002, 0x0002, 0x0002, 0x0002, 0x0002, 0x0002,
  0x0002, 0x0002, 0x0002, 0x0002, 0x0002, 0x0002, 0x0002, 0x0002, 0x0002, 0x0002,
  0x0002, 0x0002, 0x1406, 0x1406, 0x0002, 0x0002, 0x0002, 0x0002, 0x0002, 0x0002,
  0x0002, 0x0002, 0x0002, 0x0002, 0x0002, 0x0002, 0x0002, 0x0002, 0x0002, 0x0002,
  0x0002, 0x0002, 0x1406, 0x0002, 0x0002, 0x0002, 0x0002, 0x0002, 0x0002, 0x0002,
  0x0002, 0x0002, 0x0002, 0x0002, 0x0002, 0x0002, 0x0002, 0x0002, 0x0002, 0x0002,
  0x1406, 0x1406, 0x1406, 0x0002, 0x0002, 0x0002, 0x0002, 0x0002, 0x0002, 0x0002,
  0x0002, 0x0002, 0x0002, 0x0002, 0x0002, 0x0002, 0x0002, 0x0002, 0x0002, 0x0002,
  0x0002, 0x0002, 0x0002, 0x0002, 0x0002, 0x0002, 0x0002, 0x0002, 0x0002, 0x0002,
  0x0002, 0x0002, 0x0002, 0x0002, 0x0002, 0x0002, 0x0002, 0x0002, 0x0002, 0x0002,
  0x0002, 0x0002, 0x0002, 0x0002, 0x0002, 0x0002, 0x0002, 0x0002, 0x0002, 0x0002,
  0x0002, 0x1406, 0x0002, 0x0002, 0x0002, 0x0002, 0x1406, 0x0002, 0x0002, 0x1406,
  0x0002, 0x0002, 0x0002, 0x0002, 0x0002, 0x0002, 0x0002, 0x0002, 0x0002, 0x0002,
  0x0002, 0x0002, 0x0002, 0x0002, 0x0002, 0x0002, 0x0002, 0x0002, 0x0002, 0x0002,
  0x0002, 0x0002, 0x0002, 0x1406, 0x0002, 0x1406, 0x0002, 0x0002, 0x0002, 0x0002,
  0x0002, 0x0002, 0x0002, 0x0002, 0x0002, 0x0002, 0x0002, 0x0002, 0x0002, 0x0002,
  0x0002, 0x0002, 0x0002, 0x0002, 0x0002, 0x0002, 0x0002, 0x0002, 0x0002, 0x0002,
  0x0002, 0x1406, 0x0002, 0x0002, 0x1406, 0x0002, 0x0002, 0x1406, 0x0002, 0x1406,
  0x0002, 0x0002, 0x0002, 0x0002, 0x0002, 0x0002, 0x0002, 0x0002, 0x0002, 0x0002,
  0x0002, 0x0002, 0x0002, 0x0002, 0x0002, 0x0002, 0x0002, 0x0002, 0x0002, 0x0002,
  0x0002, 0x0002, 0x0406, 0x0002, 0x1406, 0x0002, 0x0002, 0x0002, 0x0002, 0x0002,
  0x0002, 0x0002, 0x0002, 0x0002, 0x0002, 0x1406, 0x0406, 0x0406, 0x1406, 0x1406,
  0x0002, 0x0002, 0x1406, 0x1406, 0x0002, 0x0002, 0x1406, 0x1406, 0x0002, 0x0002,
  0x0002, 0x0002, 0x0002, 0x0002, 0x0002, 0x0002, 0x0002, 0x0002, 0x0002, 0x0002,
  0x0002, 0x0002, 0x0002, 0x0002, 0x0002, 0x0002, 0x0002, 0x0002, 0x0002, 0x0002,
  0x0002, 0x0002, 0x0002, 0x0002, 0x0002, 0x0002, 0x0002, 0x0002, 0x0002, 0x0002,
  0x0002, 0x0002, 0x1406, 0x1406, 0x1406, 0x1406, 0x0002, 0x0002, 0x0002, 0x0002,
  0x0002, 0x0002, 0x0002, 0x0002, 0x0002, 0x0002, 0x0002, 0x0002, 0x0002, 0x0002,
  0x0002, 0x0002, 0x0002, 0x0002, 0x0002, 0x0002, 0x0002, 0x0002, 0x0002, 0x0002,
  0x0002, 0x0002, 0x0002, 0x0002, 0x0002, 0x0002, 0x0002, 0x0002, 0x1406, 0x1406,
  0x1406, 0x1406, 0x0002, 0x0002, 0x0002, 0x0002, 0x0002, 0x0002, 0x1406, 0x1406,
  0x1406, 0x1406, 0x0002, 0x0002, 0x0002, 0x0002, 0x0002, 0x0002, 0x0002, 0x0002,
  0x0002, 0x0002, 0x0002, 0x0002, 0x0002, 0x0002, 0x0002, 0x0002, 0x0002, 0x0002,
  0x0002, 0x0002, 0x0002, 0x0002, 0x0002, 0x0002, 0x0002, 0x0002, 0x0002, 0x0002,
  0x0002, 0x0002, 0x0002, 0x0002, 0x0002, 0x0002, 0x0002, 0x0002, 0x0002, 0x0002,
  0x0002, 0x0002, 0x0002, 0x0402, 0x0402, 0x0002, 0x0002, 0x0002, 0x0002, 0x0002,
  0x0002, 0x0002, 0x0002, 0x0002, 0x0002, 0x0002, 0x0002, 0x0002, 0x0002, 0x0002,
  0x0002, 0x0002, 0x0002, 0x0002, 0x0002, 0x0002, 0x0002, 0x0002, 0x0002, 0x0002,
  0x0002, 0x0002, 0x0002, 0x1406, 0x0002, 0x0002, 0x0002, 0x0002, 0x0002, 0x0002,
  0x0002, 0x0002, 0x0002, 0x0002, 0x0002, 0x0002, 0x0002, 0x0002, 0x0002, 0x0002,
  0x0002, 0x0002, 0x0002, 0x0002, 0x0002, 0x0002, 0x0002, 0x0002, 0x0002, 0x0002,
  0x0002, 0x0002, 0x0002, 0x0002, 0x0002, 0x0002, 0x0002, 0x0002, 0x0002, 0x00CE,
  0x00CE, 0x00CE, 0x00CE, 0x00CE, 0x00CE, 0x00CE, 0x00CE, 0x00CE, 0x00CE, 0x00CE,
  0x00CE, 0x00CE, 0x00CE, 0x00CE, 0x00CE, 0x00CE, 0x00CE, 0x00CE, 0x00CE, 0x00CE,
  0x00CE, 0x00CE, 0x00CE, 0x00CE, 0x00CE, 0x00CE, 0x00CE, 0x00CE, 0x00CE, 0x00CE,
  0x00CE, 0x0002, 0x0002, 0x0002, 0x0002, 0x0002, 0x0002, 0x0002, 0x0002, 0x0002,
  0x0002, 0x0002, 0x0002, 0x0002, 0x0002, 0x0002, 0x0002, 0x0002, 0x0002, 0x0002,
  0x0002, 0x0002, 0x0002, 0x0002, 0x0002, 0x0002, 0x0002, 0x0002, 0x0002, 0x0002,
  0x0002, 0x0002, 0x0002, 0x0002, 0x0002, 0x0002, 0x0002, 0x0002, 0x0002, 0x0002,
  0x0002, 0x0002, 0x0002, 0x00B6, 0x00CA, 0x00D2, 0x00BE, 0x00C2, 0x00C2, 0x0002,
  0x0002, 0x0002, 0x0002, 0x0002, 0x0002, 0x0002, 0x0002, 0x0002, 0x0002, 0x0002,
  0x0002, 0x0002, 0x0002, 0x0002, 0x0002, 0x1C12, 0x0002, 0x1C12, 0x0002, 0x1C12,
  0x0002, 0x1C12, 0x0002, 0x1C12, 0x0002, 0x1C12, 0x0002, 0x1C12, 0x0002, 0x1C12,
  0x0002, 0x1C12, 0x0002, 0x1C12, 0x0002, 0x1C12, 0x0002, 0x1C12, 0x0002, 0x0002,
  0x1C12, 0x0002, 0x1C12, 0x0002, 0x1C12, 0x0002, 0x0002, 0x0002, 0x0002, 0x0002,
  0x0002, 0x1C12, 0x1C12, 0x0002, 0x1C12, 0x1C12, 0x0002, 0x1C12, 0x1C12, 0x0002,
  0x1C12, 0x1C12, 0x0002, 0x1C12, 0x1C12, 0x0002, 0x0002, 0x0002, 0x0002, 0x0002,
  0x0002, 0x0002, 0x0002, 0x0002, 0x0002, 0x0002, 0x0002, 0x0002, 0x0002, 0x0002,
  0x0002, 0x0002, 0x0002, 0x0002, 0x0002, 0x1C12, 0x0002, 0x0002, 0x0002, 0x0002,
  0x0012, 0x0012, 0x0002, 0x0002, 0x0002, 0x1C12, 0x0002, 0x0002, 0x0002, 0x0002,
  0x0002, 0x0002, 0x0002, 0x0002, 0x0002, 0x0002, 0x0002, 0x0002, 0x0002, 0x1C12,
  0x0002, 0x1C12, 0x0002, 0x1C12, 0x0002, 0x1C12, 0x0002, 0x1C12, 0x0002, 0x1C12,
  0x0002, 0x1C12, 0x0002, 0x1C12, 0x0002, 0x1C12, 0x0002, 0x1C12, 0x0002, 0x0002,
  0x1C12, 0x0002, 0x1C12, 0x0002, 0x1C12, 0x0002, 0x0002, 0x0002, 0x0002, 0x0002,
  0x0002, 0x1C12, 0x1C12, 0x0002, 0x1C12, 0x1C12, 0x0002, 0x1C12, 0x1C12, 0x0002,
  0x1C12, 0x1C12, 0x0002, 0x1C12, 0x1C12, 0x0002, 0x0002, 0x0002, 0x0002, 0x0002,
  0x0002, 0x0002, 0x0002, 0x0002, 0x0002, 0x0002, 0x0002, 0x0002, 0x0002, 0x0002,
  0x0002, 0x0002, 0x0002, 0x0002, 0x0002, 0x0002, 0x0002, 0x1C12, 0x0002, 0x0002,
  0x1C12, 0x1C12, 0x1C12, 0x1C12, 0x0002, 0x0002, 0x0002, 0x1C12, 0x0002, 0x0002,
  0x0002, 0x0002, 0x0002, 0x0002, 0x0002, 0x0002, 0x0002, 0x0002, 0x0002, 0x0002,
  0x0002, 0x0002, 0x0002, 0x0002, 0x0002, 0x0002, 0x0002, 0x0002, 0x0002, 0x0002,
  0x0002, 0x0002, 0x0002, 0x0002, 0x0002, 0x0002, 0x0002, 0x0002, 0x0002, 0x0002,
  0x0002, 0x0002, 0x0002, 0x0002, 0x0002, 0x0002, 0x0002, 0x0002, 0x0002, 0x0002,
  0x0002, 0x0002, 0x0002, 0x0002, 0x0002, 0x00CE, 0x0002, 0x0002, 0x0002, 0x0002,
  0x00CE, 0x00CE, 0x00CE, 0x00CE, 0x00CE, 0x00CE, 0x00CE, 0x00CE, 0x00CE, 0x00CE,
  0x0002, 0x0002, 0x0002, 0x0002, 0x0002, 0x0002, 0x0002, 0x0002, 0x0002, 0x0002,
  0x0002, 0x0002, 0x0002, 0x0002, 0x0002, 0x0002, 0x0002, 0x0002, 0x0002, 0x0002,
  0x0002, 0x0002, 0x0002, 0x0002, 0x0002, 0x0002, 0x0002, 0x0002, 0x0002, 0x0002,
  0x00CE, 0x00CE, 0x0002, 0x0002, 0x0002, 0x0002, 0x0002, 0x0002, 0x0002, 0x0002,
  0x0002, 0x0002, 0x0002, 0x0002, 0x0002, 0x0002, 0x0002, 0x0002, 0x0002, 0x0002,
  0x0002, 0x0002, 0x0002, 0x0002, 0x0002, 0x0002, 0x0002, 0x0002, 0x0002, 0x0002,
  0x0002, 0x0002, 0x0002, 0x0002, 0x0002, 0x0002, 0x0002, 0x0002, 0x0002, 0x0002,
  0x0002, 0x0002, 0x0002, 0x0002, 0x0002, 0x0002, 0x0002, 0x0002, 0x0002, 0x0002,
  0x00CE, 0x00CE, 0x0002, 0x0002, 0x0002, 0x0002, 0x0002, 0x0002, 0x0002, 0x0002,
  0x0002, 0x0002, 0x0002, 0x0002, 0x0002, 0x0002, 0x0016, 0x0002, 0x0002, 0x0002,
  0x0002, 0x0002, 0x0002, 0x0002, 0x0002, 0x0002, 0x0002, 0x0002, 0x0002, 0x0002,
  0x0002, 0x0002, 0x0002, 0x0002, 0x0002, 0x0002, 0x0002, 0x0002, 0x0002, 0x0002,
  0x0002, 0x0002, 0x0002, 0x0002, 0x0002, 0x0002, 0x0002, 0x0002, 0x0002, 0x0002,
  0x0002, 0x0002, 0x0002, 0x0002, 0x0016, 0x0002, 0x0002, 0x0002, 0x0002, 0x0002,
  0x0002, 0x0002, 0x0002, 0x0002, 0x0002, 0x0002, 0x0002, 0x0002, 0x0002, 0x0002,
  0x0002, 0x0002, 0x0002, 0x0002, 0x0002, 0x0002, 0x0002, 0x0002, 0x0002, 0x0002,
  0x0002, 0x0002, 0x00CE, 0x00CE, 0x00CE, 0x00CE, 0x00CE, 0x00CE, 0x00CE, 0x00CE,
  0x00CE, 0x00CE, 0x00CE, 0x00CE, 0x00CE, 0x00CE, 0x00CE, 0x00CE, 0x00CE, 0x00CE,
  0x0002, 0x0002, 0x0002, 0x0002, 0x0002, 0x0002, 0x0002, 0x0002, 0x0002, 0x0002,
  0x0002, 0x0002, 0x0002, 0x0002, 0x0002, 0x0002, 0x0002, 0x0002, 0x0002, 0x0002,
  0x0002, 0x0002, 0x0002, 0x0002, 0x0002, 0x0002, 0x0002, 0x0002, 0x0002, 0x0002,
  0x0002, 0x0002, 0x0002, 0x0002, 0x0002, 0x0002, 0x0002, 0x0002, 0x0002, 0x0002,
  0x0002, 0x0002, 0x0002, 0x00BA, 0x00BA, 0x00BA, 0x0002, 0x0002, 0x0002, 0x0002,
  0x0002, 0x0002, 0x0002, 0x0002, 0x0002, 0x0002, 0x0002, 0x0002, 0x0002, 0x0002,
  0x0002, 0x0002, 0x0002, 0x0002, 0x0002, 0x0002, 0x0002, 0x0002, 0x0002, 0x0002,
  0x0002, 0x0002, 0x0002, 0x0002, 0x0002, 0x0002, 0x0002, 0x0002, 0x0002, 0x0002,
  0x0002, 0x0002, 0x0002, 0x0002, 0x0002, 0x0002, 0x0002, 0x0002, 0x0002, 0x0002,
  0x0002, 0x0002, 0x0002, 0x0002, 0x0002, 0x0002, 0x0002, 0x000E, 0x0002, 0x0002,
  0x0002, 0x0002, 0x0002, 0x0002, 0x0002, 0x0002, 0x0002, 0x0002, 0x0002, 0x0002,
  0x0002, 0x0002, 0x0002, 0x0002, 0x0002, 0x0002, 0x0002, 0x0002, 0x0002, 0x0002,
  0x0002, 0x0002, 0x0002, 0x0002, 0x0002, 0x0002, 0x0002, 0x0002, 0x0002, 0x0002,
  0x0002, 0x0002, 0x0002, 0x0002, 0x0002, 0x0002, 0x0002, 0x0002, 0x0002, 0x0002,
  0x0002, 0x0002, 0x0002, 0x0002, 0x0002, 0x0002, 0x00CE, 0x0002, 0x00CE, 0x00CE,
  0x00BA, 0x0002, 0x0002, 0x00CE, 0x00CE, 0x0002, 0x0002, 0x0002, 0x0002, 0x0002,
  0x00CE, 0x00CE, 0x0002, 0x00CE, 0x0002, 0x0002, 0x0002, 0x0002, 0x0002, 0x0002,
  0x0002, 0x0002, 0x0002, 0x0002, 0x0002, 0x0002, 0x0002, 0x0002, 0x0002, 0x0002,
  0x0002, 0x0002, 0x0002, 0x0002, 0x0002, 0x0002, 0x0002, 0x0002, 0x0002, 0x0002,
  0x0002, 0x0002, 0x0002, 0x0002, 0x0002, 0x0002, 0x0002, 0x0002, 0x0002, 0x0002,
  0x0002, 0x0002, 0x0002, 0x0002, 0x0002, 0x0002, 0x0002, 0x0002, 0x0002, 0x0002,
  0x0002, 0x0002, 0x0002, 0x0002, 0x0002, 0x0002, 0x0016, 0x0002, 0x0002, 0x0002,
  0x0002, 0x0002, 0x0002, 0x0002, 0x0002, 0x0002, 0x0002, 0x0002, 0x0002, 0x0002,
  0x0002, 0x0002, 0x0002, 0x0002, 0x0002, 0x0402, 0x0402, 0x0402, 0x0402, 0x0402,
  0x0402, 0x0402, 0x0402, 0x0402, 0x0402, 0x0402, 0x0402, 0x0402, 0x0402, 0x0402,
  0x0402, 0x0402, 0x0402, 0x0402, 0x0402, 0x0402, 0x0402, 0x0402, 0x0402, 0x0402,
  0x0402, 0x0402, 0x0402, 0x0402, 0x0402, 0x0402, 0x0402, 0x0402, 0x0402, 0x0402,
  0x0402, 0x0402, 0x0402, 0x0402, 0x0402, 0x0402, 0x0402, 0x0402, 0x0402, 0x0402,
  0x0402, 0x0402, 0x0402, 0x0402, 0x0402, 0x0402, 0x0402, 0x0402, 0x0402, 0x0402,
  0x0402, 0x0402, 0x0402, 0x0402, 0x0402, 0x0402, 0x0402, 0x0402, 0x0402, 0x0002,
  0x0002, 0x0402, 0x0002, 0x0402, 0x0002, 0x0002, 0x0402, 0x0402, 0x0402, 0x0402,
  0x0402, 0x0402, 0x0402, 0x0402, 0x0402, 0x0402, 0x0002, 0x0402, 0x0002, 0x0402,
  0x0002, 0x0002, 0x0402, 0x0402, 0x0002, 0x0002, 0x0002, 0x0402, 0x0402, 0x0402,
  0x0402, 0x0402, 0x0402, 0x0402, 0x0402, 0x0402, 0x0402, 0x0402, 0x0402, 0x0402,
  0x0402, 0x0402, 0x0402, 0x0402, 0x0402, 0x0402, 0x0402, 0x0402, 0x0402, 0x0402,
  0x0402, 0x0402, 0x0402, 0x0402, 0x0402, 0x0402, 0x0402, 0x0402, 0x0402, 0x0402,
  0x0402, 0x0402, 0x0402, 0x0402, 0x0402, 0x0402, 0x0402, 0x0402, 0x0402, 0x0402,
  0x0402, 0x0C02, 0x0402, 0x0002, 0x0002, 0x0402, 0x0402, 0x0402, 0x0402, 0x0402,
  0x0402, 0x0402, 0x0402, 0x0402, 0x0402, 0x0402, 0x0402, 0x0402, 0x0402, 0x0402,
  0x0402, 0x0C02, 0x0C02, 0x0C02, 0x0402, 0x0402, 0x0402, 0x0C02, 0x0C02, 0x0C02,
  0x0402, 0x0402, 0x0002, 0x0002, 0x0002, 0x0002, 0x0002, 0x0002, 0x0002, 0x0002,
  0x0002, 0x0002, 0x0002, 0x0002, 0x0002, 0x0002, 0x0002, 0x0002, 0x0002, 0x0002,
  0x0002, 0x0002, 0x0002, 0x0002, 0x0002, 0x0002, 0x0002, 0x0002, 0x0002, 0x0002,
  0x0002, 0x0002, 0x0002, 0x0002, 0x0002, 0x0002, 0x0002, 0x0002, 0x0002, 0x0002,
  0x0C2A, 0x005A, 0x0C36, 0x0002, 0x0002, 0x0002, 0x0002, 0x0002, 0x0002, 0x0002,
  0x0002, 0x0002, 0x0002, 0x0C52, 0x0C56, 0x1C52, 0x1C56, 0x0C36, 0x0C3A, 0x0C46,
  0x0C46, 0x0C46, 0x0C46, 0x0C46, 0x0C46, 0x0C46, 0x0002, 0x0C46, 0x0C46, 0x0C46,
  0x0C46, 0x0C46, 0x0002, 0x0C46, 0x0002, 0x0C46, 0x0C46, 0x0002, 0x0C46, 0x0C46,
  0x0002, 0x0C46, 0x0C46, 0x0C46, 0x0C46, 0x0C46, 0x0C3E, 0x0C4E, 0x0C4E, 0x0C4E,
  0x0002, 0x0002, 0x0002, 0x0002, 0x0002, 0x0002, 0x0002, 0x0002, 0x0002, 0x0002,
  0x0002, 0x0002, 0x0002, 0x0002, 0x0002, 0x0002, 0x0002, 0x0002, 0x0002, 0x0002,
  0x0002, 0x0002, 0x0002, 0x0002, 0x0002, 0x0002, 0x0002, 0x0002, 0x0002, 0x0002,
  0x0002, 0x0002, 0x0002, 0x0002, 0x0002, 0x0002, 0x0002, 0x0002, 0x0002, 0x0002,
  0x0002, 0x0002, 0x0002, 0x0002, 0x0002, 0x0002, 0x0002, 0x0002, 0x0002, 0x00CE,
  0x00CE, 0x00CE, 0x00CE, 0x00CE, 0x00CE, 0x00CE, 0x00BA, 0x00BA, 0x00BA, 0x00BA,
  0x00BA, 0x00BA, 0x00BA, 0x00CE, 0x00CE, 0x0002, 0x0002, 0x0002, 0x0002, 0x0002,
  0x0002, 0x0002, 0x0002, 0x0002, 0x0002, 0x0002, 0x0002, 0x0002, 0x0002, 0x0002,
  0x0002, 0x0003, 0x0003, 0x0003, 0x0003, 0x0003, 0x0003, 0x0003, 0x0003, 0x0003,
  0x0003, 0x0003, 0x0003, 0x0003, 0x0003, 0x0003, 0x0003, 0x0003, 0x0003, 0x0003,
  0x0003, 0x0003, 0x0003, 0x0003, 0x0003, 0x0003, 0x0003, 0x0003, 0x0003, 0x0003,
  0x0003, 0x0003, 0x0003, 0x0003, 0x0003, 0x0003, 0x0003, 0x0003, 0x0003, 0x0003,
  0x0003, 0x0003, 0x0003, 0x0003, 0x0003, 0x0003, 0x0003, 0x0003, 0x0003, 0x0003,
  0x0003, 0x0003, 0x0003, 0x0003, 0x0003, 0x0003, 0x0003, 0x0003, 0x0003, 0x0003,
  0x0003, 0x0003, 0x0003, 0x0003, 0x0003, 0x00BB, 0x0003, 0x0003, 0x0003, 0x0003,
  0x0003, 0x0003, 0x0003, 0x0003, 0x0003, 0x0003, 0x0003, 0x0003, 0x0003, 0x0003,
  0x0003, 0x0003, 0x0003, 0x0003, 0x0003, 0x0003, 0x0003, 0x0003, 0x0003, 0x0003,
  0x0003, 0x0003, 0x0003, 0x0003, 0x0003, 0x0003, 0x0003, 0x0003, 0x0003, 0x0003,
  0x0003, 0x0003, 0x0003, 0x0003, 0x0003, 0x0003, 0x0003, 0x0003, 0x0003, 0x0003,
  0x0003, 0x0003, 0x0003, 0x0003, 0x0003, 0x0003, 0x0003, 0x0003, 0x0003, 0x0003,
  0x00CF, 0x00CF, 0x00CF, 0x00CF, 0x00CF, 0x0003, 0x0003, 0x0003, 0x0003, 0x0003,
  0x0003, 0x0003, 0x0003, 0x0003, 0x14CF, 0x0003, 0x0003, 0x0003, 0x0003, 0x0003,
  0x0003, 0x0003, 0x0003, 0x0003, 0x0003, 0x0003, 0x0003, 0x0003, 0x0003, 0x0003,
  0x0003, 0x0003, 0x0003, 0x0003, 0x0003, 0x0003, 0x0003, 0x0003, 0x0003, 0x0003,
  0x0003, 0x14CF, 0x0003, 0x0003, 0x0003, 0x0003, 0x0003, 0x0003, 0x0003, 0x0003,
  0x0003, 0x0003, 0x0003, 0x0003, 0x0003, 0x0003, 0x0003, 0x0003, 0x0003, 0x0003,
  0x0003, 0x0003, 0x0003, 0x0003, 0x0003, 0x0003, 0x0003, 0x0003, 0x0003, 0x00BB,
  0x0003, 0x00CF, 0x0003, 0x0003, 0x0003, 0x0003, 0x0003, 0x0003, 0x0003, 0x0003,
  0x0003, 0x0003, 0x0003, 0x0003, 0x0003, 0x0003, 0x0003, 0x0003, 0x0003, 0x0003,
  0x0003, 0x0003, 0x0003, 0x0003, 0x0003, 0x0003, 0x0003, 0x0003, 0x0003, 0x0003,
  0x0003, 0x0003, 0x0003, 0x0003, 0x0003, 0x0003, 0x0003, 0x0003, 0x0003, 0x0003,
  0x0003, 0x0003, 0x00CF, 0x0007, 0x00BB, 0x0003, 0x0003, 0x0003, 0x0003, 0x0017,
  0x0003, 0x0003, 0x0003, 0x0003, 0x0003, 0x0003, 0x0003, 0x0003, 0x0003, 0x0003,
  0x0003, 0x0003, 0x0003, 0x0003, 0x0003, 0x0003, 0x0003, 0x0003, 0x0003, 0x0003,
  0x0003, 0x0003, 0x0003, 0x0003, 0x0003, 0x0003, 0x0003, 0x0003, 0x0003, 0x0003,
  0x0003, 0x0003, 0x0003, 0x0003, 0x0003, 0x0003, 0x0003, 0x00CF, 0x00BB, 0x0003,
  0x0003, 0x0003, 0x0003, 0x0003, 0x0003, 0x0003, 0x0003, 0x0003, 0x0003, 0x0003,
  0x0003, 0x0003, 0x0003, 0x0003, 0x0003, 0x0003, 0x0003, 0x0003, 0x0003, 0x0003,
  0x0003, 0x0003, 0x0003, 0x0003, 0x0003, 0x0003, 0x0003, 0x0003, 0x0003, 0x0003,
  0x0003, 0x0003, 0x0003, 0x0003, 0x0003, 0x00CF, 0x00CF, 0x00CF, 0x00CF, 0x0003,
  0x0003, 0x0003, 0x0003, 0x0003, 0x0003, 0x0003, 0x0003, 0x0003, 0x0003, 0x0003,
  0x0003, 0x0003, 0x0003, 0x0003, 0x0003, 0x0003, 0x0003, 0x0003, 0x0003, 0x0003,
  0x0003, 0x0003, 0x0003, 0x0003, 0x0003, 0x0003, 0x0003, 0x0003, 0x0003, 0x0003,
  0x0003, 0x0003, 0x0003, 0x0003, 0x0003, 0x0003, 0x0003, 0x0003, 0x0003, 0x0003,
  0x00CF, 0x00CF, 0x00CF, 0x00CF, 0x00CF, 0x0003, 0x0003, 0x0003, 0x0003, 0x0003,
  0x0003, 0x0003, 0x0003, 0x0003, 0x0003, 0x0003, 0x0003, 0x0003, 0x0003, 0x0003,
  0x0003, 0x0003, 0x0003, 0x0003, 0x0003, 0x0003, 0x0003, 0x0003, 0x0003, 0x0003,
  0x0003, 0x0003, 0x0003, 0x0003, 0x0003, 0x0003, 0x0003, 0x0003, 0x0003, 0x0003,
  0x0003, 0x0003, 0x0003, 0x0003, 0x0003, 0x0003, 0x0003, 0x0003, 0x00CF, 0x00CF,
  0x0003, 0x0003, 0x0003, 0x0003, 0x0003, 0x0003, 0x0003, 0x0003, 0x0003, 0x0003,
  0x0003, 0x0003, 0x0003, 0x0003, 0x0003, 0x0003, 0x0003, 0x0003, 0x0003, 0x0003,
  0x0003, 0x0003, 0x0003, 0x0003, 0x0003, 0x0003, 0x0003, 0x0003, 0x0003, 0x0003,
  0x0003, 0x0003, 0x0003, 0x0003, 0x0003, 0x0003, 0x0003, 0x0003, 0x0003, 0x0003,
  0x0003, 0x0003, 0x0003, 0x0003, 0x0003, 0x0003, 0x0003, 0x0003, 0x0003, 0x0003,
  0x0003, 0x0003, 0x0003, 0x0003, 0x0003, 0x0003, 0x0003, 0x0003, 0x00BB, 0x00BB,
  0x0003, 0x00BB, 0x00BB, 0x00BB, 0x0003, 0x0003, 0x0003, 0x0003, 0x0003, 0x0003,
  0x00BB, 0x00BB, 0x00CF, 0x00CF, 0x00CF, 0x00BB, 0x00CF, 0x00BB, 0x00BB, 0x00BB,
  0x00BB, 0x0003, 0x0003, 0x0003, 0x0003, 0x0003, 0x0003, 0x0003, 0x0003, 0x0003,
  0x0003, 0x0003, 0x0003, 0x0003, 0x0003, 0x0003, 0x0003, 0x0003, 0x0003, 0x0003,
  0x0003, 0x0003, 0x0003, 0x0003, 0x0003, 0x0003, 0x0003, 0x0003, 0x0003, 0x0003,
  0x0003, 0x0003, 0x0003, 0x0003, 0x0003, 0x0003, 0x0003, 0x0003, 0x0003, 0x0003,
  0x0003, 0x0003, 0x0003, 0x0003, 0x0003, 0x0003, 0x0003, 0x0003, 0x00CF, 0x00BB,
  0x00CF, 0x00BB, 0x0003, 0x0003, 0x0003, 0x0003, 0x0003, 0x0003, 0x0003, 0x0003,
  0x0003, 0x0003, 0x0003, 0x0003, 0x0003, 0x0003, 0x0003, 0x0003, 0x0003, 0x0003,
  0x0003, 0x0003, 0x0003, 0x0003, 0x0003, 0x0003, 0x0003, 0x0003, 0x0003, 0x0003,
  0x0003, 0x0003, 0x0003, 0x0003, 0x0003, 0x0003, 0x0003, 0x0003, 0x0003, 0x0003,
  0x0003, 0x0003, 0x0003, 0x0003, 0x0003, 0x0003, 0x0003, 0x0003, 0x0003, 0x0003,
  0x0003, 0x0003, 0x0003, 0x0003, 0x0003, 0x0003, 0x0003, 0x0003, 0x0003, 0x0003,
  0x0017, 0x0003, 0x0003, 0x0003, 0x0003, 0x0003, 0x0003, 0x0003, 0x0003, 0x0003,
  0x0003, 0x0003, 0x0003, 0x0003, 0x0003, 0x0003, 0x0003, 0x0003, 0x0003, 0x0003,
  0x0003, 0x0003, 0x0003, 0x0003, 0x0003, 0x0003, 0x0003, 0x0003, 0x0003, 0x0003,
  0x0003, 0x0003, 0x0003, 0x0003, 0x0003, 0x0003, 0x0003, 0x0003, 0x0003, 0x0003,
  0x0003, 0x0003, 0x0017, 0x0003, 0x0003, 0x0003, 0x0003, 0x0003, 0x0003, 0x0003,
  0x0003, 0x0003, 0x0003, 0x0003, 0x0003, 0x0003, 0x0003, 0x0017, 0x0003, 0x0003,
  0x0003, 0x0003, 0x0003, 0x0003, 0x0003, 0x0003, 0x0003, 0x0003, 0x0003, 0x0003,
  0x0003, 0x0003, 0x0003, 0x0003, 0x0003, 0x0003, 0x0003, 0x0003, 0x0003, 0x0003,
  0x0003, 0x0003, 0x0003, 0x0003, 0x240F, 0x0003, 0x240F, 0x0003, 0x0003, 0x0003,
  0x0003, 0x0003, 0x0003, 0x0003, 0x0003, 0x0003, 0x0003, 0x0003, 0x0003, 0x0003,
  0x0003, 0x240F, 0x0003, 0x0003, 0x0003, 0x0003, 0x0003, 0x0003, 0x0003, 0x0003,
  0x0003, 0x0003, 0x0003, 0x0003, 0x0003, 0x0017, 0x000F, 0x0003, 0x0003, 0x0003,
  0x0003, 0x0003, 0x00CF, 0x00CF, 0x00CF, 0x0003, 0x0003, 0x0003, 0x0003, 0x0003,
  0x0003, 0x0003, 0x0003, 0x0003, 0x0003, 0x0003, 0x0003, 0x0003, 0x0003, 0x0003,
  0x0003, 0x0003, 0x0003, 0x0003, 0x0003, 0x0003, 0x0003, 0x0003, 0x0003, 0x0003,
  0x0003, 0x0003, 0x0003, 0x0003, 0x0003, 0x0003, 0x0003, 0x0003, 0x0003, 0x0003,
  0x0003, 0x0003, 0x0003, 0x0003, 0x0003, 0x0003, 0x0003, 0x0003, 0x2403, 0x2403,
  0x0003, 0x0003, 0x0003, 0x0017, 0x0017, 0x0003, 0x0003, 0x0003, 0x0003, 0x0003,
  0x0003, 0x0003, 0x0003, 0x0003, 0x0003, 0x0003, 0x0003, 0x0003, 0x0003, 0x0003,
  0x0003, 0x0003, 0x0003, 0x0003, 0x0003, 0x0003, 0x0003, 0x0003, 0x0003, 0x0003,
  0x0003, 0x0003, 0x0003, 0x0003, 0x0003, 0x0003, 0x0003, 0x0003, 0x0003, 0x0003,
  0x0003, 0x0003, 0x0003, 0x0003, 0x0003, 0x0003, 0x0003, 0x0003, 0x0003, 0x0003,
  0x0003, 0x0003, 0x0003, 0x0003, 0x0003, 0x0003, 0x000F, 0x0003, 0x0003, 0x0003,
  0x0003, 0x0003, 0x0003, 0x0003, 0x0003, 0x0003, 0x0003, 0x0003, 0x0003, 0x0017,
  0x0003, 0x0003, 0x0003, 0x0003, 0x0003, 0x0003, 0x0003, 0x0003, 0x0003, 0x000F,
  0x0003, 0x0003, 0x0003, 0x0003, 0x0003, 0x0003, 0x0003, 0x0003, 0x0003, 0x0003,
  0x0003, 0x0003, 0x0003, 0x0003, 0x0003, 0x0003, 0x0003, 0x0003, 0x0003, 0x0003,
  0x0003, 0x0003, 0x0003, 0x0003, 0x0003, 0x0003, 0x0003, 0x0003, 0x0003, 0x0003,
  0x0003, 0x0003, 0x0003, 0x0003, 0x0003, 0x0003, 0x0003, 0x0003, 0x0003, 0x0003,
  0x0003, 0x0003, 0x0003, 0x0003, 0x0003, 0x0003, 0x0003, 0x0003, 0x0003, 0x0003,
  0x0003, 0x0003, 0x0003, 0x0017, 0x000F, 0x0003, 0x0003, 0x0003, 0x0003, 0x0003,
  0x0003, 0x0003, 0x0003, 0x0003, 0x0003, 0x0003, 0x0003, 0x0003, 0x0003, 0x0003,
  0x0003, 0x0003, 0x0003, 0x0003, 0x0003, 0x0003, 0x0003, 0x0003, 0x0003, 0x0003,
  0x0003, 0x0003, 0x0003, 0x0003, 0x0003, 0x0003, 0x0003, 0x0003, 0x0003, 0x0003,
  0x0003, 0x0003, 0x0003, 0x0003, 0x0003, 0x0003, 0x000F, 0x0017, 0x0003, 0x0003,
  0x0003, 0x0003, 0x0003, 0x0003, 0x0003, 0x0003, 0x0003, 0x0003, 0x0003, 0x0003,
  0x0003, 0x0003, 0x0003, 0x0003, 0x0003, 0x0003, 0x0003, 0x0003, 0x0003, 0x0003,
  0x0003, 0x0003, 0x0003, 0x0003, 0x0003, 0x0003, 0x0003, 0x0003, 0x0003, 0x0003,
  0x0003, 0x0003, 0x0003, 0x0003, 0x0003, 0x0003, 0x0003, 0x0003, 0x0003, 0x0003,
  0x0003, 0x0003, 0x0003, 0x0003, 0x0003, 0x0003, 0x0003, 0x0003, 0x0003, 0x0003,
  0x0003, 0x0003, 0x0003, 0x0003, 0x0003, 0x0003, 0x0003, 0x000F, 0x000F, 0x0003,
  0x0003, 0x0003, 0x0003, 0x0003, 0x0003, 0x0003, 0x0003, 0x0003, 0x0003, 0x0003,
  0x2403, 0x2403, 0x0017, 0x0003, 0x0003, 0x0003, 0x0003, 0x0003, 0x0003, 0x0003,
  0x0003, 0x0003, 0x0003, 0x0003, 0x0003, 0x0003, 0x0003, 0x0003, 0x0003, 0x0003,
  0x0003, 0x0003, 0x0003, 0x0003, 0x0003, 0x0003, 0x0003, 0x00CF, 0x00CF, 0x00CF,
  0x00CF, 0x00CF, 0x00CF, 0x00CF, 0x0003, 0x0003, 0x0003, 0x00CF, 0x00CF, 0x00CF,
  0x00CF, 0x00CF, 0x0003, 0x0003, 0x0003, 0x0003, 0x0003, 0x0003, 0x0003, 0x0003,
  0x0003, 0x0003, 0x0003, 0x2403, 0x0003, 0x2403, 0x0003, 0x0003, 0x0003, 0x0003,
  0x0003, 0x0003, 0x0003, 0x0003, 0x2403, 0x0003, 0x0003, 0x2403, 0x0003, 0x0003,
  0x0003, 0x0003, 0x0003, 0x0003, 0x0003, 0x0003, 0x0003, 0x0003, 0x0003, 0x0003,
  0x0003, 0x0003, 0x0003, 0x0003, 0x0003, 0x0003, 0x0003, 0x0003, 0x0003, 0x0003,
  0x0003, 0x0003, 0x0003, 0x0003, 0x0003, 0x0003, 0x0003, 0x0003, 0x0003, 0x0003,
  0x0003, 0x0003, 0x0003, 0x0003, 0x0003, 0x0003, 0x0003, 0x0003, 0x0003, 0x0003,
  0x0003, 0x0003, 0x0003, 0x0003, 0x2403, 0x0003, 0x2403, 0x2403, 0x0003, 0x0003,
  0x0003, 0x0003, 0x0003, 0x0017, 0x0017, 0x0017, 0x0003, 0x0003, 0x0003, 0x0003,
  0x0003, 0x0003, 0x0003, 0x0003, 0x0003, 0x0003, 0x0003, 0x0003, 0x0003, 0x0003,
  0x0003, 0x0003, 0x0003, 0x0003, 0x0003, 0x0003, 0x0003, 0x0003, 0x0003, 0x0003,
  0x0003, 0x0003, 0x0003, 0x0003, 0x0003, 0x0003, 0x0003, 0x0003, 0x0003, 0x0003,
  0x0003, 0x0003, 0x0003, 0x0003, 0x0003, 0x0003, 0x0003, 0x0003, 0x0003, 0x0003,
  0x0003, 0x0003, 0x0003, 0x0017, 0x0003, 0x0003, 0x0003, 0x000F, 0x0003, 0x0003,
  0x0003, 0x0003, 0x0003, 0x0003, 0x0003, 0x0003, 0x0003, 0x0003, 0x0003, 0x0003,
  0x0003, 0x0003, 0x0003, 0x0003, 0x0003, 0x0003, 0x0003, 0x0003, 0x0003, 0x0003,
  0x0003, 0x00CF, 0x0003, 0x0003, 0x0003, 0x0003, 0x0003, 0x0003, 0x0003, 0x0003,
  0x0003, 0x0003, 0x0003, 0x0003, 0x0003, 0x0003, 0x0003, 0x0003, 0x0003, 0x0003,
  0x0003, 0x0003, 0x0003, 0x0003, 0x0003, 0x0003, 0x0003, 0x0003, 0x0003, 0x0003,
  0x0003, 0x0003, 0x0003, 0x0003, 0x0003, 0x0003, 0x0003, 0x0003, 0x0003, 0x0003,
  0x0003, 0x0003, 0x0003, 0x0003, 0x0003, 0x0003, 0x0003, 0x0003, 0x0003, 0x0003,
  0x0003, 0x0003, 0x0003, 0x0003, 0x0003, 0x0003, 0x0003, 0x0003, 0x0003, 0x0003,
  0x0003, 0x2403, 0x2403, 0x0003, 0x2403, 0x0003, 0x0003, 0x0017, 0x000F, 0x0003,
  0x0003, 0x0003, 0x0003, 0x0003, 0x0003, 0x0003, 0x0003, 0x0003, 0x0003, 0x0003,
  0x0003, 0x0003, 0x0003, 0x0003, 0x0003, 0x0003, 0x0003, 0x0003, 0x0003, 0x0003,
  0x0003, 0x0003, 0x0003, 0x0003, 0x0003, 0x0003, 0x0003, 0x0003, 0x0003, 0x0003,
  0x0003, 0x0003, 0x0003, 0x0003, 0x0003, 0x0003, 0x0003, 0x0003, 0x0003, 0x0003,
  0x0003, 0x0003, 0x0003, 0x0003, 0x0003, 0x0003, 0x0003, 0x0003, 0x0003, 0x0003,
  0x0003, 0x0003, 0x0003, 0x0003, 0x0003, 0x0003, 0x0003, 0x0003, 0x0003, 0x2403,
  0x2403, 0x0003, 0x0003, 0x0003, 0x0017, 0x000F, 0x0003, 0x0003, 0x0003, 0x0003,
  0x0003, 0x0003, 0x0003, 0x0003, 0x0003, 0x0003, 0x0003, 0x0003, 0x0003, 0x0003,
  0x0003, 0x0003, 0x0003, 0x0003, 0x0003, 0x0003, 0x0003, 0x0003, 0x0003, 0x0003,
  0x0003, 0x0003, 0x0003, 0x0003, 0x0003, 0x0003, 0x0003, 0x0003, 0x0003, 0x0003,
  0x0003, 0x0003, 0x0003, 0x0003, 0x0003, 0x0003, 0x0003, 0x0003, 0x0003, 0x0003,
  0x0003, 0x0003, 0x0003, 0x0003, 0x0003, 0x0003, 0x0003, 0x0003, 0x0003, 0x0003,
  0x0003, 0x0003, 0x0003, 0x0003, 0x0003, 0x0003, 0x0003, 0x0003, 0x0003, 0x0017,
  0x000F, 0x0003, 0x0003, 0x0003, 0x0003, 0x0003, 0x0003, 0x0003, 0x0003, 0x0003,
  0x0003, 0x0003, 0x0003, 0x0003, 0x0003, 0x0003, 0x0003, 0x0003, 0x0003, 0x0003,
  0x0003, 0x0003, 0x0003, 0x0003, 0x0003, 0x0003, 0x0003, 0x0003, 0x0003, 0x0003,
  0x0003, 0x0003, 0x0003, 0x0003, 0x0003, 0x0003, 0x0003, 0x0003, 0x0003, 0x0003,
  0x0003, 0x0003, 0x0003, 0x0003, 0x0003, 0x0003, 0x0003, 0x0003, 0x0003, 0x0003,
  0x0003, 0x0003, 0x0003, 0x0003, 0x0003, 0x0003, 0x0003, 0x2403, 0x0003, 0x0003,
  0x0003, 0x0003, 0x0017, 0x0017, 0x0003, 0x0003, 0x0003, 0x000F, 0x0003, 0x0003,
  0x0003, 0x0003, 0x0003, 0x0003, 0x0003, 0x0003, 0x0003, 0x0003, 0x0003, 0x0003,
  0x0003, 0x0003, 0x0003, 0x0003, 0x0003, 0x0003, 0x0003, 0x0003, 0x0003, 0x0003,
  0x0003, 0x0003, 0x0003, 0x0003, 0x0003, 0x0003, 0x0003, 0x0003, 0x0003, 0x0003,
  0x0003, 0x0003, 0x0003, 0x0003, 0x0003, 0x0003, 0x0003, 0x0003, 0x0003, 0x0003,
  0x0003, 0x0003, 0x0003, 0x0003, 0x0003, 0x0003, 0x0003, 0x0003, 0x0003, 0x0003,
  0x0003, 0x0003, 0x0003, 0x0003, 0x0003, 0x0003, 0x0003, 0x0003, 0x0017, 0x0003,
  0x0003, 0x0003, 0x0003, 0x0003, 0x0003, 0x0003, 0x0003, 0x0003, 0x0003, 0x0003,
  0x0003, 0x0003, 0x0003, 0x0003, 0x0003, 0x0003, 0x0003, 0x0003, 0x0003, 0x0003,
  0x0003, 0x0003, 0x0003, 0x0003, 0x0003, 0x0003, 0x0003, 0x0003, 0x0003, 0x0003,
  0x0003, 0x0003, 0x0003, 0x0003, 0x0003, 0x0003, 0x0003, 0x0003, 0x0003, 0x0003,
  0x0003, 0x0003, 0x0003, 0x0003, 0x0003, 0x0003, 0x0003, 0x0003, 0x0003, 0x0003,
  0x0003, 0x0003, 0x0003, 0x0003, 0x0003, 0x000F, 0x0003, 0x0017, 0x0017, 0x0003,
  0x0003, 0x0003, 0x0003, 0x0003, 0x0003, 0x0003, 0x0003, 0x0003, 0x0003, 0x0003,
  0x0003, 0x0003, 0x0003, 0x0003, 0x0003, 0x0003, 0x0003, 0x0003, 0x0003, 0x0003,
  0x0003, 0x0003, 0x0003, 0x0003, 0x0003, 0x0003, 0x0003, 0x0003, 0x0003, 0x0003,
  0x0003, 0x0003, 0x0003, 0x0003, 0x0003, 0x0003, 0x0003, 0x0003, 0x0003, 0x0003,
  0x0003, 0x0003, 0x0003, 0x0003, 0x0003, 0x0003, 0x0003, 0x0003, 0x0003, 0x0003,
  0x0003, 0x0003, 0x0003, 0x0003, 0x0003, 0x0003, 0x0003, 0x0003, 0x0003, 0x0003,
  0x2403, 0x2403, 0x2403, 0x2403, 0x2403, 0x7C03, 0x7C03, 0x7C03, 0x0003, 0x0003,
  0x0003, 0x0003, 0x0003, 0x0003, 0x0017, 0x0003, 0x0003, 0x0003, 0x0003, 0x0003,
  0x0003, 0x0003, 0x0003, 0x0003, 0x0003, 0x0003, 0x0003, 0x0003, 0x0003, 0x0003,
  0x0003, 0x0003, 0x0003, 0x0003, 0x0003, 0x0003, 0x0003, 0x0003, 0x0003, 0x0003,
  0x0003, 0x0003, 0x0003, 0x0003, 0x0003, 0x0003, 0x0003, 0x0003, 0x0003, 0x0003,
  0x0003, 0x0003, 0x0003, 0x0003, 0x0003, 0x0003, 0x0003, 0x0003, 0x0003, 0x0003,
  0x0003, 0x0003, 0x0003, 0x0007, 0x0007, 0x0007, 0x0007, 0x0007, 0x0003, 0x0003,
  0x0003, 0x0003, 0x0003, 0x0003, 0x0003, 0x0003, 0x0003, 0x0003, 0x0003, 0x0003,
  0x0003, 0x0003, 0x0003, 0x0003, 0x0003, 0x0003, 0x0003, 0x0003, 0x0003, 0x0003,
  0x0003, 0x0003, 0x0003, 0x0003, 0x0003, 0x0003, 0x0003, 0x0003, 0x0003, 0x0003,
  0x0003, 0x0003, 0x0003, 0x0003, 0x0003, 0x0003, 0x0003, 0x0003, 0x0003, 0x0003,
  0x0003, 0x0003, 0x0003, 0x0003, 0x0003, 0x0003, 0x00CF, 0x00CF, 0x00CF, 0x00CF,
  0x00CF, 0x00CF, 0x00CF, 0x0003, 0x0003, 0x0003, 0x0003, 0x0003, 0x0003, 0x0003,
  0x0003, 0x0003, 0x0003, 0x0003, 0x0003, 0x0003, 0x0003, 0x0003, 0x0003, 0x0003,
  0x0003, 0x0003, 0x0003, 0x0003, 0x0003, 0x0003, 0x0003, 0x0003, 0x0003, 0x0003,
  0x0003, 0x0003, 0x0003, 0x0003, 0x0003, 0x0003, 0x0003, 0x0003, 0x0003, 0x0003,
  0x0003, 0x0003, 0x0003, 0x2403, 0x2403, 0x7C03, 0x0003, 0x0003, 0x0003, 0x0003,
  0x0003, 0x0003, 0x0003, 0x0003, 0x0003, 0x0003, 0x0003, 0x0003, 0x0003, 0x0003,
  0x0003, 0x0003, 0x0003, 0x0003, 0x0003, 0x0003, 0x0003, 0x0003, 0x0003, 0x0003,
  0x0003, 0x0003, 0x0003, 0x0003, 0x0003, 0x0003, 0x0003, 0x0003, 0x0003, 0x0003,
  0x0003, 0x0003, 0x0003, 0x0003, 0x0003, 0x0003, 0x0003, 0x0003, 0x0003, 0x0003,
  0x0003, 0x0003, 0x0003, 0x0003, 0x000B, 0x000B, 0x0003, 0x0003, 0x0003, 0x0003,
  0x0003, 0x0003, 0x0003, 0x0003, 0x0003, 0x0003, 0x0003, 0x0003, 0x0003, 0x0003,
  0x0003, 0x0003, 0x0003, 0x0003, 0x0003, 0x0003, 0x0003, 0x0003, 0x0003, 0x0003,
  0x0003, 0x0003, 0x0003, 0x0003, 0x0003, 0x0003, 0x0007, 0x0003, 0x0003, 0x0003,
  0x0003, 0x0003, 0x0003, 0x0003, 0x0003, 0x0003, 0x0003, 0x0003, 0x0003, 0x0003,
  0x0003, 0x0003, 0x0003, 0x0003, 0x0003, 0x0003, 0x0003, 0x0003, 0x0003, 0x0003,
  0x0003, 0x0003, 0x0003, 0x0003, 0x0003, 0x0003, 0x0003, 0x0003, 0x0003, 0x0003,
  0x24B3, 0x24B3, 0x7CB3, 0x7CB3, 0x7CB3, 0x7CB3, 0x7CB3, 0x00B3, 0x00B3, 0x0007,
  0x0007, 0x0007, 0x0003, 0x0003, 0x0003, 0x00C7, 0x00B3, 0x00B3, 0x00B3, 0x00B3,
  0x00B3, 0x0003, 0x0003, 0x0003, 0x0003, 0x0003, 0x0003, 0x0003, 0x0003, 0x00BB,
  0x00BB, 0x00BB, 0x00BB, 0x00BB, 0x0003, 0x0003, 0x00CF, 0x00CF, 0x00CF, 0x00CF,
  0x00CF, 0x00BB, 0x00BB, 0x0003, 0x0003, 0x0003, 0x0003, 0x0003, 0x0003, 0x0003,
  0x0003, 0x0003, 0x0003, 0x0003, 0x0003, 0x0003, 0x0003, 0x0003, 0x0003, 0x0003,
  0x0003, 0x0003, 0x0003, 0x0003, 0x0003, 0x0003, 0x0003, 0x0003, 0x0003, 0x0003,
  0x0003, 0x0003, 0x0003, 0x00CF, 0x00CF, 0x00CF, 0x00CF, 0x0003, 0x0003, 0x0003,
  0x0003, 0x0003, 0x0003, 0x0003, 0x0003, 0x0003, 0x0003, 0x0003, 0x0003, 0x0003,
  0x24B3, 0x24B3, 0x7CB3, 0x7CB3, 0x7CB3, 0x0003, 0x0003, 0x0003, 0x0003, 0x0003,
  0x0003, 0x0003, 0x0003, 0x0003, 0x0003, 0x0003, 0x0003, 0x0003, 0x0003, 0x0003,
  0x0003, 0x0003, 0x0003, 0x0003, 0x0003, 0x0003, 0x0003, 0x0003, 0x0003, 0x0003,
  0x0003, 0x0003, 0x0003, 0x0003, 0x0003, 0x0003, 0x0003, 0x0003, 0x0003, 0x0003,
  0x0003, 0x0003, 0x0003, 0x0003, 0x0003, 0x0003, 0x0003, 0x0003, 0x0003, 0x0003,
  0x0003, 0x0003, 0x0003, 0x0003, 0x0003, 0x0003, 0x0003, 0x0003, 0x0003, 0x0003,
  0x0003, 0x0003, 0x0003, 0x0003, 0x0003, 0x0003, 0x0003, 0x0003, 0x00CF, 0x00CF,
  0x00CF, 0x0003, 0x0003, 0x0003, 0x0003, 0x0003, 0x0003, 0x0003, 0x0003, 0x0003,
  0x0003, 0x0003, 0x0003, 0x0003, 0x0003, 0x0003, 0x0003, 0x0003, 0x0003, 0x0003,
  0x0003, 0x0003, 0x0003, 0x0003, 0x0003, 0x0003, 0x0003, 0x0003, 0x0003, 0x0003,
  0x0003, 0x0003, 0x0003, 0x0003, 0x0003, 0x0003, 0x0003, 0x0003, 0x0003, 0x0003,
  0x0003, 0x0003, 0x0003, 0x0003, 0x0003, 0x0003, 0x0003, 0x0003, 0x0003, 0x0003,
  0x0003, 0x0003, 0x0003, 0x0003, 0x0003, 0x0003, 0x0003, 0x0003, 0x0003, 0x0003,
  0x00CF, 0x00CF, 0x00CF, 0x00CF, 0x00CF, 0x00CF, 0x00CF, 0x0003, 0x00CF, 0x00CF,
  0x00CF, 0x00CF, 0x00CF, 0x00CF, 0x00CF, 0x00CF, 0x00CF, 0x00CF, 0x00CF, 0x00CF,
  0x00CF, 0x00CF, 0x00CF, 0x00CF, 0x00CF, 0x0003, 0x0003, 0x00CF, 0x00CF, 0x00CF,
  0x00CF, 0x00CF, 0x00CF, 0x00CF, 0x0003, 0x00CF, 0x00CF, 0x0003, 0x00CF, 0x00CF,
  0x00CF, 0x00CF, 0x00CF, 0x0003, 0x0003, 0x0003, 0x0003, 0x0003, 0x0003, 0x0003,
  0x0003, 0x0003, 0x0003, 0x0003, 0x0003, 0x0003, 0x0003, 0x0003, 0x0003, 0x0003,
  0x0003, 0x0003, 0x0003, 0x0003, 0x0003, 0x0003, 0x0003, 0x0003, 0x0003, 0x0003,
  0x0003, 0x0003, 0x0003, 0x0003, 0x0003, 0x0003, 0x0003, 0x0003, 0x0003, 0x0003,
  0x0003, 0x0003, 0x0003, 0x0003, 0x0003, 0x0003, 0x0003, 0x0003, 0x0003, 0x00CF,
  0x0003, 0x0003, 0x0003, 0x0003, 0x0003, 0x0003, 0x0003, 0x0003, 0x0003, 0x0003,
  0x0003, 0x0003, 0x0003, 0x0003, 0x0003, 0x0003, 0x0003, 0x0003, 0x0003, 0x0003,
  0x0003, 0x0003, 0x0003, 0x0003, 0x0003, 0x0003, 0x0003, 0x0003, 0x0003, 0x0003,
  0x0003, 0x0003, 0x0003, 0x0003, 0x0003, 0x0003, 0x0003, 0x0003, 0x0003, 0x0003,
  0x0003, 0x0003, 0x0003, 0x0003, 0x00CF, 0x00CF, 0x00CF, 0x00CF, 0x0003, 0x0003,
  0x0003, 0x0003, 0x0003, 0x0003, 0x0003, 0x0003, 0x0003, 0x0003, 0x0003, 0x0003,
  0x0003, 0x0003, 0x0003, 0x0003, 0x0003, 0x0003, 0x0003, 0x0003, 0x0003, 0x0003,
  0x0003, 0x0003, 0x0003, 0x0003, 0x0003, 0x0003, 0x0003, 0x0003, 0x0003, 0x0003,
  0x0003, 0x0003, 0x0003, 0x0003, 0x0003, 0x0003, 0x0003, 0x0003, 0x0003, 0x0003,
  0x0003, 0x0003, 0x00D3, 0x00D3, 0x00BB, 0x00CF, 0x0003, 0x0003, 0x0003, 0x0003,
  0x0003, 0x0003, 0x0003, 0x0003, 0x0003, 0x0003, 0x0003, 0x0003, 0x0003, 0x0003,
  0x0003, 0x0003, 0x0003, 0x0003, 0x0003, 0x0003, 0x0003, 0x0003, 0x0003, 0x0003,
  0x0003, 0x0003, 0x0003, 0x0003, 0x0003, 0x0003, 0x0003, 0x0003, 0x0003, 0x0003,
  0x0003, 0x0003, 0x0003, 0x0003, 0x0003, 0x0003, 0x0003, 0x0003, 0x0003, 0x0003,
  0x0003, 0x0003, 0x00CF, 0x00BB, 0x0003, 0x0003, 0x0003, 0x0003, 0x0003, 0x0003,
  0x0003, 0x0003, 0x0003, 0x0003, 0x0003, 0x0003, 0x0003, 0x0003, 0x0003, 0x0003,
  0x0003, 0x0003, 0x0003, 0x0003, 0x0003, 0x0003, 0x0003, 0x0003, 0x0003, 0x0003,
  0x0003, 0x0003, 0x0003, 0x0003, 0x0003, 0x0003, 0x0003, 0x0003, 0x0003, 0x00CF,
  0x0003, 0x0003, 0x00CF, 0x0003, 0x0003, 0x0003, 0x0003, 0x0003, 0x0003, 0x0003,
  0x00CF, 0x00CF, 0x0003, 0x0003, 0x0003, 0x0003, 0x0003, 0x00CF, 0x0003, 0x0003,
  0x0003, 0x0003, 0x0003, 0x0003, 0x0003, 0x0003, 0x0003, 0x0003, 0x0003, 0x0003,
  0x0003, 0x0003, 0x0003, 0x0003, 0x00BB, 0x00BB, 0x00BB, 0x00BB, 0x00BB, 0x00BB,
  0x00BB, 0x0003, 0x0003, 0x0003, 0x0003, 0x0003, 0x0003, 0x0003, 0x0003, 0x0003,
  0x0003, 0x0003, 0x0003, 0x0003, 0x0003, 0x0003, 0x0003, 0x0003, 0x0003, 0x0003,
  0x0003, 0x0003, 0x0003, 0x0003, 0x0003, 0x0003, 0x0003, 0x0003, 0x0003, 0x0003,
  0x0003, 0x0003, 0x0003, 0x0003, 0x0003, 0x0003, 0x0003, 0x0003, 0x0003, 0x0003,
  0x0003, 0x0003, 0x00CF, 0x00CF, 0x00CF, 0x00CF, 0x00CF, 0x00CF, 0x000F, 0x0003,
  0x0003, 0x0003, 0x0003, 0x0003, 0x0003, 0x0003, 0x0003, 0x0003, 0x0003, 0x0003,
  0x0003, 0x0003, 0x0003, 0x0003, 0x0003, 0x0003, 0x0003, 0x0003, 0x0003, 0x0003,
  0x0003, 0x0003, 0x0003, 0x0003, 0x0003, 0x0003, 0x0003, 0x0003, 0x0003, 0x0003,
  0x0003, 0x0003, 0x0003, 0x0003, 0x0003, 0x0003, 0x0003, 0x0003, 0x0003, 0x0003,
  0x0003, 0x0003, 0x0003, 0x0003, 0x0003, 0x0003, 0x0003, 0x0003, 0x0003, 0x0003,
  0x0003, 0x0003, 0xFC03, 0xFC03, 0xFC03, 0x0403, 0xFC03, 0xFC03, 0xFC03, 0xFC03,
  0xFC03, 0xFC03, 0xFC03, 0xFC03, 0xFC03, 0x0403, 0xFC03, 0xFC03, 0xFC03, 0xFC03,
  0x0403, 0xFC03, 0xFC03, 0xFC03, 0x0403, 0xFC03, 0xFC03, 0xFC03, 0xFC03, 0xFC03,
  0x0403, 0xFC03, 0xFC03, 0xFC03, 0xFC03, 0xFC03, 0xFC03, 0xFC03, 0xFC03, 0xFC03,
  0xFC03, 0xFC03, 0xFC03, 0xFC03, 0xFC03, 0xFC03, 0xFC03, 0xFC03, 0xFC03, 0xFC03,
  0xFC03, 0xFC03, 0xFC03, 0xFC03, 0x0403, 0xFC03, 0xFC03, 0xFC03, 0x0403, 0xFC03,
  0xFC03, 0xFC03, 0xFC03, 0xFC03, 0xFC03, 0xFC03, 0xFC03, 0xFC03, 0xFC03, 0xFC03,
  0xFC03, 0xFC03, 0xFC03, 0xFC03, 0xFC03, 0xFC03, 0xFC03, 0xFC03, 0xFC03, 0xFC03,
  0xFC03, 0xFC03, 0xFC03, 0xFC03, 0x0403, 0xFC03, 0xFC03, 0xFC03, 0xFC03, 0xFC03,
  0xFC03, 0x0403, 0x0403, 0xFC03, 0xFC03, 0xFC03, 0xFC03, 0xFC03, 0xFC03, 0xFC03,
  0xFC03, 0xFC03, 0xFC03, 0x0403, 0xFC03, 0xFC03, 0xFC03, 0xFC03, 0x0403, 0xFC03,
  0xFC03, 0xFC03, 0xFC03, 0xFC03, 0xFC03, 0xFC03, 0xFC03, 0xFC03, 0x0403, 0xFC03,
  0x0403, 0xFC03, 0xFC03, 0xFC03, 0xFC03, 0xFC03, 0xFC03, 0xFC03, 0xFC03, 0xFC03,
  0x0403, 0xFC03, 0xFC03, 0xFC03, 0xFC03, 0xFC03, 0x0403, 0xFC03, 0x0403, 0x0403,
  0xFC03, 0xFC03, 0xFC03, 0xFC03, 0x0403, 0x0403, 0xFC03, 0xFC03, 0xFC03, 0xFC03,
  0xFC03, 0xFC03, 0xFC03, 0xFC03, 0xFC03, 0xFC03, 0xFC03, 0x0403, 0xFC03, 0xFC03,
  0xFC03, 0xFC03, 0xFC03, 0xFC03, 0xFC03, 0xFC03, 0xFC03, 0xFC03, 0xFC03, 0xFC03,
  0xFC03, 0xFC03, 0xFC03, 0xFC03, 0xFC03, 0xFC03, 0xFC03, 0x0403, 0xFC03, 0xFC03,
  0xFC03, 0xFC03, 0xFC03, 0x0403, 0xFC03, 0xFC03, 0xFC03, 0xFC03, 0xFC03, 0xFC03,
  0xFC03, 0xFC03, 0xFC03, 0xFC03, 0x0403, 0xFC03, 0xFC03, 0xFC03, 0xFC03, 0xFC03,
  0xFC03, 0xFC03, 0xFC03, 0xFC03, 0xFC03, 0xFC03, 0xFC03, 0xFC03, 0xFC03, 0xFC03,
  0xFC03, 0xFC03, 0xFC03, 0x0403, 0xFC03, 0xFC03, 0xFC03, 0xFC03, 0xFC03, 0x0403,
  0xFC03, 0xFC03, 0xFC03, 0xFC03, 0xFC03, 0xFC03, 0xFC03, 0xFC03, 0x0403, 0xFC03,
  0xFC03, 0xFC03, 0x0403, 0xFC03, 0xFC03, 0xFC03, 0xFC03, 0xFC03, 0xFC03, 0x0403,
  0x0403, 0x0403, 0xFC03, 0x0403, 0xFC03, 0xFC03, 0xFC03, 0xFC03, 0xFC03, 0xFC03,
  0x0403, 0xFC03, 0xFC03, 0xFC03, 0xFC03, 0xFC03, 0xFC03, 0x0403, 0xFC03, 0xFC03,
  0x0403, 0x0403, 0xFC03, 0xFC03, 0xFC03, 0xFC03, 0xFC03, 0xFC03, 0xFC03, 0xFC03,
  0xFC03, 0x0403, 0xFC03, 0x0403, 0xFC03, 0x0403, 0xFC03, 0xFC03, 0xFC03, 0x0403,
  0xFC03, 0xFC03, 0x0403, 0x0403, 0xFC03, 0xFC03, 0xFC03, 0xFC03, 0xFC03, 0xFC03,
  0xFC03, 0xFC03, 0xFC03, 0xFC03, 0xFC03, 0xFC03, 0xFC03, 0x0403, 0xFC03, 0x0403,
  0xFC03, 0x0403, 0xFC03, 0x0403, 0x0403, 0x0403, 0xFC03, 0xFC03, 0x0403, 0x0403,
  0x0403, 0x0403, 0xFC03, 0xFC03, 0xFC03, 0xFC03, 0xFC03, 0xFC03, 0xFC03, 0xFC03,
  0x0403, 0xFC03, 0xFC03, 0xFC03, 0xFC03, 0x0403, 0xFC03, 0x0403, 0x0403, 0xFC03,
  0xFC03, 0xFC03, 0xFC03, 0xFC03, 0xFC03, 0x0403, 0x0403, 0x0403, 0xFC03, 0xFC03,
  0x0403, 0xFC03, 0xFC03, 0xFC03, 0x0403, 0xFC03, 0xFC03, 0xFC03, 0xFC03, 0xFC03,
  0x0403, 0xFC03, 0xFC03, 0xFC03, 0xFC03, 0xFC03, 0xFC03, 0x0403, 0x0403, 0xFC03,
  0x0403, 0xFC03, 0x0403, 0xFC03, 0xFC03, 0xFC03, 0x0403, 0x0403, 0xFC03, 0x0403,
  0xFC03, 0xFC03, 0xFC03, 0xFC03, 0xFC03, 0xFC03, 0x0403, 0x0403, 0x0403, 0x0403,
  0xFC03, 0xFC03, 0xFC03, 0xFC03, 0xFC03, 0xFC03, 0xFC03, 0xFC03, 0xFC03, 0xFC03,
  0xFC03, 0xFC03, 0x0403, 0xFC03, 0xFC03, 0xFC03, 0xFC03, 0xFC03, 0xFC03, 0xFC03,
  0xFC03, 0xFC03, 0xFC03, 0xFC03, 0xFC03, 0x0403, 0x0403, 0x0403, 0xFC03, 0xFC03,
  0xFC03, 0xFC03, 0x0403, 0xFC03, 0x0403, 0xFC03, 0xFC03, 0x0403, 0x0403, 0xFC03,
  0xFC03, 0xFC03, 0xFC03, 0xFC03, 0xFC03, 0xFC03, 0xFC03, 0xFC03, 0xFC03, 0xFC03,
  0xFC03, 0xFC03, 0xFC03, 0x0403, 0xFC03, 0xFC03, 0xFC03, 0xFC03, 0xFC03, 0x0403,
  0x0403, 0xFC03, 0xFC03, 0xFC03, 0xFC03, 0xFC03, 0xFC03, 0x0403, 0xFC03, 0xFC03,
  0xFC03, 0xFC03, 0x0403, 0x0403, 0xFC03, 0xFC03, 0xFC03, 0x0403, 0xFC03, 0xFC03,
  0x0403, 0x0403, 0xFC03, 0xFC03, 0xFC03, 0x0403, 0xFC03, 0xFC03, 0xFC03, 0xFC03,
  0xFC03, 0xFC03, 0xFC03, 0x0403, 0xFC03, 0xFC03, 0xFC03, 0x0403, 0xFC03, 0xFC03,
  0xFC03, 0xFC03, 0x0403, 0x0403, 0xFC03, 0xFC03, 0xFC03, 0x0403, 0xFC03, 0x0403,
  0xFC03, 0xFC03, 0xFC03, 0xFC03, 0xFC03, 0xFC03, 0xFC03, 0x0403, 0xFC03, 0xFC03,
  0xFC03, 0xFC03, 0xFC03, 0xFC03, 0x0403, 0xFC03, 0x0403, 0x0403, 0x0403, 0xFC03,
  0xFC03, 0xFC03, 0xFC03, 0xFC03, 0xFC03, 0xFC03, 0xFC03, 0x0403, 0x0003, 0x0003,
  0x0003, 0x0003, 0x0003, 0x0003, 0x0003, 0x0003, 0x0003, 0x0003, 0x0003, 0x0003,
  0x0003, 0x0003, 0x0003, 0x0003, 0x0003, 0x0003, 0x0003, 0x0003, 0x0003, 0x0003,
  0x0003, 0x0003, 0x0003, 0x0003, 0x0003, 0x0003, 0x0003, 0x0003, 0x0003, 0x0003,
  0x0003, 0x0003, 0x0001, 0x0001, 0x0001, 0x0001, 0x0001, 0x0001, 0x0001, 0x0001,
  0x0001, 0x0001, 0x0001, 0x0001, 0x0001, 0x0001, 0x0001, 0x0001, 0x0001, 0x0001,
  0x0001, 0x0001, 0x0001, 0x0001, 0x0001, 0x0001, 0x0001, 0x0001, 0x0001, 0x0001,
  0x0001, 0x0001, 0x0001, 0x0001, 0xFC01, 0x0001, 0x0001, 0x0001, 0x0001, 0x0001,
  0x0001, 0x0001, 0x0CCD, 0x0001, 0xFC01, 0x0001, 0x0001, 0x0001, 0x0001, 0x0CCD,
  0x0001, 0x0001, 0xFC01, 0xFC01, 0x0CCD, 0x0401, 0x0001, 0x0001, 0x0CA9, 0xFC01,
  0xFC01, 0x0001, 0x1C01, 0x1C01, 0x1C01, 0x0001, 0x0CCD, 0x0CCD, 0x0CCD, 0x0CCD,
  0x0CA9, 0x0CA9, 0x0CCD, 0x0CCD, 0x0CCD, 0x0CCD, 0x0CCD, 0x0CCD, 0x0CCD, 0x0CCD,
  0x0CCD, 0x0CCD, 0x0001, 0x0001, 0x0CCD, 0x0CCD, 0x0CCD, 0x0CCD, 0x0CCD, 0x0CCD,
  0x0CA9, 0x0CA9, 0x0CCD, 0x0CCD, 0x0CCD, 0x0CCD, 0x0CCD, 0x0CCD, 0x0CCD, 0x0CCD,
  0x0CA9, 0x0CA9, 0x0CCD, 0x0CCD, 0x0001, 0x0001, 0x0CCD, 0x0CCD, 0x0CCD, 0x0CCD,
  0x0CCD, 0x0CCD, 0x0CA9, 0x0CA9, 0x0CCD, 0x0001, 0x0401, 0x0401, 0x0CCD, 0x0CCD,
  0x0CA9, 0x0CA9, 0x0001, 0x0CCD, 0x0CCD, 0x0CA9, 0x0CA9, 0x0CCD, 0x0CCD, 0x0C01,
  0x0001, 0x0001, 0x0CCD, 0x0CCD, 0x0CA9, 0x0CA9, 0x0CCD, 0x0CCD, 0x0C01, 0x0001,
  0x0001, 0x0CCD, 0x0CCD, 0x0CCD, 0x0CCD, 0x0CCD, 0x0CCD, 0x0001, 0x0001, 0x0CCD,
  0x0CCD, 0x0CA9, 0x0CA9, 0x0CCD, 0x0CCD, 0x0CCD, 0x0CCD, 0x0CCD, 0x0CCD, 0x0CA9,
  0x0CA9, 0x0CCD, 0x0CCD, 0x0CA9, 0x0CA9, 0x0CCD, 0x0CCD, 0x0001, 0x0001, 0x0CCD,
  0x0CCD, 0x0CCD, 0x0CCD, 0x0CCD, 0x0CCD, 0x0CCD, 0x0CCD, 0x0CCD, 0x0CCD, 0x0CA9,
  0x0CA9, 0x0CCD, 0x0CCD, 0x0CCD, 0x0CCD, 0x0CCD, 0x0CCD, 0x0CCD, 0x0CCD, 0x0CCD,
  0x0CCD, 0x0CCD, 0xFC01, 0x0001, 0x0001, 0x0001, 0x0001, 0x14CD, 0x14CD, 0x14CD,
  0x0401, 0x0401, 0x0401, 0x0401, 0x0401, 0x0401, 0x0CCD, 0x0CCD, 0x0CCD, 0x0CCD,
  0x0CCD, 0x0CCD, 0x0CCD, 0x0CCD, 0x1CCD, 0x1CCD, 0x1CCD, 0x1CCD, 0x1CCD, 0x1CCD,
  0x1CCD, 0x1CCD, 0x0001, 0x1CCD, 0x1CCD, 0x1CCD, 0x1CCD, 0x14CD, 0x14CD, 0x0001,
  0x0001, 0x0CCD, 0x0CCD, 0x0CCD, 0x0CCD, 0x0CA9, 0x0CA9, 0x1CCD, 0x1CCD, 0x14CD,
  0x14CD, 0x0CCD, 0x0401, 0x0401, 0x0401, 0x0CCD, 0x0CCD, 0x0001, 0x0001, 0x0CCD,
  0x0CCD, 0x1CCD, 0x1CCD, 0x14CD, 0x14CD, 0x14CD, 0x14CD, 0x0001, 0x0001, 0x0001,
  0x0001, 0x0001, 0x0001, 0x0001, 0x0001, 0x0001, 0x0001, 0x0001, 0x0001, 0x0001,
  0x0001, 0x0001, 0x0001, 0x0001, 0x0001, 0x0001, 0x0001, 0x0001, 0x0001, 0x0001,
  0x0001, 0x0001, 0x0001, 0x0001, 0x0001, 0x0001, 0x0001, 0x0001, 0x0001, 0x0001,
  0x0001, 0x0001, 0x0001, 0x0001, 0x0001, 0x0001, 0x0001, 0x0001, 0x0001, 0x0001,
  0x0001, 0x0001, 0x0001, 0x0001, 0x0001, 0xFC01, 0x0401, 0xFC01, 0xFC01, 0x0401,
  0x0401, 0x0401, 0xFC01, 0xFC01, 0x0001, 0x0001, 0x0001, 0x0001, 0x0001, 0x0001,
  0x0001, 0x0001, 0x0001, 0x0001, 0x0001, 0x0001, 0x0001, 0x0001, 0x0001, 0x0001,
  0x0001, 0x0001, 0x0001, 0x0001, 0x0001, 0x0001, 0x0001, 0x0001, 0x0CCD, 0x0CCD,
  0x0CCD, 0x0CA9, 0x0CCD, 0x0CCD, 0x0001, 0x0001, 0x0401, 0xFC01, 0xFC01, 0xFC01,
  0x0401, 0x0001, 0x0001, 0x0001, 0x0001, 0x0001, 0x0001, 0x0001, 0x0001, 0x0001,
  0x0001, 0x0001, 0x0001, 0x0001, 0x0001, 0x0001, 0x0001, 0x0001, 0x0001, 0x0001,
  0x0001, 0x0001, 0x0001, 0x0001, 0x0001, 0x0001, 0x0001, 0x0001, 0x04CD, 0x04CD,
  0x00CD, 0x04CD, 0x14CD, 0x00DD, 0x00CD, 0x00B9, 0x00B9, 0x00B9, 0x00CD, 0x00CD,
  0x00CD, 0x00B9, 0x00B9, 0x0001, 0x00CD, 0x00CD, 0x00CD, 0x00B9, 0x00B9, 0x00B9,
  0x00B9, 0x00CD, 0x00D1, 0x00B9, 0x00B9, 0x00CD, 0x00D5, 0x00D9, 0x00D9, 0x00D5,
  0x00D9, 0x00D9, 0x00D5, 0x00CD, 0x00CD, 0x00CD, 0x00CD, 0x00CD, 0x00CD, 0x00CD,
  0x00CD, 0x00CD, 0x00CD, 0x00CD, 0x00CD, 0x00CD, 0x0001, 0x0001, 0x0001, 0x0001,
  0x0401, 0x0001, 0x0001, 0x0001, 0x0001, 0x0001, 0x0CDD, 0x0001, 0x0001, 0x0001,
  0xFC01, 0x0001, 0x0001, 0x0001, 0x0001, 0x0CCD, 0x1CCD, 0x14CD, 0x0401, 0x14CD,
  0x14CD, 0x14CD, 0x0001, 0x14CD, 0x0001, 0x14CD, 0x14CD, 0x24CD, 0x0001, 0x0001,
  0x0001, 0x0001, 0x0001, 0x0001, 0x0001, 0x0001, 0x0001, 0x0001, 0x0001, 0x0001,
  0x0001, 0x0001, 0x0001, 0x0001, 0x0001, 0x0001, 0x0001, 0x0001, 0x0001, 0x0001,
  0x0001, 0x0001, 0x0001, 0x14CD, 0x14CD, 0x14CD, 0x14CD, 0x14CD, 0x14CD, 0x24CD,
  0x0001, 0x0001, 0x0001, 0x0001, 0x0001, 0x0001, 0x0001, 0x0001, 0x0001, 0x0001,
  0x0001, 0x0001, 0x0001, 0x0001, 0x0001, 0x14CD, 0x14CD, 0x14CD, 0x14CD, 0x14CD,
  0x0001, 0x0401, 0x0401, 0x0401, 0x14CD, 0x14CD, 0x0401, 0x0401, 0x0001, 0x0001,
  0x0001, 0x0001, 0x0001, 0x0001, 0x0001, 0x0001, 0x0001, 0x0001, 0x0001, 0x0001,
  0x0001, 0x0001, 0x0001, 0x0001, 0x0001, 0x0001, 0x0001, 0x0001, 0x0001, 0x0001,
  0x0001, 0x0001, 0x0001, 0x0401, 0x0401, 0x0401, 0x0001, 0x0401, 0x0401, 0x0001,
  0x0001, 0x0001, 0x0401, 0x0001, 0x0001, 0x0001, 0x0001, 0x0001, 0x0001, 0x0001,
  0x1401, 0x0001, 0x0001, 0x0001, 0x0001, 0x0001, 0x0001, 0x0001, 0x0001, 0x0001,
  0x00B9, 0x00CD, 0x00CD, 0x00CD, 0x00CD, 0x00B9, 0x00CD, 0x00CD, 0x00CD, 0x00BD,
  0x00B9, 0x00CD, 0x00CD, 0x00CD, 0x00CD, 0x00CD, 0x00CD, 0x00B9, 0x00B9, 0x00B9,
  0x00B9, 0x00B9, 0x00B9, 0x00CD, 0x00CD, 0x00B9, 0x00CD, 0x00CD, 0x00BD, 0x00C9,
  0x00CD, 0x0019, 0x001D, 0x0021, 0x0025, 0x0029, 0x002D, 0x0031, 0x0035, 0x0039,
  0x003D, 0x003D, 0x0041, 0x0045, 0x0049, 0x0001, 0x004D, 0x0001, 0x0001, 0x0001,
  0x0001, 0x0001, 0x0001, 0x0001, 0x0001, 0x0001, 0x0001, 0x0001, 0x005D, 0x0061,
  0x0065, 0x0069, 0x006D, 0x0071, 0x0075, 0x0079, 0x00CD, 0x00CD, 0x00B9, 0x00B9,
  0x00CD, 0x00CD, 0x00CD, 0x00CD, 0x00CD, 0x00B9, 0x00CD, 0x00CD, 0x00B9, 0x0001,
  0x0001, 0x0001, 0x0001, 0x0001, 0x0001, 0x0001, 0x0001, 0x0001, 0x0001, 0x0001,
  0x0001, 0x0001, 0x0001, 0x0001, 0x0001, 0x007D, 0x0001, 0x0001, 0x0001, 0x0001,
  0x1401, 0x1401, 0x1401, 0x1401, 0x0001, 0x0001, 0x0001, 0x0001, 0x0001, 0x0001,
  0x0001, 0x0002, 0x0002, 0x0002, 0x0002, 0x0002, 0x0002, 0x0002, 0x0002, 0x0002,
  0x0002, 0x0002, 0x0002, 0x0002, 0x0002, 0x0002, 0x0002, 0x0002, 0x0002, 0x0002,
  0x0002, 0x0002, 0x0002, 0x0002, 0x0002, 0x0002, 0x0002, 0x0002, 0x0002, 0x0002,
  0x0002, 0x0002, 0x0002, 0x0002, 0x0002, 0x0002, 0x0002, 0x0002, 0x0002, 0x0002,
  0x0002, 0x0002, 0x0002, 0x0002, 0x0002, 0x0002, 0x0002, 0x0002, 0x0002, 0x0002,
  0x0002, 0x0002, 0x1C02, 0x0002, 0x0002, 0x0002, 0x0002, 0x008E, 0x008E, 0x0016,
  0x0002, 0x0002, 0x0002, 0x0002, 0x0002, 0x0002, 0x0002, 0x0002, 0x0002, 0x0002,
  0x0002, 0x0002, 0x0002, 0x0002, 0x0002, 0x0002, 0x0002, 0x0002, 0x0002, 0x0002,
  0x0002, 0x0002, 0x0002, 0x0002, 0x0002, 0x0002, 0x0002, 0x0002, 0x0002, 0x0002,
  0x0002, 0x0002, 0x0002, 0x0002, 0x0002, 0x0002, 0x0002, 0x0002, 0x0002, 0x0002,
  0x0002, 0x0002, 0x0002, 0x0002, 0x0002, 0x0002, 0x0002, 0x0002, 0x0002, 0x0002,
  0x0002, 0x1C02, 0x0002, 0x0002, 0x0002, 0x0002, 0x0096, 0x0096, 0x0016, 0x0002,
  0x0002, 0x0002, 0x0002, 0x0002, 0x0002, 0x0002, 0x0002, 0x009A, 0x009A, 0x009A,
  0x009A, 0x0002, 0x0002, 0x0002, 0x0002, 0x0002, 0x0002, 0x0002, 0x0002, 0x0002,
  0x0002, 0x0002, 0x0002, 0x0002, 0x0002, 0x0002, 0x0002, 0x1C02, 0x1C02, 0x0002,
  0x0002, 0x0002, 0x0002, 0x0002, 0x0002, 0x0002, 0x0002, 0x0002, 0x0002, 0x0002,
  0x0002, 0x0002, 0x0002, 0x0002, 0x0002, 0x0002, 0x0002, 0x0002, 0x0002, 0x0002,
  0x0002, 0x0002, 0x0002, 0x0002, 0x0002, 0x0002, 0x0002, 0x0002, 0x0002, 0x0002,
  0x0002, 0x0002, 0x0002, 0x0402, 0x0002, 0x0002, 0x0002, 0x0002, 0x0002, 0x0002,
  0x0002, 0x0002, 0x0002, 0x0002, 0x0002, 0x00BA, 0x00BA, 0x0002, 0x0002, 0x0002,
  0x0002, 0x0002, 0x0002, 0x0002, 0x0002, 0x0002, 0x0002, 0x0002, 0x0002, 0x0002,
  0x0002, 0x0002, 0x0002, 0x0002, 0x0002, 0x0002, 0x0002, 0x0002, 0x0002, 0x0002,
  0x0002, 0x0002, 0x0002, 0x0002, 0x00BA, 0x0002, 0x00BA, 0x0002, 0x00B2, 0x0002,
  0x0002, 0x0002, 0x0002, 0x0002, 0x0002, 0x1C02, 0x0002, 0x0002, 0x0002, 0x0002,
  0x0002, 0x0002, 0x0002, 0x0002, 0x0002, 0x1C02, 0x0002, 0x0002, 0x0002, 0x0002,
  0x1C02, 0x0002, 0x0002, 0x0002, 0x0002, 0x1C02, 0x0002, 0x0002, 0x0002, 0x0002,
  0x1C02, 0x0002, 0x0002, 0x0002, 0x0002, 0x0002, 0x0002, 0x0002, 0x0002, 0x0002,
  0x0002, 0x0002, 0x0002, 0x1C02, 0x0002, 0x0002, 0x0002, 0x0002, 0x0002, 0x0002,
  0x0002, 0x009E, 0x00A2, 0x7CA2, 0x00A6, 0x7CA6, 0x1CA2, 0x7CA2, 0x1CA2, 0x7CA2,
  0x00A2, 0x00A2, 0x00A2, 0x00A2, 0x0002, 0x0002, 0x0002, 0x0002, 0x0002, 0x0002,
  0x0002, 0x0002, 0x0002, 0x0002, 0x0002, 0x0002, 0x0002, 0x0002, 0x0002, 0x0002,
  0x0002, 0x0002, 0x0002, 0x0002, 0x0002, 0x0002, 0x0002, 0x0002, 0x0002, 0x0002,
  0x0002, 0x0002, 0x0002, 0x0002, 0x0002, 0x0002, 0x0002, 0x0002, 0x0002, 0x0002,
  0x0002, 0x0002, 0x0002, 0x0002, 0x0002, 0x0002, 0x0002, 0x0002, 0x0002, 0x0002,
  0x0002, 0x0002, 0x0002, 0x0002, 0x0002, 0x0002, 0x0002, 0x0002, 0x0002, 0x0002,
  0x0002, 0x0002, 0x0002, 0x0002, 0x0402, 0x0002, 0x0002, 0x0002, 0x0002, 0x0002,
  0x0002, 0x0002, 0x0002, 0x0002, 0x0002, 0x0002, 0x0002, 0x0002, 0x0002, 0x0002,
  0x0002, 0x0002, 0x0002, 0x0002, 0x0002, 0x0002, 0x0002, 0x0002, 0x0002, 0x0002,
  0x0002, 0x0002, 0x0002, 0x0002, 0x0002, 0x0002, 0x0002, 0x0002, 0x0002, 0x0002,
  0x0002, 0x0002, 0x0002, 0x0002, 0x0002, 0x0002, 0x0002, 0x0002, 0x0002, 0xF402,
  0xFC02, 0xF402, 0x0002, 0xF402, 0xF402, 0xFC02, 0xF402, 0xF402, 0xF402, 0xF402,
  0xF402, 0xF402, 0xF402, 0xF402, 0x0002, 0xF402, 0xFC02, 0xF402, 0xF402, 0xF402,
  0xF402, 0xFC02, 0xFC02, 0x0402, 0xF402, 0xF402, 0xF402, 0xFC02, 0xFC02, 0xFC02,
  0xF402, 0x0002, 0xF402, 0xF402, 0xFC02, 0xF402, 0xFC02, 0x0402, 0x0402, 0xF402,
  0xF402, 0xF402, 0x0402, 0xFC02, 0xF402, 0x0402, 0xFC02, 0xFC02, 0xFC02, 0xFC02,
  0xFC02, 0xF402, 0xF402, 0xF402, 0xF402, 0xFC02, 0xFC02, 0xFC02, 0xFC02, 0xFC02,
  0x0002, 0x0002, 0x0002, 0x0002, 0x0002, 0x0002, 0x0002, 0x0002, 0x0002, 0x0002,
  0x0002, 0x0002, 0x0002, 0xFC02, 0x0002, 0x0002, 0x0002, 0x0002, 0x0002, 0x0002,
  0x0002, 0x0002, 0x0002, 0x0002, 0x0002, 0x0002, 0x0002, 0x0002, 0x0002, 0x0002,
  0x0002, 0x0002, 0x0002, 0x0002, 0x0002, 0x0002, 0x0002, 0x0002, 0x0002, 0x0002,
  0x0002, 0xFC02, 0xF402, 0xFC02, 0xFC02, 0xFC02, 0xF402, 0xFC02, 0xFC02, 0xFC02,
  0xFC02, 0xFC02, 0xFC02, 0x0402, 0xFC02, 0xFC02, 0x0402, 0xFC02, 0xFC02, 0xFC02,
  0xFC02, 0xFC02, 0xFC02, 0xFC02, 0xFC02, 0xFC02, 0xFC02, 0xFC02, 0xFC02, 0xFC02,
  0x0402, 0xFC02, 0xFC02, 0xF402, 0xFC02, 0xFC02, 0xFC02, 0xFC02, 0x04CE, 0x04CE,
  0x04CE, 0x04CE, 0x04CE, 0x04CE, 0x04CE, 0x04CE, 0x04BA, 0x04BA, 0x04CE, 0x04CE,
  0x04CE, 0x04CE, 0x04CE, 0x04CE, 0x04CE, 0x04CE, 0x04BA, 0x04BA, 0x04BA, 0x04BA,
  0x04BA, 0x04CE, 0x04CE, 0x04CE, 0x0402, 0x04CE, 0x0002, 0x0002, 0x0002, 0x0002,
  0x04BA, 0x04BA, 0x04CE, 0x04CE, 0x14CE, 0x14CE, 0x14CE, 0x14CE, 0x14CE, 0x14CE,
  0x14CE, 0x14CE, 0x14CE, 0x14CE, 0x14CE, 0x14CE, 0x14CE, 0x14CE, 0x14CE, 0x14CE,
  0x14CE, 0x14CE, 0x14CE, 0x14CE, 0x04BA, 0x04BA, 0x04CE, 0x04CE, 0x04CE, 0x04CE,
  0x14CE, 0x14CE, 0x1CDE, 0x1CDE, 0x2CDE, 0x2CDE, 0x2CDE, 0x2CDE, 0x2CDE, 0x2CDE,
  0x1CDE, 0x1CDE, 0x2CDE, 0x2CDE, 0x2CDE, 0x2CDE, 0x2CDE, 0x2CDE, 0x1CDE, 0x1CDE,
  0x2CDE, 0x2CDE, 0x2CDE, 0x2CDE, 0x2CDE, 0x2CDE, 0x1CDE, 0x1CDE, 0x2CDE, 0x2CDE,
  0x2CDE, 0x2CDE, 0x2CDE, 0x2CDE, 0x1CDE, 0x1CDE, 0x2CDE, 0x2CDE, 0x2CDE, 0x2CDE,
  0x2CDE, 0x2CDE, 0x1CDE, 0x1CDE, 0x2CDE, 0x2CDE, 0x2CDE, 0x2CDE, 0x2CDE, 0x2CDE,
  0x0CCE, 0x0CCE, 0x1CDE, 0x0CDE, 0x1CDE, 0x0002, 0x0CCE, 0x1CDE, 0x0CCE, 0x0CCE,
  0x0CCE, 0x0CCE, 0x0CDE, 0x04CE, 0xFC02, 0x04CE, 0x14CE, 0x1CDE, 0x0CDE, 0x1CDE,
  0x0002, 0x0CCE, 0x1CDE, 0x0CCE, 0x0CCE, 0x0CCE, 0x0CCE, 0x0CDE, 0x14CE, 0x14CE,
  0x14CE, 0x0CCE, 0x0CCE, 0x1CCE, 0x1CCE, 0x0002, 0x0002, 0x0CCE, 0x1CCE, 0x0CCE,
  0x0CCE, 0x0CCE, 0x0CCE, 0x0002, 0x14CE, 0x14CE, 0x14CE, 0x0CCE, 0x0CCE, 0x1CCE,
  0x1CCE, 0x0CCE, 0x0CCE, 0x0CCE, 0x1CCE, 0x0CCE, 0x0CCE, 0x0CCE, 0x0CCE, 0x0CCE,
  0x14CE, 0x14CE, 0xF402, 0x0002, 0x0002, 0x1CDE, 0x0CDE, 0x1CDE, 0x0002, 0x0CCE,
  0x1CDE, 0x0CCE, 0x0CCE, 0x0CCE, 0x0CCE, 0x0CDE, 0x04CE, 0x04CE, 0x0002, 0xF402,
  0xF402, 0xF402, 0xF402, 0xF402, 0xF402, 0xF402, 0xF402, 0xF402, 0xF402, 0xF402,
  0x0002, 0x0002, 0x0002, 0x0002, 0x0002, 0x0002, 0x0402, 0x0002, 0x0002, 0x0002,
  0x0002, 0x0002, 0x04BA, 0x0002, 0x0002, 0x0002, 0x0002, 0x0002, 0x0002, 0x0002,
  0x0002, 0x0002, 0x0002, 0x0002, 0x0002, 0xF402, 0xFC02, 0x0402, 0x0002, 0x0002,
  0x0002, 0x0002, 0x0002, 0x0002, 0x0002, 0x0002, 0xF402, 0x0002, 0x0002, 0x0002,
  0x1C02, 0x7C02, 0x0002, 0x1C02, 0x7C02, 0x0002, 0x0002, 0x0002, 0x0002, 0xFC02,
  0x0002, 0x04CE, 0x0002, 0x0002, 0x0002, 0x0002, 0x0002, 0x0002, 0x0002, 0xFC02,
  0xFC02, 0xFC02, 0x0002, 0x0002, 0x0002, 0x0002, 0x0002, 0x0002, 0x0002, 0x0002,
  0x0002, 0x0002, 0x0002, 0x0002, 0x0002, 0x7C02, 0x0002, 0x0002, 0x0002, 0x0002,
  0x0002, 0x0002, 0x0002, 0xF402, 0x0002, 0x0002, 0x0002, 0x0002, 0x0002, 0x0002,
  0x0002, 0x0002, 0x0002, 0x0002, 0x0002, 0x0002, 0x0002, 0x0002, 0x0002, 0x0002,
  0xF402, 0xF402, 0x0002, 0x0002, 0xF402, 0xF402, 0xF402, 0xF402, 0xF402, 0xF402,
  0xF402, 0x0402, 0xF402, 0xF402, 0xF402, 0xF402, 0xF402, 0xF402, 0xF402, 0xF402,
  0xF402, 0xF402, 0xF402, 0x0402, 0xF402, 0xF402, 0xF402, 0x0002, 0xF402, 0xF402,
  0xF402, 0xF402, 0xFC02, 0xF402, 0xF402, 0xF402, 0xF402, 0xF402, 0xF402, 0xF402,
  0xF402, 0x0002, 0x0002, 0x0002, 0x0002, 0x0002, 0x0002, 0x0002, 0x0002, 0x0002,
  0x0002, 0x0002, 0xFC02, 0x0002, 0x0002, 0x0002, 0x0002, 0x0002, 0x0002, 0x0002,
  0x0002, 0x0002, 0x0002, 0x0002, 0x0002, 0x0002, 0x0002, 0x0002, 0x0002, 0x0002,
  0x0002, 0x0002, 0x0002, 0x0002, 0x0002, 0x0002, 0x0402, 0x0402, 0xF402, 0x0402,
  0x0002, 0x0402, 0x0402, 0xFC02, 0x0002, 0x0402, 0xF402, 0xF402, 0xF402, 0xF402,
  0xF402, 0xFC02, 0xF402, 0xF402, 0xF402, 0xF402, 0x0002, 0xF402, 0xFC02, 0x0002,
  0x0002, 0xF402, 0xF402, 0xF402, 0xF402, 0xF402, 0x0002, 0x0002, 0xFC02, 0x0402,
  0xFC02, 0x0002, 0xF402, 0x0002, 0xFC02, 0x0002, 0xF402, 0x0002, 0xF402, 0x04CE,
  0xF402, 0xF402, 0x0002, 0xF402, 0xF402, 0xF402, 0x0002, 0xF402, 0xF402, 0xFC02,
  0xFC02, 0xFC02, 0xFC02, 0xF402, 0x0002, 0x0402, 0xFC02, 0xFC02, 0xFC02, 0xFC02,
  0x0402, 0x0002, 0x0002, 0x0002, 0x0002, 0xF402, 0xF402, 0xF402, 0xF402, 0xF402,
  0x0002, 0x0002, 0x0002, 0x0002, 0x0002, 0x0002, 0x1402, 0x1402, 0x1C02, 0x1402,
  0x1402, 0x1402, 0x1402, 0x1402, 0x1402, 0x1402, 0x1402, 0x1402, 0x1402, 0x1402,
  0x1402, 0x0C02, 0xF402, 0xFC02, 0x0402, 0xFC02, 0xF402, 0xFC02, 0x0402, 0x0C02,
  0xFC02, 0xF402, 0xFC02, 0x0402, 0xF402, 0xF402, 0xF402, 0xF402, 0xF402, 0xFC02,
  0x0402, 0xFC02, 0xF402, 0xFC02, 0x0402, 0x0C02, 0xFC02, 0xF402, 0xFC02, 0x0402,
  0xF402, 0xF402, 0xF402, 0xF402, 0x0002, 0x0002, 0x0002, 0x0002, 0x0002, 0x0002,
  0x0002, 0x0002, 0x0002, 0x1402, 0x0002, 0x0002, 0x0002, 0x0002, 0x0002, 0x0002,
  0x0002, 0x0002, 0x0002, 0x0002, 0x0002, 0x0002, 0x0002, 0x0002, 0x0002, 0x0002,
  0x1406, 0x1406, 0x0002, 0x0002, 0x0002, 0x0002, 0x0002, 0x0002, 0x0002, 0x0002,
  0x0002, 0x0002, 0x0002, 0x0002, 0x0002, 0x0002, 0x0002, 0x0002, 0x0002, 0x0002,
  0x1406, 0x0002, 0x0002, 0x0002, 0x0002, 0x0002, 0x0002, 0x0002, 0x0002, 0x0002,
  0x0002, 0x0002, 0x0002, 0x0002, 0x0002, 0x0002, 0x0002, 0x0002, 0x1406, 0x0002,
  0x0002, 0x0002, 0x0002, 0x1406, 0x0002, 0x0002, 0x1406, 0x0002, 0x0002, 0x0002,
  0x0002, 0x0002, 0x0002, 0x0002, 0x0002, 0x0002, 0x0002, 0x0002, 0x0002, 0x0002,
  0x0002, 0x0002, 0x0002, 0x0002, 0x0002, 0x0002, 0x0002, 0x0002, 0x0002, 0x0002,
  0x1406, 0x0002, 0x1406, 0x0002, 0x0002, 0x0002, 0x0002, 0x0002, 0x1C02, 0x7C02,
  0x0002, 0x1C02, 0x7C02, 0x0002, 0x0002, 0x0002, 0x0002, 0x0002, 0x0002, 0x0002,
  0x0002, 0x0002, 0x0002, 0x0002, 0x0002, 0x0002, 0x0002, 0x0002, 0x0002, 0x0002,
  0x0002, 0x0002, 0x0002, 0x0002, 0x0002, 0x0002, 0x0002, 0x0002, 0x0002, 0x0002,
  0x0002, 0x0002, 0x0002, 0x0002, 0x0002, 0xF402, 0xF402, 0xF402, 0xF402, 0xF402,
  0xF402, 0xF402, 0xF402, 0xF402, 0xFC02, 0xFC02, 0xFC02, 0xFC02, 0xFC02, 0xFC02,
  0xFC02, 0xFC02, 0xFC02, 0xFC02, 0xFC02, 0x0402, 0x0402, 0x0402, 0x0402, 0x0402,
  0x0402, 0x0402, 0x0402, 0x0402, 0x0C02, 0x0C02, 0x0C02, 0x0C02, 0x0C02, 0x0C02,
  0x0C02, 0x0C02, 0xFC02, 0xFC02, 0xFC02, 0xFC02, 0xFC02, 0xFC02, 0xFC02, 0xFC02,
  0xFC02, 0x0402, 0x0402, 0x0402, 0x0402, 0x0402, 0x0402, 0x0402, 0x0402, 0x0402,
  0x0402, 0x0402, 0x0402, 0x0402, 0x0402, 0x0402, 0x0402, 0x0402, 0x0402, 0x0402,
  0x0402, 0x0402, 0x0402, 0x0402, 0x0402, 0x0402, 0x0402, 0x0402, 0x0402, 0x0402,
  0x0402, 0x0402, 0x0402, 0x0402, 0x0402, 0x0402, 0x0402, 0x0402, 0xF402, 0xF402,
  0xF402, 0xF402, 0xF402, 0xF402, 0xF402, 0xF402, 0xF402, 0xF402, 0xF402, 0xF402,
  0xF402, 0xF402, 0xF402, 0xF402, 0xF402, 0xF402, 0xF402, 0xF402, 0xF402, 0xF402,
  0xF402, 0xF402, 0xF402, 0xF402, 0xF402, 0xF402, 0xF402, 0xF402, 0xF402, 0xF402,
  0xF402, 0xF402, 0xF402, 0xF402, 0xF402, 0xF402, 0xF402, 0xF402, 0xF402, 0xF402,
  0xF402, 0x0002, 0x0002, 0x0002, 0x0002, 0x0002, 0x0002, 0x0002, 0x0002, 0x0002,
  0x0002, 0x0002, 0x0002, 0x0002, 0x0002, 0x0002, 0x0002, 0x0002, 0x0002, 0x0002,
  0x0002, 0x0002, 0x7C02, 0x0002, 0x0002, 0x0002, 0x0002, 0x0002, 0x0002, 0x0002,
  0x0002, 0x0002, 0x0002, 0x0002, 0x0002, 0x0002, 0x0002, 0x0002, 0x0002, 0x0002,
  0x0002, 0x0002, 0x0002, 0x0002, 0x0002, 0x0002, 0x0002, 0x0002, 0x0002, 0x0002,
  0x0002, 0x0002, 0x0002, 0x0002, 0x0002, 0x0002, 0x0002, 0x0002, 0x0002, 0x0002,
  0x0002, 0x0002, 0x0002, 0x0002, 0x0002, 0x0002, 0x0002, 0x0002, 0x0002, 0x0002,
  0x0002, 0x0002, 0x0002, 0x0002, 0x0002, 0x0402, 0xFC02, 0x0402, 0x0002, 0x0002,
  0x0002, 0x0002, 0x0002, 0x0002, 0x0002, 0x0002, 0x0002, 0x0002, 0x0002, 0x0002,
  0x0002, 0x0002, 0x0002, 0x0002, 0x0002, 0x0002, 0x0002, 0x0002, 0x0002, 0x0002,
  0x0002, 0x0002, 0x0002, 0x0002, 0x0002, 0x0002, 0x0002, 0x0002, 0x0002, 0x0002,
  0x0002, 0x0002, 0x0002, 0x0002, 0x0002, 0x0002, 0x0002, 0x0002, 0x0002, 0x0002,
  0x0002, 0x0002, 0x0002, 0x0002, 0x0002, 0x0002, 0x0002, 0x0002, 0x0002, 0x0002,
  0x0002, 0x0002, 0x0002, 0x0002, 0x0002, 0x0002, 0x0002, 0x0002, 0xF402, 0xF402,
  0x0002, 0x0002, 0x0002, 0x0002, 0x0002, 0x0002, 0x0002, 0x0002, 0x0002, 0x0002,
  0x0002, 0x0002, 0x0002, 0x0002, 0x0002, 0x0002, 0x0002, 0x0002, 0x0002, 0x0002,
  0x0002, 0x0002, 0x0002, 0x0002, 0x0002, 0x0002, 0x0002, 0x0002, 0x0002, 0x0002,
  0x0002, 0x0002, 0x0002, 0x0002, 0x0002, 0x0002, 0x0002, 0x0002, 0x0002, 0x0002,
  0x0002, 0x0002, 0x0002, 0x0002, 0x0002, 0x0002, 0x0002, 0x0402, 0x0002, 0x0002,
  0x0002, 0x0002, 0x0002, 0x0002, 0x0002, 0x0002, 0x0002, 0x0002, 0x0002, 0x0002,
  0x0002, 0x0002, 0x0002, 0x0016, 0x0402, 0x0402, 0x0402, 0x0402, 0x0402, 0x0402,
  0x0402, 0x0402, 0x0402, 0x0402, 0x0402, 0x0402, 0x0402, 0x0402, 0x0402, 0x0402,
  0x0402, 0x0402, 0x0402, 0x0402, 0x0402, 0x0402, 0x0002, 0x0002, 0x0002, 0x0002,
  0x0002, 0x0002, 0x0002, 0x0002, 0x0002, 0x0002, 0x0002, 0x0002, 0x0002, 0x0002,
  0x0002, 0x0002, 0x0002, 0x0002, 0x0002, 0x0002, 0x0002, 0x0002, 0x0002, 0x0002,
  0x0002, 0x0002, 0x0002, 0x0002, 0x0002, 0x0002, 0x0002, 0x0002, 0x0002, 0x0002,
  0x0002, 0x0002, 0x0002, 0x0002, 0x0002, 0x0002, 0x0002, 0x0002, 0xF402, 0x0002,
  0x0002, 0x0002, 0x0002, 0x0002, 0x0002, 0x0002, 0x0002, 0x0002, 0x0002, 0x0002,
  0x0002, 0x0002, 0x0002, 0x0002, 0x0002, 0x0002, 0x0002, 0x0002, 0x0002, 0x0002,
  0x0002, 0x0002, 0x0002, 0x0002, 0x0002, 0x0002, 0x0002, 0x0002, 0x0002, 0x0002,
  0x0002, 0x0002, 0x0002, 0x0002, 0x0002, 0x0002, 0x0002, 0x0002, 0x0002, 0x0002,
  0x00B6, 0x00CA, 0x00D2, 0x00BE, 0x00C2, 0x00C2, 0x0002, 0x0002, 0x0002, 0x0002,
  0x0002, 0x0002, 0x0402, 0x0002, 0x0402, 0x0402, 0x0402, 0x0002, 0x0002, 0x0002,
  0x0002, 0x0002, 0x0002, 0x0002, 0x0002, 0x0002, 0x0002, 0x0002, 0x0002, 0x0002,
  0x0002, 0x0002, 0x0002, 0x0002, 0x0002, 0x0002, 0x0002, 0x1C12, 0x0002, 0x0002,
  0x0002, 0x0002, 0x0012, 0x0012, 0x0C12, 0x0C12, 0x0002, 0x1C12, 0x1C02, 0x0002,
  0x0002, 0x0002, 0x0002, 0x0002, 0x0002, 0x0002, 0x0002, 0x0002, 0x0002, 0x0002,
  0x0002, 0x1C12, 0x0002, 0x1C12, 0x0002, 0x1C12, 0x0002, 0x1C12, 0x0002, 0x1C12,
  0x0002, 0x1C12, 0x0002, 0x1C12, 0x0002, 0x1C12, 0x0002, 0x1C12, 0x0002, 0x1C12,
  0x0002, 0x0002, 0x1C12, 0x0002, 0x1C12, 0x0002, 0x1C12, 0x0002, 0x0002, 0x0002,
  0x0002, 0x0002, 0x0002, 0x1C12, 0x1C12, 0x0002, 0x1C12, 0x1C12, 0x0002, 0x1C12,
  0x1C12, 0x0002, 0x1C12, 0x1C12, 0x0002, 0x1C12, 0x1C12, 0x0002, 0x0002, 0x0002,
  0x0002, 0x0002, 0x0002, 0x0002, 0x0002, 0x0002, 0x0002, 0x0002, 0x0002, 0x0002,
  0x0002, 0x0002, 0x0002, 0x0002, 0x0002, 0x0002, 0x0002, 0x0002, 0x0002, 0x1C12,
  0x0002, 0x0002, 0x1C12, 0x1C12, 0x1C12, 0x1C12, 0x0002, 0x0002, 0x0002, 0x1C12,
  0x1C02, 0x0002, 0x0002, 0x0002, 0x0002, 0x0002, 0x0002, 0x0002, 0x0002, 0x0002,
  0x0002, 0x0002, 0x0002, 0x0002, 0x0002, 0x0002, 0x0002, 0x0002, 0x0002, 0x0002,
  0x0002, 0x0002, 0x0002, 0x0002, 0x0002, 0x0002, 0x0002, 0x0002, 0x0002, 0x0002,
  0x0002, 0x0002, 0x0002, 0x0002, 0x0002, 0x0002, 0x0002, 0x0002, 0x0002, 0x0002,
  0x0002, 0x0002, 0x0002, 0x0002, 0x0002, 0x0002, 0x0002, 0x0002, 0x0002, 0x0002,
  0x0402, 0x0402, 0x0402, 0x0402, 0x0402, 0x0402, 0x0402, 0x0402, 0x0402, 0x0402,
  0x0402, 0x0402, 0x0402, 0x0402, 0x0402, 0x0002, 0x0002, 0x0002, 0x0402, 0x0402,
  0x0402, 0x0402, 0x0402, 0x0402, 0x0402, 0x0402, 0x0402, 0x0402, 0x0402, 0x0402,
  0x0402, 0x0402, 0x0002, 0x0002, 0x0002, 0x0002, 0x0002, 0x0002, 0x0002, 0x0002,
  0x0002, 0x0002, 0x0002, 0x0002, 0x0002, 0x0002, 0x0002, 0x0002, 0x0002, 0x0002,
  0x0002, 0x0002, 0x0002, 0x0002, 0x0002, 0x0002, 0x0002, 0x0002, 0x0002, 0x0002,
  0x0002, 0x0002, 0x0002, 0x0002, 0x1402, 0x1402, 0x1402, 0x1402, 0x1402, 0x1402,
  0x1402, 0x1402, 0x1402, 0x1402, 0x1402, 0x1402, 0x1402, 0x1402, 0x2C02, 0x2C02,
  0x2C02, 0x2C02, 0x2C02, 0x2C02, 0x2C02, 0x2C02, 0x2C02, 0x2C02, 0x2C02, 0x2C02,
  0x2C02, 0x2C02, 0x2C02, 0x7C02, 0x7C02, 0x0002, 0x1402, 0x1402, 0x1402, 0x1402,
  0x1402, 0x1402, 0x1402, 0x1402, 0x1402, 0x1402, 0x1402, 0x1402, 0x1402, 0x1402,
  0x1402, 0x1402, 0x1402, 0x1402, 0x1402, 0x1402, 0x1402, 0x1402, 0x1402, 0x1402,
  0x1402, 0x1402, 0x1402, 0x1402, 0x1402, 0x1402, 0x1402, 0x1402, 0x0402, 0x0402,
  0x0402, 0x0402, 0x0002, 0x0002, 0x0002, 0x0002, 0x0002, 0x0002, 0x0002, 0x0002,
  0x0402, 0xFC02, 0xFC02, 0xFC02, 0xFC02, 0xFC02, 0xFC02, 0xFC02, 0xFC02, 0xFC02,
  0xFC02, 0xFC02, 0xFC02, 0xFC02, 0xFC02, 0xFC02, 0x0402, 0x0402, 0x0402, 0x0402,
  0x0402, 0x0402, 0x0402, 0x0402, 0x0402, 0x0402, 0x0402, 0x0402, 0x0402, 0x0402,
  0x1C02, 0x1C02, 0x1C02, 0x1C02, 0x1C02, 0x1C02, 0x1C02, 0x1C02, 0x1C02, 0x1C02,
  0x1C02, 0x1C02, 0x1C02, 0x1C02, 0x7C02, 0x7C02, 0x1C02, 0x0002, 0x0402, 0x0402,
  0x0402, 0x0402, 0x0402, 0x0402, 0x0402, 0x0402, 0x0402, 0x0402, 0x0402, 0x0402,
  0x0402, 0x0402, 0x0402, 0x0402, 0x0402, 0x0402, 0x0402, 0x0402, 0x0402, 0x0402,
  0x0402, 0x0402, 0x0402, 0x0402, 0x0402, 0x0402, 0x0402, 0x0402, 0x0402, 0x0402,
  0x0402, 0x0402, 0x0402, 0x0402, 0x0402, 0x0402, 0x0402, 0x0402, 0x0402, 0x0402,
  0x0402, 0x0402, 0x0402, 0x0402, 0x0402, 0x0402, 0x0402, 0xFC02, 0xFC02, 0xFC02,
  0xFC02, 0xFC02, 0xFC02, 0xFC02, 0xFC02, 0xFC02, 0xFC02, 0xFC02, 0xFC02, 0xFC02,
  0xFC02, 0xFC02, 0x0C02, 0x0C02, 0x0C02, 0x0C02, 0x0C02, 0x0C02, 0x0C02, 0x0C02,
  0x0C02, 0x1402, 0x1402, 0x1402, 0xFC02, 0x0402, 0xFC02, 0x0402, 0x0402, 0x0402,
  0x0402, 0x0402, 0x0402, 0x0402, 0x0402, 0x0402, 0x0402, 0x0402, 0x0402, 0x0402,
  0x0402, 0x0402, 0x0402, 0x0402, 0x0402, 0x0402, 0x0402, 0x0402, 0x0402, 0x0402,
  0x0402, 0x0402, 0x0402, 0x0402, 0x0402, 0x0402, 0x0402, 0x0402, 0x0402, 0x0402,
  0x0402, 0x0402, 0x0402, 0x0402, 0x0402, 0x0402, 0x0402, 0x0402, 0x0402, 0x0402,
  0x0402, 0x0402, 0x0402, 0x0402, 0x0402, 0x1C02, 0x7C02, 0x7C02, 0x7C02, 0x7C02,
  0x7C12, 0x7C02, 0x7C02, 0x7C12, 0x7C02, 0x7C02, 0x7C02, 0x7C02, 0x7C02, 0x7C02,
  0x7C02, 0x7C02, 0x7C12, 0x7C02, 0x7C02, 0x7C02, 0x1C02, 0x7C02, 0x7C02, 0x7C02,
  0x7C02, 0x7C02, 0x7C02, 0x7C02, 0x7C02, 0x7C02, 0x7C12, 0x7C02, 0x7C02, 0x7C12,
  0x7C02, 0x7C02, 0x7C02, 0x7C02, 0x7C02, 0x1C02, 0x1C02, 0x7C02, 0x7C02, 0x7C02,
  0x7C02, 0x7C02, 0x7C02, 0x7C02, 0x7C02, 0x7C02, 0x7C12, 0x7C02, 0x7C02, 0x7C02,
  0x7C02, 0x7C02, 0x7C02, 0x7C02, 0x7C02, 0x7C12, 0x7C02, 0x7C02, 0x7C02, 0x1C02,
  0x7C12, 0x7C02, 0x7C02, 0x7C02, 0x7C02, 0x7C02, 0x7C02, 0x7C02, 0x7C02, 0x1C02,
  0x7C02, 0x7C12, 0x7C02, 0x7C02, 0x7C12, 0x7C02, 0x7C02, 0x7C02, 0x1C02, 0x7C02,
  0x7C02, 0x1C02, 0x7C02, 0x7C02, 0x0C02, 0x0C02, 0x0C02, 0x0C02, 0x0C02, 0x0C02,
  0x0C02, 0x0C02, 0x0C02, 0x0C02, 0x1402, 0x1402, 0x1402, 0x1402, 0x1402, 0x1402,
  0x1402, 0x1402, 0x1402, 0x1402, 0x1402, 0x1402, 0x1402, 0x1402, 0x1402, 0x0402,
  0xFC02, 0xFC02, 0x0402, 0xFC02, 0xFC02, 0xFC02, 0x0402, 0x0402, 0xFC02, 0x1C02,
  0x1C02, 0x1C02, 0x1C02, 0x7C02, 0xFC02, 0xFC02, 0x0402, 0xFC02, 0xFC02, 0xFC02,
  0xFC02, 0xFC02, 0x0402, 0x0C02, 0xFC02, 0xFC02, 0x0402, 0x0402, 0xFC02, 0xFC02,
  0xFC02, 0x0402, 0x0402, 0x0402, 0x0402, 0x0402, 0xFC02, 0xFC02, 0xFC02, 0xFC02,
  0xFC02, 0x0402, 0xFC02, 0xFC02, 0xFC02, 0x0402, 0x0402, 0xFC02, 0x0402, 0x0402,
  0x0402, 0xFC02, 0x0402, 0x1402, 0x1C02, 0xFC02, 0x0402, 0x0402, 0x0402, 0x0402,
  0x2402, 0x2C02, 0xFC02, 0xFC02, 0x0402, 0xFC02, 0xFC02, 0xFC02, 0x0402, 0xFC02,
  0xFC02, 0xFC02, 0xFC02, 0xFC02, 0x0402, 0xFC02, 0xFC02, 0xFC02, 0x0402, 0x0402,
  0x0C02, 0xFC02, 0xFC02, 0xFC02, 0x1C02, 0x0402, 0xFC02, 0xFC02, 0xFC02, 0xFC02,
  0xFC02, 0xFC02, 0xFC02, 0xFC02, 0xFC02, 0xFC02, 0x0402, 0xFC02, 0xFC02, 0x0402,
  0x0402, 0xFC02, 0x0C02, 0x0402, 0xFC02, 0xFC02, 0xFC02, 0xFC02, 0x1402, 0x1402,
  0x0C02, 0x0C02, 0x0C02, 0x0C02, 0x0C02, 0x0C02, 0x0C02, 0x0C02, 0x0C02, 0x1402,
  0x1402, 0x1402, 0x1402, 0x1402, 0x1402, 0x1402, 0x1402, 0x1402, 0x1402, 0x1402,
  0x1402, 0x1402, 0x1402, 0x1402, 0x1402, 0x1402, 0x1402, 0x1402, 0x1402, 0x1402,
  0x1402, 0x0402, 0x0002, 0x0002, 0x0002, 0x0002, 0x0002, 0x0002, 0x0002, 0x0002,
  0x0002, 0x0002, 0x0002, 0x0002, 0x0002, 0x0002, 0x0002, 0x0002, 0x0002, 0x0002,
  0x0002, 0x0002, 0x0002, 0x0002, 0x0002, 0x0002, 0x0002, 0x0002, 0x0002, 0x0002,
  0xFC02, 0xFC02, 0x00CE, 0x00CE, 0x0002, 0x0002, 0x0002, 0x0002, 0x0002, 0x0002,
  0x0002, 0x0002, 0x0002, 0x0002, 0x0002, 0x0002, 0x0002, 0x0002, 0x0002, 0x0002,
  0x0002, 0x0002, 0x0002, 0x0002, 0x0002, 0x0002, 0x0002, 0x0002, 0x0002, 0x0002,
  0x0002, 0x0002, 0x0002, 0x0002, 0x0002, 0x0002, 0x0002, 0x0002, 0x0002, 0x0002,
  0x0002, 0x0002, 0x0002, 0x0002, 0x0002, 0x0002, 0x0002, 0x0002, 0x0002, 0x0002,
  0x0002, 0x0002, 0x0002, 0xF402, 0xF402, 0xF402, 0xF402, 0x0002, 0x0002, 0x0002,
  0xFC02, 0xFC02, 0x0002, 0x0002, 0x0002, 0x0002, 0x0002, 0x0002, 0x0002, 0x0002,
  0x0002, 0x0002, 0x0002, 0x0002, 0x0002, 0x0002, 0x0002, 0x0002, 0x0002, 0x0002,
  0x0002, 0x0002, 0x0002, 0x0002, 0x0002, 0x0002, 0x0002, 0x0002, 0x0002, 0x0002,
  0x0402, 0x0402, 0xFC02, 0x0402, 0x0002, 0x0002, 0x0002, 0x0002, 0x0002, 0x0002,
  0x0002, 0x0002, 0x0002, 0xFC02, 0x0002, 0x0002, 0x0002, 0x0002, 0x0002, 0x0002,
  0x0002, 0x0002, 0x0002, 0x0002, 0x0002, 0x0002, 0x0002, 0x0002, 0x0002, 0x0002,
  0x0002, 0x0002, 0x0002, 0x0002, 0x0002, 0x0002, 0xFC02, 0xFC02, 0xFC02, 0x0402,
  0x0402, 0xFC02, 0xFC02, 0x0002, 0x0002, 0x0002, 0x0002, 0x0002, 0x0002, 0x0002,
  0x0002, 0x0002, 0x0002, 0x0002, 0x0002, 0x0C02, 0x0C02, 0x0C02, 0x0C02, 0x0C02,
  0x0002, 0x0002, 0x0002, 0x0002, 0x0002, 0x0C2A, 0x005A, 0x0C36, 0xFC02, 0xFC02,
  0xFC02, 0xFC02, 0xFC02, 0xFC02, 0xFC02, 0xFC02, 0xFC02, 0xF402, 0x0C52, 0x0C56,
  0x1C52, 0x1C56, 0x0C36, 0x0C3A, 0x0C46, 0x0C46, 0x0C46, 0x0C46, 0x0C46, 0x0C46,
  0x0C46, 0x0002, 0x0C46, 0x0C46, 0x0C46, 0x0C46, 0x0C46, 0x0002, 0x0C46, 0x0002,
  0x0C46, 0x0C46, 0x0002, 0x0C46, 0x0C46, 0x0002, 0x0C46, 0x0C46, 0x0C46, 0x0C46,
  0x0C46, 0x0C3E, 0x0C4E, 0x0C4E, 0x0C4E, 0x0C02, 0xFC02, 0xFC02, 0xFC02, 0xFC02,
  0xFC02, 0xFC02, 0xFC02, 0xFC02, 0xFC02, 0xFC02, 0xFC02, 0xFC02, 0xFC02, 0xFC02,
  0xFC02, 0xFC02, 0xFC02, 0xFC02, 0xFC02, 0xFC02, 0xFC02, 0xFC02, 0xFC02, 0xFC02,
  0xFC02, 0xFC02, 0xFC02, 0xFC02, 0xFC02, 0xFC02, 0xFC02, 0xFC02, 0xFC02, 0xFC02,
  0xFC02, 0xFC02, 0xFC02, 0xFC02, 0xFC02, 0xFC02, 0xFC02, 0xFC02, 0xFC02, 0xFC02,
  0xFC02, 0xFC02, 0xFC02, 0xFC02, 0x0CCE, 0x0CCE, 0xFC02, 0xFC02, 0xFC02, 0xFC02,
  0xFC02, 0xFC02, 0xFC02, 0xFC02, 0xFC02, 0xFC02, 0x0CCE, 0x0CCE, 0x0002, 0x0002,
  0x0002, 0x0002, 0x0002, 0x0002, 0x0002, 0x0002, 0x0002, 0x0002, 0x0002, 0x0002,
  0x0002, 0x0002, 0x0002, 0x0002, 0x0002, 0x0002, 0x0002, 0xFC02, 0xFC02, 0xFC02,
  0xFC02, 0xFC02, 0xFC02, 0xFC02, 0xFC02, 0xFC02, 0xFC02, 0x0C02, 0xFC02, 0xFC02,
  0xFC02, 0xFC02, 0xFC02, 0xFC02, 0xFC02, 0xFC02, 0xFC02, 0xFC02, 0xFC02, 0xFC02,
  0x1C02, 0x1C02, 0x1C02, 0x1C02, 0x1C02, 0x1C02, 0x1C02, 0x1C02, 0x1C02, 0x1C02,
  0x1C02, 0x1C02, 0x1C02, 0x1C02, 0x1C02, 0x1C02, 0x1C02, 0x1C02, 0xFC02, 0xFC02,
  0xFC02, 0xFC02, 0x1C02, 0x1C02, 0x1C02, 0x1C02, 0x1C02, 0x0C02, 0x0C02, 0x0C02,
  0x0C02, 0x0C02, 0x0C02, 0x0C02, 0x0C02, 0x0C02, 0x0C02, 0x0C02, 0x0C02, 0x0C02,
  0x0C02, 0x0C02, 0x0C02, 0x0C02, 0x0C02, 0x0C02, 0x0C02, 0x0C02, 0x0C02, 0x0C02,
  0x0C02, 0x0C02, 0x0C02, 0x0C02, 0x0C02, 0x0C02, 0x0C02, 0x0C02, 0x0C02, 0x0C02,
  0x0C02, 0x0C02, 0x0C02, 0x0C02, 0x0C02, 0x0C02, 0x0C02, 0x0C02, 0x0C02, 0x0C02,
  0x0C02, 0x0C02, 0x0C02, 0x0C02, 0x0C02, 0x0C02, 0x0C02, 0x0C02, 0x0C02, 0x0C02,
  0x0C02, 0x0C02, 0x0C02, 0x0C02, 0x0C02, 0x0C02, 0x0C7E, 0x0C7E, 0x0C7E, 0x1476,
  0x1476, 0x1476, 0x1476, 0x1476, 0x147E, 0x1C02, 0x1C02, 0x1C02, 0x1C02, 0x1C02,
  0x1C02, 0x0C02, 0x0C02, 0x0C02, 0x0C02, 0x0C02, 0x0C02, 0x0C02, 0x0C02, 0x0C02,
  0x0C02, 0x0C02, 0x0C02, 0x0C02, 0x0C02, 0x0C02, 0x0C02, 0x0C02, 0x0C02, 0x0C02,
  0x0C02, 0x0C02, 0x0C02, 0x0C7E, 0x0C02, 0x0C02, 0x0C02, 0x0C02, 0x0C02, 0x0C02,
  0x1C02, 0x1C02, 0x1C02, 0x1C02, 0x1C02, 0x0C02, 0x0C02, 0x0C02, 0x0C02, 0x0C02,
  0x0C02, 0x0C02, 0x0C02, 0x0C02, 0x0C02, 0x0C02, 0x0C02, 0x0C02, 0x0C02, 0x0C02,
  0x0C02, 0x0C02, 0x0C02, 0x0C02, 0x0C02, 0x0C02, 0x0C02, 0x0C02, 0x0C02, 0x0C02,
  0x0C02, 0x0C02, 0x0C02, 0x0C02, 0x0C02, 0x0C02, 0x0C02, 0x0C02, 0x0C02, 0x0C02,
  0x0C02, 0x0C7E, 0x0C02, 0x0C02, 0x0C02, 0x0C02, 0x0C02, 0x1C02, 0x1C02, 0x0C02,
  0x0C02, 0x0C02, 0x0C02, 0x0C02, 0x0C02, 0x0C02, 0x0C02, 0x0C02, 0x0C02, 0x0C02,
  0x0C02, 0x0C02, 0x0C02, 0x0C02, 0x0C02, 0x0C02, 0x1C76, 0x1C76, 0x1C76, 0x0C02,
  0x0C02, 0x0C02, 0x0C02, 0x0C02, 0x0C02, 0x0C02, 0x0C02, 0x0C02, 0x0C02, 0x0C02,
  0x0C02, 0x0C02, 0x0C02, 0x0C02, 0x0C02, 0x0C02, 0x0C02, 0x0C02, 0x0C02, 0x0C02,
  0x0C02, 0x0C02, 0x0C02, 0x0C02, 0x0C02, 0x0C02, 0x0C02, 0x0C02, 0x0C02, 0x0C02,
  0x0C02, 0x0C02, 0x0C02, 0x0C02, 0x0C02, 0x0C02, 0x0C02, 0x0C02, 0x0C02, 0x0C02,
  0x0C02, 0x0C02, 0x0C02, 0x0C02, 0x0C02, 0x0C02, 0x0C02, 0x0C02, 0x0C02, 0x0C02,
  0x0C02, 0x0C02, 0x0C02, 0x0C02, 0x0C02, 0x0C02, 0x0C02, 0x0C02, 0x0C02, 0x0C5E,
  0x0C5E, 0x0002, 0x0002, 0x0002, 0x0002, 0x0002, 0x0002, 0x0002, 0x0002, 0x0002,
  0x0002, 0x0002, 0x0002, 0x0002, 0x0002, 0x0002, 0x0002, 0x1C02, 0x1C02, 0x1C02,
  0x1C02, 0x1C02, 0x1C02, 0x1C02, 0x1C02, 0x1C02, 0x1C02, 0x1C02, 0x1C02, 0x1C02,
  0x1C02, 0x1C02, 0x1C02, 0x1C02, 0x1C02, 0x1C02, 0x1C02, 0x1C02, 0x1C02, 0x1C02,
  0x1C02, 0x1C02, 0x1C02, 0x1C02, 0x1C02, 0x1C02, 0x1C02, 0x1C02, 0x1C02, 0x1C02,
  0x1C02, 0x1C02, 0x1C02, 0x1C02, 0x1C02, 0x1C02, 0x1C02, 0x1C02, 0x1C02, 0x1C02,
  0x1C02, 0x1C02, 0x1C02, 0x1C02, 0x1C02, 0x0002, 0x0002, 0x1C02, 0x1C02, 0x1C02,
  0x1C02, 0x1C02, 0x1C02, 0x1C02, 0x1C02, 0x1C02, 0x1C02, 0x1C02, 0x1C02, 0x1C02,
  0x1C02, 0x1C02, 0x1C02, 0x1C02, 0x1C02, 0x1C02, 0x1C02, 0x1C02, 0x1C02, 0x1C02,
  0x1C02, 0x1C02, 0x1C02, 0x1C02, 0x1C02, 0x1C02, 0x1C02, 0x1C02, 0x1C02, 0x1C02,
  0x1C02, 0x1C02, 0x1C02, 0x1C02, 0x1C02, 0x1C02, 0x1C02, 0x1C02, 0x1C02, 0x1C02,
  0x1C02, 0x1C02, 0x1C02, 0x0002, 0x0002, 0x0002, 0x0002, 0x0002, 0x0002, 0x0002,
  0x0002, 0x0002, 0x0002, 0x0002, 0x0002, 0x0002, 0x0002, 0x0002, 0x0002, 0x0002,
  0x0002, 0x0002, 0x0002, 0x0002, 0x0002, 0x0002, 0x0002, 0x0002, 0x0002, 0x0002,
  0x0002, 0x0002, 0x0002, 0x0002, 0x0002, 0x0002, 0x0002, 0x0002, 0x0002, 0x0002,
  0x0002, 0x0002, 0x0002, 0x1C02, 0x1C02, 0x2C02, 0x2C02, 0x2C02, 0x2C02, 0x2C02,
  0x2C02, 0x2C02, 0x1C02, 0x7C02, 0x7C02, 0x2C02, 0x0002, 0x0002, 0x0002, 0x0002,
  0x0002, 0x0002, 0x0002, 0x0002, 0x0002, 0x0002, 0x0002, 0x0002, 0x0002, 0x0002,
  0x0002, 0x0002, 0xF402, 0x0402, 0x0402, 0xF402, 0xF402, 0xF402, 0xF402, 0x0402,
  0x0402, 0x0402, 0x0002, 0x0002, 0x0002, 0x0002, 0x0002, 0x0002, 0x00CE, 0x00CE,
  0x00CE, 0x00CE, 0x00CE, 0x00CE, 0x00CE, 0x00BA, 0x00BA, 0x00BA, 0x00BA, 0x00BA,
  0x00BA, 0x00BA, 0x00CE, 0x00CE, 0xFC02, 0x0402, 0x0402, 0xF402, 0xF402, 0xF402,
  0xF402, 0xF402, 0xF402, 0x0402, 0x0402, 0x0402, 0x0402, 0x0402, 0x0402, 0x0402,
  0x0002, 0x0002, 0xF402, 0xF402, 0x04CE, 0x04CE, 0x04CE, 0x04CE, 0xF402, 0xF402,
  0xF402, 0xF402, 0x0402, 0xF402, 0x0002, 0xF402, 0xF402, 0xF402, 0xF402, 0x0402,
  0xF402, 0xF402, 0xF402, 0xF402, 0x0402, 0x0402, 0xF402, 0xF402, 0xF402, 0xF402,
  0xF402, 0xF402, 0xF402, 0xF402, 0x0002, 0xF402, 0xF402, 0xF402, 0xF402, 0x0002,
  0x0002, 0x0002, 0x0002, 0x045E, 0x0C5E, 0x0462, 0x0002, 0x0466, 0x0002, 0x046A,
  0x0C6A, 0x046E, 0x0C6E, 0x0472, 0x0C72, 0x0476, 0x0C76, 0x047A, 0x0C7A, 0xFC02,
  0x0CCE, 0x0CCE, 0x0CCE, 0x0CCE, 0x0CCE, 0x0CCE, 0x0CBA, 0x0CBA, 0x0CCE, 0x0CCE,
  0x0CCE, 0x0CCE, 0xFC02, 0xFC02, 0xFC02, 0xFC02, 0xFC02, 0xFC02, 0xFC02, 0xFC02,
  0xFC02, 0xFC02, 0xFC02, 0xFC02, 0xFC02, 0xFC02, 0xFC02, 0xFC02, 0xFC02, 0xFC02,
  0xFC02, 0xFC02, 0xFC02, 0xFC02, 0xFC02, 0xFC02, 0xFC02, 0xFC02, 0xFC02, 0xFC02,
  0xFC02, 0xFC02, 0xFC02, 0xFC02, 0xFC02, 0xFC02, 0xFC02, 0xFC02, 0xFC02, 0xFC02,
  0xFC02, 0xFC02, 0xFC02, 0xFC02, 0xFC02, 0xFC02, 0xFC02, 0xFC02, 0xFC02, 0xFC02,
  0xFC02, 0xFC02, 0xFC02, 0xFC02, 0xFC02, 0x1CCE, 0x1CCE, 0x1CCE, 0x1CCE, 0x1CBA,
  0x1CBA, 0x0C02, 0x0C02, 0x0002, 0x0002, 0x0002, 0xF402, 0xF402, 0xF402, 0xF402,
  0xF402, 0xF402, 0xF402, 0xF402, 0xF402, 0xF402, 0xF402, 0xF402, 0xF402, 0xF402,
  0xF402, 0xF402, 0xF402, 0xF402, 0xF402, 0xF402, 0xF402, 0xF402, 0xF402, 0xF402,
  0xF402, 0xF402, 0xF402, 0xF402, 0xF402, 0xF402, 0xF402, 0xF402, 0xF402, 0xF402,
  0xF402, 0xF402, 0xF402, 0xF402, 0xF402, 0xF402, 0xF402, 0xF402, 0xF402, 0xF402,
  0xF402, 0xF402, 0xF402, 0xF402, 0xF402, 0xF402, 0xF402, 0xF402, 0xF402, 0xF402,
  0xF402, 0xF402, 0xF402, 0xF402, 0xF402, 0xF402, 0xF402, 0xF402, 0xF402, 0x0402,
  0x0402, 0x0402, 0x0402, 0x0402, 0x0402, 0x0402, 0x0402, 0x0402, 0x0402, 0x0402,
  0x0402, 0x0402, 0x0402, 0x0402, 0x0402, 0x0402, 0x0402, 0x0402, 0x0402, 0x0402,
  0x0402, 0x0402, 0x0402, 0x0402, 0x0402, 0x0402, 0x0402, 0x0402, 0x0402, 0x0402,
  0x0402, 0x0402, 0x0412, 0x0412, 0x0402, 0x0402, 0x0402, 0x0402, 0x0402, 0x0402,
  0x0402, 0x0402, 0x0402, 0x0402, 0x0402, 0x0402, 0x0402, 0x0402, 0x0402, 0x0402,
  0x0402, 0x0402, 0x0402, 0x0402, 0x0402, 0x0402, 0x0402, 0x0402, 0x0402, 0x0402,
  0x0402, 0x0402, 0x0402, 0x0402, 0x0402, 0x0002, 0x0002, 0x0402, 0x0402, 0x0402,
  0x0402, 0x0402, 0x0402, 0x0002, 0x0002, 0x0402, 0x0402, 0x0402, 0x0402, 0x0402,
  0x0402, 0x0002, 0x0002, 0x0402, 0x0402, 0x0402, 0x0402, 0x0402, 0x0402, 0x0002,
  0x0002, 0x0402, 0x0402, 0x0402, 0x0002, 0x0002, 0x0002, 0xFC02, 0xFC02, 0xFC02,
  0x04CE, 0xFC02, 0xFC02, 0x0402, 0x0002, 0x0402, 0x0402, 0x0402, 0x0402, 0x0402,
  0x0402, 0x0402, 0x0002, 0x0002, 0x0002, 0x0002, 0x0002, 0x0002, 0x0002, 0x0002,
  0x0002, 0x0002, 0x0002, 0x0002, 0x0002, 0x0002, 0x0002, 0x0002, 0x0002, 0x0003,
  0xF403, 0xF403, 0xF403, 0xF403, 0xF403, 0x0003, 0xF403, 0xFC03, 0xF403, 0xF403,
  0xF403, 0xF403, 0xFC03, 0xF403, 0xF403, 0xF403, 0xF403, 0xF403, 0xF403, 0xF403,
  0xF403, 0xF403, 0xF403, 0xF403, 0xF403, 0xF403, 0xF403, 0x0403, 0xFC03, 0xF403,
  0x0403, 0xF403, 0x0403, 0xF403, 0xF403, 0xF403, 0xEC03, 0xF403, 0x0403, 0xF403,
  0xF403, 0xF403, 0xF403, 0xF403, 0xFC03, 0xF403, 0xF403, 0xFC03, 0x0003, 0xF403,
  0xF403, 0xF403, 0xF403, 0xF403, 0xF403, 0xF403, 0x0403, 0x0403, 0x0003, 0x0003,
  0x0003, 0x0003, 0x0003, 0x0003, 0x0003, 0x0003, 0x0003, 0x0003, 0x0003, 0x0003,
  0x0003, 0x0003, 0x0003, 0x0003, 0x0003, 0x0003, 0x0003, 0x0003, 0x0003, 0x0003,
  0xEC03, 0xEC03, 0xEC03, 0xEC03, 0xEC03, 0xEC03, 0xEC03, 0xEC03, 0xEC03, 0xEC03,
  0xEC03, 0xEC03, 0xEC03, 0xEC03, 0xEC03, 0xEC03, 0xEC03, 0xEC03, 0xEC03, 0xEC03,
  0xEC03, 0xEC03, 0xEC03, 0xEC03, 0xEC03, 0xEC03, 0xEC03, 0xEC03, 0xEC03, 0xEC03,
  0xEC03, 0xEC03, 0xEC03, 0xEC03, 0xEC03, 0xEC03, 0x0003, 0x0003, 0x0003, 0x0003,
  0x0003, 0x0003, 0xEC03, 0xEC03, 0xEC03, 0xEC03, 0xEC03, 0xEC03, 0xEC03, 0xEC03,
  0xEC03, 0xEC03, 0xEC03, 0xEC03, 0xEC03, 0xEC03, 0xEC03, 0xEC03, 0xEC03, 0xEC03,
  0xEC03, 0xEC03, 0xEC03, 0xEC03, 0xEC03, 0xEC03, 0xEC03, 0xEC03, 0xEC03, 0xEC03,
  0xEC03, 0xEC03, 0xEC03, 0xEC03, 0xEC03, 0xEC03, 0xEC03, 0xEC03, 0xEC03, 0xEC03,
  0xEC03, 0xEC03, 0xEC03, 0xEC03, 0xEC03, 0xEC03, 0xEC03, 0xEC03, 0xEC03, 0xEC03,
  0xEC03, 0xEC03, 0xEC03, 0xEC03, 0xEC03, 0xEC03, 0xEC03, 0xEC03, 0xEC03, 0xEC03,
  0xEC03, 0xEC03, 0xEC03, 0xEC03, 0xEC03, 0xEC03, 0x0003, 0xEC03, 0xEC03, 0xEC03,
  0xEC03, 0xEC03, 0xEC03, 0xEC03, 0xEC03, 0xEC03, 0xEC03, 0xEC03, 0xEC03, 0xEC03,
  0xEC03, 0xEC03, 0xEC03, 0xEC03, 0xEC03, 0xEC03, 0xEC03, 0xEC03, 0xEC03, 0xEC03,
  0xEC03, 0xEC03, 0xEC03, 0xEC03, 0xEC03, 0xEC03, 0xEC03, 0xEC03, 0xEC03, 0xEC03,
  0xEC03, 0xEC03, 0xEC03, 0xEC03, 0xEC03, 0xEC03, 0xEC03, 0xEC03, 0xEC03, 0x0003,
  0xEC03, 0xEC03, 0x0003, 0x0003, 0xEC03, 0x0003, 0x0003, 0xEC03, 0xEC03, 0x0003,
  0x0003, 0xEC03, 0xEC03, 0xEC03, 0xEC03, 0x0003, 0xEC03, 0xEC03, 0xEC03, 0xEC03,
  0xEC03, 0xEC03, 0xEC03, 0xEC03, 0xEC03, 0xEC03, 0xEC03, 0xEC03, 0x0003, 0xEC03,
  0x0003, 0xEC03, 0xEC03, 0xEC03, 0xEC03, 0x0003, 0xEC03, 0xEC03, 0xEC03, 0xEC03,
  0xEC03, 0xEC03, 0xEC03, 0xEC03, 0xEC03, 0xEC03, 0xEC03, 0xEC03, 0xEC03, 0xEC03,
  0xEC03, 0xEC03, 0xEC03, 0xEC03, 0xEC03, 0xEC03, 0xEC03, 0xEC03, 0xEC03, 0xEC03,
  0xEC03, 0xEC03, 0xEC03, 0xEC03, 0xEC03, 0xEC03, 0xEC03, 0xEC03, 0xEC03, 0xEC03,
  0xEC03, 0xEC03, 0xEC03, 0xEC03, 0xEC03, 0xEC03, 0xEC03, 0xEC03, 0xEC03, 0xEC03,
  0xEC03, 0xEC03, 0xEC03, 0xEC03, 0xEC03, 0xEC03, 0xEC03, 0xEC03, 0xEC03, 0xEC03,
  0xEC03, 0xEC03, 0xEC03, 0xEC03, 0xEC03, 0x0003, 0xEC03, 0xEC03, 0xEC03, 0xEC03,
  0x0003, 0x0003, 0xEC03, 0xEC03, 0xEC03, 0xEC03, 0xEC03, 0xEC03, 0xEC03, 0xEC03,
  0x0003, 0xEC03, 0xEC03, 0xEC03, 0xEC03, 0xEC03, 0xEC03, 0xEC03, 0x0003, 0xEC03,
  0xEC03, 0xEC03, 0xEC03, 0xEC03, 0xEC03, 0xEC03, 0xEC03, 0xEC03, 0xEC03, 0xEC03,
  0xEC03, 0xEC03, 0xEC03, 0xEC03, 0xEC03, 0xEC03, 0xEC03, 0xEC03, 0xEC03, 0xEC03,
  0xEC03, 0xEC03, 0xEC03, 0xEC03, 0xEC03, 0xEC03, 0xEC03, 0x0003, 0xEC03, 0xEC03,
  0xEC03, 0xEC03, 0x0003, 0xEC03, 0xEC03, 0xEC03, 0xEC03, 0xEC03, 0x0003, 0xEC03,
  0x0003, 0x0003, 0x0003, 0xEC03, 0xEC03, 0xEC03, 0xEC03, 0xEC03, 0xEC03, 0xEC03,
  0x0003, 0xEC03, 0xEC03, 0xEC03, 0xEC03, 0xEC03, 0xEC03, 0xEC03, 0xEC03, 0xEC03,
  0xEC03, 0xEC03, 0xEC03, 0xEC03, 0xEC03, 0xEC03, 0xEC03, 0xEC03, 0xEC03, 0xEC03,
  0xEC03, 0xEC03, 0xEC03, 0xEC03, 0xEC03, 0xEC03, 0xEC03, 0xEC03, 0xEC03, 0xEC03,
  0xEC03, 0xEC03, 0xEC03, 0xEC03, 0xEC03, 0xEC03, 0xEC03, 0xEC03, 0xEC03, 0xEC03,
  0xEC03, 0xEC03, 0xEC03, 0xEC03, 0xEC03, 0xEC03, 0xEC03, 0xF403, 0xF403, 0x0003,
  0x0003, 0xF403, 0xF403, 0xF403, 0xF403, 0xF403, 0xF403, 0xF403, 0xF403, 0xF403,
  0xF403, 0xF403, 0xF403, 0xF403, 0xF403, 0xF403, 0xF403, 0xF403, 0xF403, 0xF403,
  0xF403, 0xF403, 0xF403, 0xF403, 0xF403, 0xFC03, 0xF403, 0xF403, 0xF403, 0xF403,
  0xF403, 0xF403, 0xF403, 0xF403, 0xF403, 0xF403, 0xF403, 0xF403, 0xF403, 0xF403,
  0xF403, 0xF403, 0xF403, 0xF403, 0xF403, 0xF403, 0xF403, 0xF403, 0xF403, 0xF403,
  0xF403, 0xFC03, 0xF403, 0xF403, 0xF403, 0xF403, 0xF403, 0xF403, 0xF403, 0xF403,
  0xF403, 0xF403, 0xF403, 0xF403, 0xF403, 0xF403, 0xF403, 0xF403, 0xF403, 0xF403,
  0xF403, 0xF403, 0xF403, 0xF403, 0xF403, 0xF403, 0xF403, 0xF403, 0xF403, 0xF403,
  0xF403, 0xF403, 0xF403, 0xFC03, 0xF403, 0xF403, 0xF403, 0xF403, 0xF403, 0xF403,
  0xF403, 0xF403, 0xF403, 0xF403, 0xF403, 0xF403, 0xF403, 0xF403, 0xF403, 0xF403,
  0xF403, 0xF403, 0xF403, 0xF403, 0xF403, 0xF403, 0xFC03, 0xF403, 0xF403, 0xF403,
  0xF403, 0xF403, 0xF403, 0xF403, 0xF403, 0x0003, 0x0003, 0xEC03, 0xEC03, 0xEC03,
  0xEC03, 0xEC03, 0xEC03, 0xEC03, 0xEC03, 0xEC03, 0xEC03, 0xEC03, 0xEC03, 0xEC03,
  0xEC03, 0xEC03, 0xEC03, 0xEC03, 0xEC03, 0xEC03, 0xEC03, 0xEC03, 0xEC03, 0xEC03,
  0xEC03, 0xEC03, 0xEC03, 0xEC03, 0xEC03, 0xEC03, 0xEC03, 0xEC03, 0xEC03, 0xEC03,
  0xEC03, 0xEC03, 0xEC03, 0xEC03, 0xEC03, 0xEC03, 0xEC03, 0xEC03, 0xEC03, 0xEC03,
  0xEC03, 0xEC03, 0xEC03, 0xEC03, 0xEC03, 0xEC03, 0xEC03, 0x00CF, 0x00CF, 0x00CF,
  0x00CF, 0x00CF, 0x00CF, 0x00CF, 0x0003, 0x00CF, 0x00CF, 0x00CF, 0x00CF, 0x00CF,
  0x00CF, 0x00CF, 0x00CF, 0x00CF, 0x00CF, 0x00CF, 0x00CF, 0x00CF, 0x00CF, 0x00CF,
  0x00CF, 0x00CF, 0x0003, 0x0003, 0x00CF, 0x00CF, 0x00CF, 0x00CF, 0x00CF, 0x00CF,
  0x00CF, 0x0003, 0x00CF, 0x00CF, 0x0003, 0x00CF, 0x00CF, 0x00CF, 0x00CF, 0x00CF,
  0x0003, 0x0003, 0x0003, 0x0003, 0x0003, 0xF403, 0xF403, 0xF403, 0xF403, 0xF403,
  0xF403, 0xF403, 0xF403, 0xF403, 0xF403, 0xF403, 0xF403, 0xF403, 0xF403, 0xF403,
  0xF403, 0xFC03, 0xF403, 0xF403, 0xF403, 0xF403, 0xF403, 0xF403, 0xF403, 0xF403,
  0xF403, 0xF403, 0xF403, 0xF403, 0xF403, 0xF403, 0xF403, 0xF403, 0xF403, 0xF403,
  0xF403, 0xF403, 0xF403, 0xF403, 0xF403, 0xF403, 0xF403, 0xF403, 0xF403, 0xF403,
  0xF403, 0xF403, 0xF403, 0xF403, 0xF403, 0xFC03, 0xF403, 0x0003, 0x0003, 0x0003,
  0x0003, 0x0003, 0x0003, 0x0003, 0x0003, 0x0003, 0x0003, 0x0003, 0x0003, 0x0003,
  0x0003, 0x0003, 0x0003, 0x0003, 0x0003, 0xF403, 0xF403, 0xF403, 0xF403, 0x0003,
  0xF403, 0xF403, 0xF403, 0xF403, 0xF403, 0xF403, 0xF403, 0xF403, 0xF403, 0xF403,
  0xF403, 0xF403, 0xF403, 0xF403, 0xF403, 0xF403, 0xF403, 0xF403, 0xF403, 0xF403,
  0xF403, 0xF403, 0xF403, 0xF403, 0xF403, 0xF403, 0xF403, 0x0003, 0xF403, 0xF403,
  0x0003, 0xF403, 0x0003, 0x0003, 0xF403, 0x0003, 0xF403, 0xF403, 0xF403, 0xF403,
  0xF403, 0xF403, 0xF403, 0xF403, 0xF403, 0xF403, 0x0003, 0xF403, 0xF403, 0xF403,
  0xF403, 0x0003, 0xF403, 0x0003, 0xF403, 0x0003, 0x0003, 0x0003, 0x0003, 0xF403,
  0x0003, 0x0003, 0x0003, 0x0003, 0xF403, 0x0003, 0xF403, 0x0003, 0xF403, 0x0003,
  0xF403, 0xF403, 0xF403, 0x0003, 0xF403, 0xF403, 0x0003, 0xF403, 0x0003, 0x0003,
  0xF403, 0x0003, 0xF403, 0x0003, 0xF403, 0x0003, 0xF403, 0x0003, 0xF403, 0x0003,
  0xF403, 0xF403, 0x0003, 0xF403, 0x0003, 0x0003, 0xF403, 0xF403, 0xF403, 0xF403,
  0x0003, 0xF403, 0xF403, 0xF403, 0xF403, 0xF403, 0xF403, 0xF403, 0x0003, 0xF403,
  0xF403, 0xF403, 0xF403, 0x0003, 0xF403, 0xF403, 0xF403, 0xF403, 0x0003, 0xF403,
  0x0003, 0xF403, 0xF403, 0xF403, 0xF403, 0xF403, 0xF403, 0xF403, 0xF403, 0xF403,
  0xF403, 0x0003, 0xF403, 0xF403, 0xF403, 0xF403, 0xF403, 0xF403, 0xF403, 0xF403,
  0xF403, 0xF403, 0xF403, 0xF403, 0xF403, 0xF403, 0xF403, 0xF403, 0xF403, 0x0003,
  0x0003, 0x0003, 0x0003, 0x0003, 0xF403, 0xF403, 0xF403, 0x0003, 0xF403, 0xF403,
  0xF403, 0xF403, 0xF403, 0x0003, 0xF403, 0xF403, 0xF403, 0xF403, 0xF403, 0xF403,
  0xF403, 0xF403, 0xF403, 0xF403, 0xF403, 0xF403, 0xF403, 0xF403, 0xF403, 0xF403,
  0xF403, 0x0003, 0x0003, 0x0003, 0x0003, 0x0003, 0xFC03, 0xFC03, 0xFC03, 0xFC03,
  0xFC03, 0xFC03, 0xFC03, 0xFC03, 0xFC03, 0xFC03, 0xFC03, 0xFC03, 0xFC03, 0xFC03,
  0xFC03, 0xFC03, 0xFC03, 0xFC03, 0xFC03, 0xFC03, 0xFC03, 0xFC03, 0xFC03, 0xFC03,
  0xFC03, 0xFC03, 0x1C03, 0xEC03, 0xEC03, 0xF403, 0xF403, 0x0003, 0xEC03, 0xEC03,
  0xEC03, 0xEC03, 0xEC03, 0xEC03, 0xEC03, 0xEC03, 0xEC03, 0xEC03, 0xEC03, 0xEC03,
  0xEC03, 0xEC03, 0xEC03, 0xEC03, 0xF403, 0xF403, 0xF403, 0xF403, 0xFC03, 0xF403,
  0x0003, 0x0003, 0x0003, 0x0003, 0x0003, 0x0003, 0x0003, 0x0003, 0x0003, 0x0003,
  0x0003, 0x0003, 0x0003, 0x0003, 0x0003, 0x0003, 0x0003, 0x0003, 0x0003, 0x0003,
  0x0003, 0x0003, 0x0003, 0x0003, 0x0003, 0x0003, 0xF403, 0xF403, 0xF403, 0x0003,
  0x0003, 0x0003, 0x0003, 0x0003, 0x0003, 0x0003, 0x0003, 0x0003, 0x0003, 0x0003,
  0x0003, 0x0003, 0x0003, 0x0003, 0x0003, 0x0003, 0x0003, 0x0003, 0xF403, 0x0003,
  0x0003, 0x0003, 0x0003, 0x0003, 0x0003, 0x0003, 0x0003, 0x0003, 0x0003, 0x0003,
  0x0003, 0x0003, 0x0003, 0x0003, 0x0003, 0x0003, 0x0003, 0x0003, 0x0003, 0x0003,
  0x0003, 0x0003, 0x0003, 0x0003, 0x0003, 0x0003, 0x0003, 0x0003, 0x0003, 0x0003,
  0x0003, 0x0003, 0x0003, 0x0003, 0x0003, 0x0003, 0x0003, 0x0003, 0x0003, 0x0003,
  0x0003, 0x0003, 0x0003, 0x0003, 0x0003, 0x0003, 0x1403, 0x1403, 0xFC03, 0x0003,
  0x0003, 0x0003, 0x0003, 0x0003, 0x0003, 0x0003, 0x0003, 0x0003, 0x0003, 0x0003,
  0x0003, 0x0003, 0xFC03, 0xFC03, 0xFC03, 0x1413, 0xFC03, 0xFC03, 0xFC03, 0xFC03,
  0xFC03, 0xFC03, 0xFC03, 0xFC03, 0xFC03, 0xFC03, 0xFC03, 0xFC03, 0xFC03, 0xFC03,
  0xFC03, 0xFC03, 0xFC03, 0xFC03, 0xFC03, 0xFC03, 0xFC03, 0xFC03, 0xFC03, 0xFC03,
  0xFC03, 0xFC03, 0xFC03, 0xFC03, 0xFC03, 0xFC03, 0xFC03, 0xFC03, 0xFC03, 0xFC03,
  0xFC03, 0xFC03, 0xFC03, 0xFC03, 0xFC03, 0xFC03, 0x0003, 0x0003, 0x0003, 0x0003,
  0x7C03, 0x7C03, 0x7C03, 0x7C03, 0x7C03, 0x7C03, 0x7C03, 0x7C03, 0x7C03, 0x0003,
  0x0003, 0x0003, 0x0003, 0x0003, 0x0003, 0x0003, 0xFC03, 0xFC03, 0x0003, 0x0003,
  0x0003, 0x0003, 0x0003, 0x0003, 0x0003, 0x0003, 0x0003, 0x0003, 0x0003, 0x0003,
  0x0003, 0x0003, 0x0003, 0x0003, 0x0003, 0x0003, 0x0003, 0x0003, 0x0003, 0x0003,
  0x0003, 0x0003, 0x0003, 0x0003, 0x0003, 0x0003, 0x0003, 0x0003, 0x0003, 0x0003,
  0x0003, 0x0003, 0x0003, 0x0003, 0x0003, 0x0003, 0x0003, 0x0003, 0x0003, 0x0003,
  0x0003, 0x0003, 0x0003, 0x0003, 0x0003, 0x0003, 0xEC03, 0xEC03, 0xEC03, 0xEC03,
  0xEC03, 0xEC03, 0xEC03, 0xEC03, 0xEC03, 0xEC03, 0x0003, 0x0003, 0x0003, 0x0003,
  0x0003, 0x0003,
};

namespace nfd {

const uint16_t trie_index[1024] = {
  0x0000, 0x0000, 0x0040, 0x0080, 0x00BF, 0x00FE, 0x013D, 0x0170, 0x01B0, 0x0040,
  0x0040, 0x0040, 0x01F0, 0x0230, 0x026F, 0x02A5, 0x02E5, 0x031F, 0x035C, 0x039B,
  0x0040, 0x0040, 0x03D5, 0x0415, 0x0445, 0x047A, 0x0040, 0x04BA, 0x04E9, 0x0528,
  0x0040, 0x053D, 0x057D, 0x05AB, 0x05D4, 0x060A, 0x064A, 0x0687, 0x06A7, 0x06E4,
  0x0723, 0x0760, 0x06A7, 0x0793, 0x06A7, 0x07CB, 0x07F7, 0x082D, 0x06A7, 0x0865,
  0x06A7, 0x08A5, 0x08B3, 0x082D, 0x08F0, 0x0926, 0x0945, 0x0980, 0x098C, 0x09C7,
  0x09EF, 0x0A2C, 0x0A6C, 0x0AA6, 0x0AC0, 0x08F0, 0x0AFB, 0x08F0, 0x08F0, 0x08F0,
  0x08F0, 0x08F0, 0x08F0, 0x08F0, 0x08F0, 0x08F0, 0x08F0, 0x0B1E, 0x08F0, 0x08F0,
  0x08F0, 0x08F0, 0x08F0, 0x08F0, 0x08F0, 0x08F0, 0x08F0, 0x08F0, 0x08F0, 0x08F0,
  0x08F0, 0x08F0, 0x0B4A, 0x08F0, 0x08F0, 0x0B7F, 0x08F0, 0x08F0, 0x0B9D, 0x08F0,
  0x0BC7, 0x08F0, 0x08F0, 0x08F0, 0x0C03, 0x0C23, 0x0C63, 0x0CA2, 0x0CDC, 0x0D1C,
  0x08C4, 0x0D50, 0x06AC, 0x08F0, 0x08F0, 0x0D84, 0x08F0, 0x08F0, 0x08F0, 0x0DC4,
  0x0E04, 0x0E42, 0x0E82, 0x0EC0, 0x0F00, 0x0F40, 0x0F80, 0x0FBF, 0x0FFF, 0x08F0,
  0x08F0, 0x102F, 0x1060, 0x08F0, 0x108C, 0x10BF, 0x10FB, 0x113A, 0x116A, 0x119A,
  0x11C8, 0x08F0, 0x08F0, 0x08F0, 0x08F0, 0x08F0, 0x08F0, 0x08F0, 0x08F0, 0x08F0,
  0x08F0, 0x08F0, 0x08F0, 0x08F0, 0x08F0, 0x08F0, 0x08F0, 0x08F0, 0x08F0, 0x08F0,
  0x08F0, 0x08F0, 0x08F0, 0x08F0, 0x08F0, 0x08F0, 0x08F0, 0x08F0, 0x08F0, 0x08F0,
  0x08F0, 0x11F3, 0x08F0, 0x08F0, 0x08F0, 0x08F0, 0x08F0, 0x08F0, 0x08F0, 0x0B0C,
  0x08F0, 0x08F1, 0x08F0, 0x1213, 0x08F0, 0x08F0, 0x08F0, 0x08F0, 0x08F0, 0x08F0,
  0x08F0, 0x08F0, 0x1253, 0x1287, 0x12C5, 0x1301, 0x08F0, 0x08F0, 0x08F0, 0x08F0,
  0x08F0, 0x08F0, 0x08F0, 0x08F0, 0x08F0, 0x08F0, 0x08F0, 0x08F0, 0x08F0, 0x08F0,
  0x08F0, 0x08F0, 0x08F0, 0x08F0, 0x08F0, 0x08F0, 0x08F0, 0x08F0, 0x08F0, 0x08F0,
  0x08F0, 0x08F0, 0x08F0, 0x08F0, 0x08F0, 0x08F0, 0x08F0, 0x08F0, 0x08F0, 0x08F0,
  0x08F0, 0x08F0, 0x08F0, 0x08F0, 0x08F0, 0x08F0, 0x08F0, 0x08F0, 0x08F0, 0x08F0,
  0x08F0, 0x08F0, 0x08F0, 0x08F0, 0x08F0, 0x08F0, 0x08F0, 0x08F0, 0x08F0, 0x08F0,
  0x08F0, 0x08F0, 0x08F0, 0x08F0, 0x08F0, 0x08F0, 0x08F0, 0x08F0, 0x08F0, 0x08F0,
  0x08F0, 0x08F0, 0x08F0, 0x08F0, 0x08F0, 0x08F0, 0x08F0, 0x08F0, 0x08F0, 0x08F0,
  0x08F0, 0x08F0, 0x08F0, 0x08F0, 0x08F0, 0x08F0, 0x08F0, 0x08F0, 0x08F0, 0x08F0,
  0x08F0, 0x08F0, 0x08F0, 0x08F0, 0x08F0, 0x08F0, 0x08F0, 0x08F0, 0x08F0, 0x08F0,
  0x08F0, 0x08F0, 0x08F0, 0x08F0, 0x08F0, 0x08F0, 0x08F0, 0x08F0, 0x08F0, 0x08F0,
  0x08F0, 0x08F0, 0x08F0, 0x08F0, 0x08F0, 0x08F0, 0x08F0, 0x08F0, 0x08F0, 0x08F0,
  0x08F0, 0x08F0, 0x08F0, 0x08F0, 0x08F0, 0x08F0, 0x08F0, 0x08F0, 0x08F0, 0x08F0,
  0x08F0, 0x08F0, 0x08F0, 0x08F0, 0x08F0, 0x08F0, 0x08F0, 0x08F0, 0x08F0, 0x08F0,
  0x08F0, 0x08F0, 0x08F0, 0x08F0, 0x08F0, 0x08F0, 0x08F0, 0x08F0, 0x08F0, 0x08F0,
  0x08F0, 0x08F0, 0x08F0, 0x08F0, 0x08F0, 0x08F0, 0x08F0, 0x08F0, 0x08F0, 0x08F0,
  0x08F0, 0x08F0, 0x08F0, 0x08F0, 0x08F0, 0x08F0, 0x08F0, 0x08F0, 0x08F0, 0x08F0,
  0x08F0, 0x08F0, 0x08F0, 0x08F0, 0x08F0, 0x08F0, 0x08F0, 0x08F0, 0x08F0, 0x08F0,
  0x08F0, 0x08F0, 0x08F0, 0x08F0, 0x08F0, 0x08F0, 0x08F0, 0x08F0, 0x08F0, 0x08F0,
  0x08F0, 0x08F0, 0x08F0, 0x08F0, 0x08F0, 0x08F0, 0x08F0, 0x08F0, 0x08F0, 0x08F0,
  0x08F0, 0x08F0, 0x08F0, 0x08F0, 0x08F0, 0x08F0, 0x08F0, 0x08F0, 0x08F0, 0x08F0,
  0x08F0, 0x08F0, 0x08F0, 0x08F0, 0x08F0, 0x08F0, 0x08F0, 0x08F0, 0x08F0, 0x08F0,
  0x08F0, 0x08F0, 0x08F0, 0x08F0, 0x08F0, 0x08F0, 0x08F0, 0x08F0, 0x08F0, 0x08F0,
  0x08F0, 0x08F0, 0x08F0, 0x08F0, 0x08F0, 0x08F0, 0x08F0, 0x08F0, 0x08F0, 0x08F0,
  0x08F0, 0x08F0, 0x08F0, 0x08F0, 0x08F0, 0x08F0, 0x08F0, 0x08F0, 0x08F0, 0x08F0,
  0x08F0, 0x08F0, 0x08F0, 0x08F0, 0x08F0, 0x08F0, 0x08F0, 0x08F0, 0x08F0, 0x08F0,
  0x08F0, 0x08F0, 0x08F0, 0x08F0, 0x08F0, 0x08F0, 0x08F0, 0x08F0, 0x08F0, 0x08F0,
  0x08F0, 0x08F0, 0x08F0, 0x08F0, 0x08F0, 0x08F0, 0x08F0, 0x08F0, 0x08F0, 0x08F0,
  0x08F0, 0x08F0, 0x08F0, 0x08F0, 0x08F0, 0x08F0, 0x08F0, 0x08F0, 0x08F0, 0x08F0,
  0x08F0, 0x08F0, 0x08F0, 0x08F0, 0x08F0, 0x08F0, 0x08F0, 0x08F0, 0x08F0, 0x08F0,
  0x08F0, 0x08F0, 0x08F0, 0x08F0, 0x08F0, 0x08F0, 0x08F0, 0x08F0, 0x08F0, 0x08F0,
  0x08F0, 0x08F0, 0x08F0, 0x08F0, 0x08F0, 0x08F0, 0x08F0, 0x08F0, 0x08F0, 0x08F0,
  0x08F0, 0x08F0, 0x08F0, 0x08F0, 0x08F0, 0x08F0, 0x08F0, 0x08F0, 0x08F0, 0x08F0,
  0x08F0, 0x08F0, 0x08F0, 0x08F0, 0x08F0, 0x08F0, 0x08F0, 0x08F0, 0x08F0, 0x08F0,
  0x08F0, 0x08F0, 0x08F0, 0x08F0, 0x08F0, 0x08F0, 0x08F0, 0x08F0, 0x08F0, 0x08F0,
  0x08F0, 0x08F0, 0x08F0, 0x08F0, 0x08F0, 0x08F0, 0x08F0, 0x08F0, 0x08F0, 0x08F0,
  0x08F0, 0x08F0, 0x08F0, 0x08F0, 0x08F0, 0x08F0, 0x08F0, 0x08F0, 0x08F0, 0x08F0,
  0x08F0, 0x08F0, 0x08F0, 0x08F0, 0x08F0, 0x08F0, 0x08F0, 0x08F0, 0x08F0, 0x08F0,
  0x08F0, 0x08F0, 0x08F0, 0x08F0, 0x08F0, 0x08F0, 0x08F0, 0x08F0, 0x08F0, 0x08F0,
  0x08F0, 0x08F0, 0x08F0, 0x08F0, 0x08F0, 0x08F0, 0x08F0, 0x08F0, 0x08F0, 0x08F0,
  0x08F0, 0x08F0, 0x08F0, 0x08F0, 0x08F0, 0x08F0, 0x08F0, 0x08F0, 0x08F0, 0x08F0,
  0x08F0, 0x08F0, 0x08F0, 0x08F0, 0x08F0, 0x08F0, 0x08F0, 0x08F0, 0x08F0, 0x08F0,
  0x08F0, 0x08F0, 0x08F0, 0x08F0, 0x08F0, 0x08F0, 0x08F0, 0x08F0, 0x08F0, 0x08F0,
  0x08F0, 0x08F0, 0x08F0, 0x08F0, 0x08F0, 0x08F0, 0x08F0, 0x08F0, 0x08F0, 0x08F0,
  0x08F0, 0x08F0, 0x08F0, 0x08F0, 0x08F0, 0x08F0, 0x08F0, 0x08F0, 0x08F0, 0x08F0,
  0x08F0, 0x08F0, 0x08F0, 0x08F0, 0x08F0, 0x08F0, 0x08F0, 0x08F0, 0x08F0, 0x08F0,
  0x08F0, 0x08F0, 0x08F0, 0x08F0, 0x08F0, 0x08F0, 0x08F0, 0x08F0, 0x08F0, 0x08F0,
  0x08F0, 0x08F0, 0x08F0, 0x08F0, 0x08F0, 0x1340, 0x137E, 0x139E, 0x08F0, 0x08F0,
  0x08F0, 0x08F0, 0x13D8, 0x08F0, 0x08F0, 0x1400, 0x1432, 0x078D, 0x1460, 0x08EF,
  0x08F0, 0x08F0, 0x1494, 0x14D4, 0x08F0, 0x08F0, 0x08F0, 0x14DD, 0x08F0, 0x08F0,
  0x08F0, 0x08F0, 0x08F0, 0x08F0, 0x08F0, 0x08F0, 0x08F0, 0x08F0, 0x08F0, 0x08F0,
  0x08F0, 0x08F0, 0x08F0, 0x08F0, 0x08F0, 0x08F0, 0x08F0, 0x08F0, 0x08F0, 0x08F0,
  0x08F0, 0x08F0, 0x08F0, 0x08F0, 0x08F0, 0x08F0, 0x08F0, 0x08F0, 0x08F0, 0x08F0,
  0x08F0, 0x08F0, 0x08F0, 0x08F0, 0x08F0, 0x08F0, 0x08F0, 0x08F0, 0x08F0, 0x08F0,
  0x08F0, 0x08F0, 0x08F0, 0x08F0, 0x08F0, 0x08F0, 0x08F0, 0x08F0, 0x08F0, 0x08F0,
  0x08F0, 0x08F0, 0x08F0, 0x08F0, 0x08F0, 0x08F0, 0x08F0, 0x08F0, 0x08F0, 0x08F0,
  0x08F0, 0x08F0, 0x08F0, 0x08F0, 0x08F0, 0x08F0, 0x08F0, 0x08F0, 0x08F0, 0x08F0,
  0x08F0, 0x08F0, 0x08F0, 0x08F0, 0x08F0, 0x08F0, 0x08F0, 0x08F0, 0x08F0, 0x08F0,
  0x08F0, 0x08F0, 0x08F0, 0x08F0, 0x08F0, 0x08F0, 0x08F0, 0x08F0, 0x08F0, 0x08F0,
  0x08F0, 0x08F0, 0x08F0, 0x08F0, 0x08F0, 0x08F0, 0x08F0, 0x08F0, 0x08F0, 0x08F0,
  0x08F0, 0x08F0, 0x08F0, 0x08F0, 0x08F0, 0x08F0, 0x08F0, 0x08F0, 0x08F0, 0x08F0,
  0x08F0, 0x08F0, 0x08F0, 0x08F0, 0x08F0, 0x08F0, 0x08F0, 0x08F0, 0x08F0, 0x08F0,
  0x08F0, 0x08F0, 0x08F0, 0x08F0, 0x08F0, 0x08F0, 0x08F0, 0x08F0, 0x08F0, 0x08F0,
  0x08F0, 0x08F0, 0x08F0, 0x08F0, 0x08F0, 0x08F0, 0x08F0, 0x08F0, 0x08F0, 0x08F0,
  0x08F0, 0x08F0, 0x08F0, 0x08F0, 0x08F0, 0x08F0, 0x08F0, 0x08F0, 0x08F0, 0x08F0,
  0x08F0, 0x08F0, 0x08F0, 0x08F0, 0x08F0, 0x08F0, 0x08F0, 0x08F0, 0x08F0, 0x08F0,
  0x08F0, 0x08F0, 0x08F0, 0x08F0, 0x08F0, 0x08F0, 0x08F0, 0x08F0, 0x08F0, 0x08F0,
  0x08F0, 0x08F0, 0x08F0, 0x08F0, 0x0000, 0x0000, 0x0000, 0x0000, 0x0000, 0x0000,
  0x0000, 0x0000, 0x0000, 0x0000, 0x0000, 0x0000, 0x0000, 0x0000, 0x0000, 0x0000,
  0x0000, 0x0000, 0x0000, 0x0000, 0x0000, 0x0000, 0x0000, 0x0000, 0x0000, 0x0000,
  0x0000, 0x0000, 0x0000, 0x0000, 0x0000, 0x0000, 0x08F0, 0x08F0, 0x08F0, 0x08F0,
  0x08F0, 0x08F0, 0x08F0, 0x08F0, 0x08F0, 0x08F0, 0x08F0, 0x08F0, 0x08F0, 0x08F0,
  0x08F0, 0x08F0, 0x08F0, 0x08F0, 0x08F0, 0x08F0, 0x08F0, 0x08F0, 0x08F0, 0x08F0,
  0x08F0, 0x08F0, 0x08F0, 0x08F0, 0x08F0, 0x08F0, 0x08F0, 0x08F0, 0x08F0, 0x08F0,
  0x08F0, 0x08F0, 0x08F0, 0x08F0, 0x08F0, 0x08F0, 0x08F0, 0x08F0, 0x08F0, 0x08F0,
  0x08F0, 0x08F0, 0x08F0, 0x08F0, 0x08F0, 0x08F0, 0x08F0, 0x08F0, 0x08F0, 0x08F0,
  0x08F0, 0x08F0, 0x08F0, 0x08F0, 0x08F0, 0x08F0, 0x08F0, 0x08F0, 0x08F0, 0x08F0,
  0x08F0, 0x08F0, 0x08F0, 0x08F0, 0x08F0, 0x08F0, 0x08F0, 0x08F0, 0x08F0, 0x08F0,
  0x08F0, 0x08F0, 0x08F0, 0x08F0, 0x08F0, 0x08F0, 0x08F0, 0x08F0, 0x08F0, 0x08F0,
  0x08F0, 0x08F0, 0x08F0, 0x08F0, 0x08F0, 0x08F0, 0x08F0, 0x08F0, 0x08F0, 0x08F0,
  0x08F0, 0x08F0, 0x08F0, 0x08F0, 0x08F0, 0x08F0, 0x151D, 0x151D, 0x151D, 0x151D,
  0x154F, 0x1579, 0x151D, 0x15AA, 0x15CD, 0x160D, 0x08F0, 0x08F0, 0x08F0, 0x08F0,
  0x08F0, 0x08F0, 0x08F0, 0x08F0, 0x08F0, 0x08F0, 0x162D, 0x08F0, 0x08F0, 0x08F0,
  0x08F0, 0x08F0, 0x08F0, 0x08F0,
};

const uint16_t trie_index1[512] = {
  0x0000, 0x0018, 0x0037, 0x0057, 0x0075, 0x0075, 0x0075, 0x0075, 0x0075, 0x0075,
  0x0075, 0x0075, 0x0091, 0x00A6, 0x0075, 0x0075, 0x0075, 0x0075, 0x0075, 0x0075,
  0x0075, 0x0075, 0x0075, 0x00C6, 0x0075, 0x0075, 0x00E1, 0x0075, 0x0101, 0x011E,
  0x0075, 0x0075, 0x0075, 0x0075, 0x0075, 0x0075, 0x0075, 0x0075, 0x0075, 0x0075,
  0x0075, 0x0075, 0x0075, 0x0075, 0x0075, 0x0075, 0x0075, 0x0075, 0x0075, 0x0075,
  0x0075, 0x0075, 0x0075, 0x0075, 0x0075, 0x0075, 0x0075, 0x0075, 0x0075, 0x0075,
  0x0075, 0x0075, 0x0075, 0x013E, 0x0075, 0x0075, 0x0075, 0x0075, 0x0075, 0x0075,
  0x0075, 0x0075, 0x0075, 0x0075, 0x0075, 0x0075, 0x0075, 0x0075, 0x0075, 0x0075,
  0x0075, 0x0075, 0x0075, 0x0075, 0x0075, 0x0075, 0x0075, 0x0075, 0x0075, 0x0075,
  0x0075, 0x0075, 0x0075, 0x0075, 0x0075, 0x0075, 0x0075, 0x0075, 0x0075, 0x0075,
  0x0075, 0x0075, 0x0075, 0x0075, 0x0075, 0x0075, 0x0075, 0x0075, 0x0075, 0x0075,
  0x0075, 0x0075, 0x0075, 0x0075, 0x0075, 0x0075, 0x0075, 0x0075, 0x0075, 0x0075,
  0x0075, 0x0075, 0x0075, 0x0075, 0x0075, 0x0075, 0x0075, 0x0075, 0x0075, 0x0075,
  0x0075, 0x0075, 0x0075, 0x0075, 0x0075, 0x0075, 0x0075, 0x0075, 0x0075, 0x0075,
  0x0075, 0x0075, 0x0075, 0x0075, 0x0075, 0x0075, 0x0075, 0x0075, 0x0075, 0x0075,
  0x0075, 0x0075, 0x0075, 0x0075, 0x0075, 0x0075, 0x0075, 0x0075, 0x0075, 0x0075,
  0x0075, 0x0075, 0x0075, 0x0075, 0x0075, 0x0075, 0x0075, 0x0075, 0x0075, 0x0075,
  0x0075, 0x0075, 0x0075, 0x0075, 0x0075, 0x0075, 0x0075, 0x0075, 0x0075, 0x0075,
  0x0075, 0x0075, 0x0075, 0x0075, 0x0075, 0x0075, 0x0075, 0x0075, 0x0075, 0x0075,
  0x0075, 0x0075, 0x0075, 0x0075, 0x0075, 0x0075, 0x0075, 0x0075, 0x0075, 0x0075,
  0x0075, 0x0075, 0x0075, 0x0075, 0x0075, 0x0075, 0x0075, 0x0075, 0x0075, 0x0075,
  0x0075, 0x0075, 0x0075, 0x0075, 0x0075, 0x0075, 0x0075, 0x0075, 0x0075, 0x0075,
  0x0075, 0x0075, 0x0075, 0x0075, 0x0075, 0x0075, 0x0075, 0x0075, 0x0075, 0x0075,
  0x0075, 0x0075, 0x0075, 0x0075, 0x0075, 0x0075, 0x0075, 0x0075, 0x0075, 0x0075,
  0x0075, 0x0075, 0x0075, 0x0075, 0x0075, 0x0075, 0x0075, 0x0075, 0x0075, 0x0075,
  0x0075, 0x0075, 0x0075, 0x0075, 0x0075, 0x0075, 0x0075, 0x0075, 0x0075, 0x0075,
  0x0075, 0x0075, 0x0075, 0x0075, 0x0075, 0x0075, 0x0075, 0x0075, 0x0075, 0x0075,
  0x0075, 0x0075, 0x0075, 0x0075, 0x0075, 0x0075, 0x0075, 0x0075, 0x0075, 0x0075,
  0x0075, 0x0075, 0x0075, 0x0075, 0x0075, 0x0075, 0x0075, 0x0075, 0x0075, 0x0075,
  0x0075, 0x0075, 0x0075, 0x0075, 0x0075, 0x0075, 0x0075, 0x0075, 0x0075, 0x0075,
  0x0075, 0x0075, 0x0075, 0x0075, 0x0075, 0x0075, 0x0075, 0x0075, 0x0075, 0x0075,
  0x0075, 0x0075, 0x0075, 0x0075, 0x0075, 0x0075, 0x0075, 0x0075, 0x0075, 0x0075,
  0x0075, 0x0075, 0x0075, 0x0075, 0x0075, 0x0075, 0x0075, 0x0075, 0x0075, 0x0075,
  0x0075, 0x0075, 0x0075, 0x0075, 0x0075, 0x0075, 0x0075, 0x0075, 0x0075, 0x0075,
  0x0075, 0x0075, 0x0075, 0x0075, 0x0075, 0x0075, 0x0075, 0x0075, 0x0075, 0x0075,
  0x0075, 0x0075, 0x0075, 0x0075, 0x0075, 0x0075, 0x0075, 0x0075, 0x0075, 0x0075,
  0x0075, 0x0075, 0x0075, 0x0075, 0x0075, 0x0075, 0x0075, 0x0075, 0x0075, 0x0075,
  0x0075, 0x0075, 0x0075, 0x0075, 0x0075, 0x0075, 0x0075, 0x0075, 0x0075, 0x0075,
  0x0075, 0x0075, 0x0075, 0x0075, 0x0075, 0x0075, 0x0075, 0x0075, 0x0075, 0x0075,
  0x0075, 0x0075, 0x0075, 0x0075, 0x0075, 0x0075, 0x0075, 0x0075, 0x0075, 0x0075,
  0x0075, 0x0075, 0x0075, 0x0075, 0x0075, 0x0075, 0x0075, 0x0075, 0x0075, 0x0075,
  0x0075, 0x0075, 0x0075, 0x0075, 0x0075, 0x0075, 0x0075, 0x0075, 0x0075, 0x0075,
  0x0075, 0x0075, 0x0075, 0x0075, 0x0075, 0x0075, 0x0075, 0x0075, 0x0075, 0x0075,
  0x0075, 0x0075, 0x0075, 0x0075, 0x0075, 0x0075, 0x0075, 0x0075, 0x0075, 0x0075,
  0x0075, 0x0075, 0x0075, 0x0075, 0x0075, 0x0075, 0x0075, 0x0075, 0x0075, 0x0075,
  0x0075, 0x0075, 0x0075, 0x0075, 0x0075, 0x0075, 0x0075, 0x0075, 0x0075, 0x0075,
  0x0075, 0x0075, 0x0075, 0x0075, 0x0075, 0x0075, 0x0075, 0x0075, 0x0075, 0x0075,
  0x0075, 0x0075, 0x0075, 0x0075, 0x0075, 0x0075, 0x0075, 0x0075, 0x0075, 0x0075,
  0x0075, 0x0075, 0x0075, 0x0075, 0x0075, 0x0075, 0x0075, 0x0075, 0x0075, 0x0075,
  0x0075, 0x0075, 0x0075, 0x0075, 0x0075, 0x0075, 0x0075, 0x0075, 0x0075, 0x0075,
  0x0075, 0x0075, 0x0075, 0x0075, 0x0075, 0x0075, 0x0075, 0x0075, 0x0075, 0x0075,
  0x0075, 0x0075,
};

const uint16_t trie_index2[350] = {
  0x166D, 0x166D, 0x166D, 0x166D, 0x166D, 0x166D, 0x166D, 0x1670, 0x166D, 0x166D,
  0x166D, 0x168D, 0x166D, 0x16AE, 0x166D, 0x166D, 0x166D, 0x166D, 0x166D, 0x166D,
  0x166D, 0x166D, 0x166D, 0x16E9, 0x166D, 0x166D, 0x166D, 0x166D, 0x166D, 0x166D,
  0x166D, 0x166D, 0x171C, 0x166D, 0x166D, 0x175C, 0x166D, 0x166D, 0x166D, 0x166D,
  0x166D, 0x166D, 0x166D, 0x166D, 0x1783, 0x17AB, 0x166D, 0x166D, 0x166D, 0x166D,
  0x17D9, 0x1806, 0x166D, 0x1846, 0x1884, 0x166D, 0x18BE, 0x18FE, 0x166D, 0x193E,
  0x1973, 0x166D, 0x19B3, 0x19BE, 0x166D, 0x166D, 0x19F5, 0x1A20, 0x1A5D, 0x1A9A,
  0x1AD5, 0x166D, 0x1B13, 0x1B32, 0x1B71, 0x166D, 0x166D, 0x1B77, 0x1BB7, 0x1BB8,
  0x166D, 0x1BC1, 0x166D, 0x1899, 0x166D, 0x166D, 0x166D, 0x1BBE, 0x166D, 0x166D,
  0x166D, 0x1BF9, 0x1C38, 0x166D, 0x18A4, 0x1890, 0x1C71, 0x18AB, 0x166D, 0x166D,
  0x166D, 0x166D, 0x166D, 0x1BB8, 0x166D, 0x166D, 0x166D, 0x166D, 0x1CAF, 0x18AD,
  0x166D, 0x166D, 0x166D, 0x166D, 0x166D, 0x166D, 0x1CB2, 0x166D, 0x166D, 0x166D,
  0x166D, 0x166D, 0x166D, 0x166D, 0x166D, 0x166D, 0x166D, 0x166D, 0x166D, 0x166D,
  0x166D, 0x166D, 0x166D, 0x166D, 0x166D, 0x166D, 0x166D, 0x166D, 0x166D, 0x166D,
  0x166D, 0x166D, 0x166D, 0x166D, 0x166D, 0x166D, 0x166D, 0x166D, 0x166D, 0x1CD1,
  0x166D, 0x166D, 0x166D, 0x166D, 0x166D, 0x166D, 0x166D, 0x166D, 0x166D, 0x166D,
  0x166D, 0x166D, 0x166D, 0x166D, 0x166D, 0x166D, 0x166D, 0x166D, 0x166D, 0x166D,
  0x166D, 0x166D, 0x166D, 0x166D, 0x166D, 0x166D, 0x166D, 0x1D01, 0x1D36, 0x166D,
  0x166D, 0x166D, 0x166D, 0x166D, 0x166D, 0x166D, 0x166D, 0x1D6D, 0x166D, 0x166D,
  0x166D, 0x166D, 0x166D, 0x166D, 0x166D, 0x166D, 0x166D, 0x1D98, 0x166D, 0x166D,
  0x166D, 0x166D, 0x166D, 0x166D, 0x166D, 0x166D, 0x166D, 0x166D, 0x166D, 0x166D,
  0x166D, 0x166D, 0x166D, 0x166D, 0x166D, 0x166D, 0x1DCA, 0x166D, 0x166D, 0x166D,
  0x166D, 0x166D, 0x166D, 0x166D, 0x166D, 0x166D, 0x166D, 0x166D, 0x166D, 0x166D,
  0x1DEC, 0x1E29, 0x1E68, 0x166D, 0x1EA6, 0x166D, 0x166D, 0x166D, 0x166D, 0x166D,
  0x166D, 0x166D, 0x166D, 0x166D, 0x166D, 0x166D, 0x166D, 0x166D, 0x166D, 0x166D,
  0x166D, 0x166D, 0x166D, 0x166D, 0x166D, 0x166D, 0x166D, 0x1EE6, 0x166D, 0x1B22,
  0x166D, 0x1D36, 0x166D, 0x166D, 0x166D, 0x166D, 0x166D, 0x1F11, 0x1F40, 0x166D,
  0x166D, 0x166D, 0x166D, 0x166D, 0x166D, 0x166D, 0x1F70, 0x166D, 0x166D, 0x166D,
  0x1FA0, 0x166D, 0x166D, 0x166D, 0x1FD0, 0x166D, 0x166D, 0x166D, 0x166D, 0x2006,
  0x166D, 0x2042, 0x166D, 0x166D, 0x166D, 0x166D, 0x166D, 0x166D, 0x166D, 0x166D,
  0x166D, 0x166D, 0x166D, 0x166D, 0x166D, 0x166D, 0x166D, 0x166D, 0x166D, 0x166D,
  0x166D, 0x166D, 0x166D, 0x166D, 0x166D, 0x166D, 0x166D, 0x166D, 0x2082, 0x20BB,
  0x20F9, 0x2138, 0x2174, 0x21B3, 0x21F1, 0x222C, 0x2268, 0x166D, 0x166D, 0x166D,
  0x166D, 0x166D, 0x166D, 0x166D, 0x166D, 0x166D, 0x166D, 0x166D, 0x166D, 0x166D,
  0x166D, 0x166D, 0x166D, 0x166D, 0x166D, 0x166D, 0x166D, 0x166D, 0x166D, 0x166D,
};
} // namespace nfd

namespace nfkd {

const uint16_t trie_index[1024] = {
  0x0000, 0x0000, 0x22A8, 0x0080, 0x22E8, 0x2327, 0x013D, 0x2367, 0x01B0, 0x0040,
  0x23A7, 0x23E0, 0x01F0, 0x2420, 0x245F, 0x2495, 0x02E5, 0x031F, 0x035C, 0x039B,
  0x0040, 0x0040, 0x24CF, 0x0415, 0x0445, 0x250F, 0x0040, 0x04BA, 0x04E9, 0x0528,
  0x0040, 0x053D, 0x057D, 0x05AB, 0x05D4, 0x060A, 0x064A, 0x0687, 0x06A7, 0x06E4,
  0x0723, 0x0760, 0x06A7, 0x0793, 0x06A7, 0x07CB, 0x07F7, 0x082D, 0x06A7, 0x0865,
  0x06A7, 0x08A5, 0x08B3, 0x082D, 0x08F0, 0x0926, 0x254F, 0x0980, 0x258A, 0x25C5,
  0x25F9, 0x2636, 0x0A6C, 0x0AA6, 0x0AC0, 0x08F0, 0x0AFB, 0x2674, 0x08F0, 0x08F0,
  0x08F0, 0x08F0, 0x08F0, 0x08F0, 0x08F0, 0x08F0, 0x08F0, 0x0B1E, 0x08F0, 0x08F0,
  0x08F0, 0x08F0, 0x08F0, 0x08F0, 0x08F0, 0x08F0, 0x08F0, 0x08F0, 0x08F0, 0x08F0,
  0x08F0, 0x08F0, 0x0B4A, 0x08F0, 0x08F0, 0x0B7F, 0x08F0, 0x08F0, 0x0B9D, 0x08F0,
  0x0BC7, 0x08F0, 0x08F0, 0x08F0, 0x0C03, 0x0C23, 0x0C63, 0x0CA2, 0x0CDC, 0x0D1C,
  0x08C4, 0x0D50, 0x06AC, 0x08F0, 0x08F0, 0x0D84, 0x26B1, 0x26EF, 0x2728, 0x0DC4,
  0x0E04, 0x0E42, 0x2768, 0x0EC0, 0x0F00, 0x0F40, 0x27A8, 0x27E7, 0x2827, 0x2866,
  0x28A2, 0x102F, 0x28E2, 0x2922, 0x2962, 0x10BF, 0x299E, 0x113A, 0x116A, 0x119A,
  0x11C8, 0x08F0, 0x08F0, 0x08F0, 0x08F0, 0x29CF, 0x2A0C, 0x2A42, 0x08F0, 0x08F0,
  0x08F0, 0x08F0, 0x08F0, 0x08F0, 0x08F0, 0x08F0, 0x08F0, 0x08F0, 0x08F0, 0x08F0,
  0x08F0, 0x08F0, 0x08F0, 0x08F0, 0x08F0, 0x08F0, 0x08F0, 0x08F0, 0x2A76, 0x2A83,
  0x08F0, 0x11F3, 0x08F0, 0x08F0, 0x08F0, 0x08F0, 0x08F0, 0x2ABA, 0x08F0, 0x0B0C,
  0x08F0, 0x2AF8, 0x08F0, 0x1213, 0x08F0, 0x08F0, 0x2691, 0x267D, 0x151D, 0x151D,
  0x151D, 0x2B38, 0x2B78, 0x1287, 0x2BB3, 0x2BEF, 0x2C2F, 0x151D, 0x2C60, 0x08F0,
  0x2CA0, 0x2CDC, 0x2D1C, 0x2D5C, 0x2D9C, 0x2DDC, 0x2E1C, 0x2E5C, 0x08F0, 0x08F0,
  0x08F0, 0x08F0, 0x08F0, 0x08F0, 0x08F0, 0x08F0, 0x08F0, 0x08F0, 0x08F0, 0x08F0,
  0x08F0, 0x08F0, 0x08F0, 0x08F0, 0x08F0, 0x08F0, 0x08F0, 0x08F0, 0x08F0, 0x08F0,
  0x08F0, 0x08F0, 0x08F0, 0x08F0, 0x08F0, 0x08F0, 0x08F0, 0x08F0, 0x08F0, 0x08F0,
  0x08F0, 0x08F0, 0x08F0, 0x08F0, 0x08F0, 0x08F0, 0x08F0, 0x08F0, 0x08F0, 0x08F0,
  0x08F0, 0x08F0, 0x08F0, 0x08F0, 0x08F0, 0x08F0, 0x08F0, 0x08F0, 0x08F0, 0x08F0,
  0x08F0, 0x08F0, 0x08F0, 0x08F0, 0x08F0, 0x08F0, 0x08F0, 0x08F0, 0x08F0, 0x08F0,
  0x08F0, 0x08F0, 0x08F0, 0x08F0, 0x08F0, 0x08F0, 0x08F0, 0x08F0, 0x08F0, 0x08F0,
  0x08F0, 0x08F0, 0x08F0, 0x08F0, 0x08F0, 0x08F0, 0x08F0, 0x08F0, 0x08F0, 0x08F0,
  0x08F0, 0x08F0, 0x08F0, 0x08F0, 0x08F0, 0x08F0, 0x08F0, 0x08F0, 0x08F0, 0x08F0,
  0x08F0, 0x08F0, 0x08F0, 0x08F0, 0x08F0, 0x08F0, 0x08F0, 0x08F0, 0x08F0, 0x08F0,
  0x08F0, 0x08F0, 0x08F0, 0x08F0, 0x08F0, 0x08F0, 0x08F0, 0x08F0, 0x08F0, 0x08F0,
  0x08F0, 0x08F0, 0x08F0, 0x08F0, 0x08F0, 0x08F0, 0x08F0, 0x08F0, 0x08F0, 0x08F0,
  0x08F0, 0x08F0, 0x08F0, 0x08F0, 0x08F0, 0x08F0, 0x08F0, 0x08F0, 0x08F0, 0x08F0,
  0x08F0, 0x08F0, 0x08F0, 0x08F0, 0x08F0, 0x08F0, 0x08F0, 0x08F0, 0x08F0, 0x08F0,
  0x08F0, 0x08F0, 0x08F0, 0x08F0, 0x08F0, 0x08F0, 0x08F0, 0x08F0, 0x08F0, 0x08F0,
  0x08F0, 0x08F0, 0x08F0, 0x08F0, 0x08F0, 0x08F0, 0x08F0, 0x08F0, 0x08F0, 0x08F0,
  0x08F0, 0x08F0, 0x08F0, 0x08F0, 0x08F0, 0x08F0, 0x08F0, 0x08F0, 0x08F0, 0x08F0,
  0x08F0, 0x08F0, 0x08F0, 0x08F0, 0x08F0, 0x08F0, 0x08F0, 0x08F0, 0x08F0, 0x08F0,
  0x08F0, 0x08F0, 0x08F0, 0x08F0, 0x08F0, 0x08F0, 0x08F0, 0x08F0, 0x08F0, 0x08F0,
  0x08F0, 0x08F0, 0x08F0, 0x08F0, 0x08F0, 0x08F0, 0x08F0, 0x08F0, 0x08F0, 0x08F0,
  0x08F0, 0x08F0, 0x08F0, 0x08F0, 0x08F0, 0x08F0, 0x08F0, 0x08F0, 0x08F0, 0x08F0,
  0x08F0, 0x08F0, 0x08F0, 0x08F0, 0x08F0, 0x08F0, 0x08F0, 0x08F0, 0x08F0, 0x08F0,
  0x08F0, 0x08F0, 0x08F0, 0x08F0, 0x08F0, 0x08F0, 0x08F0, 0x08F0, 0x08F0, 0x08F0,
  0x08F0, 0x08F0, 0x08F0, 0x08F0, 0x08F0, 0x08F0, 0x08F0, 0x08F0, 0x08F0, 0x08F0,
  0x08F0, 0x08F0, 0x08F0, 0x08F0, 0x08F0, 0x08F0, 0x08F0, 0x08F0, 0x08F0, 0x08F0,
  0x08F0, 0x08F0, 0x08F0, 0x08F0, 0x08F0, 0x08F0, 0x08F0, 0x08F0, 0x08F0, 0x08F0,
  0x08F0, 0x08F0, 0x08F0, 0x08F0, 0x08F0, 0x08F0, 0x08F0, 0x08F0, 0x08F0, 0x08F0,
  0x08F0, 0x08F0, 0x08F0, 0x08F0, 0x08F0, 0x08F0, 0x08F0, 0x08F0, 0x08F0, 0x08F0,
  0x08F0, 0x08F0, 0x08F0, 0x08F0, 0x08F0, 0x08F0, 0x08F0, 0x08F0, 0x08F0, 0x08F0,
  0x08F0, 0x08F0, 0x08F0, 0x08F0, 0x08F0, 0x08F0, 0x08F0, 0x08F0, 0x08F0, 0x08F0,
  0x08F0, 0x08F0, 0x08F0, 0x08F0, 0x08F0, 0x08F0, 0x08F0, 0x08F0, 0x08F0, 0x08F0,
  0x08F0, 0x08F0, 0x08F0, 0x08F0, 0x08F0, 0x08F0, 0x08F0, 0x08F0, 0x08F0, 0x08F0,
  0x08F0, 0x08F0, 0x08F0, 0x08F0, 0x08F0, 0x08F0, 0x08F0, 0x08F0, 0x08F0, 0x08F0,
  0x08F0, 0x08F0, 0x08F0, 0x08F0, 0x08F0, 0x08F0, 0x08F0, 0x08F0, 0x08F0, 0x08F0,
  0x08F0, 0x08F0, 0x08F0, 0x08F0, 0x08F0, 0x08F0, 0x08F0, 0x08F0, 0x08F0, 0x08F0,
  0x08F0, 0x08F0, 0x08F0, 0x08F0, 0x08F0, 0x08F0, 0x08F0, 0x08F0, 0x08F0, 0x08F0,
  0x08F0, 0x08F0, 0x08F0, 0x08F0, 0x08F0, 0x08F0, 0x08F0, 0x08F0, 0x08F0, 0x08F0,
  0x08F0, 0x08F0, 0x08F0, 0x08F0, 0x08F0, 0x08F0, 0x08F0, 0x08F0, 0x08F0, 0x08F0,
  0x08F0, 0x08F0, 0x08F0, 0x08F0, 0x08F0, 0x08F0, 0x08F0, 0x08F0, 0x08F0, 0x08F0,
  0x08F0, 0x08F0, 0x08F0, 0x08F0, 0x08F0, 0x08F0, 0x08F0, 0x08F0, 0x08F0, 0x08F0,
  0x08F0, 0x08F0, 0x08F0, 0x08F0, 0x08F0, 0x08F0, 0x08F0, 0x08F0, 0x08F0, 0x08F0,
  0x08F0, 0x08F0, 0x08F0, 0x08F0, 0x08F0, 0x08F0, 0x08F0, 0x08F0, 0x08F0, 0x08F0,
  0x08F0, 0x08F0, 0x08F0, 0x08F0, 0x08F0, 0x08F0, 0x08F0, 0x08F0, 0x08F0, 0x08F0,
  0x08F0, 0x08F0, 0x08F0, 0x08F0, 0x08F0, 0x08F0, 0x08F0, 0x08F0, 0x08F0, 0x08F0,
  0x08F0, 0x08F0, 0x08F0, 0x08F0, 0x08F0, 0x08F0, 0x08F0, 0x08F0, 0x08F0, 0x08F0,
  0x08F0, 0x08F0, 0x08F0, 0x08F0, 0x08F0, 0x1340, 0x2E9C, 0x139E, 0x08F0, 0x2680,
  0x08F0, 0x2EBC, 0x13D8, 0x08F0, 0x08F0, 0x1400, 0x1432, 0x078D, 0x1460, 0x08EF,
  0x08F0, 0x08F0, 0x1494, 0x14D4, 0x08F0, 0x2EF6, 0x08F0, 0x14DD, 0x08F0, 0x08F0,
  0x08F0, 0x08F0, 0x08F0, 0x08F0, 0x08F0, 0x08F0, 0x08F0, 0x08F0, 0x08F0, 0x08F0,
  0x08F0, 0x08F0, 0x08F0, 0x08F0, 0x08F0, 0x08F0, 0x08F0, 0x08F0, 0x08F0, 0x08F0,
  0x08F0, 0x08F0, 0x08F0, 0x08F0, 0x08F0, 0x08F0, 0x08F0, 0x08F0, 0x08F0, 0x08F0,
  0x08F0, 0x08F0, 0x08F0, 0x08F0, 0x08F0, 0x08F0, 0x08F0, 0x08F0, 0x08F0, 0x08F0,
  0x08F0, 0x08F0, 0x08F0, 0x08F0, 0x08F0, 0x08F0, 0x08F0, 0x08F0, 0x08F0, 0x08F0,
  0x08F0, 0x08F0, 0x08F0, 0x08F0, 0x08F0, 0x08F0, 0x08F0, 0x08F0, 0x08F0, 0x08F0,
  0x08F0, 0x08F0, 0x08F0, 0x08F0, 0x08F0, 0x08F0, 0x08F0, 0x08F0, 0x08F0, 0x08F0,
  0x08F0, 0x08F0, 0x08F0, 0x08F0, 0x08F0, 0x08F0, 0x08F0, 0x08F0, 0x08F0, 0x08F0,
  0x08F0, 0x08F0, 0x08F0, 0x08F0, 0x08F0, 0x08F0, 0x08F0, 0x08F0, 0x08F0, 0x08F0,
  0x08F0, 0x08F0, 0x08F0, 0x08F0, 0x08F0, 0x08F0, 0x08F0, 0x08F0, 0x08F0, 0x08F0,
  0x08F0, 0x08F0, 0x08F0, 0x08F0, 0x08F0, 0x08F0, 0x08F0, 0x08F0, 0x08F0, 0x08F0,
  0x08F0, 0x08F0, 0x08F0, 0x08F0, 0x08F0, 0x08F0, 0x08F0, 0x08F0, 0x08F0, 0x08F0,
  0x08F0, 0x08F0, 0x08F0, 0x08F0, 0x08F0, 0x08F0, 0x08F0, 0x08F0, 0x08F0, 0x08F0,
  0x08F0, 0x08F0, 0x08F0, 0x08F0, 0x08F0, 0x08F0, 0x08F0, 0x08F0, 0x08F0, 0x08F0,
  0x08F0, 0x08F0, 0x08F0, 0x08F0, 0x08F0, 0x08F0, 0x08F0, 0x08F0, 0x08F0, 0x08F0,
  0x08F0, 0x08F0, 0x08F0, 0x08F0, 0x08F0, 0x08F0, 0x08F0, 0x08F0, 0x08F0, 0x08F0,
  0x08F0, 0x08F0, 0x08F0, 0x08F0, 0x08F0, 0x08F0, 0x08F0, 0x08F0, 0x08F0, 0x08F0,
  0x08F0, 0x08F0, 0x08F0, 0x08F0, 0x0000, 0x0000, 0x0000, 0x0000, 0x0000, 0x0000,
  0x0000, 0x0000, 0x0000, 0x0000, 0x0000, 0x0000, 0x0000, 0x0000, 0x0000, 0x0000,
  0x0000, 0x0000, 0x0000, 0x0000, 0x0000, 0x0000, 0x0000, 0x0000, 0x0000, 0x0000,
  0x0000, 0x0000, 0x0000, 0x0000, 0x0000, 0x0000, 0x08F0, 0x08F0, 0x08F0, 0x08F0,
  0x08F0, 0x08F0, 0x08F0, 0x08F0, 0x08F0, 0x08F0, 0x08F0, 0x08F0, 0x08F0, 0x08F0,
  0x08F0, 0x08F0, 0x08F0, 0x08F0, 0x08F0, 0x08F0, 0x08F0, 0x08F0, 0x08F0, 0x08F0,
  0x08F0, 0x08F0, 0x08F0, 0x08F0, 0x08F0, 0x08F0, 0x08F0, 0x08F0, 0x08F0, 0x08F0,
  0x08F0, 0x08F0, 0x08F0, 0x08F0, 0x08F0, 0x08F0, 0x08F0, 0x08F0, 0x08F0, 0x08F0,
  0x08F0, 0x08F0, 0x08F0, 0x08F0, 0x08F0, 0x08F0, 0x08F0, 0x08F0, 0x08F0, 0x08F0,
  0x08F0, 0x08F0, 0x08F0, 0x08F0, 0x08F0, 0x08F0, 0x08F0, 0x08F0, 0x08F0, 0x08F0,
  0x08F0, 0x08F0, 0x08F0, 0x08F0, 0x08F0, 0x08F0, 0x08F0, 0x08F0, 0x08F0, 0x08F0,
  0x08F0, 0x08F0, 0x08F0, 0x08F0, 0x08F0, 0x08F0, 0x08F0, 0x08F0, 0x08F0, 0x08F0,
  0x08F0, 0x08F0, 0x08F0, 0x08F0, 0x08F0, 0x08F0, 0x08F0, 0x08F0, 0x08F0, 0x08F0,
  0x08F0, 0x08F0, 0x08F0, 0x08F0, 0x08F0, 0x08F0, 0x151D, 0x151D, 0x151D, 0x151D,
  0x154F, 0x1579, 0x151D, 0x15AA, 0x2F36, 0x2F76, 0x2F92, 0x2FC4, 0x3004, 0x3029,
  0x3059, 0x3080, 0x30B5, 0x30F3, 0x3123, 0x315B, 0x3198, 0x31D3, 0x3213, 0x3220,
  0x325F, 0x3280, 0x32A2, 0x32E1,
};

const uint16_t trie_index1[512] = {
  0x0000, 0x001F, 0x003E, 0x005E, 0x007C, 0x007C, 0x007C, 0x007C, 0x007C, 0x007C,
  0x007C, 0x007C, 0x0098, 0x00AD, 0x007C, 0x007C, 0x007C, 0x007C, 0x007C, 0x007C,
  0x007C, 0x007C, 0x007C, 0x00CD, 0x007C, 0x00E0, 0x00FB, 0x007C, 0x011B, 0x0138,
  0x0154, 0x0165, 0x007C, 0x007C, 0x007C, 0x007C, 0x007C, 0x007C, 0x007C, 0x007C,
  0x007C, 0x007C, 0x007C, 0x007C, 0x007C, 0x007C, 0x007C, 0x007C, 0x007C, 0x007C,
  0x007C, 0x007C, 0x007C, 0x007C, 0x007C, 0x007C, 0x007C, 0x007C, 0x007C, 0x007C,
  0x007C, 0x007C, 0x007C, 0x0185, 0x007C, 0x007C, 0x007C, 0x007C, 0x007C, 0x007C,
  0x007C, 0x007C, 0x007C, 0x007C, 0x007C, 0x007C, 0x007C, 0x007C, 0x007C, 0x007C,
  0x007C, 0x007C, 0x007C, 0x007C, 0x007C, 0x007C, 0x007C, 0x007C, 0x007C, 0x007C,
  0x007C, 0x007C, 0x007C, 0x007C, 0x007C, 0x007C, 0x007C, 0x007C, 0x007C, 0x007C,
  0x007C, 0x007C, 0x007C, 0x007C, 0x007C, 0x007C, 0x007C, 0x007C, 0x007C, 0x007C,
  0x007C, 0x007C, 0x007C, 0x007C, 0x007C, 0x007C, 0x007C, 0x007C, 0x007C, 0x007C,
  0x007C, 0x007C, 0x007C, 0x007C, 0x007C, 0x007C, 0x007C, 0x007C, 0x007C, 0x007C,
  0x007C, 0x007C, 0x007C, 0x007C, 0x007C, 0x007C, 0x007C, 0x007C, 0x007C, 0x007C,
  0x007C, 0x007C, 0x007C, 0x007C, 0x007C, 0x007C, 0x007C, 0x007C, 0x007C, 0x007C,
  0x007C, 0x007C, 0x007C, 0x007C, 0x007C, 0x007C, 0x007C, 0x007C, 0x007C, 0x007C,
  0x007C, 0x007C, 0x007C, 0x007C, 0x007C, 0x007C, 0x007C, 0x007C, 0x007C, 0x007C,
  0x007C, 0x007C, 0x007C, 0x007C, 0x007C, 0x007C, 0x007C, 0x007C, 0x007C, 0x007C,
  0x007C, 0x007C, 0x007C, 0x007C, 0x007C, 0x007C, 0x007C, 0x007C, 0x007C, 0x007C,
  0x007C, 0x007C, 0x007C, 0x007C, 0x007C, 0x007C, 0x007C, 0x007C, 0x007C, 0x007C,
  0x007C, 0x007C, 0x007C, 0x007C, 0x007C, 0x007C, 0x007C, 0x007C, 0x007C, 0x007C,
  0x007C, 0x007C, 0x007C, 0x007C, 0x007C, 0x007C, 0x007C, 0x007C, 0x007C, 0x007C,
  0x007C, 0x007C, 0x007C, 0x007C, 0x007C, 0x007C, 0x007C, 0x007C, 0x007C, 0x007C,
  0x007C, 0x007C, 0x007C, 0x007C, 0x007C, 0x007C, 0x007C, 0x007C, 0x007C, 0x007C,
  0x007C, 0x007C, 0x007C, 0x007C, 0x007C, 0x007C, 0x007C, 0x007C, 0x007C, 0x007C,
  0x007C, 0x007C, 0x007C, 0x007C, 0x007C, 0x007C, 0x007C, 0x007C, 0x007C, 0x007C,
  0x007C, 0x007C, 0x007C, 0x007C, 0x007C, 0x007C, 0x007C, 0x007C, 0x007C, 0x007C,
  0x007C, 0x007C, 0x007C, 0x007C, 0x007C, 0x007C, 0x007C, 0x007C, 0x007C, 0x007C,
  0x007C, 0x007C, 0x007C, 0x007C, 0x007C, 0x007C, 0x007C, 0x007C, 0x007C, 0x007C,
  0x007C, 0x007C, 0x007C, 0x007C, 0x007C, 0x007C, 0x007C, 0x007C, 0x007C, 0x007C,
  0x007C, 0x007C, 0x007C, 0x007C, 0x007C, 0x007C, 0x007C, 0x007C, 0x007C, 0x007C,
  0x007C, 0x007C, 0x007C, 0x007C, 0x007C, 0x007C, 0x007C, 0x007C, 0x007C, 0x007C,
  0x007C, 0x007C, 0x007C, 0x007C, 0x007C, 0x007C, 0x007C, 0x007C, 0x007C, 0x007C,
  0x007C, 0x007C, 0x007C, 0x007C, 0x007C, 0x007C, 0x007C, 0x007C, 0x007C, 0x007C,
  0x007C, 0x007C, 0x007C, 0x007C, 0x007C, 0x007C, 0x007C, 0x007C, 0x007C, 0x007C,
  0x007C, 0x007C, 0x007C, 0x007C, 0x007C, 0x007C, 0x007C, 0x007C, 0x007C, 0x007C,
  0x007C, 0x007C, 0x007C, 0x007C, 0x007C, 0x007C, 0x007C, 0x007C, 0x007C, 0x007C,
  0x007C, 0x007C, 0x007C, 0x007C, 0x007C, 0x007C, 0x007C, 0x007C, 0x007C, 0x007C,
  0x007C, 0x007C, 0x007C, 0x007C, 0x007C, 0x007C, 0x007C, 0x007C, 0x007C, 0x007C,
  0x007C, 0x007C, 0x007C, 0x007C, 0x007C, 0x007C, 0x007C, 0x007C, 0x007C, 0x007C,
  0x007C, 0x007C, 0x007C, 0x007C, 0x007C, 0x007C, 0x007C, 0x007C, 0x007C, 0x007C,
  0x007C, 0x007C, 0x007C, 0x007C, 0x007C, 0x007C, 0x007C, 0x007C, 0x007C, 0x007C,
  0x007C, 0x007C, 0x007C, 0x007C, 0x007C, 0x007C, 0x007C, 0x007C, 0x007C, 0x007C,
  0x007C, 0x007C, 0x007C, 0x007C, 0x007C, 0x007C, 0x007C, 0x007C, 0x007C, 0x007C,
  0x007C, 0x007C, 0x007C, 0x007C, 0x007C, 0x007C, 0x007C, 0x007C, 0x007C, 0x007C,
  0x007C, 0x007C, 0x007C, 0x007C, 0x007C, 0x007C, 0x007C, 0x007C, 0x007C, 0x007C,
  0x007C, 0x007C, 0x007C, 0x007C, 0x007C, 0x007C, 0x007C, 0x007C, 0x007C, 0x007C,
  0x007C, 0x007C, 0x007C, 0x007C, 0x007C, 0x007C, 0x007C, 0x007C, 0x007C, 0x007C,
  0x007C, 0x007C, 0x007C, 0x007C, 0x007C, 0x007C, 0x007C, 0x007C, 0x007C, 0x007C,
  0x007C, 0x007C, 0x007C, 0x007C, 0x007C, 0x007C, 0x007C, 0x007C, 0x007C, 0x007C,
  0x007C, 0x007C, 0x007C, 0x007C, 0x007C, 0x007C, 0x007C, 0x007C, 0x007C, 0x007C,
  0x007C, 0x007C,
};

const uint16_t trie_index2[421] = {
  0x166D, 0x166D, 0x166D, 0x166D, 0x166D, 0x166D, 0x166D, 0x1670, 0x166D, 0x166D,
  0x166D, 0x168D, 0x166D, 0x16AE, 0x166D, 0x166D, 0x166D, 0x166D, 0x166D, 0x166D,
  0x166D, 0x166D, 0x166D, 0x16E9, 0x166D, 0x166D, 0x166D, 0x166D, 0x166D, 0x166D,
  0x3321, 0x166D, 0x166D, 0x166D, 0x166D, 0x166D, 0x166D, 0x166D, 0x166D, 0x171C,
  0x166D, 0x166D, 0x175C, 0x166D, 0x166D, 0x166D, 0x166D, 0x166D, 0x166D, 0x166D,
  0x166D, 0x1783, 0x17AB, 0x166D, 0x166D, 0x166D, 0x166D, 0x17D9, 0x1806, 0x166D,
  0x1846, 0x1884, 0x166D, 0x18BE, 0x18FE, 0x166D, 0x193E, 0x1973, 0x166D, 0x19B3,
  0x19BE, 0x166D, 0x166D, 0x19F5, 0x1A20, 0x1A5D, 0x1A9A, 0x1AD5, 0x166D, 0x1B13,
  0x1B32, 0x1B71, 0x166D, 0x166D, 0x1B77, 0x1BB7, 0x1BB8, 0x166D, 0x1BC1, 0x166D,
  0x1899, 0x166D, 0x166D, 0x166D, 0x1BBE, 0x166D, 0x166D, 0x166D, 0x1BF9, 0x1C38,
  0x166D, 0x18A4, 0x1890, 0x1C71, 0x18AB, 0x166D, 0x166D, 0x166D, 0x166D, 0x166D,
  0x1BB8, 0x166D, 0x166D, 0x166D, 0x166D, 0x1CAF, 0x18AD, 0x166D, 0x166D, 0x166D,
  0x166D, 0x166D, 0x166D, 0x1CB2, 0x166D, 0x166D, 0x166D, 0x166D, 0x166D, 0x166D,
  0x166D, 0x166D, 0x166D, 0x166D, 0x166D, 0x166D, 0x166D, 0x166D, 0x166D, 0x166D,
  0x166D, 0x166D, 0x166D, 0x166D, 0x166D, 0x166D, 0x166D, 0x166D, 0x166D, 0x166D,
  0x166D, 0x166D, 0x166D, 0x166D, 0x166D, 0x166D, 0x1CD1, 0x166D, 0x166D, 0x166D,
  0x166D, 0x166D, 0x166D, 0x166D, 0x166D, 0x166D, 0x166D, 0x166D, 0x166D, 0x166D,
  0x166D, 0x166D, 0x166D, 0x166D, 0x166D, 0x166D, 0x166D, 0x166D, 0x166D, 0x166D,
  0x166D, 0x166D, 0x166D, 0x166D, 0x1D01, 0x1D36, 0x166D, 0x166D, 0x166D, 0x166D,
  0x166D, 0x166D, 0x166D, 0x166D, 0x1D6D, 0x166D, 0x166D, 0x166D, 0x166D, 0x166D,
  0x166D, 0x166D, 0x166D, 0x166D, 0x1D98, 0x166D, 0x166D, 0x166D, 0x166D, 0x166D,
  0x166D, 0x166D, 0x166D, 0x166D, 0x166D, 0x166D, 0x166D, 0x166D, 0x166D, 0x166D,
  0x166D, 0x166D, 0x166D, 0x1DCA, 0x166D, 0x166D, 0x166D, 0x166D, 0x166D, 0x166D,
  0x166D, 0x166D, 0x166D, 0x166D, 0x166D, 0x166D, 0x166D, 0x166D, 0x166D, 0x166D,
  0x166D, 0x166D, 0x166D, 0x335C, 0x166D, 0x166D, 0x166D, 0x166D, 0x166D, 0x166D,
  0x166D, 0x166D, 0x166D, 0x166D, 0x166D, 0x166D, 0x1DEC, 0x1E29, 0x1E68, 0x166D,
  0x1EA6, 0x166D, 0x166D, 0x166D, 0x166D, 0x166D, 0x166D, 0x339C, 0x33C7, 0x33EA,
  0x3427, 0x3461, 0x34A1, 0x339C, 0x339C, 0x339C, 0x339C, 0x34BD, 0x34FC, 0x3502,
  0x3508, 0x350E, 0x354B, 0x358B, 0x35C1, 0x1B22, 0x166D, 0x1D36, 0x166D, 0x166D,
  0x166D, 0x166D, 0x166D, 0x1F11, 0x1F40, 0x166D, 0x166D, 0x166D, 0x166D, 0x166D,
  0x166D, 0x166D, 0x1F70, 0x166D, 0x166D, 0x166D, 0x1FA0, 0x166D, 0x166D, 0x166D,
  0x1FD0, 0x166D, 0x166D, 0x166D, 0x166D, 0x2006, 0x166D, 0x2042, 0x166D, 0x166D,
  0x166D, 0x166D, 0x166D, 0x166D, 0x166D, 0x166D, 0x166D, 0x166D, 0x166D, 0x166D,
  0x166D, 0x166D, 0x166D, 0x166D, 0x166D, 0x166D, 0x3601, 0x363F, 0x367F, 0x166D,
  0x166D, 0x166D, 0x166D, 0x166D, 0x36B0, 0x36E6, 0x3716, 0x166D, 0x3756, 0x3796,
  0x166D, 0x166D, 0x166D, 0x166D, 0x166D, 0x166D, 0x166D, 0x166D, 0x166D, 0x166D,
  0x166D, 0x166D, 0x166D, 0x166D, 0x166D, 0x166D, 0x166D, 0x166D, 0x166D, 0x166D,
  0x166D, 0x166D, 0x37A8, 0x166D, 0x166D, 0x166D, 0x166D, 0x166D, 0x166D, 0x166D,
  0x166D, 0x166D, 0x166D, 0x166D, 0x166D, 0x166D, 0x166D, 0x166D, 0x166D, 0x2082,
  0x20BB, 0x20F9, 0x2138, 0x2174, 0x21B3, 0x21F1, 0x222C, 0x2268, 0x166D, 0x166D,
  0x166D, 0x166D, 0x166D, 0x166D, 0x166D, 0x166D, 0x166D, 0x166D, 0x166D, 0x166D,
  0x166D, 0x166D, 0x166D, 0x166D, 0x166D, 0x166D, 0x166D, 0x166D, 0x166D, 0x166D,
  0x166D,
};
} // namespace nfkd

const uint32_t full_trie_data[16744] = {
  0x00000000, 0x00000000, 0x00000000, 0x00000000, 0x00000000, 0x00000000, 0x00000000, 0x00000000, 0x00000000, 0x00000000,
  0x00000000, 0x00000000, 0x00000000, 0x00000000, 0x00000000, 0x00000000, 0x00000000, 0x00000000, 0x00000000, 0x00000000,
  0x00000000, 0x00000000, 0x00000000, 0x00000000, 0x00000000, 0x00000000, 0x00000000, 0x00000000, 0x00000000, 0x00000000,
  0x00000000, 0x00000000, 0x00000000, 0x00000000, 0x00000000, 0x00000000, 0x00000000, 0x00000000, 0x00000000, 0x00000000,
  0x00000000, 0x00000000, 0x00000000, 0x00000000, 0x00000000, 0x00000000, 0x00000000, 0x00000000, 0x00000000, 0x00000000,
  0x00000000, 0x00000000, 0x00000000, 0x00000000, 0x00000000, 0x00000000, 0x00000000, 0x00000000, 0x00000000, 0x00000000,
  0x00000000, 0x00000000, 0x00000000, 0x00000000, 0x06618024, 0x06618027, 0x0661802A, 0x0661802D, 0x06618030, 0x06618033,
  0x00000000, 0x05418036, 0x06618039, 0x0661803C, 0x0661803F, 0x06618042, 0x06618045, 0x06618048, 0x0661804B, 0x0661804E,
  0x00000000, 0x06618051, 0x06618054, 0x06618057, 0x0661805A, 0x0661805D, 0x06618060, 0x00000000, 0x00000000, 0x06618063,
  0x06618066, 0x06618069, 0x0661806C, 0x0661806F, 0x00000000, 0x00000000, 0x06618072, 0x06618075, 0x06618078, 0x0661807B,
  0x0661807E, 0x06618081, 0x00000000, 0x05418084, 0x06618087, 0x0661808A, 0x0661808D, 0x06618090, 0x06618093, 0x06618096,
  0x06618099, 0x0661809C, 0x00000000, 0x0661809F, 0x066180A2, 0x066180A5, 0x066180A8, 0x066180AB, 0x066180AE, 0x00000000,
  0x00000000, 0x066180B1, 0x066180B4, 0x066180B7, 0x066180BA, 0x066180BD, 0x00000000, 0x066180C0, 0x066180C3, 0x066180C6,
  0x066180C9, 0x066180CC, 0x054180CF, 0x054180D2, 0x066180D5, 0x066180D8, 0x066180DB, 0x066180DE, 0x066180E1, 0x066180E4,
  0x066180E7, 0x066180EA, 0x066180ED, 0x066180F0, 0x00000000, 0x00000000, 0x066180F3, 0x066180F6, 0x066180F9, 0x066180FC,
  0x066180FF, 0x06618102, 0x05418105, 0x05418108, 0x0661810B, 0x0661810E, 0x06618111, 0x06618114, 0x06618117, 0x0661811A,
  0x0661811D, 0x06618120, 0x05418123, 0x05418126, 0x06618129, 0x0661812C, 0x00000000, 0x00000000, 0x0661812F, 0x06618132,
  0x06618135, 0x06618138, 0x0661813B, 0x0661813E, 0x05418141, 0x05418144, 0x06618147, 0x00000000, 0x00000000, 0x00000000,
  0x0661814E, 0x06618151, 0x05418154, 0x05418157, 0x00000000, 0x0661815A, 0x0661815D, 0x05418160, 0x05418163, 0x06618166,
  0x06618169, 0x00000000, 0x00000000, 0x00000000, 0x06618172, 0x06618175, 0x05418178, 0x0541817B, 0x0661817E, 0x06618181,
  0x00000000, 0x00000000, 0x00000000, 0x06618187, 0x0661818A, 0x0661818D, 0x06618190, 0x06618193, 0x06618196, 0x00000000,
  0x00000000, 0x06618199, 0x0661819C, 0x0541819F, 0x054181A2, 0x066181A5, 0x066181A8, 0x066181AB, 0x066181AE, 0x066181B1,
  0x066181B4, 0x054181B7, 0x054181BA, 0x066181BD, 0x066181C0, 0x054181C3, 0x054181C6, 0x066181C9, 0x066181CC, 0x00000000,
  0x00000000, 0x066181CF, 0x066181D2, 0x066181D5, 0x066181D8, 0x066181DB, 0x066181DE, 0x066181E1, 0x066181E4, 0x066181E7,
  0x066181EA, 0x054181ED, 0x054181F0, 0x066181F3, 0x066181F6, 0x066181F9, 0x066181FC, 0x066181FF, 0x06618202, 0x06618205,
  0x06618208, 0x0661820B, 0x0661820E, 0x06618211, 0x00000000, 0x00000000, 0x00000000, 0x00000000, 0x00000000, 0x00000000,
  0x00000000, 0x00000000, 0x00000000, 0x00000000, 0x00000000, 0x00000000, 0x00000000, 0x00000000, 0x00000000, 0x00000000,
  0x00000000, 0x00000000, 0x00000000, 0x00000000, 0x00000000, 0x00000000, 0x00000000, 0x00000000, 0x00000000, 0x00000000,
  0x00000000, 0x00000000, 0x00000000, 0x00000000, 0x00000000, 0x00000000, 0x05818215, 0x05818218, 0x00000000, 0x00000000,
  0x00000000, 0x00000000, 0x00000000, 0x00000000, 0x00000000, 0x00000000, 0x00000000, 0x00000000, 0x00000000, 0x00000000,
  0x00000000, 0x0581821B, 0x0581821E, 0x00000000, 0x00000000, 0x00000000, 0x00000000, 0x00000000, 0x00000000, 0x00000000,
  0x00000000, 0x00000000, 0x00000000, 0x00000000, 0x00000000, 0x00000000, 0x00000000, 0x00000000, 0x06618239, 0x0661823C,
  0x0661823F, 0x06618242, 0x06618245, 0x06618248, 0x0661824B, 0x0661824E, 0x06628251, 0x06628256, 0x0662825B, 0x06628260,
  0x06628265, 0x0662826A, 0x0662826F, 0x06628274, 0x00000000, 0x06628279, 0x0662827E, 0x06628283, 0x06628288, 0x0662028D,
  0x06620291, 0x00000000, 0x00000000, 0x06618295, 0x06618298, 0x0661829B, 0x0661829E, 0x054182A1, 0x054182A4, 0x066282A7,
  0x066282AC, 0x066202B1, 0x066202B5, 0x066182B9, 0x00000000, 0x00000000, 0x00000000, 0x066182C2, 0x066182C5, 0x00000000,
  0x00000000, 0x066182C8, 0x066182CB, 0x066282CE, 0x066282D3, 0x066202D8, 0x066202DC, 0x066202E0, 0x066202E4, 0x066182E8,
  0x066182EB, 0x066182EE, 0x066182F1, 0x066182F4, 0x066182F7, 0x066182FA, 0x066182FD, 0x06618300, 0x06618303, 0x06618306,
  0x06618309, 0x0661830C, 0x0661830F, 0x06618312, 0x06618315, 0x06618318, 0x0661831B, 0x0661831E, 0x06618321, 0x06618324,
  0x06618327, 0x0661832A, 0x0661832D, 0x05C18330, 0x05C18333, 0x05C18336, 0x05C18339, 0x00000000, 0x00000000, 0x0661833C,
  0x0661833F, 0x00000000, 0x00000000, 0x00000000, 0x00000000, 0x00000000, 0x00000000, 0x06618342, 0x06618345, 0x05418348,
  0x0541834B, 0x0662834E, 0x06628353, 0x06628358, 0x0662835D, 0x06618362, 0x06618365, 0x06628368, 0x0662836D, 0x06618372,
  0x06618375, 0x00000000, 0x00000000, 0x00000000, 0x00000000, 0x00000000, 0x00000000, 0x00000000, 0x00000000, 0x00000000,
  0x00000000, 0x00000000, 0x00000000, 0x0661039E, 0x066103A0, 0x066103A2, 0x066103A4, 0x066103A6, 0x066103A8, 0x066103AA,
  0x066103AC, 0x066103AE, 0x066103B0, 0x066103B2, 0x066103B4, 0x066103B6, 0x066103B8, 0x066103BA, 0x066103BC, 0x066103BE,
  0x066103C0, 0x066103C2, 0x066103C4, 0x066103C6, 0x068103C8, 0x05C103CA, 0x05C103CC, 0x05C103CE, 0x05C103D0, 0x068103D2,
  0x058103D4, 0x05C103D6, 0x05C103D8, 0x05C103DA, 0x05C103DC, 0x05C103DE, 0x054103E0, 0x054103E2, 0x05C103E4, 0x05C103E6,
  0x05C103E8, 0x05C103EA, 0x054103EC, 0x054103EE, 0x05C103F0, 0x05C103F2, 0x05C103F4, 0x05C103F6, 0x05C103F8, 0x05C103FA,
  0x05C103FC, 0x05C103FE, 0x05C10400, 0x05C10402, 0x05C10404, 0x00210406, 0x00210408, 0x0021040A, 0x0021040C, 0x0021040E,
  0x05C10410, 0x05C10412, 0x05C10414, 0x05C10416, 0x06610418, 0x0661041A, 0x0661041C, 0x0661041E, 0x06610420, 0x06610422,
  0x06610424, 0x06620426, 0x06E1042A, 0x0661042C, 0x05C1042E, 0x05C10430, 0x05C10432, 0x06610434, 0x06610436, 0x06610438,
  0x05C1043A, 0x05C1043C, 0x00000000, 0x0661043E, 0x06610440, 0x06610442, 0x05C10444, 0x05C10446, 0x05C10448, 0x05C1044A,
  0x0661044C, 0x0681044E, 0x05C10450, 0x05C10452, 0x06610454, 0x06A10456, 0x06C10458, 0x06C1045A, 0x06A1045C, 0x06C1045E,
  0x06C10460, 0x06A10462, 0x06610464, 0x06610466, 0x06610468, 0x0661046A, 0x0661046C, 0x0661046E, 0x06610470, 0x06610472,
  0x06610474, 0x06610476, 0x06610478, 0x0661047A, 0x0661047C, 0x00000000, 0x00000000, 0x00000000, 0x00000000, 0x0001047E,
  0x00000000, 0x00000000, 0x00000000, 0x00000000, 0x00000000, 0x00000000, 0x00000000, 0x00000000, 0x00000000, 0x00008483,
  0x00000000, 0x00000000, 0x00000000, 0x00000000, 0x00000000, 0x0662048C, 0x06620490, 0x00010494, 0x06620496, 0x0662049A,
  0x0662049E, 0x00000000, 0x066204A2, 0x00000000, 0x066204A6, 0x066204AA, 0x066304AE, 0x00000000, 0x00000000, 0x00000000,
  0x00000000, 0x00000000, 0x00000000, 0x00000000, 0x00000000, 0x00000000, 0x00000000, 0x00000000, 0x00000000, 0x00000000,
  0x00000000, 0x00000000, 0x00000000, 0x00000000, 0x00000000, 0x00000000, 0x00000000, 0x00000000, 0x00000000, 0x00000000,
  0x00000000, 0x00000000, 0x066204B4, 0x066204B8, 0x066204BC, 0x066204C0, 0x066204C4, 0x066204C8, 0x066304CC, 0x00000000,
  0x00000000, 0x00000000, 0x00000000, 0x00000000, 0x00000000, 0x00000000, 0x00000000, 0x00000000, 0x00000000, 0x00000000,
  0x00000000, 0x00000000, 0x00000000, 0x00000000, 0x066204D2, 0x066204D6, 0x066204DA, 0x066204DE, 0x066204E2, 0x00000000,
  0x00000000, 0x00000000, 0x00000000, 0x066204F0, 0x066204F8, 0x00000000, 0x00000000, 0x00000000, 0x00000000, 0x00000000,
  0x00000000, 0x00000000, 0x00000000, 0x00000000, 0x00000000, 0x00000000, 0x00000000, 0x00000000, 0x00000000, 0x00000000,
  0x00000000, 0x00000000, 0x00000000, 0x00000000, 0x00000000, 0x00000000, 0x00000000, 0x00000000, 0x00000000, 0x00000000,
  0x00000000, 0x00000000, 0x00000000, 0x00000000, 0x00000000, 0x00000000, 0x00000000, 0x00000000, 0x00000000, 0x00000000,
  0x00000000, 0x00000000, 0x00000000, 0x00000000, 0x00000000, 0x00000000, 0x00000000, 0x00000000, 0x0662050C, 0x06620510,
  0x00000000, 0x06620514, 0x00000000, 0x00000000, 0x00000000, 0x06620518, 0x00000000, 0x00000000, 0x00000000, 0x00000000,
  0x0662051C, 0x06620520, 0x06620524, 0x00000000, 0x00000000, 0x00000000, 0x00000000, 0x00000000, 0x00000000, 0x00000000,
  0x00000000, 0x00000000, 0x00000000, 0x06620528, 0x00000000, 0x00000000, 0x00000000, 0x00000000, 0x00000000, 0x00000000,
  0x00000000, 0x00000000, 0x00000000, 0x00000000, 0x00000000, 0x00000000, 0x00000000, 0x00000000, 0x00000000, 0x00000000,
  0x00000000, 0x00000000, 0x00000000, 0x00000000, 0x00000000, 0x00000000, 0x00000000, 0x00000000, 0x00000000, 0x00000000,
  0x00000000, 0x00000000, 0x00000000, 0x00000000, 0x00000000, 0x0662052C, 0x00000000, 0x00000000, 0x00000000, 0x00000000,
  0x00000000, 0x00000000, 0x00000000, 0x00000000, 0x00000000, 0x00000000, 0x00000000, 0x00000000, 0x00000000, 0x00000000,
  0x00000000, 0x00000000, 0x06620530, 0x06620534, 0x00000000, 0x06620538, 0x00000000, 0x00000000, 0x00000000, 0x0662053C,
  0x00000000, 0x00000000, 0x00000000, 0x00000000, 0x06620540, 0x06620544, 0x06620548, 0x00000000, 0x00000000, 0x00000000,
  0x00000000, 0x00000000, 0x00000000, 0x00000000, 0x00000000, 0x00000000, 0x00000000, 0x00000000, 0x00000000, 0x00000000,
  0x00000000, 0x00000000, 0x00000000, 0x00000000, 0x00000000, 0x00000000, 0x00000000, 0x00000000, 0x00000000, 0x00000000,
  0x0662054C, 0x06620550, 0x00000000, 0x00000000, 0x00000000, 0x00000000, 0x00000000, 0x00000000, 0x00000000, 0x00000000,
  0x06610554, 0x06610556, 0x06610558, 0x0661055A, 0x0661055C, 0x00000000, 0x00000000, 0x00000000, 0x00000000, 0x00000000,
  0x00000000, 0x00000000, 0x00000000, 0x00000000, 0x00000000, 0x00000000, 0x00000000, 0x00000000, 0x00000000, 0x00000000,
  0x00000000, 0x00000000, 0x00000000, 0x00000000, 0x00000000, 0x00000000, 0x00000000, 0x00000000, 0x00000000, 0x00000000,
  0x00000000, 0x00000000, 0x00000000, 0x00000000, 0x00000000, 0x00000000, 0x00000000, 0x00000000, 0x00000000, 0x00000000,
  0x00000000, 0x00000000, 0x00000000, 0x00000000, 0x00000000, 0x00000000, 0x00000000, 0x00000000, 0x00000000, 0x00000000,
  0x00000000, 0x00000000, 0x00000000, 0x00000000, 0x00000000, 0x00000000, 0x00000000, 0x00000000, 0x00000000, 0x00000000,
  0x00000000, 0x0662055E, 0x06620562, 0x00000000, 0x00000000, 0x00000000, 0x00000000, 0x00000000, 0x00000000, 0x00000000,
  0x00000000, 0x00000000, 0x00000000, 0x00000000, 0x00000000, 0x00000000, 0x06620566, 0x0662056A, 0x0662056E, 0x06620572,
  0x00000000, 0x00000000, 0x06620576, 0x0662057A, 0x00000000, 0x00000000, 0x0662057E, 0x06620582, 0x06620586, 0x0662058A,
  0x0662058E, 0x06620592, 0x00000000, 0x00000000, 0x06620596, 0x0662059A, 0x0662059E, 0x066205A2, 0x066205A6, 0x066205AA,
  0x00000000, 0x00000000, 0x066205AE, 0x066205B2, 0x066205B6, 0x066205BA, 0x066205BE, 0x066205C2, 0x066205C6, 0x066205CA,
  0x066205CE, 0x066205D2, 0x066205D6, 0x066205DA, 0x00000000, 0x00000000, 0x066205DE, 0x066205E2, 0x00000000, 0x00000000,
  0x00000000, 0x00000000, 0x00000000, 0x00000000, 0x00000000, 0x00000000, 0x00000000, 0x00000000, 0x00000000, 0x00000000,
  0x00000000, 0x00000000, 0x00000000, 0x00000000, 0x00000000, 0x05C105EA, 0x066105EC, 0x066105EE, 0x066105F0, 0x066105F2,
  0x05C105F4, 0x066105F6, 0x066105F8, 0x066105FA, 0x05E105FC, 0x05C105FE, 0x06610600, 0x06610602, 0x06610604, 0x06610606,
  0x06610608, 0x0661060A, 0x05C1060C, 0x05C1060E, 0x05C10610, 0x05C10612, 0x05C10614, 0x05C10616, 0x06610618, 0x0661061A,
  0x05C1061C, 0x0661061E, 0x06610620, 0x05E10622, 0x06410624, 0x06610626, 0x00C10628, 0x00E1062A, 0x0101062C, 0x0121062E,
  0x01410630, 0x01610632, 0x01810634, 0x01A10636, 0x01C10638, 0x01E1063A, 0x01E1063C, 0x0201063E, 0x02210640, 0x02410642,
  0x00000000, 0x02610644, 0x00000000, 0x02810646, 0x02A10648, 0x00000000, 0x0661064A, 0x05C1064C, 0x00000000, 0x01C1064E,
  0x00000000, 0x00000000, 0x00000000, 0x00000000, 0x00000000, 0x00000000, 0x00000000, 0x00000000, 0x00000000, 0x00000000,
  0x00000000, 0x00000000, 0x00000000, 0x00000000, 0x00000000, 0x00000000, 0x00000000, 0x00000000, 0x00000000, 0x00000000,
  0x00000000, 0x00000000, 0x00000000, 0x00000000, 0x00000000, 0x00000000, 0x00000000, 0x00000000, 0x00000000, 0x00000000,
  0x00000000, 0x00000000, 0x00000000, 0x00000000, 0x00000000, 0x00000000, 0x00000000, 0x00000000, 0x00000000, 0x00000000,
  0x00000000, 0x00000000, 0x00000000, 0x00000000, 0x00000000, 0x00000000, 0x00000000, 0x00000000, 0x00000000, 0x00000000,
  0x00000000, 0x00000000, 0x00000000, 0x00000000, 0x00000000, 0x00000000, 0x06610650, 0x06610652, 0x06610654, 0x06610656,
  0x06610658, 0x0661065A, 0x0661065C, 0x0661065E, 0x03410660, 0x03610662, 0x03810664, 0x00000000, 0x00000000, 0x00000000,
  0x00000000, 0x00000000, 0x00000000, 0x00000000, 0x06620666, 0x0662066A, 0x0662066E, 0x05C20672, 0x06620676, 0x00000000,
  0x00000000, 0x00000000, 0x00000000, 0x00000000, 0x00000000, 0x00000000, 0x00000000, 0x00000000, 0x00000000, 0x00000000,
  0x00000000, 0x00000000, 0x00000000, 0x00000000, 0x00000000, 0x00000000, 0x00000000, 0x00000000, 0x00000000, 0x00000000,
  0x00000000, 0x00000000, 0x00000000, 0x00000000, 0x02E1067A, 0x0301067C, 0x0321067E, 0x03410680, 0x03610682, 0x03810684,
  0x03A10686, 0x03C10688, 0x0661068A, 0x0661068C, 0x05C1068E, 0x05C10690, 0x06610692, 0x06610694, 0x06610696, 0x06610698,
  0x0661069A, 0x05C1069C, 0x0661069E, 0x066106A0, 0x05C106A2, 0x00000000, 0x00000000, 0x00000000, 0x00000000, 0x00000000,
  0x00000000, 0x00000000, 0x00000000, 0x00000000, 0x00000000, 0x00000000, 0x00000000, 0x00000000, 0x00000000, 0x00000000,
  0x00000000, 0x03E106A4, 0x00000000, 0x00000000, 0x00000000, 0x00000000, 0x00000000, 0x00000000, 0x00000000, 0x00000000,
  0x00000000, 0x00000000, 0x00000000, 0x00000000, 0x00000000, 0x00000000, 0x00000000, 0x066206B6, 0x00000000, 0x066206BA,
  0x00000000, 0x00000000, 0x00000000, 0x00000000, 0x00000000, 0x00000000, 0x00000000, 0x00000000, 0x00000000, 0x00000000,
  0x00000000, 0x00000000, 0x00000000, 0x00000000, 0x00000000, 0x00000000, 0x066206BE, 0x00000000, 0x00000000, 0x066106C2,
  0x066106C4, 0x066106C6, 0x066106C8, 0x066106CA, 0x066106CC, 0x066106CE, 0x00000000, 0x00000000, 0x066106D0, 0x066106D2,
  0x066106D4, 0x066106D6, 0x05C106D8, 0x066106DA, 0x00000000, 0x00000000, 0x066106DC, 0x066106DE, 0x00000000, 0x05C106E0,
  0x066106E2, 0x066106E4, 0x05C106E6, 0x00000000, 0x00000000, 0x00000000, 0x00000000, 0x00000000, 0x00000000, 0x00000000,
  0x00000000, 0x00000000, 0x00000000, 0x00000000, 0x00000000, 0x00000000, 0x00000000, 0x00000000, 0x00000000, 0x00000000,
  0x00000000, 0x040106E8, 0x00000000, 0x00000000, 0x00000000, 0x00000000, 0x00000000, 0x00000000, 0x00000000, 0x00000000,
  0x00000000, 0x00000000, 0x00000000, 0x00000000, 0x00000000, 0x00000000, 0x00000000, 0x00000000, 0x00000000, 0x00000000,
  0x00000000, 0x00000000, 0x00000000, 0x00000000, 0x00000000, 0x00000000, 0x00000000, 0x00000000, 0x00000000, 0x00000000,
  0x00000000, 0x00000000, 0x066106EA, 0x05C106EC, 0x066106EE, 0x066106F0, 0x05C106F2, 0x066106F4, 0x066106F6, 0x05C106F8,
  0x05C106FA, 0x05C106FC, 0x066106FE, 0x05C10700, 0x05C10702, 0x06610704, 0x05C10706, 0x06610708, 0x0661070A, 0x0661070C,
  0x05C1070E, 0x06610710, 0x05C10712, 0x06610714, 0x05C10716, 0x06610718, 0x05C1071A, 0x0661071C, 0x0661071E, 0x00000000,
  0x00000000, 0x00000000, 0x00000000, 0x00000000, 0x00000000, 0x00000000, 0x00000000, 0x00000000, 0x00000000, 0x00000000,
  0x00000000, 0x00000000, 0x00000000, 0x00000000, 0x00000000, 0x00000000, 0x00000000, 0x00000000, 0x00000000, 0x00000000,
  0x00000000, 0x00000000, 0x00000000, 0x00000000, 0x00000000, 0x00000000, 0x00000000, 0x00000000, 0x00000000, 0x00000000,
  0x00000000, 0x00000000, 0x00000000, 0x00000000, 0x00000000, 0x00000000, 0x00000000, 0x00000000, 0x00000000, 0x00000000,
  0x00000000, 0x00000000, 0x00000000, 0x00000000, 0x00000000, 0x00000000, 0x00000000, 0x00000000, 0x00000000, 0x00000000,
  0x00000000, 0x00000000, 0x06610720, 0x06610722, 0x06610724, 0x06610726, 0x06610728, 0x0661072A, 0x0661072C, 0x05C1072E,
  0x06610730, 0x00000000, 0x00000000, 0x00000000, 0x00000000, 0x00000000, 0x00000000, 0x00000000, 0x00000000, 0x00000000,
  0x05C10732, 0x00000000, 0x00000000, 0x00000000, 0x00000000, 0x00000000, 0x00000000, 0x00000000, 0x00000000, 0x00000000,
  0x00000000, 0x00000000, 0x00000000, 0x00000000, 0x00000000, 0x00000000, 0x00000000, 0x00000000, 0x00000000, 0x00000000,
  0x00000000, 0x00000000, 0x00000000, 0x06618734, 0x06618737, 0x0661873A, 0x0661873D, 0x00000000, 0x06618740, 0x06618743,
  0x06618746, 0x06618749, 0x0661874C, 0x0661874F, 0x06618752, 0x06618755, 0x06618758, 0x00000000, 0x0661875B, 0x0661875E,
  0x06618761, 0x00000000, 0x06618764, 0x06618767, 0x0661876A, 0x0661876D, 0x06618770, 0x00000000, 0x00000000, 0x00000000,
  0x00000000, 0x00000000, 0x00000000, 0x00000000, 0x00000000, 0x00000000, 0x00000000, 0x00000000, 0x00000000, 0x00000000,
  0x00000000, 0x00000000, 0x00000000, 0x00000000, 0x00000000, 0x00000000, 0x00000000, 0x00000000, 0x00000000, 0x00000000,
  0x00000000, 0x00000000, 0x05C18773, 0x05C18776, 0x05C18779, 0x00000000, 0x00000000, 0x00000000, 0x00000000, 0x00000000,
  0x00000000, 0x00000000, 0x00000000, 0x00000000, 0x00000000, 0x00000000, 0x00000000, 0x00000000, 0x00000000, 0x00000000,
  0x00000000, 0x00000000, 0x00000000, 0x00000000, 0x00000000, 0x00000000, 0x00000000, 0x00000000, 0x00000000, 0x00000000,
  0x00000000, 0x00000000, 0x00000000, 0x00000000, 0x00000000, 0x00000000, 0x00000000, 0x00000000, 0x00000000, 0x00000000,
  0x00000000, 0x0661877C, 0x0661877F, 0x05C18782, 0x05C18785, 0x05C18788, 0x0661878B, 0x0661878E, 0x06618791, 0x06618794,
  0x00000000, 0x00000000, 0x00000000, 0x00000000, 0x00000000, 0x00000000, 0x00000000, 0x00000000, 0x00000000, 0x00000000,
  0x00000000, 0x00000000, 0x00000000, 0x00000000, 0x00000000, 0x00000000, 0x00000000, 0x00000000, 0x00000000, 0x00000000,
  0x00000000, 0x00000000, 0x00000000, 0x00000000, 0x00000000, 0x00000000, 0x00000000, 0x00000000, 0x00000000, 0x00000000,
  0x00000000, 0x00000000, 0x06618797, 0x0661879A, 0x0661879D, 0x066187A0, 0x066187A3, 0x05C187A6, 0x05C187A9, 0x05C187AC,
  0x05C187AF, 0x05C187B2, 0x066187B5, 0x066187B8, 0x066187BB, 0x066187BE, 0x066187C1, 0x066187C4, 0x066187C7, 0x066187CA,
  0x066187CD, 0x066187D0, 0x066187D3, 0x066187D6, 0x066187D9, 0x066187DC, 0x00000000, 0x05C187DF, 0x066187E2, 0x066187E5,
  0x05C187E8, 0x066187EB, 0x066187EE, 0x05C187F1, 0x066187F4, 0x066187F7, 0x066187FA, 0x05C187FD, 0x05C18800, 0x05C18803,
  0x02E18806, 0x03018809, 0x0321880C, 0x0661880F, 0x06618812, 0x06618815, 0x05C18818, 0x0661881B, 0x0661881E, 0x05C18821,
  0x05C18824, 0x06618827, 0x0661882A, 0x0661882D, 0x06618830, 0x06618833, 0x00000000, 0x00000000, 0x00000000, 0x00000000,
  0x00000000, 0x00000000, 0x00000000, 0x00000000, 0x00000000, 0x00000000, 0x00000000, 0x00000000, 0x00000000, 0x00000000,
  0x00000000, 0x00000000, 0x00000000, 0x00000000, 0x00000000, 0x00000000, 0x00000000, 0x00000000, 0x00000000, 0x00000000,
  0x00000000, 0x00000000, 0x00000000, 0x00000000, 0x00000000, 0x00000000, 0x00000000, 0x00000000, 0x00000000, 0x00000000,
  0x00000000, 0x00000000, 0x00000000, 0x00000000, 0x00000000, 0x00000000, 0x00000000, 0x00630836, 0x00000000, 0x00000000,
  0x00000000, 0x00000000, 0x00000000, 0x00000000, 0x00000000, 0x0063083C, 0x00000000, 0x00000000, 0x00630842, 0x00000000,
  0x00000000, 0x00000000, 0x00000000, 0x00000000, 0x00000000, 0x00000000, 0x00618848, 0x00000000, 0x00000000, 0x00000000,
  0x00000000, 0x00000000, 0x00000000, 0x00000000, 0x00000000, 0x00000000, 0x00000000, 0x00000000, 0x00000000, 0x00000000,
  0x00A1884B, 0x00000000, 0x00000000, 0x00000000, 0x0661884E, 0x05C18851, 0x06618854, 0x06618857, 0x00000000, 0x00000000,
  0x00000000, 0x0063085A, 0x00630860, 0x00630866, 0x0063086C, 0x00630872, 0x00630878, 0x0063087E, 0x00630884, 0x00000000,
  0x00000000, 0x00000000, 0x00000000, 0x00000000, 0x00000000, 0x00000000, 0x00000000, 0x00000000, 0x00000000, 0x00000000,
  0x00000000, 0x00000000, 0x00000000, 0x00000000, 0x00000000, 0x00000000, 0x00000000, 0x00000000, 0x00000000, 0x00000000,
  0x00000000, 0x00000000, 0x00000000, 0x00000000, 0x00000000, 0x00000000, 0x00000000, 0x00000000, 0x00000000, 0x00000000,
  0x00000000, 0x00000000, 0x00000000, 0x00000000, 0x00000000, 0x00000000, 0x00000000, 0x00000000, 0x00000000, 0x00000000,
  0x00000000, 0x00000000, 0x00000000, 0x00000000, 0x00000000, 0x00000000, 0x00000000, 0x00000000, 0x00000000, 0x00000000,
  0x00000000, 0x00000000, 0x00000000, 0x00000000, 0x00000000, 0x00000000, 0x00000000, 0x00000000, 0x00000000, 0x0061888A,
  0x00000000, 0x00000000, 0x00000000, 0x00000000, 0x00000000, 0x00000000, 0x00000000, 0x00000000, 0x00000000, 0x00000000,
  0x00000000, 0x0003088D, 0x00030893, 0x00A18899, 0x00000000, 0x00000000, 0x00000000, 0x00000000, 0x00000000, 0x00000000,
  0x00000000, 0x00000000, 0x00000000, 0x00000000, 0x00000000, 0x00000000, 0x00000000, 0x00000000, 0x0063089C, 0x006308A2,
  0x00000000, 0x006308A8, 0x00000000, 0x00000000, 0x00000000, 0x00000000, 0x00000000, 0x00000000, 0x00000000, 0x00000000,
  0x00000000, 0x00000000, 0x00000000, 0x00000000, 0x00000000, 0x00000000, 0x00000000, 0x00000000, 0x00000000, 0x00000000,
  0x00000000, 0x00000000, 0x00000000, 0x00000000, 0x00000000, 0x00000000, 0x00000000, 0x00000000, 0x00000000, 0x00000000,
  0x00000000, 0x00000000, 0x066188AE, 0x00000000, 0x00000000, 0x00000000, 0x00000000, 0x00000000, 0x00000000, 0x00000000,
  0x00000000, 0x00000000, 0x00000000, 0x00000000, 0x00000000, 0x00000000, 0x00000000, 0x00000000, 0x00000000, 0x00000000,
  0x00000000, 0x00000000, 0x00000000, 0x00000000, 0x00000000, 0x00000000, 0x00000000, 0x00000000, 0x00000000, 0x00000000,
  0x00000000, 0x00000000, 0x00000000, 0x00000000, 0x00000000, 0x00000000, 0x00000000, 0x00000000, 0x00000000, 0x00000000,
  0x00000000, 0x00000000, 0x00000000, 0x00000000, 0x00000000, 0x00000000, 0x00000000, 0x00000000, 0x00000000, 0x00000000,
  0x00000000, 0x00000000, 0x00000000, 0x00000000, 0x006308B1, 0x00000000, 0x00000000, 0x006308B7, 0x00000000, 0x00000000,
  0x00000000, 0x00000000, 0x00000000, 0x006188BD, 0x00000000, 0x00000000, 0x00000000, 0x00000000, 0x00000000, 0x00000000,
  0x00000000, 0x00000000, 0x00000000, 0x00000000, 0x00000000, 0x00000000, 0x00000000, 0x00A188C0, 0x00000000, 0x00000000,
  0x00000000, 0x00000000, 0x00000000, 0x00000000, 0x00000000, 0x00000000, 0x00000000, 0x00000000, 0x00000000, 0x006308C3,
  0x006308C9, 0x006308CF, 0x00000000, 0x00000000, 0x006308D5, 0x00000000, 0x00000000, 0x00000000, 0x00000000, 0x00000000,
  0x00000000, 0x00000000, 0x00000000, 0x00000000, 0x00000000, 0x00000000, 0x00000000, 0x00000000, 0x00000000, 0x00000000,
  0x00000000, 0x00000000, 0x00000000, 0x00000000, 0x00000000, 0x00000000, 0x00000000, 0x00000000, 0x00000000, 0x00000000,
  0x00000000, 0x00000000, 0x00000000, 0x00000000, 0x00000000, 0x00000000, 0x00000000, 0x00000000, 0x00000000, 0x00000000,
  0x00000000, 0x00000000, 0x00000000, 0x00000000, 0x00000000, 0x00000000, 0x00000000, 0x00000000, 0x00000000, 0x00000000,
  0x00000000, 0x00000000, 0x00000000, 0x00000000, 0x00000000, 0x00000000, 0x00000000, 0x00000000, 0x00000000, 0x00000000,
  0x00000000, 0x00000000, 0x00000000, 0x00000000, 0x00000000, 0x006188DB, 0x00000000, 0x00000000, 0x00000000, 0x00000000,
  0x00000000, 0x00000000, 0x00000000, 0x00000000, 0x00000000, 0x00000000, 0x00000000, 0x00000000, 0x00000000, 0x00A188DE,
  0x00000000, 0x00000000, 0x00000000, 0x00000000, 0x00000000, 0x00000000, 0x00000000, 0x00000000, 0x00000000, 0x00000000,
  0x00000000, 0x00000000, 0x00000000, 0x00000000, 0x00000000, 0x00000000, 0x00000000, 0x00000000, 0x00000000, 0x00000000,
  0x00000000, 0x00000000, 0x00000000, 0x00000000, 0x00000000, 0x00000000, 0x00000000, 0x00000000, 0x00000000, 0x00000000,
  0x00000000, 0x00000000, 0x00000000, 0x00000000, 0x00000000, 0x00000000, 0x00000000, 0x00000000, 0x00000000, 0x00000000,
  0x00000000, 0x00000000, 0x00000000, 0x00000000, 0x00000000, 0x00000000, 0x00000000, 0x00000000, 0x00000000, 0x00000000,
  0x00000000, 0x00000000, 0x00000000, 0x00000000, 0x00000000, 0x00000000, 0x00000000, 0x00000000, 0x00000000, 0x00000000,
  0x006188E1, 0x00000000, 0x00000000, 0x00000000, 0x00000000, 0x00000000, 0x00000000, 0x00000000, 0x00000000, 0x000308E4,
  0x00000000, 0x00000000, 0x000308EA, 0x000308F0, 0x00A188F6, 0x00000000, 0x00000000, 0x00000000, 0x00000000, 0x00000000,
  0x00000000, 0x00000000, 0x00000000, 0x00000000, 0x00000000, 0x00000000, 0x00000000, 0x00000000, 0x00000000, 0x006308F9,
  0x006308FF, 0x00000000, 0x00000000, 0x00000000, 0x00000000, 0x00000000, 0x00000000, 0x00000000, 0x00000000, 0x00000000,
  0x00000000, 0x00000000, 0x00000000, 0x00000000, 0x00000000, 0x00000000, 0x00000000, 0x00000000, 0x00000000, 0x00000000,
  0x00000000, 0x00000000, 0x00000000, 0x00000000, 0x00000000, 0x00000000, 0x00000000, 0x00000000, 0x00000000, 0x00000000,
  0x00000000, 0x00000000, 0x00000000, 0x00000000, 0x00000000, 0x00030905, 0x00000000, 0x00000000, 0x00000000, 0x00000000,
  0x00000000, 0x00000000, 0x00000000, 0x00000000, 0x00000000, 0x00000000, 0x00000000, 0x00000000, 0x00000000, 0x00000000,
  0x00000000, 0x00000000, 0x00000000, 0x00000000, 0x00000000, 0x00000000, 0x00000000, 0x00000000, 0x00000000, 0x00000000,
  0x00000000, 0x00000000, 0x00000000, 0x00000000, 0x00000000, 0x00000000, 0x00000000, 0x00000000, 0x00000000, 0x00000000,
  0x00000000, 0x00000000, 0x00000000, 0x00000000, 0x00000000, 0x00000000, 0x00000000, 0x00000000, 0x00000000, 0x0003090B,
  0x00030911, 0x00030917, 0x00A1891D, 0x00000000, 0x00000000, 0x00000000, 0x00000000, 0x00000000, 0x00000000, 0x00000000,
  0x00000000, 0x00000000, 0x00000000, 0x00000000, 0x00000000, 0x00000000, 0x00000000, 0x00000000, 0x00000000, 0x00000000,
  0x00000000, 0x00000000, 0x00000000, 0x00000000, 0x00000000, 0x00000000, 0x00000000, 0x00000000, 0x00000000, 0x00000000,
  0x00000000, 0x00000000, 0x00000000, 0x00000000, 0x00000000, 0x00000000, 0x00000000, 0x00000000, 0x00000000, 0x00000000,
  0x00000000, 0x00000000, 0x00000000, 0x00000000, 0x00000000, 0x00000000, 0x00000000, 0x00000000, 0x00000000, 0x00000000,
  0x00000000, 0x00000000, 0x00000000, 0x00000000, 0x00000000, 0x00000000, 0x00000000, 0x00000000, 0x00000000, 0x00000000,
  0x00000000, 0x00000000, 0x00000000, 0x00618920, 0x00000000, 0x00000000, 0x00000000, 0x00000000, 0x00000000, 0x00000000,
  0x00000000, 0x00000000, 0x04430923, 0x00000000, 0x00000000, 0x00000000, 0x00000000, 0x00A18929, 0x00000000, 0x00000000,
  0x00000000, 0x00000000, 0x00000000, 0x00000000, 0x00000000, 0x0421892C, 0x0441892F, 0x00000000, 0x00000000, 0x00000000,
  0x00000000, 0x00000000, 0x00000000, 0x00000000, 0x00000000, 0x00000000, 0x00000000, 0x00000000, 0x00000000, 0x00000000,
  0x00000000, 0x00000000, 0x00000000, 0x00000000, 0x00000000, 0x00000000, 0x00000000, 0x00000000, 0x00000000, 0x00000000,
  0x00000000, 0x00000000, 0x00000000, 0x00000000, 0x00000000, 0x00000000, 0x00000000, 0x00000000, 0x00000000, 0x00000000,
  0x00000000, 0x00000000, 0x00000000, 0x00000000, 0x00000000, 0x00000000, 0x00000000, 0x00000000, 0x00000000, 0x00000000,
  0x00000000, 0x00000000, 0x00000000, 0x00000000, 0x00000000, 0x00000000, 0x00000000, 0x00000000, 0x00000000, 0x00000000,
  0x00000000, 0x00000000, 0x00000000, 0x00000000, 0x00000000, 0x00000000, 0x00000000, 0x00618932, 0x00000000, 0x00000000,
  0x00000000, 0x00030935, 0x00000000, 0x00000000, 0x00000000, 0x00000000, 0x00000000, 0x00000000, 0x0003093B, 0x00030941,
  0x00000000, 0x00030947, 0x0004894D, 0x00000000, 0x00A18956, 0x00000000, 0x00000000, 0x00000000, 0x00000000, 0x00000000,
  0x00000000, 0x00000000, 0x00000000, 0x00000000, 0x00000000, 0x00000000, 0x00000000, 0x00000000, 0x00000000, 0x00000000,
  0x00000000, 0x00000000, 0x00000000, 0x00000000, 0x00000000, 0x00000000, 0x00000000, 0x00000000, 0x00000000, 0x00000000,
  0x00000000, 0x00000000, 0x00000000, 0x00000000, 0x00000000, 0x00000000, 0x00000000, 0x00000000, 0x00000000, 0x00000000,
  0x00000000, 0x00000000, 0x00000000, 0x00000000, 0x00000000, 0x00000000, 0x00000000, 0x00000000, 0x00000000, 0x00000000,
  0x00000000, 0x00000000, 0x00000000, 0x00000000, 0x00000000, 0x00000000, 0x00000000, 0x00000000, 0x00000000, 0x00000000,
  0x00000000, 0x00000000, 0x00000000, 0x00000000, 0x00A18959, 0x00A1895C, 0x00000000, 0x00000000, 0x00000000, 0x00000000,
  0x00000000, 0x00000000, 0x00000000, 0x00000000, 0x00000000, 0x00000000, 0x0003095F, 0x00030965, 0x0003096B, 0x00A18971,
  0x00000000, 0x00000000, 0x00000000, 0x00000000, 0x00000000, 0x00000000, 0x00000000, 0x00000000, 0x00000000, 0x00000000,
  0x00000000, 0x00000000, 0x00000000, 0x00000000, 0x00000000, 0x00000000, 0x00000000, 0x00000000, 0x00000000, 0x00000000,
  0x00000000, 0x00000000, 0x00000000, 0x00000000, 0x00000000, 0x00000000, 0x00000000, 0x00000000, 0x00000000, 0x00000000,
  0x00000000, 0x00000000, 0x00000000, 0x00000000, 0x00000000, 0x00000000, 0x00000000, 0x00000000, 0x00000000, 0x00000000,
  0x00000000, 0x00000000, 0x00000000, 0x00000000, 0x00000000, 0x00000000, 0x00000000, 0x00000000, 0x00000000, 0x00000000,
  0x00A18974, 0x00000000, 0x00000000, 0x00000000, 0x00000000, 0x00000000, 0x00000000, 0x00000000, 0x00000000, 0x00000000,
  0x00000000, 0x00000000, 0x00000000, 0x00000000, 0x00000000, 0x00000000, 0x00A30977, 0x00000000, 0x0003097D, 0x00A48983,
  0x0003098C, 0x00000000, 0x00000000, 0x00000000, 0x00000000, 0x00000000, 0x00000000, 0x00000000, 0x00000000, 0x00000000,
  0x00000000, 0x00000000, 0x00000000, 0x00000000, 0x00000000, 0x00000000, 0x00000000, 0x00000000, 0x00000000, 0x00000000,
  0x00000000, 0x00000000, 0x00000000, 0x00000000, 0x00000000, 0x00000000, 0x00000000, 0x00000000, 0x00000000, 0x00000000,
  0x00000000, 0x00000000, 0x00000000, 0x00000000, 0x00000000, 0x00000000, 0x00000000, 0x00000000, 0x00000000, 0x00000000,
  0x00000000, 0x00000000, 0x00000000, 0x00000000, 0x00000000, 0x00000000, 0x00000000, 0x00000000, 0x00000000, 0x00000000,
  0x00000000, 0x00000000, 0x00000000, 0x00000000, 0x00000000, 0x00000000, 0x00000000, 0x04618998, 0x0461899B, 0x00A1899E,
  0x00000000, 0x00000000, 0x00000000, 0x00000000, 0x00000000, 0x00000000, 0x00000000, 0x00000000, 0x048189A1, 0x048189A4,
  0x048189A7, 0x048189AA, 0x00000000, 0x00000000, 0x00000000, 0x00000000, 0x00000000, 0x00000000, 0x00000000, 0x00000000,
  0x00000000, 0x00000000, 0x00000000, 0x00000000, 0x00000000, 0x00000000, 0x00000000, 0x00000000, 0x00000000, 0x00000000,
  0x00000000, 0x00000000, 0x00000000, 0x00000000, 0x00000000, 0x00000000, 0x00000000, 0x00000000, 0x00000000, 0x00000000,
  0x00000000, 0x00000000, 0x00000000, 0x00000000, 0x00000000, 0x00000000, 0x00000000, 0x00000000, 0x00000000, 0x00000000,
  0x00000000, 0x00000000, 0x00000000, 0x00000000, 0x00000000, 0x00000000, 0x00000000, 0x00000000, 0x00000000, 0x00000000,
  0x00000000, 0x00000000, 0x00000000, 0x00000000, 0x00000000, 0x00000000, 0x00000000, 0x00000000, 0x04A189B3, 0x04A189B6,
  0x00A189B9, 0x00000000, 0x00000000, 0x00000000, 0x00000000, 0x00000000, 0x00000000, 0x00000000, 0x00000000, 0x04C189BC,
  0x04C189BF, 0x04C189C2, 0x04C189C5, 0x00000000, 0x00000000, 0x00000000, 0x00000000, 0x00000000, 0x00000000, 0x00000000,
  0x00000000, 0x00000000, 0x00000000, 0x00000000, 0x00000000, 0x00000000, 0x00000000, 0x00000000, 0x00000000, 0x00000000,
  0x00000000, 0x00000000, 0x00000000, 0x00000000, 0x00000000, 0x00000000, 0x00000000, 0x00000000, 0x00000000, 0x00000000,
  0x00000000, 0x00000000, 0x00000000, 0x00000000, 0x00000000, 0x00000000, 0x00000000, 0x00000000, 0x00000000, 0x00000000,
  0x00000000, 0x00000000, 0x00000000, 0x00000000, 0x00000000, 0x00000000, 0x00000000, 0x00000000, 0x00000000, 0x00000000,
  0x00000000, 0x00000000, 0x00000000, 0x00000000, 0x00000000, 0x05C189D7, 0x05C189DA, 0x00000000, 0x00000000, 0x00000000,
  0x00000000, 0x00000000, 0x00000000, 0x00000000, 0x00000000, 0x00000000, 0x00000000, 0x00000000, 0x00000000, 0x00000000,
  0x00000000, 0x00000000, 0x00000000, 0x00000000, 0x00000000, 0x00000000, 0x00000000, 0x00000000, 0x00000000, 0x00000000,
  0x00000000, 0x00000000, 0x00000000, 0x00000000, 0x05C189DD, 0x00000000, 0x05C189E0, 0x00000000, 0x058189E3, 0x00000000,
  0x00000000, 0x00000000, 0x00000000, 0x00000000, 0x00000000, 0x000309E6, 0x00000000, 0x00000000, 0x00000000, 0x00000000,
  0x00000000, 0x00000000, 0x00000000, 0x00000000, 0x00000000, 0x000309EC, 0x00000000, 0x00000000, 0x00000000, 0x00000000,
  0x000309F2, 0x00000000, 0x00000000, 0x00000000, 0x00000000, 0x000309F8, 0x00000000, 0x00000000, 0x00000000, 0x00000000,
  0x000309FE, 0x00000000, 0x00000000, 0x00000000, 0x00000000, 0x00000000, 0x00000000, 0x00000000, 0x00000000, 0x00000000,
  0x00000000, 0x00000000, 0x00000000, 0x00030A04, 0x00000000, 0x00000000, 0x00000000, 0x00000000, 0x00000000, 0x00000000,
  0x00000000, 0x04E18A0A, 0x05018A0D, 0x25030A10, 0x05218A16, 0x45230A19, 0x05030A1F, 0x00000000, 0x05030A2E, 0x00000000,
  0x05018A3D, 0x05018A40, 0x05018A43, 0x05018A46, 0x00000000, 0x00000000, 0x05018A49, 0x25030A4C, 0x06618A52, 0x06618A55,
  0x00A18A58, 0x00000000, 0x06618A5B, 0x06618A5E, 0x00000000, 0x00000000, 0x00000000, 0x00000000, 0x00000000, 0x00000000,
  0x00000000, 0x00000000, 0x00000000, 0x00000000, 0x00000000, 0x00030A61, 0x00000000, 0x00000000, 0x00000000, 0x00000000,
  0x00000000, 0x00000000, 0x00000000, 0x00000000, 0x00000000, 0x00030A67, 0x00000000, 0x00000000, 0x00000000, 0x00000000,
  0x00030A6D, 0x00000000, 0x00000000, 0x00000000, 0x00000000, 0x00030A73, 0x00000000, 0x00000000, 0x00000000, 0x00000000,
  0x00030A79, 0x00000000, 0x00000000, 0x00000000, 0x00000000, 0x00000000, 0x00000000, 0x00000000, 0x00000000, 0x00000000,
  0x00000000, 0x00000000, 0x00000000, 0x00030A7F, 0x00000000, 0x00000000, 0x00000000, 0x00000000, 0x00000000, 0x00000000,
  0x05C18A85, 0x00000000, 0x00000000, 0x00000000, 0x00000000, 0x00000000, 0x00000000, 0x00000000, 0x00000000, 0x00000000,
  0x00000000, 0x00000000, 0x00000000, 0x00000000, 0x00000000, 0x00000000, 0x00000000, 0x00000000, 0x00000000, 0x00000000,
  0x00000000, 0x00000000, 0x00000000, 0x00000000, 0x00000000, 0x00000000, 0x00000000, 0x00000000, 0x00000000, 0x00000000,
  0x00000000, 0x00000000, 0x00000000, 0x00000000, 0x00000000, 0x00000000, 0x00000000, 0x00000000, 0x00000000, 0x00000000,
  0x00000000, 0x00000000, 0x00000000, 0x00000000, 0x00000000, 0x00000000, 0x00000000, 0x00000000, 0x00000000, 0x00000000,
  0x00000000, 0x00000000, 0x00000000, 0x00000000, 0x00000000, 0x00000000, 0x00000000, 0x00000000, 0x00030A88, 0x00000000,
  0x00000000, 0x00000000, 0x00000000, 0x00000000, 0x00000000, 0x00000000, 0x00000000, 0x00000000, 0x00000000, 0x00000000,
  0x00000000, 0x00000000, 0x00000000, 0x00000000, 0x00000000, 0x00618A8E, 0x00000000, 0x00A18A91, 0x00A18A94, 0x00000000,
  0x00000000, 0x00000000, 0x00000000, 0x00000000, 0x00000000, 0x00000000, 0x00000000, 0x00000000, 0x00000000, 0x00000000,
  0x00000000, 0x00000000, 0x05C18A97, 0x00000000, 0x00000000, 0x00000000, 0x00000000, 0x00000000, 0x00000000, 0x00000000,
  0x00000000, 0x00000000, 0x00000000, 0x00000000, 0x00000000, 0x00000000, 0x00000000, 0x00000000, 0x00000000, 0x00000000,
  0x00000000, 0x00000000, 0x00000000, 0x00000000, 0x00000000, 0x00000000, 0x00000000, 0x00000000, 0x00000000, 0x00000000,
  0x00000000, 0x00000000, 0x00000000, 0x00000000, 0x00000000, 0x00000000, 0x00000000, 0x00000000, 0x00000000, 0x00000000,
  0x00000000, 0x00000000, 0x00000000, 0x00000000, 0x00000000, 0x00000000, 0x00000000, 0x00000000, 0x00000000, 0x00000000,
  0x00000000, 0x00000000, 0x00000000, 0x06618A9D, 0x06618AA0, 0x06618AA3, 0x00000000, 0x00000000, 0x00000000, 0x00000000,
  0x00000000, 0x00000000, 0x00000000, 0x00000000, 0x00000000, 0x00000000, 0x00000000, 0x00000000, 0x00000000, 0x00000000,
  0x00000000, 0x00000000, 0x00000000, 0x00000000, 0x00000000, 0x00000000, 0x00000000, 0x00000000, 0x00000000, 0x00000000,
  0x00000000, 0x00000000, 0x00000000, 0x00000000, 0x00000000, 0x00000000, 0x00000000, 0x00000000, 0x00A18AA6, 0x00A18AA9,
  0x00000000, 0x00000000, 0x00000000, 0x00000000, 0x00000000, 0x00000000, 0x00000000, 0x00000000, 0x00000000, 0x00000000,
  0x00000000, 0x00000000, 0x00000000, 0x00000000, 0x00000000, 0x00000000, 0x00000000, 0x00000000, 0x00000000, 0x00000000,
  0x00000000, 0x00000000, 0x00000000, 0x00000000, 0x00000000, 0x00000000, 0x00000000, 0x00000000, 0x00000000, 0x00000000,
  0x00A18AAC, 0x00000000, 0x00000000, 0x00000000, 0x00000000, 0x00000000, 0x00000000, 0x00000000, 0x00000000, 0x00000000,
  0x00000000, 0x00000000, 0x00000000, 0x00000000, 0x00000000, 0x00000000, 0x00000000, 0x00000000, 0x00000000, 0x00A18AAF,
  0x00000000, 0x00000000, 0x00000000, 0x00000000, 0x00000000, 0x00000000, 0x00000000, 0x00000000, 0x00000000, 0x00000000,
  0x06618AB2, 0x00000000, 0x00000000, 0x00000000, 0x00000000, 0x00000000, 0x00000000, 0x00000000, 0x00000000, 0x00000000,
  0x00000000, 0x00000000, 0x00000000, 0x00000000, 0x00000000, 0x00000000, 0x00000000, 0x00000000, 0x00000000, 0x00000000,
  0x00000000, 0x00000000, 0x00000000, 0x00000000, 0x00000000, 0x00000000, 0x00000000, 0x00000000, 0x00000000, 0x00000000,
  0x00000000, 0x00000000, 0x00000000, 0x00000000, 0x00000000, 0x00000000, 0x00000000, 0x00000000, 0x00000000, 0x00000000,
  0x00000000, 0x00000000, 0x06418AB5, 0x00000000, 0x00000000, 0x00000000, 0x00000000, 0x00000000, 0x00000000, 0x00000000,
  0x00000000, 0x00000000, 0x00000000, 0x00000000, 0x00000000, 0x00000000, 0x00000000, 0x00000000, 0x00000000, 0x00000000,
  0x00000000, 0x00000000, 0x00000000, 0x00000000, 0x00000000, 0x00000000, 0x00000000, 0x00000000, 0x00000000, 0x00000000,
  0x00000000, 0x00000000, 0x00000000, 0x00000000, 0x00000000, 0x00000000, 0x00000000, 0x00000000, 0x00000000, 0x00000000,
  0x00000000, 0x00000000, 0x00000000, 0x00000000, 0x00000000, 0x00000000, 0x00000000, 0x00000000, 0x00000000, 0x00000000,
  0x00000000, 0x00000000, 0x00000000, 0x00000000, 0x00000000, 0x00000000, 0x00000000, 0x00000000, 0x00000000, 0x00000000,
  0x05E18AB8, 0x06618ABB, 0x05C18ABE, 0x00000000, 0x00000000, 0x00000000, 0x00000000, 0x00000000, 0x00000000, 0x00000000,
  0x00000000, 0x00000000, 0x00000000, 0x00000000, 0x00000000, 0x00000000, 0x00000000, 0x00000000, 0x00000000, 0x00000000,
  0x00000000, 0x00000000, 0x00000000, 0x00000000, 0x00000000, 0x00000000, 0x06618AC1, 0x05C18AC4, 0x00000000, 0x00000000,
  0x00000000, 0x00000000, 0x00000000, 0x00000000, 0x00000000, 0x00000000, 0x00000000, 0x00000000, 0x00000000, 0x00000000,
  0x00000000, 0x00000000, 0x00000000, 0x00000000, 0x00000000, 0x00000000, 0x00000000, 0x00000000, 0x00000000, 0x00000000,
  0x00000000, 0x00000000, 0x00000000, 0x00000000, 0x00000000, 0x00000000, 0x00000000, 0x00000000, 0x00000000, 0x00000000,
  0x00000000, 0x00000000, 0x00000000, 0x00000000, 0x00000000, 0x00000000, 0x00000000, 0x00A18AC7, 0x00000000, 0x00000000,
  0x00000000, 0x00000000, 0x00000000, 0x00000000, 0x00000000, 0x00000000, 0x00000000, 0x00000000, 0x00000000, 0x00000000,
  0x00000000, 0x00000000, 0x00000000, 0x00000000, 0x00000000, 0x00000000, 0x00000000, 0x00000000, 0x06618ACA, 0x06618ACD,
  0x06618AD0, 0x06618AD3, 0x06618AD6, 0x06618AD9, 0x06618ADC, 0x06618ADF, 0x00000000, 0x00000000, 0x05C18AE2, 0x00000000,
  0x00000000, 0x00000000, 0x00000000, 0x00000000, 0x00000000, 0x00000000, 0x00000000, 0x00000000, 0x00000000, 0x00000000,
  0x00000000, 0x00000000, 0x00000000, 0x00000000, 0x00000000, 0x00000000, 0x00000000, 0x00000000, 0x00000000, 0x00000000,
  0x00000000, 0x00000000, 0x00000000, 0x00000000, 0x00000000, 0x00000000, 0x00000000, 0x00000000, 0x00000000, 0x00000000,
  0x00000000, 0x00000000, 0x00000000, 0x00000000, 0x00000000, 0x00000000, 0x00000000, 0x00000000, 0x00000000, 0x00000000,
  0x00000000, 0x00000000, 0x00000000, 0x00000000, 0x00000000, 0x00000000, 0x00000000, 0x06618AE5, 0x06618AE8, 0x06618AEB,
  0x06618AEE, 0x06618AF1, 0x05C18AF4, 0x05C18AF7, 0x05C18AFA, 0x05C18AFD, 0x05C18B00, 0x05C18B03, 0x06618B06, 0x06618B09,
  0x05C18B0C, 0x00000000, 0x05C18B0F, 0x05C18B12, 0x06618B15, 0x06618B18, 0x05C18B1B, 0x05C18B1E, 0x06618B21, 0x06618B24,
  0x06618B27, 0x06618B2A, 0x06618B2D, 0x05C18B30, 0x06618B33, 0x06618B36, 0x06618B39, 0x06618B3C, 0x06618B3F, 0x06618B42,
  0x06618B45, 0x06618B48, 0x06618B4B, 0x06618B4E, 0x06618B51, 0x06618B54, 0x06618B57, 0x06618B5A, 0x06618B5D, 0x06618B60,
  0x06618B63, 0x06618B66, 0x05C18B69, 0x00000000, 0x00000000, 0x06618B6C, 0x06618B6F, 0x06618B72, 0x06618B75, 0x06618B78,
  0x06618B7B, 0x05C18B7E, 0x06618B81, 0x06618B84, 0x06618B87, 0x06618B8A, 0x06C18B8D, 0x00000000, 0x00000000, 0x00000000,
  0x00000000, 0x00000000, 0x00000000, 0x00000000, 0x00000000, 0x00000000, 0x00000000, 0x00000000, 0x00000000, 0x00000000,
  0x00000000, 0x00000000, 0x00000000, 0x00000000, 0x00000000, 0x00000000, 0x00000000, 0x00030B90, 0x00000000, 0x00030B96,
  0x00000000, 0x00030B9C, 0x00000000, 0x00030BA2, 0x00000000, 0x00030BA8, 0x00000000, 0x00000000, 0x00000000, 0x00030BAE,
  0x00000000, 0x00000000, 0x00000000, 0x00000000, 0x00000000, 0x00000000, 0x00000000, 0x00000000, 0x00000000, 0x00000000,
  0x00000000, 0x00000000, 0x00000000, 0x00000000, 0x00000000, 0x00000000, 0x00000000, 0x00000000, 0x00000000, 0x00000000,
  0x00000000, 0x00000000, 0x00000000, 0x00000000, 0x00000000, 0x00000000, 0x00000000, 0x00000000, 0x00000000, 0x00000000,
  0x00000000, 0x00000000, 0x00000000, 0x00618BB4, 0x00000000, 0x00000000, 0x00000000, 0x00000000, 0x00000000, 0x00000000,
  0x00030BB7, 0x00000000, 0x00030BBD, 0x00000000, 0x00000000, 0x00030BC3, 0x00030BC9, 0x00000000, 0x00030BCF, 0x00A18BD5,
  0x00000000, 0x00000000, 0x00000000, 0x00000000, 0x00000000, 0x00000000, 0x00000000, 0x00000000, 0x00000000, 0x00000000,
  0x00000000, 0x00000000, 0x00000000, 0x00000000, 0x00000000, 0x00000000, 0x00000000, 0x00000000, 0x00000000, 0x00000000,
  0x00000000, 0x00000000, 0x00000000, 0x00000000, 0x00000000, 0x00000000, 0x00000000, 0x00000000, 0x00000000, 0x00000000,
  0x00000000, 0x00000000, 0x00000000, 0x00000000, 0x00000000, 0x00000000, 0x00000000, 0x00000000, 0x06618BD8, 0x05C18BDB,
  0x06618BDE, 0x06618BE1, 0x06618BE4, 0x06618BE7, 0x06618BEA, 0x06618BED, 0x06618BF0, 0x00000000, 0x00000000, 0x00000000,
  0x00000000, 0x00000000, 0x00000000, 0x00000000, 0x00000000, 0x00000000, 0x00000000, 0x00000000, 0x00000000, 0x00000000,
  0x00000000, 0x00000000, 0x00000000, 0x00000000, 0x00000000, 0x00000000, 0x00000000, 0x00000000, 0x00000000, 0x00000000,
  0x00000000, 0x00000000, 0x00000000, 0x00000000, 0x00000000, 0x00000000, 0x00000000, 0x00000000, 0x00000000, 0x00000000,
  0x00000000, 0x00000000, 0x00000000, 0x00000000, 0x00000000, 0x00000000, 0x00000000, 0x00000000, 0x00000000, 0x00A18BF3,
  0x00A18BF6, 0x00000000, 0x00000000, 0x00000000, 0x00000000, 0x00000000, 0x00000000, 0x00000000, 0x00000000, 0x00000000,
  0x00000000, 0x00000000, 0x00000000, 0x00000000, 0x00000000, 0x00000000, 0x00000000, 0x00000000, 0x00000000, 0x00000000,
  0x00000000, 0x00000000, 0x00000000, 0x00000000, 0x00000000, 0x00000000, 0x00000000, 0x00000000, 0x00000000, 0x00000000,
  0x00000000, 0x00000000, 0x00000000, 0x00000000, 0x00000000, 0x00000000, 0x00000000, 0x00000000, 0x00000000, 0x00618BF9,
  0x00000000, 0x00000000, 0x00000000, 0x00000000, 0x00000000, 0x00000000, 0x00000000, 0x00000000, 0x00000000, 0x00000000,
  0x00000000, 0x00A18BFC, 0x00A18BFF, 0x00000000, 0x00000000, 0x00000000, 0x00000000, 0x00000000, 0x00000000, 0x00000000,
  0x00000000, 0x00000000, 0x00000000, 0x00000000, 0x00000000, 0x00000000, 0x00000000, 0x00000000, 0x00000000, 0x00000000,
  0x00000000, 0x00000000, 0x00000000, 0x00000000, 0x00000000, 0x00000000, 0x00000000, 0x00000000, 0x00000000, 0x00000000,
  0x00000000, 0x00000000, 0x00000000, 0x00000000, 0x00000000, 0x00000000, 0x00000000, 0x00000000, 0x00000000, 0x00000000,
  0x00000000, 0x00000000, 0x00000000, 0x00000000, 0x00000000, 0x00000000, 0x00000000, 0x00000000, 0x00000000, 0x00000000,
  0x00000000, 0x00000000, 0x00000000, 0x00000000, 0x00000000, 0x00000000, 0x00000000, 0x00000000, 0x00618C02, 0x00000000,
  0x00000000, 0x00000000, 0x00000000, 0x00000000, 0x00000000, 0x00000000, 0x00000000, 0x00000000, 0x00000000, 0x00000000,
  0x00000000, 0x00000000, 0x00000000, 0x00000000, 0x00000000, 0x06618C05, 0x06618C08, 0x06618C0B, 0x00000000, 0x00218C0E,
  0x05C18C11, 0x05C18C14, 0x05C18C17, 0x05C18C1A, 0x05C18C1D, 0x06618C20, 0x06618C23, 0x05C18C26, 0x05C18C29, 0x05C18C2C,
  0x05C18C2F, 0x06618C32, 0x00000000, 0x00218C35, 0x00218C38, 0x00218C3B, 0x00218C3E, 0x00218C41, 0x00218C44, 0x00218C47,
  0x00000000, 0x00000000, 0x00000000, 0x00000000, 0x05C18C4A, 0x00000000, 0x00000000, 0x00000000, 0x00000000, 0x00000000,
  0x00000000, 0x06618C4D, 0x00000000, 0x00000000, 0x00000000, 0x06618C50, 0x06618C53, 0x00000000, 0x00000000, 0x00000000,
  0x00000000, 0x00000000, 0x00000000, 0x06618CFD, 0x06618D00, 0x05C18D03, 0x06618D06, 0x06618D09, 0x06618D0C, 0x06618D0F,
  0x06618D12, 0x06618D15, 0x06618D18, 0x05C18D1B, 0x06618D1E, 0x06618D21, 0x06C18D24, 0x05618D27, 0x05C18D2A, 0x05418D2D,
  0x06618D30, 0x06618D33, 0x06618D36, 0x06618D39, 0x06618D3C, 0x06618D3F, 0x06618D42, 0x06618D45, 0x06618D48, 0x06618D4B,
  0x06618D4E, 0x06618D51, 0x06618D54, 0x06618D57, 0x06618D5A, 0x06618D5D, 0x06618D60, 0x06618D63, 0x06618D66, 0x06618D69,
  0x06618D6C, 0x06618D6F, 0x06618D72, 0x06618D75, 0x06618D78, 0x06618D7B, 0x06618D7E, 0x06618D81, 0x06618D84, 0x06618D87,
  0x06618D8A, 0x06618D8D, 0x06618D90, 0x06618D93, 0x06618D96, 0x06618D99, 0x06618D9C, 0x06818D9F, 0x06418DA2, 0x06418DA5,
  0x05C18DA8, 0x05A18DAB, 0x06618DAE, 0x06A18DB1, 0x05C18DB4, 0x06618DB7, 0x05C18DBA, 0x05C18DBD, 0x05C18DC0, 0x06618DC3,
  0x06618DC6, 0x05C18DC9, 0x05C18DCC, 0x05C18DCF, 0x05C18DD2, 0x06628DD5, 0x06628DDA, 0x06618DDF, 0x06618DE2, 0x05C18DE5,
  0x05C18DE8, 0x05C18DEB, 0x05C18DEE, 0x05418DF1, 0x05418DF4, 0x05C18DF7, 0x05C18DFA, 0x06628DFD, 0x06628E02, 0x06628E07,
  0x06628E0C, 0x05C18E11, 0x05C18E14, 0x05C18E17, 0x05C18E1A, 0x06628E1D, 0x06628E22, 0x06618E27, 0x06618E2A, 0x06618E2D,
  0x06618E30, 0x06618E33, 0x06618E36, 0x05C18E39, 0x05C18E3C, 0x06618E3F, 0x06618E42, 0x05418E45, 0x05418E48, 0x05C18E4B,
  0x05C18E4E, 0x05C18E51, 0x05C18E54, 0x06628E57, 0x06628E5C, 0x06618E61, 0x06618E64, 0x05C18E67, 0x05C18E6A, 0x05C18E6D,
  0x05C18E70, 0x05C18E73, 0x05C18E76, 0x06628E79, 0x06628E7E, 0x05C18E83, 0x05C18E86, 0x05C18E89, 0x05C18E8C, 0x06618E8F,
  0x06618E92, 0x06618E95, 0x06618E98, 0x05C18E9B, 0x05C18E9E, 0x06618EA1, 0x06618EA4, 0x05C18EA7, 0x05C18EAA, 0x05C18EAD,
  0x05C18EB0, 0x05C18EB3, 0x05C18EB6, 0x06628EB9, 0x06628EBE, 0x06628EC3, 0x06628EC8, 0x06628ECD, 0x06628ED2, 0x06628ED7,
  0x06628EDC, 0x06618EE1, 0x06618EE4, 0x06618EE7, 0x06618EEA, 0x06618EED, 0x06618EF0, 0x05C18EF3, 0x05C18EF6, 0x06628EF9,
  0x06628EFE, 0x05C18F03, 0x05C18F06, 0x06618F09, 0x06618F0C, 0x05C18F0F, 0x05C18F12, 0x06628F15, 0x06628F1A, 0x06628F1F,
  0x06628F24, 0x06628F29, 0x06628F2E, 0x06618F33, 0x06618F36, 0x05C18F39, 0x05C18F3C, 0x05C18F3F, 0x05C18F42, 0x05C18F45,
  0x05C18F48, 0x05C18F4B, 0x05C18F4E, 0x05C18F51, 0x05C18F54, 0x05C18F57, 0x05C18F5A, 0x06628F5D, 0x06628F62, 0x06628F67,
  0x06628F6C, 0x06618F71, 0x06618F74, 0x05C18F77, 0x05C18F7A, 0x06618F7D, 0x06618F80, 0x06618F83, 0x06618F86, 0x06618F89,
  0x06618F8C, 0x06618F8F, 0x06618F92, 0x05C18F95, 0x05C18F98, 0x06618F9B, 0x06618F9E, 0x06618FA1, 0x06618FA4, 0x06618FA7,
  0x06618FAA, 0x06618FAD, 0x06618FB0, 0x05C18FB3, 0x05C18FB6, 0x05C18FB9, 0x05C18FBC, 0x05C18FBF, 0x06618FC2, 0x06618FC5,
  0x06618FC8, 0x00000000, 0x06620FD1, 0x00000000, 0x00000000, 0x00000000, 0x00000000, 0x05C18FD5, 0x05C18FD8, 0x06618FDB,
  0x06618FDE, 0x06628FE1, 0x06628FE6, 0x06628FEB, 0x06628FF0, 0x06628FF5, 0x06628FFA, 0x06628FFF, 0x06629004, 0x06629009,
  0x0662900E, 0x06629013, 0x06629018, 0x0662901D, 0x06629022, 0x06629027, 0x0662902C, 0x06629031, 0x06629036, 0x0662903B,
  0x06629040, 0x05C19045, 0x05C19048, 0x0661904B, 0x0661904E, 0x06619051, 0x06619054, 0x06629057, 0x0662905C, 0x06629061,
  0x06629066, 0x0662906B, 0x06629070, 0x06629075, 0x0662907A, 0x0662907F, 0x06629084, 0x06619089, 0x0661908C, 0x05C1908F,
  0x05C19092, 0x05C19095, 0x05C19098, 0x0661909B, 0x0661909E, 0x066290A1, 0x066290A6, 0x066290AB, 0x066290B0, 0x066290B5,
  0x066290BA, 0x066290BF, 0x066290C4, 0x066290C9, 0x066290CE, 0x066290D3, 0x066290D8, 0x066290DD, 0x066290E2, 0x066290E7,
  0x066290EC, 0x066290F1, 0x066290F6, 0x05C290FB, 0x05C29100, 0x05C19105, 0x05C19108, 0x0661910B, 0x0661910E, 0x06629111,
  0x06629116, 0x0662911B, 0x06629120, 0x06629125, 0x0662912A, 0x0662912F, 0x06629134, 0x05C29139, 0x05C2913E, 0x06619143,
  0x06619146, 0x05C19149, 0x05C1914C, 0x0661914F, 0x06619152, 0x06619155, 0x06619158, 0x00000000, 0x00000000, 0x00000000,
  0x00000000, 0x00000000, 0x00000000, 0x0662115B, 0x0662115F, 0x06631163, 0x06631169, 0x0663116F, 0x06631175, 0x0663117B,
  0x06631181, 0x06621187, 0x0662118B, 0x0663118F, 0x06631195, 0x0663119B, 0x066311A1, 0x066311A7, 0x066311AD, 0x066211B3,
  0x066211B7, 0x066311BB, 0x066311C1, 0x066311C7, 0x066311CD, 0x00000000, 0x00000000, 0x066211D3, 0x066211D7, 0x066311DB,
  0x066311E1, 0x066311E7, 0x066311ED, 0x00000000, 0x00000000, 0x066211F3, 0x066211F7, 0x066311FB, 0x06631201, 0x06631207,
  0x0663120D, 0x06631213, 0x06631219, 0x0662121F, 0x06621223, 0x06631227, 0x0663122D, 0x06631233, 0x06631239, 0x0663123F,
  0x06631245, 0x0662124B, 0x0662124F, 0x06631253, 0x06631259, 0x0663125F, 0x06631265, 0x0663126B, 0x06631271, 0x06621277,
  0x0662127B, 0x0663127F, 0x06631285, 0x0663128B, 0x06631291, 0x06631297, 0x0663129D, 0x066212A3, 0x066212A7, 0x066312AB,
  0x066312B1, 0x066312B7, 0x066312BD, 0x00000000, 0x00000000, 0x066212C3, 0x066212C7, 0x066312CB, 0x066312D1, 0x066312D7,
  0x066312DD, 0x00000000, 0x00000000, 0x066212E3, 0x066212E7, 0x066312EB, 0x066312F1, 0x066312F7, 0x066312FD, 0x06631303,
  0x06631309, 0x00000000, 0x0662130F, 0x00000000, 0x06631313, 0x00000000, 0x06631319, 0x00000000, 0x0663131F, 0x06621325,
  0x06621329, 0x0663132D, 0x06631333, 0x06631339, 0x0663133F, 0x06631345, 0x0663134B, 0x06621351, 0x06621355, 0x06631359,
  0x0663135F, 0x06631365, 0x0663136B, 0x06631371, 0x06631377, 0x0662137D, 0x06621381, 0x06621385, 0x06621389, 0x0662138D,
  0x06621391, 0x06621395, 0x06621399, 0x0662139D, 0x066213A1, 0x066213A5, 0x066213A9, 0x066213AD, 0x066213B1, 0x00000000,
  0x00000000, 0x06E313B5, 0x06E313BB, 0x06E413C1, 0x06E413C9, 0x06E413D1, 0x06E413D9, 0x06E413E1, 0x06E413E9, 0x06E313F1,
  0x06E313F7, 0x06E413FD, 0x06E41405, 0x06E4140D, 0x06E41415, 0x06E4141D, 0x06E41425, 0x06E3142D, 0x06E31433, 0x06E41439,
  0x06E41441, 0x06E41449, 0x06E41451, 0x06E41459, 0x06E41461, 0x06E31469, 0x06E3146F, 0x06E41475, 0x06E4147D, 0x06E41485,
  0x06E4148D, 0x06E41495, 0x06E4149D, 0x06E314A5, 0x06E314AB, 0x06E414B1, 0x06E414B9, 0x06E414C1, 0x06E414C9, 0x06E414D1,
  0x06E414D9, 0x06E314E1, 0x06E314E7, 0x06E414ED, 0x06E414F5, 0x06E414FD, 0x06E41505, 0x06E4150D, 0x06E41515, 0x0662151D,
  0x06621521, 0x06E31525, 0x06E2152B, 0x06E3152F, 0x00000000, 0x06621535, 0x06E31539, 0x0662153F, 0x06621543, 0x06621547,
  0x0662154B, 0x06E2154F, 0x00000000, 0x00011556, 0x00000000, 0x06621563, 0x06E31567, 0x06E2156D, 0x06E31571, 0x00000000,
  0x06621577, 0x06E3157B, 0x06621581, 0x06621585, 0x06621589, 0x0662158D, 0x06E21591, 0x0662959A, 0x066295A4, 0x066295AE,
  0x066215B3, 0x066215B7, 0x066315BB, 0x066315C1, 0x00000000, 0x00000000, 0x066215C7, 0x066315CB, 0x066215D1, 0x066215D5,
  0x066215D9, 0x066215DD, 0x00000000, 0x066295E6, 0x066295F0, 0x066295FA, 0x066215FF, 0x06621603, 0x06631607, 0x0663160D,
  0x06621613, 0x06621617, 0x0662161B, 0x0663161F, 0x06621625, 0x06621629, 0x0662162D, 0x06621631, 0x06621635, 0x0662163E,
  0x06621647, 0x0000964B, 0x00000000, 0x00000000, 0x06E3164C, 0x06E21652, 0x06E31656, 0x00000000, 0x0662165C, 0x06E31660,
  0x06621666, 0x0662166A, 0x0662166E, 0x06621672, 0x06E21676, 0x0001167D, 0x00000000, 0x00000000, 0x00019683, 0x00019687,
  0x00000000, 0x00000000, 0x00000000, 0x00000000, 0x00000000, 0x00000000, 0x00000000, 0x00000000, 0x00000000, 0x00000000,
  0x00000000, 0x00000000, 0x00000000, 0x00000000, 0x00000000, 0x00000000, 0x00000000, 0x00000000, 0x00000000, 0x00000000,
  0x00000000, 0x00000000, 0x00000000, 0x00000000, 0x00000000, 0x00000000, 0x00000000, 0x00000000, 0x00000000, 0x00000000,
  0x00000000, 0x00000000, 0x00000000, 0x00000000, 0x00000000, 0x00000000, 0x00000000, 0x00000000, 0x00000000, 0x00000000,
  0x00000000, 0x00000000, 0x00000000, 0x00000000, 0x00000000, 0x00000000, 0x00000000, 0x00000000, 0x00000000, 0x00000000,
  0x00000000, 0x00000000, 0x00000000, 0x00000000, 0x00000000, 0x00000000, 0x00000000, 0x00000000, 0x00000000, 0x00000000,
  0x00000000, 0x00000000, 0x06619707, 0x0661970A, 0x0021970D, 0x00219710, 0x06619713, 0x06619716, 0x06619719, 0x0661971C,
  0x0021971F, 0x00219722, 0x00219725, 0x06619728, 0x0661972B, 0x00000000, 0x00000000, 0x00000000, 0x00000000, 0x0661972E,
  0x00000000, 0x00000000, 0x00000000, 0x00219731, 0x00219734, 0x06619737, 0x05C1973A, 0x0661973D, 0x00219740, 0x00219743,
  0x05C19746, 0x05C19749, 0x05C1974C, 0x05C1974F, 0x06619752, 0x00000000, 0x00000000, 0x00000000, 0x00000000, 0x00000000,
  0x00000000, 0x00000000, 0x00000000, 0x00000000, 0x00000000, 0x00000000, 0x00000000, 0x00000000, 0x00000000, 0x00000000,
  0x00000000, 0x00000000, 0x00000000, 0x00000000, 0x00000000, 0x00000000, 0x00000000, 0x00000000, 0x00000000, 0x00000000,
  0x00000000, 0x00000000, 0x00000000, 0x00000000, 0x00000000, 0x00000000, 0x00000000, 0x00000000, 0x00000000, 0x00000000,
  0x00000000, 0x00000000, 0x00000000, 0x00011785, 0x00000000, 0x00000000, 0x00000000, 0x00009788, 0x06619789, 0x00000000,
  0x00000000, 0x00000000, 0x00000000, 0x00000000, 0x00000000, 0x00000000, 0x00000000, 0x00000000, 0x00000000, 0x00000000,
  0x00000000, 0x00000000, 0x00000000, 0x00000000, 0x00000000, 0x00000000, 0x00000000, 0x00000000, 0x00000000, 0x00000000,
  0x00000000, 0x00000000, 0x00000000, 0x00000000, 0x00000000, 0x00229840, 0x00229845, 0x00000000, 0x00000000, 0x00000000,
  0x00000000, 0x00000000, 0x00000000, 0x00000000, 0x00000000, 0x00000000, 0x00000000, 0x00000000, 0x00000000, 0x00000000,
  0x00000000, 0x00000000, 0x00000000, 0x00000000, 0x00000000, 0x0022984A, 0x00000000, 0x00000000, 0x00000000, 0x00000000,
  0x00000000, 0x00000000, 0x00000000, 0x00000000, 0x00000000, 0x00000000, 0x00000000, 0x00000000, 0x00000000, 0x00000000,
  0x00000000, 0x00000000, 0x00000000, 0x0022984F, 0x00229854, 0x00229859, 0x00000000, 0x00000000, 0x00000000, 0x00000000,
  0x00000000, 0x00000000, 0x00000000, 0x00000000, 0x00000000, 0x00000000, 0x00000000, 0x00000000, 0x00000000, 0x00000000,
  0x00000000, 0x00000000, 0x00000000, 0x00000000, 0x00000000, 0x00000000, 0x00000000, 0x00000000, 0x00000000, 0x00000000,
  0x00000000, 0x00000000, 0x00000000, 0x00000000, 0x00000000, 0x00000000, 0x00000000, 0x00000000, 0x00000000, 0x00000000,
  0x00000000, 0x00000000, 0x00000000, 0x00000000, 0x00000000, 0x00000000, 0x00000000, 0x00000000, 0x00000000, 0x00000000,
  0x00000000, 0x00000000, 0x00000000, 0x00000000, 0x0022985E, 0x00000000, 0x00000000, 0x00000000, 0x00000000, 0x00229863,
  0x00000000, 0x00000000, 0x00229868, 0x00000000, 0x00000000, 0x00000000, 0x00000000, 0x00000000, 0x00000000, 0x00000000,
  0x00000000, 0x00000000, 0x00000000, 0x00000000, 0x00000000, 0x00000000, 0x00000000, 0x00000000, 0x00000000, 0x00000000,
  0x00000000, 0x00000000, 0x00000000, 0x00000000, 0x00000000, 0x00000000, 0x0022986D, 0x00000000, 0x00229872, 0x00000000,
  0x00000000, 0x00000000, 0x00000000, 0x00000000, 0x00000000, 0x00000000, 0x00000000, 0x00000000, 0x00000000, 0x00000000,
  0x00000000, 0x00000000, 0x00000000, 0x00000000, 0x00000000, 0x00000000, 0x00000000, 0x00000000, 0x00000000, 0x00000000,
  0x00000000, 0x00000000, 0x00000000, 0x00000000, 0x00229895, 0x00000000, 0x00000000, 0x0022989A, 0x00000000, 0x00000000,
  0x0022989F, 0x00000000, 0x002298A4, 0x00000000, 0x00000000, 0x00000000, 0x00000000, 0x00000000, 0x00000000, 0x00000000,
  0x00000000, 0x00000000, 0x00000000, 0x00000000, 0x00000000, 0x00000000, 0x00000000, 0x00000000, 0x00000000, 0x00000000,
  0x00000000, 0x00000000, 0x00000000, 0x00000000, 0x00000000, 0x002198A9, 0x00000000, 0x002298AC, 0x00000000, 0x00000000,
  0x00000000, 0x00000000, 0x00000000, 0x00000000, 0x00000000, 0x00000000, 0x00000000, 0x00000000, 0x002298B1, 0x002198B6,
  0x002198B9, 0x002298BC, 0x002298C1, 0x00000000, 0x00000000, 0x002298C6, 0x002298CB, 0x00000000, 0x00000000, 0x002298D0,
  0x002298D5, 0x00000000, 0x00000000, 0x00000000, 0x00000000, 0x00000000, 0x00000000, 0x002298DA, 0x002298DF, 0x00000000,
  0x00000000, 0x002298E4, 0x002298E9, 0x00000000, 0x00000000, 0x002298EE, 0x002298F3, 0x00000000, 0x00000000, 0x00000000,
  0x00000000, 0x00000000, 0x00000000, 0x00000000, 0x00000000, 0x00000000, 0x00000000, 0x00000000, 0x00000000, 0x00000000,
  0x00000000, 0x00000000, 0x00000000, 0x00000000, 0x00000000, 0x00000000, 0x00000000, 0x00000000, 0x00000000, 0x00000000,
  0x00000000, 0x00000000, 0x00000000, 0x00000000, 0x00000000, 0x00000000, 0x00000000, 0x00000000, 0x00000000, 0x00000000,
  0x00000000, 0x002298F8, 0x002298FD, 0x00229902, 0x00229907, 0x00000000, 0x00000000, 0x00000000, 0x00000000, 0x00000000,
  0x00000000, 0x00000000, 0x00000000, 0x00000000, 0x00000000, 0x00000000, 0x00000000, 0x00000000, 0x00000000, 0x00000000,
  0x00000000, 0x00000000, 0x00000000, 0x00000000, 0x00000000, 0x00000000, 0x00000000, 0x00000000, 0x00000000, 0x00000000,
  0x00000000, 0x00000000, 0x00000000, 0x00000000, 0x00000000, 0x00000000, 0x00000000, 0x0022990C, 0x00229911, 0x00229916,
  0x0022991B, 0x00000000, 0x00000000, 0x00000000, 0x00000000, 0x00000000, 0x00000000, 0x00229920, 0x00229925, 0x0022992A,
  0x0022992F, 0x00000000, 0x00000000, 0x00000000, 0x00000000, 0x00000000, 0x00000000, 0x00000000, 0x00000000, 0x00000000,
  0x00000000, 0x00000000, 0x00000000, 0x00000000, 0x00000000, 0x00000000, 0x00000000, 0x00000000, 0x00000000, 0x00000000,
  0x00000000, 0x00000000, 0x00000000, 0x00000000, 0x00000000, 0x00000000, 0x00000000, 0x00000000, 0x00000000, 0x00000000,
  0x00000000, 0x00000000, 0x00000000, 0x00000000, 0x00000000, 0x00000000, 0x00000000, 0x00000000, 0x00000000, 0x00000000,
  0x00000000, 0x00000000, 0x00019934, 0x00019937, 0x00000000, 0x00000000, 0x00000000, 0x00000000, 0x00000000, 0x00000000,
  0x00000000, 0x00000000, 0x00000000, 0x00000000, 0x00000000, 0x00000000, 0x00000000, 0x00000000, 0x00000000, 0x00000000,
  0x00000000, 0x00000000, 0x00000000, 0x00000000, 0x00000000, 0x00000000, 0x00000000, 0x00000000, 0x00000000, 0x00000000,
  0x00000000, 0x00000000, 0x00229A6A, 0x00000000, 0x00000000, 0x00000000, 0x00000000, 0x00000000, 0x00000000, 0x00000000,
  0x00000000, 0x00000000, 0x00000000, 0x00000000, 0x00000000, 0x00000000, 0x00000000, 0x00000000, 0x00000000, 0x00000000,
  0x00000000, 0x00000000, 0x00000000, 0x00000000, 0x00000000, 0x00000000, 0x00000000, 0x00000000, 0x00000000, 0x00000000,
  0x00000000, 0x00000000, 0x00000000, 0x00000000, 0x00000000, 0x00000000, 0x00000000, 0x00000000, 0x00000000, 0x00000000,
  0x00000000, 0x00000000, 0x00000000, 0x00000000, 0x00000000, 0x00000000, 0x00000000, 0x00000000, 0x00000000, 0x00000000,
  0x06619A71, 0x06619A74, 0x06619A77, 0x00000000, 0x00000000, 0x00000000, 0x00000000, 0x00000000, 0x00000000, 0x00000000,
  0x00000000, 0x00000000, 0x00000000, 0x00000000, 0x00000000, 0x00000000, 0x00000000, 0x00000000, 0x00000000, 0x00000000,
  0x00000000, 0x00000000, 0x00000000, 0x00000000, 0x00000000, 0x00000000, 0x00000000, 0x00000000, 0x00000000, 0x00000000,
  0x00000000, 0x00000000, 0x00000000, 0x00000000, 0x00000000, 0x00000000, 0x00000000, 0x00000000, 0x00000000, 0x00000000,
  0x00000000, 0x00000000, 0x00000000, 0x00000000, 0x00000000, 0x00000000, 0x00000000, 0x00000000, 0x00000000, 0x00000000,
  0x00000000, 0x00000000, 0x00000000, 0x00000000, 0x00000000, 0x00000000, 0x00000000, 0x00000000, 0x00000000, 0x00000000,
  0x00000000, 0x00000000, 0x00000000, 0x00000000, 0x00000000, 0x00000000, 0x00A19A7D, 0x00000000, 0x00000000, 0x00000000,
  0x00000000, 0x00000000, 0x00000000, 0x00000000, 0x00000000, 0x00000000, 0x00000000, 0x00000000, 0x00000000, 0x00000000,
  0x00000000, 0x00000000, 0x00000000, 0x00000000, 0x00000000, 0x00000000, 0x00000000, 0x00000000, 0x00000000, 0x00000000,
  0x00000000, 0x00000000, 0x00000000, 0x00000000, 0x00000000, 0x00000000, 0x00000000, 0x00000000, 0x00000000, 0x06619A80,
  0x06619A83, 0x06619A86, 0x06619A89, 0x06619A8C, 0x06619A8F, 0x06619A92, 0x06619A95, 0x06619A98, 0x06619A9B, 0x06619A9E,
  0x06619AA1, 0x06619AA4, 0x06619AA7, 0x06619AAA, 0x06619AAD, 0x06619AB0, 0x06619AB3, 0x06619AB6, 0x06619AB9, 0x06619ABC,
  0x06619ABF, 0x06619AC2, 0x06619AC5, 0x06619AC8, 0x06619ACB, 0x06619ACE, 0x06619AD1, 0x06619AD4, 0x06619AD7, 0x06619ADA,
  0x06619ADD, 0x00000000, 0x00000000, 0x00000000, 0x00000000, 0x00000000, 0x00000000, 0x00000000, 0x00000000, 0x00000000,
  0x00000000, 0x00000000, 0x00000000, 0x00000000, 0x00000000, 0x00000000, 0x00000000, 0x00000000, 0x00000000, 0x00000000,
  0x00000000, 0x00000000, 0x00000000, 0x00000000, 0x00000000, 0x00000000, 0x00000000, 0x00000000, 0x00000000, 0x00000000,
  0x00000000, 0x00000000, 0x00000000, 0x00000000, 0x00000000, 0x00000000, 0x00000000, 0x00000000, 0x00000000, 0x00000000,
  0x00000000, 0x00000000, 0x00000000, 0x05A19D69, 0x06419D6C, 0x06819D6F, 0x05E19D72, 0x06019D75, 0x06019D78, 0x00000000,
  0x00000000, 0x00000000, 0x00000000, 0x00000000, 0x00000000, 0x00000000, 0x00000000, 0x00000000, 0x00000000, 0x00000000,
  0x00000000, 0x00000000, 0x00000000, 0x00000000, 0x00000000, 0x00831D87, 0x00000000, 0x00831D8D, 0x00000000, 0x00831D93,
  0x00000000, 0x00831D99, 0x00000000, 0x00831D9F, 0x00000000, 0x00831DA5, 0x00000000, 0x00831DAB, 0x00000000, 0x00831DB1,
  0x00000000, 0x00831DB7, 0x00000000, 0x00831DBD, 0x00000000, 0x00831DC3, 0x00000000, 0x00831DC9, 0x00000000, 0x00000000,
  0x00831DCF, 0x00000000, 0x00831DD5, 0x00000000, 0x00831DDB, 0x00000000, 0x00000000, 0x00000000, 0x00000000, 0x00000000,
  0x00000000, 0x00831DE1, 0x00831DE7, 0x00000000, 0x00831DED, 0x00831DF3, 0x00000000, 0x00831DF9, 0x00831DFF, 0x00000000,
  0x00831E05, 0x00831E0B, 0x00000000, 0x00831E11, 0x00831E17, 0x00000000, 0x00000000, 0x00000000, 0x00000000, 0x00000000,
  0x00000000, 0x00000000, 0x00000000, 0x00000000, 0x00000000, 0x00000000, 0x00000000, 0x00000000, 0x00000000, 0x00000000,
  0x00000000, 0x00000000, 0x00000000, 0x00000000, 0x00000000, 0x00831E1D, 0x00000000, 0x00000000, 0x00000000, 0x00000000,
  0x00819E23, 0x00819E26, 0x00000000, 0x00000000, 0x00000000, 0x00831E31, 0x00000000, 0x00000000, 0x00000000, 0x00000000,
  0x00000000, 0x00000000, 0x00000000, 0x00000000, 0x00000000, 0x00000000, 0x00000000, 0x00000000, 0x00000000, 0x00831E3D,
  0x00000000, 0x00831E43, 0x00000000, 0x00831E49, 0x00000000, 0x00831E4F, 0x00000000, 0x00831E55, 0x00000000, 0x00831E5B,
  0x00000000, 0x00831E61, 0x00000000, 0x00831E67, 0x00000000, 0x00831E6D, 0x00000000, 0x00831E73, 0x00000000, 0x00831E79,
  0x00000000, 0x00831E7F, 0x00000000, 0x00000000, 0x00831E85, 0x00000000, 0x00831E8B, 0x00000000, 0x00831E91, 0x00000000,
  0x00000000, 0x00000000, 0x00000000, 0x00000000, 0x00000000, 0x00831E97, 0x00831E9D, 0x00000000, 0x00831EA3, 0x00831EA9,
  0x00000000, 0x00831EAF, 0x00831EB5, 0x00000000, 0x00831EBB, 0x00831EC1, 0x00000000, 0x00831EC7, 0x00831ECD, 0x00000000,
  0x00000000, 0x00000000, 0x00000000, 0x00000000, 0x00000000, 0x00000000, 0x00000000, 0x00000000, 0x00000000, 0x00000000,
  0x00000000, 0x00000000, 0x00000000, 0x00000000, 0x00000000, 0x00000000, 0x00000000, 0x00000000, 0x00000000, 0x00000000,
  0x00000000, 0x00831ED3, 0x00000000, 0x00000000, 0x00831ED9, 0x00831EDF, 0x00831EE5, 0x00831EEB, 0x00000000, 0x00000000,
  0x00000000, 0x00831EF1, 0x00000000, 0x00000000, 0x00000000, 0x00000000, 0x00000000, 0x00000000, 0x00000000, 0x00000000,
  0x00000000, 0x00000000, 0x00000000, 0x00000000, 0x00000000, 0x00000000, 0x00000000, 0x00000000, 0x00000000, 0x00000000,
  0x00000000, 0x00000000, 0x00000000, 0x00000000, 0x00000000, 0x00000000, 0x00000000, 0x00000000, 0x00000000, 0x00000000,
  0x00000000, 0x00000000, 0x00000000, 0x00000000, 0x00000000, 0x00000000, 0x00000000, 0x00000000, 0x00000000, 0x00000000,
  0x00000000, 0x00000000, 0x00000000, 0x00000000, 0x00000000, 0x00000000, 0x00000000, 0x00000000, 0x00000000, 0x0661AA77,
  0x00000000, 0x00000000, 0x00000000, 0x00000000, 0x0661AA7A, 0x0661AA7D, 0x0661AA80, 0x0661AA83, 0x0661AA86, 0x0661AA89,
  0x0661AA8C, 0x0661AA8F, 0x0661AA92, 0x0661AA95, 0x00000000, 0x00000000, 0x00000000, 0x00000000, 0x00000000, 0x00000000,
  0x00000000, 0x00000000, 0x00000000, 0x00000000, 0x00000000, 0x00000000, 0x00000000, 0x00000000, 0x00000000, 0x00000000,
  0x00000000, 0x00000000, 0x00000000, 0x00000000, 0x00000000, 0x00000000, 0x00000000, 0x00000000, 0x00000000, 0x00000000,
  0x00000000, 0x00000000, 0x00000000, 0x00000000, 0x0661AA9C, 0x0661AA9F, 0x00000000, 0x00000000, 0x00000000, 0x00000000,
  0x00000000, 0x00000000, 0x00000000, 0x00000000, 0x00000000, 0x00000000, 0x00000000, 0x00000000, 0x00000000, 0x00000000,
  0x00000000, 0x00000000, 0x00000000, 0x00000000, 0x00000000, 0x00000000, 0x00000000, 0x00000000, 0x00000000, 0x00000000,
  0x00000000, 0x00000000, 0x00000000, 0x00000000, 0x00000000, 0x00000000, 0x00000000, 0x00000000, 0x00000000, 0x00000000,
  0x00000000, 0x00000000, 0x00000000, 0x00000000, 0x00000000, 0x00000000, 0x00000000, 0x00000000, 0x00000000, 0x00000000,
  0x00000000, 0x00000000, 0x00000000, 0x00000000, 0x0661AAA2, 0x0661AAA5, 0x00000000, 0x00000000, 0x00000000, 0x00000000,
  0x00000000, 0x00000000, 0x00000000, 0x00000000, 0x00000000, 0x00000000, 0x00000000, 0x00000000, 0x00000000, 0x00000000,
  0x00A1AAB3, 0x00000000, 0x00000000, 0x00000000, 0x00000000, 0x00000000, 0x00000000, 0x00000000, 0x00000000, 0x00000000,
  0x00000000, 0x00000000, 0x00000000, 0x00000000, 0x00000000, 0x00000000, 0x00000000, 0x00000000, 0x00000000, 0x00000000,
  0x00000000, 0x00000000, 0x00000000, 0x00000000, 0x00000000, 0x00000000, 0x00000000, 0x00000000, 0x00000000, 0x00000000,
  0x00000000, 0x00000000, 0x00000000, 0x00000000, 0x00000000, 0x00000000, 0x00000000, 0x00000000, 0x00A1AAB6, 0x00000000,
  0x00000000, 0x00000000, 0x00000000, 0x00000000, 0x00000000, 0x00000000, 0x00000000, 0x00000000, 0x00000000, 0x00000000,
  0x00000000, 0x00000000, 0x00000000, 0x00000000, 0x00000000, 0x00000000, 0x00000000, 0x00000000, 0x00A1AAB9, 0x00000000,
  0x00000000, 0x00000000, 0x00000000, 0x00000000, 0x00000000, 0x00000000, 0x00000000, 0x00000000, 0x00000000, 0x00000000,
  0x00000000, 0x00000000, 0x00000000, 0x00000000, 0x00000000, 0x00000000, 0x00000000, 0x00000000, 0x00000000, 0x00000000,
  0x00000000, 0x00000000, 0x00000000, 0x00000000, 0x00000000, 0x00000000, 0x0661AABC, 0x0661AABF, 0x0661AAC2, 0x0661AAC5,
  0x0661AAC8, 0x0661AACB, 0x0661AACE, 0x0661AAD1, 0x0661AAD4, 0x0661AAD7, 0x0661AADA, 0x0661AADD, 0x0661AAE0, 0x0661AAE3,
  0x0661AAE6, 0x0661AAE9, 0x0661AAEC, 0x0661AAEF, 0x00000000, 0x00000000, 0x00000000, 0x00000000, 0x00000000, 0x00000000,
  0x00000000, 0x00000000, 0x00000000, 0x00000000, 0x00000000, 0x00000000, 0x00000000, 0x00000000, 0x00000000, 0x00000000,
  0x00000000, 0x00000000, 0x00000000, 0x00000000, 0x00000000, 0x00000000, 0x00000000, 0x00000000, 0x00000000, 0x00000000,
  0x00000000, 0x00000000, 0x00000000, 0x00000000, 0x00000000, 0x00000000, 0x00000000, 0x00000000, 0x00000000, 0x00000000,
  0x00000000, 0x00000000, 0x00000000, 0x00000000, 0x00000000, 0x00000000, 0x00000000, 0x05C1AAF2, 0x05C1AAF5, 0x05C1AAF8,
  0x00000000, 0x00000000, 0x00000000, 0x00000000, 0x00000000, 0x00000000, 0x00000000, 0x00000000, 0x00000000, 0x00000000,
  0x00000000, 0x00000000, 0x00000000, 0x00000000, 0x00000000, 0x00000000, 0x00000000, 0x00000000, 0x00000000, 0x00A1AAFB,
  0x00000000, 0x00000000, 0x00000000, 0x00000000, 0x00000000, 0x00000000, 0x00000000, 0x00000000, 0x00000000, 0x00000000,
  0x00000000, 0x00000000, 0x00000000, 0x00000000, 0x00000000, 0x00000000, 0x00000000, 0x00000000, 0x00000000, 0x00000000,
  0x00000000, 0x00000000, 0x00000000, 0x00000000, 0x00000000, 0x00000000, 0x00000000, 0x00000000, 0x00000000, 0x00000000,
  0x00000000, 0x00000000, 0x00000000, 0x00000000, 0x00000000, 0x00000000, 0x00000000, 0x00000000, 0x00000000, 0x00000000,
  0x00000000, 0x00000000, 0x00000000, 0x00000000, 0x00000000, 0x00000000, 0x00000000, 0x00000000, 0x00000000, 0x00000000,
  0x00000000, 0x0061AAFE, 0x00000000, 0x00000000, 0x00000000, 0x00000000, 0x00000000, 0x00000000, 0x00000000, 0x00000000,
  0x00000000, 0x00000000, 0x00000000, 0x00000000, 0x00A1AB01, 0x00000000, 0x00000000, 0x00000000, 0x00000000, 0x00000000,
  0x00000000, 0x00000000, 0x00000000, 0x00000000, 0x00000000, 0x00000000, 0x00000000, 0x00000000, 0x00000000, 0x00000000,
  0x00000000, 0x00000000, 0x00000000, 0x00000000, 0x00000000, 0x00000000, 0x00000000, 0x00000000, 0x00000000, 0x00000000,
  0x00000000, 0x00000000, 0x00000000, 0x00000000, 0x00000000, 0x00000000, 0x00000000, 0x00000000, 0x00000000, 0x00000000,
  0x00000000, 0x00000000, 0x00000000, 0x00000000, 0x00000000, 0x00000000, 0x00000000, 0x00000000, 0x00000000, 0x00000000,
  0x00000000, 0x00000000, 0x00000000, 0x00000000, 0x00000000, 0x00000000, 0x00000000, 0x00000000, 0x00000000, 0x00000000,
  0x00000000, 0x00000000, 0x00000000, 0x00000000, 0x00000000, 0x00000000, 0x00000000, 0x00000000, 0x0661AB04, 0x00000000,
  0x0661AB07, 0x0661AB0A, 0x05C1AB0D, 0x00000000, 0x00000000, 0x0661AB10, 0x0661AB13, 0x00000000, 0x00000000, 0x00000000,
  0x00000000, 0x00000000, 0x0661AB16, 0x0661AB19, 0x00000000, 0x0661AB1C, 0x00000000, 0x00000000, 0x00000000, 0x00000000,
  0x00000000, 0x00000000, 0x00000000, 0x00000000, 0x00000000, 0x00000000, 0x00000000, 0x00000000, 0x00000000, 0x00000000,
  0x00000000, 0x00000000, 0x00000000, 0x00000000, 0x00000000, 0x00000000, 0x00000000, 0x00000000, 0x00000000, 0x00000000,
  0x00000000, 0x00000000, 0x00000000, 0x00000000, 0x00000000, 0x00000000, 0x00000000, 0x00000000, 0x00000000, 0x00000000,
  0x00000000, 0x00000000, 0x00000000, 0x00000000, 0x00000000, 0x00000000, 0x00000000, 0x00000000, 0x00000000, 0x00000000,
  0x00000000, 0x00000000, 0x00000000, 0x00000000, 0x00000000, 0x00000000, 0x00000000, 0x00000000, 0x00A1AB1F, 0x00000000,
  0x00000000, 0x00000000, 0x00000000, 0x00000000, 0x00000000, 0x00000000, 0x00000000, 0x00000000, 0x00000000, 0x00000000,
  0x00000000, 0x00000000, 0x00000000, 0x00000000, 0x00000000, 0x00000000, 0x00000000, 0x00000000, 0x00000000, 0x00000000,
  0x00000000, 0x00000000, 0x00000000, 0x00000000, 0x00000000, 0x00000000, 0x00000000, 0x00000000, 0x00000000, 0x00000000,
  0x00000000, 0x00000000, 0x00000000, 0x00000000, 0x00000000, 0x00000000, 0x00000000, 0x00000000, 0x00000000, 0x00000000,
  0x00000000, 0x00000000, 0x00000000, 0x00000000, 0x00A1AB2F, 0x00000000, 0x00000000, 0x00000000, 0x00000000, 0x00000000,
  0x00000000, 0x00000000, 0x00000000, 0x00000000, 0x00000000, 0x00000000, 0x00000000, 0x00000000, 0x00000000, 0x00000000,
  0x00000000, 0x00000000, 0x00000000, 0x0001AB32, 0x0001AB35, 0x0001AB38, 0x0001AB3B, 0x0001AB3E, 0x0001AB41, 0x0001AB44,
  0x0001AB47, 0x0001AB4A, 0x0001AB4D, 0x0001AB50, 0x0001AB53, 0x0001AB56, 0x0001AB59, 0x0001AB5C, 0x0001AB5F, 0x0001AB62,
  0x0001AB65, 0x0001AB68, 0x0001AB6B, 0x0001AB6E, 0x0001AB71, 0x0001AB74, 0x0001AB77, 0x0001AB7A, 0x0001AB7D, 0x0001AB80,
  0x0001AB83, 0x0001AB86, 0x0001AB89, 0x0001AB8C, 0x0001AB8F, 0x0001AB92, 0x0001AB95, 0x0001AB98, 0x0001AB9B, 0x0001AB9E,
  0x0001ABA1, 0x0001ABA4, 0x0001ABA7, 0x0001ABAA, 0x0001ABAD, 0x0001ABB0, 0x0001ABB3, 0x0001ABB6, 0x0001ABB9, 0x0001ABBC,
  0x0001ABBF, 0x0001ABC2, 0x0001ABC5, 0x0001ABC8, 0x0001ABCB, 0x0001ABCE, 0x0001ABD1, 0x0001ABD4, 0x0001ABD7, 0x0001ABDA,
  0x0001ABDD, 0x0001ABE0, 0x0001ABE3, 0x0001ABE6, 0x0001ABE9, 0x0001ABEC, 0x0001ABEF, 0x0001ABF2, 0x0001ABF5, 0x0001ABF8,
  0x0001ABFB, 0x0001ABFE, 0x0001AC01, 0x0001AC04, 0x0001AC07, 0x0001AC0A, 0x0001AC0D, 0x0001AC10, 0x0001AC13, 0x0001AC16,
  0x0001AC19, 0x0001AC1C, 0x0001AC1F, 0x0001AC22, 0x0001AC25, 0x0001AC28, 0x0001AC2B, 0x0001AC2E, 0x0001AC31, 0x0001AC34,
  0x0001AC37, 0x0001AC3A, 0x0001AC3D, 0x0001AC40, 0x0001AC43, 0x0001AC46, 0x0001AC49, 0x0001AC4C, 0x0001AC4F, 0x0001AC52,
  0x0001AC55, 0x0001AC58, 0x0001AC5B, 0x0001AC5E, 0x0001AC61, 0x0001AC64, 0x0001AC67, 0x0001AC6A, 0x0001AC6D, 0x0001AC70,
  0x0001AC73, 0x0001AC76, 0x0001AC79, 0x0001AC7C, 0x0001AC7F, 0x0001AC82, 0x0001AC85, 0x0001AC88, 0x0001AC8B, 0x0001AC8E,
  0x0001AC91, 0x0001AC94, 0x0001AC97, 0x0001AC9A, 0x0001AC9D, 0x0001ACA0, 0x0001ACA3, 0x0001ACA6, 0x0001ACA9, 0x0001ACAC,
  0x0001ACAF, 0x0001ACB2, 0x0001ACB5, 0x0001ACB8, 0x0001ACBB, 0x0001ACBE, 0x0001ACC1, 0x0001ACC4, 0x0001ACC7, 0x0001ACCA,
  0x0001ACCD, 0x0001ACD0, 0x0001ACD3, 0x0001ACD6, 0x0001ACD9, 0x0001ACDC, 0x0001ACDF, 0x0001ACE2, 0x0001ACE5, 0x0001ACE8,
  0x0001ACEB, 0x0001ACEE, 0x0001ACF1, 0x0001ACF4, 0x0001ACF7, 0x0001ACFA, 0x0001ACFD, 0x0001AD00, 0x0001AD03, 0x0001AD06,
  0x0001AD09, 0x0001AD0C, 0x0001AD0F, 0x0001AD12, 0x0001AD15, 0x0001AD18, 0x0001AD1B, 0x0001AD1E, 0x0001AD21, 0x0001AD24,
  0x0001AD27, 0x0001AD2A, 0x0001AD2D, 0x0001AD30, 0x0001AD33, 0x0001AD36, 0x0001AD39, 0x0001AD3C, 0x0001AD3F, 0x0001AD42,
  0x0001AD45, 0x0001AD48, 0x0001AD4B, 0x0001AD4E, 0x0001AD51, 0x0001AD54, 0x0001AD57, 0x0001AD5A, 0x0001AD5D, 0x0001AD60,
  0x0001AD63, 0x0001AD66, 0x0001AD69, 0x0001AD6C, 0x0001AD6F, 0x0001AD72, 0x0001AD75, 0x0001AD78, 0x0001AD7B, 0x0001AD7E,
  0x0001AD81, 0x0001AD84, 0x0001AD87, 0x0001AD8A, 0x0001AD8D, 0x0001AD90, 0x0001AD93, 0x0001AD96, 0x0001AD99, 0x0001AD9C,
  0x0001AD9F, 0x0001ADA2, 0x0001ADA5, 0x0001ADA8, 0x0001ADAB, 0x0001ADAE, 0x0001ADB1, 0x0001ADB4, 0x0001ADB7, 0x0001ADBA,
  0x0001ADBD, 0x0001ADC0, 0x0001ADC3, 0x0001ADC6, 0x0001ADC9, 0x0001ADCC, 0x0001ADCF, 0x0001ADD2, 0x0001ADD5, 0x0001ADD8,
  0x0001ADDB, 0x0001ADDE, 0x0001ADE1, 0x0001ADE4, 0x0001ADE7, 0x0001ADEA, 0x0001ADED, 0x0001ADF0, 0x0001ADF3, 0x0001ADF6,
  0x0001ADF9, 0x0001ADFC, 0x0001ADFF, 0x0001AE02, 0x0001AE05, 0x0001AE08, 0x0001AE0B, 0x0001AE0E, 0x0001AE11, 0x0001AE14,
  0x0001AE17, 0x0001AE1A, 0x0001AE1D, 0x0001AE20, 0x0001AE23, 0x0001AE26, 0x0001AE29, 0x0001AE2C, 0x0001AE2F, 0x0001AE32,
  0x0001AE35, 0x0001AE38, 0x0001AE3B, 0x0001AE3E, 0x0001AE41, 0x0001AE44, 0x0001AE47, 0x0001AE4A, 0x0001AE4D, 0x0001AE50,
  0x0001AE53, 0x0001AE56, 0x0001AE59, 0x00000000, 0x00000000, 0x0001AE5C, 0x00000000, 0x0001AE5F, 0x00000000, 0x00000000,
  0x0001AE62, 0x0001AE65, 0x0001AE68, 0x0001AE6B, 0x0001AE6E, 0x0001AE71, 0x0001AE74, 0x0001AE77, 0x0001AE7A, 0x0001AE7D,
  0x00000000, 0x0001AE80, 0x00000000, 0x0001AE83, 0x00000000, 0x00000000, 0x0001AE86, 0x0001AE89, 0x00000000, 0x00000000,
  0x00000000, 0x0001AE8C, 0x0001AE8F, 0x0001AE92, 0x0001AE95, 0x0001AE98, 0x0001AE9B, 0x0001AE9E, 0x0001AEA1, 0x0001AEA4,
  0x0001AEA7, 0x0001AEAA, 0x0001AEAD, 0x0001AEB0, 0x0001AEB3, 0x0001AEB6, 0x0001AEB9, 0x0001AEBC, 0x0001AEBF, 0x0001AEC2,
  0x0001AEC5, 0x0001AEC8, 0x0001AECB, 0x0001AECE, 0x0001AED1, 0x0001AED4, 0x0001AED7, 0x0001AEDA, 0x0001AEDD, 0x0001AEE0,
  0x0001AEE3, 0x0001AEE6, 0x0001AEE9, 0x0001AEEC, 0x0001AEEF, 0x0001AEF2, 0x0001AEF5, 0x0001AEF8, 0x0001AEFB, 0x0001AEFE,
  0x0001AF01, 0x0001AF04, 0x0001AF07, 0x0001AF0A, 0x0001AF0D, 0x0001AF10, 0x0001AF13, 0x0001AF16, 0x0001AF19, 0x0001AF1C,
  0x0001AF1F, 0x0001AF22, 0x0001AF25, 0x0001AF28, 0x0001AF2B, 0x0001AF2E, 0x0001AF31, 0x0001AF34, 0x0001AF37, 0x0001AF3A,
  0x0001AF3D, 0x0001AF40, 0x0001AF43, 0x0001AF46, 0x0001AF49, 0x0001AF4C, 0x0001AF4F, 0x00022F52, 0x0001AF56, 0x00000000,
  0x00000000, 0x0001AF59, 0x0001AF5C, 0x0001AF5F, 0x0001AF62, 0x0001AF65, 0x0001AF68, 0x0001AF6B, 0x0001AF6E, 0x0001AF71,
  0x0001AF74, 0x0001AF77, 0x0001AF7A, 0x0001AF7D, 0x0001AF80, 0x0001AF83, 0x0001AF86, 0x0001AF89, 0x0001AF8C, 0x0001AF8F,
  0x0001AF92, 0x0001AF95, 0x0001AF98, 0x0001AF9B, 0x0001AF9E, 0x0001AFA1, 0x0001AFA4, 0x0001AFA7, 0x0001AFAA, 0x0001AFAD,
  0x0001AFB0, 0x0001AFB3, 0x0001AFB6, 0x0001AFB9, 0x0001AFBC, 0x0001AFBF, 0x0001AFC2, 0x0001AFC5, 0x0001AFC8, 0x0001AFCB,
  0x0001AFCE, 0x0001AFD1, 0x0001AFD4, 0x0001AFD7, 0x0001AFDA, 0x0001AFDD, 0x0001AFE0, 0x0001AFE3, 0x0001AFE6, 0x0001AFE9,
  0x0001AFEC, 0x0001AFEF, 0x0001AFF2, 0x0001AFF5, 0x0001AFF8, 0x0001AFFB, 0x0001AFFE, 0x0001B001, 0x0001B004, 0x0001B007,
  0x0001B00A, 0x0001B00D, 0x0001B010, 0x0001B013, 0x0001B016, 0x0001B019, 0x0001B01C, 0x0001B01F, 0x0001B022, 0x0001B025,
  0x0001B028, 0x0001B02B, 0x0001B02E, 0x0001B031, 0x0001B034, 0x0001B037, 0x0001B03A, 0x0001B03D, 0x0001B040, 0x0001B043,
  0x0001B046, 0x0001B049, 0x0001B04C, 0x0001B04F, 0x0001B052, 0x0001B055, 0x0001B058, 0x0001B05B, 0x0001B05E, 0x0001B061,
  0x0001B064, 0x0001B067, 0x0001B06A, 0x0001B06D, 0x0001B070, 0x0001B073, 0x00023076, 0x0002307A, 0x0002307E, 0x0001B082,
  0x0001B085, 0x0001B088, 0x0002308B, 0x0002308F, 0x00023093, 0x0001B097, 0x0001B09A, 0x00000000, 0x00000000, 0x00000000,
  0x00000000, 0x00000000, 0x00000000, 0x00000000, 0x00000000, 0x00000000, 0x00000000, 0x00000000, 0x00000000, 0x00000000,
  0x00000000, 0x00000000, 0x00000000, 0x00000000, 0x00000000, 0x00000000, 0x00000000, 0x00000000, 0x00000000, 0x00000000,
  0x00000000, 0x00000000, 0x00000000, 0x00000000, 0x00000000, 0x00000000, 0x00000000, 0x00000000, 0x00000000, 0x00000000,
  0x00000000, 0x00000000, 0x00000000, 0x00000000, 0x00000000, 0x014230C1, 0x02C1B0C5, 0x01A230C8, 0x00000000, 0x00000000,
  0x00000000, 0x00000000, 0x00000000, 0x00000000, 0x00000000, 0x00000000, 0x00000000, 0x00000000, 0x028230DF, 0x02A230E3,
  0x028330E7, 0x02A330ED, 0x01A230F3, 0x01C230F7, 0x022230FB, 0x022230FF, 0x02223103, 0x02223107, 0x0222310B, 0x0222310F,
  0x02223113, 0x00000000, 0x02223117, 0x0222311B, 0x0222311F, 0x02223123, 0x02223127, 0x00000000, 0x0222312B, 0x00000000,
  0x0222312F, 0x02223133, 0x00000000, 0x02223137, 0x0222313B, 0x00000000, 0x0222313F, 0x02223143, 0x02223147, 0x0222314B,
  0x0222314F, 0x01E23153, 0x02623157, 0x0262315B, 0x0262315F, 0x00000000, 0x00000000, 0x00000000, 0x00000000, 0x00000000,
  0x00000000, 0x00000000, 0x00000000, 0x00000000, 0x00000000, 0x00000000, 0x00000000, 0x00000000, 0x00000000, 0x00000000,
  0x00000000, 0x00000000, 0x00000000, 0x00000000, 0x00000000, 0x00000000, 0x00000000, 0x00000000, 0x00000000, 0x00000000,
  0x00000000, 0x00000000, 0x00000000, 0x00000000, 0x00000000, 0x00000000, 0x00000000, 0x00000000, 0x00000000, 0x00000000,
  0x00000000, 0x00000000, 0x00000000, 0x00000000, 0x00000000, 0x00000000, 0x00000000, 0x00000000, 0x00000000, 0x00000000,
  0x00000000, 0x00000000, 0x00000000, 0x00000000, 0x0661BB59, 0x0661BB5C, 0x0661BB5F, 0x0661BB62, 0x0661BB65, 0x0661BB68,
  0x0661BB6B, 0x05C1BB6E, 0x05C1BB71, 0x05C1BB74, 0x05C1BB77, 0x05C1BB7A, 0x05C1BB7D, 0x05C1BB80, 0x0661BB83, 0x0661BB86,
  0x00000000, 0x00000000, 0x00000000, 0x00000000, 0x00000000, 0x00000000, 0x00000000, 0x00000000, 0x00000000, 0x00000000,
  0x00000000, 0x00000000, 0x00000000, 0x00000000, 0x00000000, 0x00000000, 0x00000000, 0x00000000, 0x00000000, 0x00000000,
  0x00000000, 0x00000000, 0x00000000, 0x00000000, 0x00000000, 0x00000000, 0x00000000, 0x00000000, 0x00000000, 0x00000000,
  0x00000000, 0x00000000, 0x00000000, 0x00000000, 0x00000000, 0x00000000, 0x00000000, 0x00000000, 0x00000000, 0x00000000,
  0x00000000, 0x00000000, 0x00000000, 0x00000000, 0x00000000, 0x00000000, 0x00000000, 0x00000000, 0x00000000, 0x00000000,
  0x00000000, 0x00000000, 0x00000000, 0x00000000, 0x00000000, 0x00000000, 0x00000000, 0x00000000, 0x00000000, 0x00000000,
  0x00000000, 0x05C23F2E, 0x00000000, 0x00000000, 0x00000000, 0x00000000, 0x00000000, 0x00000000, 0x00000000, 0x00000000,
  0x00000000, 0x00000000, 0x00000000, 0x00000000, 0x00000000, 0x00000000, 0x00000000, 0x00000000, 0x00000000, 0x00000000,
  0x00000000, 0x00000000, 0x00000000, 0x00000000, 0x00000000, 0x00000000, 0x00000000, 0x00000000, 0x00000000, 0x00000000,
  0x00000000, 0x00000000, 0x00000000, 0x00000000, 0x05C23F32, 0x00000000, 0x00000000, 0x00000000, 0x00000000, 0x00000000,
  0x00000000, 0x00000000, 0x00000000, 0x00000000, 0x00000000, 0x00000000, 0x00000000, 0x00000000, 0x00000000, 0x00000000,
  0x00000000, 0x00000000, 0x00000000, 0x00000000, 0x00000000, 0x00000000, 0x00000000, 0x00000000, 0x00000000, 0x00000000,
  0x00000000, 0x00000000, 0x00000000, 0x00000000, 0x00000000, 0x00000000, 0x00000000, 0x00000000, 0x00000000, 0x00000000,
  0x00000000, 0x00000000, 0x00000000, 0x00000000, 0x00000000, 0x00000000, 0x00000000, 0x00000000, 0x00000000, 0x00000000,
  0x00000000, 0x00000000, 0x00000000, 0x00000000, 0x00000000, 0x00000000, 0x00000000, 0x00000000, 0x00000000, 0x06623F36,
  0x06623F3A, 0x06623F3E, 0x06623F42, 0x06623F46, 0x00000000, 0x00000000, 0x00000000, 0x00000000, 0x00000000, 0x00000000,
  0x00000000, 0x00000000, 0x00000000, 0x06633F4A, 0x00000000, 0x00000000, 0x00000000, 0x00000000, 0x00000000, 0x00000000,
  0x00000000, 0x00000000, 0x00000000, 0x00000000, 0x00000000, 0x00000000, 0x00000000, 0x00000000, 0x00000000, 0x00000000,
  0x00000000, 0x00000000, 0x00000000, 0x00000000, 0x00000000, 0x00000000, 0x00000000, 0x00000000, 0x00000000, 0x00000000,
  0x06633F50, 0x00000000, 0x00000000, 0x00000000, 0x00000000, 0x00000000, 0x00000000, 0x00000000, 0x00000000, 0x00000000,
  0x00000000, 0x00000000, 0x00000000, 0x00000000, 0x00000000, 0x00000000, 0x00000000, 0x00000000, 0x00000000, 0x00000000,
  0x00000000, 0x00000000, 0x00000000, 0x00000000, 0x00000000, 0x00000000, 0x00000000, 0x00000000, 0x05C23FD6, 0x00000000,
  0x06623FDA, 0x00000000, 0x00000000, 0x00000000, 0x00000000, 0x00000000, 0x00000000, 0x00000000, 0x00000000, 0x00000000,
  0x00000000, 0x00000000, 0x00000000, 0x00000000, 0x00000000, 0x00000000, 0x00000000, 0x00000000, 0x00000000, 0x00000000,
  0x00000000, 0x00000000, 0x00000000, 0x00000000, 0x00000000, 0x00000000, 0x00000000, 0x00000000, 0x00000000, 0x00000000,
  0x00000000, 0x00000000, 0x00000000, 0x00000000, 0x00000000, 0x00000000, 0x00000000, 0x00000000, 0x00000000, 0x00000000,
  0x00000000, 0x06623FDE, 0x00223FE2, 0x05C23FE6, 0x00000000, 0x00000000, 0x00000000, 0x00000000, 0x00A23FEA, 0x00000000,
  0x00000000, 0x00000000, 0x00000000, 0x00000000, 0x00000000, 0x00000000, 0x00000000, 0x00000000, 0x00000000, 0x00000000,
  0x00000000, 0x00000000, 0x00000000, 0x00000000, 0x00000000, 0x00000000, 0x00000000, 0x00000000, 0x00000000, 0x00000000,
  0x00000000, 0x00000000, 0x00000000, 0x00000000, 0x00000000, 0x00000000, 0x00000000, 0x00000000, 0x00000000, 0x00000000,
  0x00000000, 0x00000000, 0x00000000, 0x00000000, 0x00000000, 0x00000000, 0x06623FEE, 0x05C23FF2, 0x00000000, 0x00000000,
  0x00000000, 0x00000000, 0x00000000, 0x00000000, 0x00000000, 0x00000000, 0x00000000, 0x00000000, 0x00000000, 0x00000000,
  0x00000000, 0x00000000, 0x00000000, 0x00000000, 0x00000000, 0x00000000, 0x00000000, 0x00000000, 0x00000000, 0x00000000,
  0x00000000, 0x00000000, 0x00000000, 0x00000000, 0x00000000, 0x00000000, 0x00000000, 0x00000000, 0x00000000, 0x00000000,
  0x00000000, 0x00000000, 0x00000000, 0x00000000, 0x06623FF6, 0x06623FFA, 0x06623FFE, 0x06624002, 0x00000000, 0x00000000,
  0x00000000, 0x00000000, 0x00000000, 0x00000000, 0x00000000, 0x00000000, 0x00000000, 0x00000000, 0x00000000, 0x00000000,
  0x00000000, 0x00000000, 0x00000000, 0x00000000, 0x00000000, 0x00000000, 0x00000000, 0x00000000, 0x00000000, 0x00000000,
  0x00000000, 0x00000000, 0x00000000, 0x00000000, 0x00000000, 0x00000000, 0x00000000, 0x00000000, 0x00000000, 0x00000000,
  0x00000000, 0x00000000, 0x00000000, 0x00000000, 0x00000000, 0x00000000, 0x00000000, 0x00000000, 0x00000000, 0x06624006,
  0x0662400A, 0x0662400E, 0x06624012, 0x06624016, 0x00000000, 0x00000000, 0x00000000, 0x00000000, 0x00000000, 0x00000000,
  0x00000000, 0x00000000, 0x00000000, 0x00000000, 0x00000000, 0x00000000, 0x00000000, 0x00000000, 0x00000000, 0x00000000,
  0x00000000, 0x00000000, 0x00000000, 0x00000000, 0x00000000, 0x00000000, 0x00000000, 0x00000000, 0x00000000, 0x00000000,
  0x00000000, 0x00000000, 0x00000000, 0x00000000, 0x00000000, 0x00000000, 0x00000000, 0x00000000, 0x00000000, 0x00000000,
  0x00000000, 0x00000000, 0x00000000, 0x00000000, 0x00000000, 0x00000000, 0x00000000, 0x0662401A, 0x0662401E, 0x00000000,
  0x00000000, 0x00000000, 0x00000000, 0x00000000, 0x00000000, 0x00000000, 0x00000000, 0x00000000, 0x00000000, 0x00000000,
  0x00000000, 0x00000000, 0x00000000, 0x00000000, 0x00000000, 0x00000000, 0x00000000, 0x00000000, 0x00000000, 0x00000000,
  0x00000000, 0x00000000, 0x00000000, 0x00000000, 0x00000000, 0x00000000, 0x00000000, 0x00000000, 0x00000000, 0x00000000,
  0x00000000, 0x00000000, 0x00000000, 0x00000000, 0x00000000, 0x00000000, 0x00000000, 0x00000000, 0x00000000, 0x00000000,
  0x00000000, 0x00000000, 0x00000000, 0x00000000, 0x00000000, 0x00000000, 0x00000000, 0x00000000, 0x00000000, 0x00000000,
  0x00000000, 0x00000000, 0x00000000, 0x00000000, 0x00000000, 0x00000000, 0x00000000, 0x05C24022, 0x05C24026, 0x00000000,
  0x05C2402A, 0x05C2402E, 0x05C24032, 0x00000000, 0x00000000, 0x00000000, 0x00000000, 0x00000000, 0x00000000, 0x05C24036,
  0x05C2403A, 0x0662403E, 0x06624042, 0x06624046, 0x05C2404A, 0x0662404E, 0x05C24052, 0x05C24056, 0x05C2405A, 0x05C2405E,
  0x00000000, 0x00000000, 0x00000000, 0x00000000, 0x00000000, 0x00000000, 0x00000000, 0x00000000, 0x00000000, 0x00000000,
  0x00000000, 0x00000000, 0x00000000, 0x00000000, 0x00000000, 0x00000000, 0x00000000, 0x00000000, 0x00000000, 0x00000000,
  0x00000000, 0x00000000, 0x00000000, 0x00000000, 0x00000000, 0x00000000, 0x00000000, 0x00000000, 0x00000000, 0x00000000,
  0x00000000, 0x00000000, 0x00000000, 0x00000000, 0x00000000, 0x00000000, 0x00000000, 0x00000000, 0x00000000, 0x00000000,
  0x00000000, 0x00000000, 0x00000000, 0x00000000, 0x00000000, 0x00000000, 0x00000000, 0x06624062, 0x05C24066, 0x0662406A,
  0x05C2406E, 0x00000000, 0x00000000, 0x00000000, 0x00000000, 0x00000000, 0x00000000, 0x00000000, 0x00000000, 0x00000000,
  0x00000000, 0x00000000, 0x00000000, 0x00000000, 0x00000000, 0x00000000, 0x00000000, 0x00000000, 0x00000000, 0x00000000,
  0x00000000, 0x00000000, 0x00000000, 0x00000000, 0x00000000, 0x00000000, 0x00000000, 0x00000000, 0x00000000, 0x00000000,
  0x00000000, 0x00000000, 0x00000000, 0x00000000, 0x00000000, 0x00000000, 0x00000000, 0x00000000, 0x00000000, 0x00000000,
  0x00000000, 0x00000000, 0x00000000, 0x00000000, 0x00000000, 0x00000000, 0x00000000, 0x00000000, 0x00000000, 0x00000000,
  0x00000000, 0x00000000, 0x00000000, 0x00000000, 0x00000000, 0x00000000, 0x00000000, 0x00000000, 0x00000000, 0x00A24072,
  0x00000000, 0x00000000, 0x00000000, 0x00000000, 0x00000000, 0x00000000, 0x00000000, 0x00000000, 0x00000000, 0x00000000,
  0x00000000, 0x00000000, 0x00000000, 0x00000000, 0x00000000, 0x00000000, 0x00000000, 0x00000000, 0x00000000, 0x00000000,
  0x00000000, 0x00000000, 0x00000000, 0x00000000, 0x00000000, 0x00000000, 0x00000000, 0x00000000, 0x00000000, 0x00000000,
  0x00000000, 0x00000000, 0x00000000, 0x00000000, 0x00000000, 0x00000000, 0x00000000, 0x00000000, 0x00000000, 0x00000000,
  0x00000000, 0x00A24076, 0x00000000, 0x00000000, 0x00000000, 0x00000000, 0x00000000, 0x00000000, 0x00000000, 0x00000000,
  0x00000000, 0x00000000, 0x00000000, 0x00000000, 0x00000000, 0x00000000, 0x00A2407A, 0x00000000, 0x00000000, 0x00000000,
  0x00000000, 0x00000000, 0x00000000, 0x00000000, 0x00000000, 0x00000000, 0x00000000, 0x00000000, 0x00000000, 0x00000000,
  0x00000000, 0x00000000, 0x00000000, 0x00000000, 0x00000000, 0x00000000, 0x00000000, 0x00000000, 0x00000000, 0x00000000,
  0x00000000, 0x00000000, 0x00000000, 0x0064407E, 0x00000000, 0x00644086, 0x00000000, 0x00000000, 0x00000000, 0x00000000,
  0x00000000, 0x00000000, 0x00000000, 0x00000000, 0x00000000, 0x00000000, 0x00000000, 0x00000000, 0x00000000, 0x00000000,
  0x0064408E, 0x00000000, 0x00000000, 0x00000000, 0x00000000, 0x00000000, 0x00000000, 0x00000000, 0x00000000, 0x00000000,
  0x00000000, 0x00000000, 0x00000000, 0x00000000, 0x00A24096, 0x0062409A, 0x00000000, 0x00000000, 0x00000000, 0x00000000,
  0x00000000, 0x0662409E, 0x066240A2, 0x066240A6, 0x00000000, 0x00000000, 0x00000000, 0x00000000, 0x00000000, 0x00000000,
  0x00000000, 0x00000000, 0x00000000, 0x00000000, 0x00000000, 0x00000000, 0x00000000, 0x00000000, 0x00000000, 0x00000000,
  0x00000000, 0x00000000, 0x00000000, 0x00000000, 0x00000000, 0x00000000, 0x00000000, 0x00000000, 0x00000000, 0x00000000,
  0x00000000, 0x00000000, 0x00000000, 0x00000000, 0x00000000, 0x00000000, 0x00000000, 0x00000000, 0x00000000, 0x00000000,
  0x00000000, 0x00000000, 0x00000000, 0x00000000, 0x00000000, 0x00000000, 0x00000000, 0x000440AA, 0x000440B2, 0x00000000,
  0x00000000, 0x00000000, 0x00A240BA, 0x00A240BE, 0x00000000, 0x00000000, 0x00000000, 0x00000000, 0x00000000, 0x00000000,
  0x00000000, 0x00000000, 0x00000000, 0x00000000, 0x00000000, 0x00000000, 0x00000000, 0x00000000, 0x00000000, 0x00000000,
  0x00000000, 0x00000000, 0x00000000, 0x00000000, 0x00000000, 0x00000000, 0x00000000, 0x00000000, 0x00000000, 0x00000000,
  0x00000000, 0x00000000, 0x00000000, 0x00000000, 0x00000000, 0x00000000, 0x00000000, 0x00000000, 0x00000000, 0x00000000,
  0x00000000, 0x00000000, 0x00000000, 0x00000000, 0x00000000, 0x00000000, 0x00000000, 0x00000000, 0x00000000, 0x00000000,
  0x00000000, 0x00000000, 0x00000000, 0x00000000, 0x00000000, 0x006240C2, 0x00000000, 0x00000000, 0x00000000, 0x00000000,
  0x00000000, 0x00000000, 0x00000000, 0x00000000, 0x00000000, 0x00000000, 0x00000000, 0x00000000, 0x00A240C6, 0x00000000,
  0x00000000, 0x00000000, 0x00000000, 0x00000000, 0x00000000, 0x00000000, 0x00000000, 0x00000000, 0x006240CA, 0x00000000,
  0x00000000, 0x00000000, 0x00000000, 0x00000000, 0x00000000, 0x00000000, 0x00000000, 0x00000000, 0x00000000, 0x00000000,
  0x00000000, 0x00000000, 0x00000000, 0x00000000, 0x00000000, 0x00000000, 0x00000000, 0x00000000, 0x00000000, 0x00000000,
  0x00000000, 0x00000000, 0x00000000, 0x00000000, 0x00000000, 0x00000000, 0x00000000, 0x00000000, 0x00000000, 0x00000000,
  0x00000000, 0x00000000, 0x00000000, 0x00000000, 0x00000000, 0x00000000, 0x00000000, 0x00000000, 0x00000000, 0x00000000,
  0x00000000, 0x00000000, 0x00000000, 0x00000000, 0x00000000, 0x00000000, 0x00000000, 0x00000000, 0x00000000, 0x00000000,
  0x00000000, 0x00000000, 0x00A240CE, 0x006240D2, 0x00000000, 0x00000000, 0x00000000, 0x00000000, 0x00000000, 0x00000000,
  0x00000000, 0x00000000, 0x00000000, 0x00000000, 0x00000000, 0x00000000, 0x00000000, 0x00000000, 0x00000000, 0x00000000,
  0x00000000, 0x00000000, 0x00000000, 0x00000000, 0x00000000, 0x00000000, 0x00000000, 0x00000000, 0x00000000, 0x00000000,
  0x00000000, 0x00000000, 0x00000000, 0x00000000, 0x00000000, 0x00000000, 0x00000000, 0x00000000, 0x00000000, 0x00000000,
  0x00000000, 0x00000000, 0x00000000, 0x00000000, 0x00000000, 0x006240D6, 0x00A240DA, 0x00000000, 0x00000000, 0x00000000,
  0x00000000, 0x00000000, 0x00000000, 0x00000000, 0x00000000, 0x00000000, 0x00000000, 0x00000000, 0x00000000, 0x00000000,
  0x00000000, 0x00000000, 0x00000000, 0x00000000, 0x00000000, 0x00000000, 0x00000000, 0x00000000, 0x00000000, 0x00000000,
  0x00000000, 0x00000000, 0x00000000, 0x00000000, 0x00000000, 0x00000000, 0x00000000, 0x00000000, 0x00000000, 0x00000000,
  0x00000000, 0x00000000, 0x00000000, 0x00000000, 0x00000000, 0x00000000, 0x00000000, 0x00000000, 0x00000000, 0x00000000,
  0x00000000, 0x00000000, 0x00000000, 0x00000000, 0x00000000, 0x00000000, 0x00000000, 0x00000000, 0x00000000, 0x00000000,
  0x00000000, 0x00000000, 0x00000000, 0x00000000, 0x00000000, 0x00000000, 0x006240DE, 0x006240E2, 0x00000000, 0x00000000,
  0x00000000, 0x00000000, 0x00000000, 0x00000000, 0x00000000, 0x00000000, 0x00000000, 0x00000000, 0x00000000, 0x000440E6,
  0x000440EE, 0x00A240F6, 0x00000000, 0x00000000, 0x00000000, 0x00000000, 0x00000000, 0x00000000, 0x00000000, 0x00000000,
  0x00000000, 0x00000000, 0x00000000, 0x00000000, 0x00000000, 0x00000000, 0x00000000, 0x00000000, 0x00000000, 0x00000000,
  0x00000000, 0x00000000, 0x00000000, 0x00000000, 0x00000000, 0x00000000, 0x066240FA, 0x066240FE, 0x06624102, 0x06624106,
  0x0662410A, 0x0662410E, 0x06624112, 0x00000000, 0x00000000, 0x00000000, 0x06624116, 0x0662411A, 0x0662411E, 0x06624122,
  0x06624126, 0x00000000, 0x00000000, 0x00000000, 0x00000000, 0x00000000, 0x00000000, 0x00000000, 0x00000000, 0x00000000,
  0x00000000, 0x00000000, 0x0004412A, 0x00000000, 0x00044132, 0x00000000, 0x00000000, 0x00000000, 0x00000000, 0x00000000,
  0x00000000, 0x00000000, 0x00000000, 0x0004413A, 0x00000000, 0x00000000, 0x00044142, 0x00000000, 0x00000000, 0x00000000,
  0x00000000, 0x00000000, 0x00000000, 0x00000000, 0x00000000, 0x00000000, 0x00000000, 0x00000000, 0x00000000, 0x00000000,
  0x00000000, 0x00000000, 0x00000000, 0x00000000, 0x00000000, 0x00000000, 0x00000000, 0x00000000, 0x00000000, 0x00000000,
  0x00000000, 0x00000000, 0x00000000, 0x00000000, 0x00000000, 0x00000000, 0x00000000, 0x00000000, 0x00000000, 0x00000000,
  0x00000000, 0x00000000, 0x00000000, 0x00000000, 0x00000000, 0x00000000, 0x00000000, 0x00000000, 0x00000000, 0x00000000,
  0x00000000, 0x00000000, 0x00000000, 0x0004414A, 0x00000000, 0x00044152, 0x0004415A, 0x00000000, 0x00000000, 0x00000000,
  0x00000000, 0x00000000, 0x00A24162, 0x00A24166, 0x00A2416A, 0x00000000, 0x00000000, 0x00000000, 0x00000000, 0x00000000,
  0x00000000, 0x00000000, 0x00000000, 0x00000000, 0x00000000, 0x00000000, 0x00000000, 0x00000000, 0x00000000, 0x00000000,
  0x00000000, 0x00000000, 0x00000000, 0x00000000, 0x00000000, 0x00000000, 0x00000000, 0x00000000, 0x00000000, 0x00000000,
  0x00000000, 0x00000000, 0x00000000, 0x00000000, 0x00000000, 0x00000000, 0x00000000, 0x00000000, 0x00000000, 0x00000000,
  0x00000000, 0x00000000, 0x00000000, 0x00000000, 0x00000000, 0x00000000, 0x00000000, 0x00000000, 0x00000000, 0x00000000,
  0x00000000, 0x00000000, 0x00A2416E, 0x00000000, 0x00000000, 0x00000000, 0x00624172, 0x00000000, 0x00000000, 0x00000000,
  0x00000000, 0x00000000, 0x00000000, 0x00000000, 0x00000000, 0x00000000, 0x00000000, 0x00000000, 0x00000000, 0x00000000,
  0x00000000, 0x00000000, 0x00000000, 0x00000000, 0x00000000, 0x00000000, 0x00000000, 0x00000000, 0x00000000, 0x00000000,
  0x06624176, 0x00000000, 0x00000000, 0x00000000, 0x00000000, 0x00000000, 0x00000000, 0x00000000, 0x00000000, 0x00000000,
  0x00000000, 0x00000000, 0x00000000, 0x00000000, 0x00000000, 0x00000000, 0x00000000, 0x00000000, 0x00000000, 0x00000000,
  0x00000000, 0x00000000, 0x00000000, 0x00000000, 0x00000000, 0x00000000, 0x00000000, 0x00000000, 0x00000000, 0x00000000,
  0x00000000, 0x00000000, 0x00000000, 0x00000000, 0x00000000, 0x00000000, 0x00000000, 0x00000000, 0x00000000, 0x00000000,
  0x00000000, 0x00000000, 0x00000000, 0x00000000, 0x00000000, 0x00000000, 0x00000000, 0x00000000, 0x00000000, 0x00000000,
  0x00000000, 0x00000000, 0x00000000, 0x00000000, 0x00000000, 0x00000000, 0x00000000, 0x00000000, 0x00000000, 0x00000000,
  0x0004417A, 0x00044182, 0x00000000, 0x0004418A, 0x00000000, 0x00000000, 0x00A24192, 0x00624196, 0x00000000, 0x00000000,
  0x00000000, 0x00000000, 0x00000000, 0x00000000, 0x00000000, 0x00000000, 0x00000000, 0x00000000, 0x00000000, 0x00000000,
  0x00000000, 0x00000000, 0x00000000, 0x00000000, 0x00000000, 0x00000000, 0x00000000, 0x00000000, 0x00000000, 0x00000000,
  0x00000000, 0x00000000, 0x00000000, 0x00000000, 0x00000000, 0x00000000, 0x00000000, 0x00000000, 0x00000000, 0x00000000,
  0x00000000, 0x00000000, 0x00000000, 0x00000000, 0x00000000, 0x00000000, 0x00000000, 0x00000000, 0x00000000, 0x00000000,
  0x00000000, 0x00000000, 0x00000000, 0x00000000, 0x00000000, 0x00000000, 0x00000000, 0x00000000, 0x00000000, 0x00000000,
  0x00000000, 0x00000000, 0x00000000, 0x00000000, 0x00000000, 0x00000000, 0x00000000, 0x00000000, 0x0004419A, 0x000441A2,
  0x00000000, 0x00000000, 0x00000000, 0x00A241AA, 0x006241AE, 0x00000000, 0x00000000, 0x00000000, 0x00000000, 0x00000000,
  0x00000000, 0x00000000, 0x00000000, 0x00000000, 0x00000000, 0x00000000, 0x00000000, 0x00000000, 0x00000000, 0x00000000,
  0x00000000, 0x00000000, 0x00000000, 0x00000000, 0x00000000, 0x00000000, 0x00000000, 0x00000000, 0x00000000, 0x00000000,
  0x00000000, 0x00000000, 0x00000000, 0x00000000, 0x00000000, 0x00000000, 0x00000000, 0x00000000, 0x00000000, 0x00000000,
  0x00000000, 0x00000000, 0x00000000, 0x00000000, 0x00000000, 0x00000000, 0x00000000, 0x00000000, 0x00000000, 0x00000000,
  0x00000000, 0x00000000, 0x00000000, 0x00000000, 0x00000000, 0x00000000, 0x00000000, 0x00000000, 0x00000000, 0x00000000,
  0x00000000, 0x00000000, 0x00000000, 0x00000000, 0x00000000, 0x00000000, 0x00000000, 0x00000000, 0x00A241B2, 0x00000000,
  0x00000000, 0x00000000, 0x00000000, 0x00000000, 0x00000000, 0x00000000, 0x00000000, 0x00000000, 0x00000000, 0x00000000,
  0x00000000, 0x00000000, 0x00000000, 0x00000000, 0x00000000, 0x00000000, 0x00000000, 0x00000000, 0x00000000, 0x00000000,
  0x00000000, 0x00000000, 0x00000000, 0x00000000, 0x00000000, 0x00000000, 0x00000000, 0x00000000, 0x00000000, 0x00000000,
  0x00000000, 0x00000000, 0x00000000, 0x00000000, 0x00000000, 0x00000000, 0x00000000, 0x00000000, 0x00000000, 0x00000000,
  0x00000000, 0x00000000, 0x00000000, 0x00000000, 0x00000000, 0x00000000, 0x00000000, 0x00000000, 0x00000000, 0x00000000,
  0x00000000, 0x00000000, 0x00000000, 0x00A241B6, 0x006241BA, 0x00000000, 0x00000000, 0x00000000, 0x00000000, 0x00000000,
  0x00000000, 0x00000000, 0x00000000, 0x00000000, 0x00000000, 0x00000000, 0x00000000, 0x00000000, 0x00000000, 0x00000000,
  0x00000000, 0x00000000, 0x00000000, 0x00000000, 0x00000000, 0x00000000, 0x00000000, 0x00000000, 0x00000000, 0x00000000,
  0x00000000, 0x00000000, 0x00000000, 0x00000000, 0x00000000, 0x00000000, 0x00000000, 0x00000000, 0x00000000, 0x00000000,
  0x00000000, 0x00000000, 0x00000000, 0x00000000, 0x00000000, 0x00000000, 0x00000000, 0x00000000, 0x00A241BE, 0x00000000,
  0x00000000, 0x00000000, 0x00000000, 0x00000000, 0x00000000, 0x00000000, 0x00000000, 0x00000000, 0x00000000, 0x00000000,
  0x00000000, 0x00000000, 0x00000000, 0x00000000, 0x00000000, 0x00000000, 0x00000000, 0x00000000, 0x00000000, 0x00000000,
  0x00000000, 0x00000000, 0x00000000, 0x00000000, 0x00000000, 0x00000000, 0x00000000, 0x00000000, 0x00000000, 0x00000000,
  0x00000000, 0x00000000, 0x00000000, 0x00000000, 0x00000000, 0x00000000, 0x00000000, 0x00000000, 0x00000000, 0x00000000,
  0x00000000, 0x00000000, 0x00000000, 0x00000000, 0x00000000, 0x00000000, 0x00000000, 0x00000000, 0x00000000, 0x00000000,
  0x00000000, 0x00000000, 0x00000000, 0x00000000, 0x00000000, 0x00000000, 0x00A241C2, 0x006241C6, 0x00000000, 0x00000000,
  0x00000000, 0x00000000, 0x00000000, 0x00000000, 0x00000000, 0x00000000, 0x00000000, 0x00000000, 0x00000000, 0x00000000,
  0x00000000, 0x00000000, 0x00000000, 0x00000000, 0x00000000, 0x00000000, 0x00000000, 0x00000000, 0x00000000, 0x00000000,
  0x00000000, 0x00000000, 0x00000000, 0x00000000, 0x00000000, 0x00000000, 0x00000000, 0x00000000, 0x00000000, 0x00000000,
  0x00000000, 0x00000000, 0x00000000, 0x00000000, 0x00000000, 0x00000000, 0x00000000, 0x00000000, 0x00000000, 0x00000000,
  0x00000000, 0x00000000, 0x00000000, 0x00000000, 0x00000000, 0x00000000, 0x00000000, 0x00000000, 0x00000000, 0x00000000,
  0x00000000, 0x00000000, 0x00000000, 0x00000000, 0x000441CA, 0x00000000, 0x00000000, 0x00000000, 0x00000000, 0x00A241D2,
  0x00A241D6, 0x00000000, 0x00000000, 0x00000000, 0x006241DA, 0x00000000, 0x00000000, 0x00000000, 0x00000000, 0x00000000,
  0x00000000, 0x00000000, 0x00000000, 0x00000000, 0x00000000, 0x00000000, 0x00000000, 0x00000000, 0x00000000, 0x00000000,
  0x00000000, 0x00000000, 0x00000000, 0x00000000, 0x00000000, 0x00000000, 0x00000000, 0x00000000, 0x00000000, 0x00000000,
  0x00000000, 0x00000000, 0x00000000, 0x00000000, 0x00000000, 0x00000000, 0x00000000, 0x00000000, 0x00000000, 0x00000000,
  0x00000000, 0x00000000, 0x00000000, 0x00000000, 0x00000000, 0x00000000, 0x00000000, 0x00000000, 0x00000000, 0x00000000,
  0x00000000, 0x00000000, 0x00000000, 0x00000000, 0x00000000, 0x00000000, 0x00000000, 0x00000000, 0x00000000, 0x00000000,
  0x00000000, 0x00000000, 0x00000000, 0x00000000, 0x00000000, 0x00A241DE, 0x00000000, 0x00000000, 0x00000000, 0x00000000,
  0x00000000, 0x00000000, 0x00000000, 0x00000000, 0x00000000, 0x00000000, 0x00000000, 0x00000000, 0x00000000, 0x00000000,
  0x00000000, 0x00000000, 0x00000000, 0x00000000, 0x00000000, 0x00000000, 0x00000000, 0x00000000, 0x00000000, 0x00000000,
  0x00000000, 0x00000000, 0x00000000, 0x00000000, 0x00000000, 0x00000000, 0x00000000, 0x00000000, 0x00000000, 0x00000000,
  0x00000000, 0x00000000, 0x00000000, 0x00000000, 0x00000000, 0x00000000, 0x00000000, 0x00000000, 0x00000000, 0x00000000,
  0x00000000, 0x00000000, 0x00000000, 0x00000000, 0x00000000, 0x00000000, 0x00000000, 0x00000000, 0x00A241E2, 0x00000000,
  0x00000000, 0x00000000, 0x00000000, 0x00000000, 0x00000000, 0x00000000, 0x00000000, 0x00000000, 0x00000000, 0x00000000,
  0x00A241E6, 0x00000000, 0x00000000, 0x00000000, 0x00000000, 0x00000000, 0x00000000, 0x00000000, 0x00000000, 0x00000000,
  0x00000000, 0x00000000, 0x00000000, 0x00000000, 0x00000000, 0x00000000, 0x00000000, 0x00000000, 0x00000000, 0x00000000,
  0x00000000, 0x00000000, 0x00000000, 0x00000000, 0x00000000, 0x00000000, 0x00000000, 0x00000000, 0x00000000, 0x00000000,
  0x00000000, 0x00000000, 0x00000000, 0x00000000, 0x00000000, 0x00000000, 0x00000000, 0x00000000, 0x00000000, 0x00000000,
  0x00000000, 0x00000000, 0x00000000, 0x00000000, 0x00000000, 0x00000000, 0x00000000, 0x00000000, 0x00000000, 0x00000000,
  0x00000000, 0x00000000, 0x00000000, 0x00000000, 0x00000000, 0x00000000, 0x00000000, 0x00A241EA, 0x00000000, 0x00000000,
  0x00000000, 0x00000000, 0x00000000, 0x00000000, 0x00000000, 0x00000000, 0x00000000, 0x00000000, 0x00000000, 0x00000000,
  0x00000000, 0x00000000, 0x00000000, 0x00000000, 0x00000000, 0x00000000, 0x00000000, 0x00000000, 0x00000000, 0x00000000,
  0x00000000, 0x00000000, 0x00000000, 0x00000000, 0x00000000, 0x00000000, 0x00000000, 0x00000000, 0x00000000, 0x00000000,
  0x00000000, 0x00000000, 0x00000000, 0x00000000, 0x00000000, 0x00000000, 0x00000000, 0x00000000, 0x00000000, 0x00000000,
  0x00000000, 0x00000000, 0x00000000, 0x00000000, 0x00000000, 0x00000000, 0x00000000, 0x00000000, 0x00000000, 0x00000000,
  0x00000000, 0x00000000, 0x00000000, 0x00000000, 0x00000000, 0x00000000, 0x00000000, 0x00000000, 0x00000000, 0x00000000,
  0x00000000, 0x00A241EE, 0x00000000, 0x00000000, 0x006241F2, 0x00000000, 0x00A241F6, 0x00A241FA, 0x00000000, 0x00000000,
  0x00000000, 0x00000000, 0x00000000, 0x00000000, 0x00000000, 0x00000000, 0x00000000, 0x00000000, 0x00000000, 0x00000000,
  0x00000000, 0x00000000, 0x00000000, 0x00000000, 0x00000000, 0x00000000, 0x00000000, 0x00000000, 0x00000000, 0x00000000,
  0x00000000, 0x00000000, 0x00000000, 0x00000000, 0x00000000, 0x00000000, 0x00000000, 0x00000000, 0x00000000, 0x00000000,
  0x00000000, 0x00000000, 0x00000000, 0x00000000, 0x00000000, 0x00000000, 0x00000000, 0x00000000, 0x00000000, 0x00000000,
  0x00000000, 0x00000000, 0x00000000, 0x00000000, 0x00000000, 0x00000000, 0x00000000, 0x00000000, 0x00000000, 0x00000000,
  0x00000000, 0x00000000, 0x00000000, 0x00000000, 0x00000000, 0x00000000, 0x00A241FE, 0x00000000, 0x00000000, 0x00000000,
  0x00000000, 0x00000000, 0x00000000, 0x00000000, 0x00000000, 0x00000000, 0x00000000, 0x00000000, 0x00000000, 0x00000000,
  0x00000000, 0x00000000, 0x00000000, 0x00000000, 0x00000000, 0x00000000, 0x00000000, 0x00000000, 0x00000000, 0x00000000,
  0x00000000, 0x00000000, 0x00000000, 0x00000000, 0x00000000, 0x00000000, 0x00000000, 0x00000000, 0x00000000, 0x00000000,
  0x00000000, 0x00000000, 0x00000000, 0x00000000, 0x00000000, 0x00000000, 0x00000000, 0x00A24202, 0x00A24206, 0x00000000,
  0x00000000, 0x00000000, 0x00000000, 0x00000000, 0x00000000, 0x00000000, 0x00000000, 0x00000000, 0x00000000, 0x00000000,
  0x00000000, 0x00000000, 0x00000000, 0x00000000, 0x00000000, 0x00000000, 0x00000000, 0x00000000, 0x00000000, 0x00000000,
  0x00000000, 0x00000000, 0x00000000, 0x00000000, 0x00000000, 0x00000000, 0x00000000, 0x00000000, 0x00000000, 0x00000000,
  0x00000000, 0x00000000, 0x00000000, 0x00000000, 0x00000000, 0x00000000, 0x00000000, 0x00000000, 0x00000000, 0x00000000,
  0x00000000, 0x00000000, 0x00000000, 0x00000000, 0x00000000, 0x00000000, 0x00000000, 0x00000000, 0x00000000, 0x00000000,
  0x00000000, 0x00000000, 0x00000000, 0x00000000, 0x00000000, 0x00000000, 0x00000000, 0x00000000, 0x00000000, 0x00000000,
  0x0004420A, 0x00044212, 0x0004421A, 0x00044222, 0x0004422A, 0x00064232, 0x0006423E, 0x0006424A, 0x00000000, 0x00000000,
  0x00000000, 0x00000000, 0x00000000, 0x00000000, 0x00A24256, 0x00000000, 0x00000000, 0x00000000, 0x00000000, 0x00000000,
  0x00000000, 0x00000000, 0x00000000, 0x00000000, 0x00000000, 0x00000000, 0x00000000, 0x00000000, 0x00000000, 0x00000000,
  0x00000000, 0x00000000, 0x00000000, 0x00000000, 0x00000000, 0x00000000, 0x00000000, 0x00000000, 0x00000000, 0x00000000,
  0x00000000, 0x00000000, 0x00000000, 0x00000000, 0x00000000, 0x00000000, 0x00000000, 0x00000000, 0x00000000, 0x00000000,
  0x00000000, 0x00000000, 0x00000000, 0x00000000, 0x00000000, 0x00000000, 0x00000000, 0x00000000, 0x00000000, 0x00000000,
  0x00000000, 0x00000000, 0x00000000, 0x0022425A, 0x0022425E, 0x00224262, 0x00224266, 0x0022426A, 0x00000000, 0x00000000,
  0x00000000, 0x00000000, 0x00000000, 0x00000000, 0x00000000, 0x00000000, 0x00000000, 0x00000000, 0x00000000, 0x00000000,
  0x00000000, 0x00000000, 0x00000000, 0x00000000, 0x00000000, 0x00000000, 0x00000000, 0x00000000, 0x00000000, 0x00000000,
  0x00000000, 0x00000000, 0x00000000, 0x00000000, 0x00000000, 0x00000000, 0x00000000, 0x00000000, 0x00000000, 0x00000000,
  0x00000000, 0x00000000, 0x00000000, 0x00000000, 0x00000000, 0x00000000, 0x00000000, 0x00000000, 0x00000000, 0x00000000,
  0x00000000, 0x00000000, 0x00000000, 0x00000000, 0x00000000, 0x00000000, 0x0662426E, 0x06624272, 0x06624276, 0x0662427A,
  0x0662427E, 0x06624282, 0x06624286, 0x00000000, 0x00000000, 0x00000000, 0x00000000, 0x00000000, 0x00000000, 0x00000000,
  0x00000000, 0x00000000, 0x00000000, 0x00000000, 0x00000000, 0x00000000, 0x00000000, 0x00000000, 0x00000000, 0x00000000,
  0x00000000, 0x00000000, 0x00000000, 0x00000000, 0x00000000, 0x00000000, 0x00000000, 0x00000000, 0x00000000, 0x00000000,
  0x00000000, 0x00000000, 0x00000000, 0x00000000, 0x00000000, 0x00000000, 0x00000000, 0x00000000, 0x00000000, 0x00000000,
  0x00000000, 0x00000000, 0x00000000, 0x0004428A, 0x00044292, 0x0006429A, 0x00000000, 0x00000000, 0x00000000, 0x00000000,
  0x00000000, 0x00000000, 0x00000000, 0x00000000, 0x00000000, 0x00000000, 0x00000000, 0x00000000, 0x00000000, 0x00000000,
  0x00000000, 0x00000000, 0x00000000, 0x00000000, 0x00000000, 0x00000000, 0x00000000, 0x00000000, 0x00000000, 0x00000000,
  0x00000000, 0x00000000, 0x00000000, 0x00000000, 0x00000000, 0x00000000, 0x00000000, 0x00000000, 0x00000000, 0x00000000,
  0x00000000, 0x00000000, 0x00000000, 0x00000000, 0x00000000, 0x00000000, 0x00000000, 0x00000000, 0x00000000, 0x00000000,
  0x00000000, 0x00000000, 0x00000000, 0x00000000, 0x004242A6, 0x004242AA, 0x00000000, 0x00000000, 0x00000000, 0x00000000,
  0x00000000, 0x00000000, 0x00000000, 0x00000000, 0x00000000, 0x00000000, 0x00000000, 0x00000000, 0x00000000, 0x00000000,
  0x00000000, 0x00000000, 0x00000000, 0x00000000, 0x00000000, 0x00000000, 0x00000000, 0x00000000, 0x00000000, 0x00000000,
  0x00000000, 0x00000000, 0x00000000, 0x00000000, 0x00000000, 0x00000000, 0x002242AE, 0x00000000, 0x00000000, 0x00000000,
  0x00000000, 0x00000000, 0x00000000, 0x00000000, 0x00000000, 0x00000000, 0x00000000, 0x00000000, 0x00000000, 0x00000000,
  0x00000000, 0x00000000, 0x00000000, 0x00000000, 0x00000000, 0x00000000, 0x00000000, 0x00000000, 0x00000000, 0x00000000,
  0x00000000, 0x00000000, 0x00000000, 0x00000000, 0x00000000, 0x00000000, 0x00000000, 0x00000000, 0x00000000, 0x00000000,
  0x058442D6, 0x058442DE, 0x058642E6, 0x058642F2, 0x058642FE, 0x0586430A, 0x05864316, 0x05824322, 0x05824326, 0x0022432A,
  0x0022432E, 0x00224332, 0x00000000, 0x00000000, 0x00000000, 0x06224336, 0x0582433A, 0x0582433E, 0x05824342, 0x05824346,
  0x0582434A, 0x00000000, 0x00000000, 0x00000000, 0x00000000, 0x00000000, 0x00000000, 0x00000000, 0x00000000, 0x05C2434E,
  0x05C24352, 0x05C24356, 0x05C2435A, 0x05C2435E, 0x05C24362, 0x05C24366, 0x05C2436A, 0x00000000, 0x00000000, 0x0662436E,
  0x06624372, 0x06624376, 0x0662437A, 0x0662437E, 0x05C24382, 0x05C24386, 0x00000000, 0x00000000, 0x00000000, 0x00000000,
  0x00000000, 0x00000000, 0x00000000, 0x00000000, 0x00000000, 0x00000000, 0x00000000, 0x00000000, 0x00000000, 0x00000000,
  0x00000000, 0x00000000, 0x00000000, 0x00000000, 0x00000000, 0x00000000, 0x00000000, 0x00000000, 0x00000000, 0x00000000,
  0x00000000, 0x00000000, 0x00000000, 0x00000000, 0x00000000, 0x00000000, 0x0662438A, 0x0662438E, 0x06624392, 0x06624396,
  0x00000000, 0x00000000, 0x00000000, 0x00000000, 0x00000000, 0x00000000, 0x00000000, 0x00000000, 0x00000000, 0x00000000,
  0x00000000, 0x00000000, 0x00000000, 0x0584439A, 0x058443A2, 0x058643AA, 0x058643B6, 0x058643C2, 0x058643CE, 0x00000000,
  0x00000000, 0x00000000, 0x00000000, 0x00000000, 0x00000000, 0x00000000, 0x00000000, 0x00000000, 0x00000000, 0x00000000,
  0x00000000, 0x00000000, 0x00000000, 0x00000000, 0x00000000, 0x00000000, 0x00000000, 0x00000000, 0x00000000, 0x00000000,
  0x00000000, 0x00000000, 0x00000000, 0x00000000, 0x00000000, 0x00000000, 0x00000000, 0x00000000, 0x00000000, 0x00000000,
  0x00000000, 0x00000000, 0x00000000, 0x00000000, 0x00000000, 0x00000000, 0x00000000, 0x00000000, 0x00000000, 0x00000000,
  0x00000000, 0x00000000, 0x00000000, 0x00000000, 0x00000000, 0x00000000, 0x00000000, 0x00000000, 0x00000000, 0x00000000,
  0x00000000, 0x00000000, 0x00000000, 0x00000000, 0x00000000, 0x00000000, 0x00000000, 0x00000000, 0x00000000, 0x00000000,
  0x00000000, 0x00000000, 0x066243DA, 0x066243DE, 0x066243E2, 0x00000000, 0x00000000, 0x00000000, 0x00000000, 0x00000000,
  0x00000000, 0x00000000, 0x00000000, 0x00000000, 0x00000000, 0x00000000, 0x00000000, 0x00000000, 0x00000000, 0x00000000,
  0x00000000, 0x00000000, 0x00000000, 0x00000000, 0x00000000, 0x00000000, 0x00000000, 0x00000000, 0x00000000, 0x00000000,
  0x00000000, 0x00000000, 0x00000000, 0x00000000, 0x00000000, 0x00000000, 0x00000000, 0x00000000, 0x00000000, 0x00000000,
  0x00000000, 0x00000000, 0x00000000, 0x00000000, 0x00000000, 0x00000000, 0x00000000, 0x00000000, 0x00000000, 0x00000000,
  0x00000000, 0x00000000, 0x00000000, 0x00000000, 0x00000000, 0x00000000, 0x00000000, 0x00000000, 0x00000000, 0x00000000,
  0x00000000, 0x00000000, 0x00000000, 0x00000000, 0x066248FA, 0x066248FE, 0x06624902, 0x06624906, 0x0662490A, 0x0662490E,
  0x06624912, 0x00000000, 0x06624916, 0x0662491A, 0x0662491E, 0x06624922, 0x06624926, 0x0662492A, 0x0662492E, 0x06624932,
  0x06624936, 0x0662493A, 0x0662493E, 0x06624942, 0x06624946, 0x0662494A, 0x0662494E, 0x06624952, 0x06624956, 0x00000000,
  0x00000000, 0x0662495A, 0x0662495E, 0x06624962, 0x06624966, 0x0662496A, 0x0662496E, 0x06624972, 0x00000000, 0x06624976,
  0x0662497A, 0x00000000, 0x0662497E, 0x06624982, 0x06624986, 0x0662498A, 0x0662498E, 0x00000000, 0x00000000, 0x00000000,
  0x00000000, 0x00000000, 0x00000000, 0x00000000, 0x00000000, 0x00000000, 0x00000000, 0x00000000, 0x00000000, 0x00000000,
  0x00000000, 0x00000000, 0x00000000, 0x00000000, 0x00000000, 0x00000000, 0x00000000, 0x00000000, 0x06624A10, 0x00000000,
  0x00000000, 0x00000000, 0x00000000, 0x00000000, 0x00000000, 0x00000000, 0x00000000, 0x00000000, 0x00000000, 0x00000000,
  0x00000000, 0x00000000, 0x00000000, 0x00000000, 0x00000000, 0x00000000, 0x00000000, 0x00000000, 0x00000000, 0x00000000,
  0x00000000, 0x00000000, 0x00000000, 0x00000000, 0x00000000, 0x00000000, 0x00000000, 0x00000000, 0x00000000, 0x00000000,
  0x00000000, 0x00000000, 0x00000000, 0x00000000, 0x00000000, 0x00000000, 0x00000000, 0x00000000, 0x00000000, 0x00000000,
  0x00000000, 0x00000000, 0x00000000, 0x00000000, 0x00000000, 0x00000000, 0x00000000, 0x06624A14, 0x06624A18, 0x06624A1C,
  0x06624A20, 0x06624A24, 0x06624A28, 0x06624A2C, 0x00000000, 0x00000000, 0x00000000, 0x00000000, 0x00000000, 0x00000000,
  0x00000000, 0x00000000, 0x00000000, 0x00000000, 0x00000000, 0x00000000, 0x00000000, 0x00000000, 0x00000000, 0x00000000,
  0x00000000, 0x00000000, 0x00000000, 0x00000000, 0x00000000, 0x00000000, 0x00000000, 0x00000000, 0x00000000, 0x00000000,
  0x00000000, 0x00000000, 0x00000000, 0x00000000, 0x00000000, 0x00000000, 0x00000000, 0x00000000, 0x00000000, 0x00000000,
  0x00000000, 0x00000000, 0x00000000, 0x00000000, 0x00000000, 0x00000000, 0x00000000, 0x00000000, 0x00000000, 0x00000000,
  0x06624A30, 0x00000000, 0x00000000, 0x00000000, 0x00000000, 0x00000000, 0x00000000, 0x00000000, 0x00000000, 0x00000000,
  0x00000000, 0x00000000, 0x00000000, 0x00000000, 0x00000000, 0x00000000, 0x00000000, 0x00000000, 0x00000000, 0x00000000,
  0x00000000, 0x00000000, 0x00000000, 0x00000000, 0x00000000, 0x00000000, 0x00000000, 0x00000000, 0x00000000, 0x00000000,
  0x00000000, 0x00000000, 0x00000000, 0x00000000, 0x00000000, 0x00000000, 0x00000000, 0x00000000, 0x00000000, 0x00000000,
  0x00000000, 0x00000000, 0x00000000, 0x00000000, 0x00000000, 0x06624A34, 0x06624A38, 0x06624A3C, 0x06624A40, 0x00000000,
  0x00000000, 0x00000000, 0x00000000, 0x00000000, 0x00000000, 0x00000000, 0x00000000, 0x00000000, 0x00000000, 0x00000000,
  0x00000000, 0x00000000, 0x00000000, 0x00000000, 0x00000000, 0x00000000, 0x00000000, 0x00000000, 0x00000000, 0x00000000,
  0x00000000, 0x00000000, 0x00000000, 0x00000000, 0x00000000, 0x00000000, 0x00000000, 0x00000000, 0x00000000, 0x00000000,
  0x00000000, 0x00000000, 0x00000000, 0x00000000, 0x00000000, 0x00000000, 0x00000000, 0x00000000, 0x00000000, 0x00000000,
  0x00000000, 0x00000000, 0x00000000, 0x06824A44, 0x06824A48, 0x05C24A4C, 0x06624A50, 0x00000000, 0x00000000, 0x00000000,
  0x00000000, 0x00000000, 0x00000000, 0x00000000, 0x00000000, 0x00000000, 0x00000000, 0x00000000, 0x00000000, 0x00000000,
  0x00000000, 0x00000000, 0x00000000, 0x00000000, 0x00000000, 0x00000000, 0x00000000, 0x00000000, 0x00000000, 0x00000000,
  0x00000000, 0x00000000, 0x00000000, 0x00000000, 0x00000000, 0x00000000, 0x00000000, 0x00000000, 0x00000000, 0x00000000,
  0x00000000, 0x00000000, 0x00000000, 0x00000000, 0x00000000, 0x00000000, 0x00000000, 0x00000000, 0x00000000, 0x00000000,
  0x00000000, 0x00000000, 0x00000000, 0x06624A54, 0x05C24A58, 0x00000000, 0x00000000, 0x00000000, 0x00000000, 0x00000000,
  0x00000000, 0x00000000, 0x00000000, 0x00000000, 0x00000000, 0x00000000, 0x00000000, 0x00000000, 0x00000000, 0x00000000,
  0x00000000, 0x00000000, 0x00000000, 0x00000000, 0x00000000, 0x00000000, 0x00000000, 0x00000000, 0x00000000, 0x00000000,
  0x00000000, 0x00000000, 0x00000000, 0x00000000, 0x00000000, 0x00000000, 0x00000000, 0x00000000, 0x00000000, 0x00000000,
  0x06624A5C, 0x00000000, 0x00000000, 0x06624A60, 0x00000000, 0x00000000, 0x00000000, 0x00000000, 0x00000000, 0x00000000,
  0x00000000, 0x06624A64, 0x06624A68, 0x00000000, 0x00000000, 0x00000000, 0x00000000, 0x00000000, 0x06624A6C, 0x00000000,
  0x00000000, 0x00000000, 0x00000000, 0x00000000, 0x00000000, 0x00000000, 0x00000000, 0x00000000, 0x00000000, 0x00000000,
  0x00000000, 0x00000000, 0x00000000, 0x00000000, 0x00000000, 0x05C24A70, 0x05C24A74, 0x05C24A78, 0x05C24A7C, 0x05C24A80,
  0x05C24A84, 0x05C24A88, 0x00000000, 0x00000000, 0x00000000, 0x00000000, 0x00000000, 0x00000000, 0x00000000, 0x00000000,
  0x00000000, 0x00000000, 0x00000000, 0x00000000, 0x00000000, 0x00000000, 0x00000000, 0x00000000, 0x00000000, 0x00000000,
  0x00000000, 0x00000000, 0x00000000, 0x00000000, 0x00000000, 0x00000000, 0x00000000, 0x00000000, 0x00000000, 0x00000000,
  0x00000000, 0x00000000, 0x00000000, 0x00000000, 0x00000000, 0x00000000, 0x00000000, 0x00000000, 0x00000000, 0x00000000,
  0x00000000, 0x00000000, 0x00000000, 0x06624A8C, 0x06624A90, 0x06624A94, 0x06624A98, 0x06624A9C, 0x06624AA0, 0x00624AA4,
  0x00000000, 0x00000000, 0x00000000, 0x00000000, 0x00000000, 0x00000000, 0x00000000, 0x00000000, 0x00000000, 0x00000000,
  0x00000000, 0x00000000, 0x00000000, 0x00000000, 0x00000000, 0x00000000, 0x00000000, 0x00000000, 0x00000000, 0x00000000,
  0x00000000, 0x00000000, 0x00000000, 0x00000000, 0x00000000, 0x00000000, 0x00000000, 0x00000000, 0x00000000, 0x00000000,
  0x00000000, 0x00000000, 0x00000000, 0x00000000, 0x00000000, 0x00000000, 0x00000000, 0x00000000, 0x00000000, 0x00000000,
  0x00000000, 0x00000000, 0x00000000, 0x00000000, 0x00000000, 0x00000000, 0x00000000, 0x00000000, 0x00000000, 0x00000000,
  0x00000000, 0x00000000, 0x00000000, 0x0001CD59, 0x0001CD5C, 0x0001CD5F, 0x00024D62, 0x0001CD66, 0x0001CD69, 0x0001CD6C,
  0x0001CD6F, 0x0001CD72, 0x0001CD75, 0x0001CD78, 0x0001CD7B, 0x0001CD7E, 0x00024D81, 0x0001CD85, 0x0001CD88, 0x0001CD8B,
  0x0001CD8E, 0x00024D91, 0x0001CD95, 0x0001CD98, 0x0001CD9B, 0x00024D9E, 0x0001CDA2, 0x0001CDA5, 0x0001CDA8, 0x0001CDAB,
  0x0001CDAE, 0x00024DB1, 0x0001CDB5, 0x0001CDB8, 0x0001CDBB, 0x0001CDBE, 0x0001CDC1, 0x0001CDC4, 0x0001CDC7, 0x0001CDCA,
  0x0001CDCD, 0x0001CDD0, 0x0001CDD3, 0x0001CDD6, 0x0001CDD9, 0x0001CDDC, 0x0001CDDF, 0x0001CDE2, 0x0001CDE5, 0x0001CDE8,
  0x0001CDEB, 0x0001CDEE, 0x0001CDF1, 0x0001CDF4, 0x0001CDF7, 0x00024DFA, 0x0001CDFE, 0x0001CE01, 0x0001CE04, 0x00024E07,
  0x0001CE0B, 0x0001CE0E, 0x0001CE11, 0x0001CE14, 0x0001CE17, 0x0001CE1A, 0x0001CE1D, 0x0001CE20, 0x0001CE23, 0x0001CE26,
  0x0001CE29, 0x0001CE2C, 0x0001CE2F, 0x0001CE32, 0x0001CE35, 0x0001CE38, 0x0001CE3B, 0x0001CE3E, 0x0001CE41, 0x0001CE44,
  0x0001CE47, 0x0001CE4A, 0x0001CE4D, 0x0001CE50, 0x0001CE53, 0x0001CE56, 0x0001CE59, 0x0001CE5C, 0x0001CE5F, 0x0001CE62,
  0x0001CE65, 0x0001CE68, 0x00024E6B, 0x0001CE6F, 0x0001CE72, 0x0001CE75, 0x0001CE78, 0x0001CE7B, 0x0001CE7E, 0x00024E81,
  0x00024E85, 0x0001CE89, 0x0001CE8C, 0x0001CE8F, 0x0001CE92, 0x0001CE95, 0x0001CE98, 0x0001CE9B, 0x0001CE9E, 0x0001CEA1,
  0x0001CEA4, 0x00024EA7, 0x0001CEAB, 0x0001CEAE, 0x0001CEB1, 0x0001CEB4, 0x00024EB7, 0x0001CEBB, 0x0001CEBE, 0x0001CEC1,
  0x0001CEC4, 0x0001CEC7, 0x0001CECA, 0x0001CECD, 0x0001CED0, 0x0001CED3, 0x00024ED6, 0x0001CEDA, 0x00024EDD, 0x0001CEE1,
  0x0001CEE4, 0x0001CEE7, 0x0001CEEA, 0x0001CEED, 0x0001CEF0, 0x0001CEF3, 0x0001CEF6, 0x0001CEF9, 0x0001CEFC, 0x0001CEFF,
  0x00024F02, 0x0001CF06, 0x0001CF09, 0x0001CF0C, 0x0001CF0F, 0x0001CF12, 0x00024F15, 0x0001CF19, 0x00024F1C, 0x00024F20,
  0x0001CF24, 0x0001CF27, 0x0001CF2A, 0x0001CF2D, 0x00024F30, 0x00024F34, 0x0001CF38, 0x0001CF3B, 0x0001CF3E, 0x0001CF41,
  0x0001CF44, 0x0001CF47, 0x0001CF4A, 0x0001CF4D, 0x0001CF50, 0x0001CF53, 0x0001CF56, 0x00024F59, 0x0001CF5D, 0x0001CF60,
  0x0001CF63, 0x0001CF66, 0x0001CF69, 0x0001CF6C, 0x0001CF6F, 0x0001CF72, 0x0001CF75, 0x0001CF78, 0x0001CF7B, 0x0001CF7E,
  0x0001CF81, 0x0001CF84, 0x0001CF87, 0x0001CF8A, 0x0001CF8D, 0x0001CF90, 0x0001CF93, 0x00024F96, 0x0001CF9A, 0x0001CF9D,
  0x0001CFA0, 0x0001CFA3, 0x0001CFA6, 0x00024FA9, 0x0001CFAD, 0x0001CFB0, 0x0001CFB3, 0x0001CFB6, 0x0001CFB9, 0x0001CFBC,
  0x0001CFBF, 0x0001CFC2, 0x0001CFC5, 0x0001CFC8, 0x0001CFCB, 0x00024FCE, 0x0001CFD2, 0x0001CFD5, 0x0001CFD8, 0x0001CFDB,
  0x0001CFDE, 0x0001CFE1, 0x0001CFE4, 0x0001CFE7, 0x0001CFEA, 0x0001CFED, 0x0001CFF0, 0x0001CFF3, 0x0001CFF6, 0x0001CFF9,
  0x0001CFFC, 0x0001CFFF, 0x0001D002, 0x0001D005, 0x00025008, 0x0001D00C, 0x0001D00F, 0x0001D012, 0x0001D015, 0x0001D018,
  0x0002501B, 0x0001D01F, 0x0001D022, 0x0001D025, 0x0001D028, 0x0001D02B, 0x0001D02E, 0x0001D031, 0x0001D034, 0x00025037,
  0x0001D03B, 0x0001D03E, 0x0001D041, 0x00025044, 0x0001D048, 0x0001D04B, 0x0001D04E, 0x0001D051, 0x0001D054, 0x0001D057,
  0x0002505A, 0x0002505E, 0x00025062, 0x0001D066, 0x00025069, 0x0001D06D, 0x0001D070, 0x0001D073, 0x0001D076, 0x0001D079,
  0x0001D07C, 0x0001D07F, 0x0001D082, 0x0001D085, 0x0001D088, 0x0002508B, 0x0001D08F, 0x0001D092, 0x0001D095, 0x0001D098,
  0x0001D09B, 0x0001D09E, 0x000250A1, 0x0001D0A5, 0x0001D0A8, 0x000250AB, 0x000250AF, 0x0001D0B3, 0x0001D0B6, 0x0001D0B9,
  0x0001D0BC, 0x0001D0BF, 0x0001D0C2, 0x0001D0C5, 0x0001D0C8, 0x0001D0CB, 0x000250CE, 0x0001D0D2, 0x000250D5, 0x0001D0D9,
  0x000250DC, 0x0001D0E0, 0x0001D0E3, 0x0001D0E6, 0x000250E9, 0x0001D0ED, 0x0001D0F0, 0x000250F3, 0x000250F7, 0x0001D0FB,
  0x0001D0FE, 0x0001D101, 0x0001D104, 0x0001D107, 0x0001D10A, 0x0001D10D, 0x0001D110, 0x0001D113, 0x0001D116, 0x0001D119,
  0x0001D11C, 0x0001D11F, 0x00025122, 0x0001D126, 0x00025129, 0x0001D12D, 0x00025130, 0x0001D134, 0x00025137, 0x0002513B,
  0x0002513F, 0x0001D143, 0x0001D146, 0x0001D149, 0x0002514C, 0x00025150, 0x00025154, 0x00025158, 0x0001D15C, 0x0001D15F,
  0x0001D162, 0x0001D165, 0x0001D168, 0x0001D16B, 0x0001D16E, 0x0001D171, 0x00025174, 0x0001D178, 0x0001D17B, 0x0001D17E,
  0x0001D181, 0x00025184, 0x0001D188, 0x0002518B, 0x0002518F, 0x0001D193, 0x0001D196, 0x0001D199, 0x0001D19C, 0x0001D19F,
  0x0001D1A2, 0x000251A5, 0x000251A9, 0x000251AD, 0x0001D1B1, 0x0001D1B4, 0x000251B7, 0x0001D1BB, 0x0001D1BE, 0x0001D1C1,
  0x000251C4, 0x0001D1C8, 0x0001D1CB, 0x0001D1CE, 0x0001D1D1, 0x0001D1D4, 0x000251D7, 0x0001D1DB, 0x0001D1DE, 0x0001D1E1,
  0x0001D1E4, 0x0001D1E7, 0x0001D1EA, 0x000251ED, 0x000251F1, 0x0001D1F5, 0x000251F8, 0x0001D1FC, 0x000251FF, 0x0001D203,
  0x0001D206, 0x0001D209, 0x0002520C, 0x00025210, 0x0001D214, 0x00025217, 0x0001D21B, 0x0002521E, 0x0001D222, 0x0001D225,
  0x0001D228, 0x0001D22B, 0x0001D22E, 0x0001D231, 0x00025234, 0x00025238, 0x0002523C, 0x00025240, 0x0001D244, 0x0001D247,
  0x0001D24A, 0x0001D24D, 0x0001D250, 0x0001D253, 0x0001D256, 0x0001D259, 0x0001D25C, 0x0001D25F, 0x0001D262, 0x0001D265,
  0x00025268, 0x0001D26C, 0x0001D26F, 0x0001D272, 0x0001D275, 0x0001D278, 0x0001D27B, 0x0001D27E, 0x0001D281, 0x0001D284,
  0x0001D287, 0x0001D28A, 0x0001D28D, 0x00025290, 0x00025294, 0x00025298, 0x0001D29C, 0x0001D29F, 0x0001D2A2, 0x0001D2A5,
  0x000252A8, 0x0001D2AC, 0x000252AF, 0x0001D2B3, 0x0001D2B6, 0x000252B9, 0x000252BD, 0x0001D2C1, 0x0001D2C4, 0x0001D2C7,
  0x0001D2CA, 0x0001D2CD, 0x0001D2D0, 0x0001D2D3, 0x0001D2D6, 0x0001D2D9, 0x0001D2DC, 0x0001D2DF, 0x0001D2E2, 0x0001D2E5,
  0x0001D2E8, 0x0001D2EB, 0x0001D2EE, 0x0001D2F1, 0x0001D2F4, 0x0001D2F7, 0x000252FA, 0x0001D2FE, 0x0001D301, 0x0001D304,
  0x0001D307, 0x0001D30A, 0x0002530D, 0x00025311, 0x0001D315, 0x0001D318, 0x0001D31B, 0x0001D31E, 0x0001D321, 0x0001D324,
  0x00025327, 0x0001D32B, 0x0001D32E, 0x0001D331, 0x0001D334, 0x00025337, 0x0002533B, 0x0001D33F, 0x0001D342, 0x0001D345,
  0x00025348, 0x0001D34C, 0x0001D34F, 0x00025352, 0x00025356, 0x0001D35A, 0x0001D35D, 0x0001D360, 0x00025363, 0x0001D367,
  0x0001D36A, 0x0001D36D, 0x0001D370, 0x0001D373, 0x0001D376, 0x0001D379, 0x0002537C, 0x0001D380, 0x0001D383, 0x0001D386,
  0x00025389, 0x0001D38D, 0x0001D390, 0x0001D393, 0x0001D396, 0x00025399, 0x0002539D, 0x0001D3A1, 0x0001D3A4, 0x0001D3A7,
  0x000253AA, 0x0001D3AE, 0x000253B1, 0x0001D3B5, 0x0001D3B8, 0x0001D3BB, 0x000253BE, 0x0001D3C2, 0x0001D3C5, 0x0001D3C8,
  0x0001D3CB, 0x0001D3CE, 0x0001D3D1, 0x0001D3D4, 0x000253D7, 0x0001D3DB, 0x0001D3DE, 0x0001D3E1, 0x0001D3E4, 0x0001D3E7,
  0x0001D3EA, 0x000253ED, 0x0001D3F1, 0x000253F4, 0x000253F8, 0x000253FC, 0x0001D400, 0x0001D403, 0x0001D406, 0x0001D409,
  0x0001D40C, 0x0001D40F, 0x0001D412, 0x0001D415, 0x00025418, 0x00000000, 0x00000000, 0x00000000, 0x00000000, 0x00000000,
  0x00000000, 0x00000000, 0x00000000, 0x00000000, 0x00000000, 0x00000000, 0x00000000, 0x00000000, 0x00000000, 0x00000000,
  0x00000000, 0x00000000, 0x00000000, 0x00000000, 0x00000000, 0x00000000, 0x00000000, 0x00000000, 0x00000000, 0x00000000,
  0x00000000, 0x00000000, 0x00000000, 0x00000000, 0x00000000, 0x00000000, 0x00000000, 0x00000000, 0x00000000, 0x00008001,
  0x00000000, 0x00000000, 0x00000000, 0x00000000, 0x00000000, 0x00000000, 0x00000000, 0x06618002, 0x00000000, 0x00008005,
  0x00000000, 0x00000000, 0x00000000, 0x00000000, 0x06618006, 0x00000000, 0x00000000, 0x00008009, 0x0000800A, 0x0661800B,
  0x0001000E, 0x00000000, 0x00000000, 0x05418010, 0x00008013, 0x00008014, 0x00000000, 0x00028015, 0x0002801A, 0x0002801F,
  0x00000000, 0x066180C3, 0x066180C6, 0x066180C9, 0x066180CC, 0x054180CF, 0x054180D2, 0x066180D5, 0x066180D8, 0x066180DB,
  0x066180DE, 0x066180E1, 0x066180E4, 0x066180E7, 0x066180EA, 0x066180ED, 0x066180F0, 0x00000000, 0x00000000, 0x066180F3,
  0x066180F6, 0x066180F9, 0x066180FC, 0x066180FF, 0x06618102, 0x05418105, 0x05418108, 0x0661810B, 0x0661810E, 0x06618111,
  0x06618114, 0x06618117, 0x0661811A, 0x0661811D, 0x06618120, 0x05418123, 0x05418126, 0x06618129, 0x0661812C, 0x00000000,
  0x00000000, 0x0661812F, 0x06618132, 0x06618135, 0x06618138, 0x0661813B, 0x0661813E, 0x05418141, 0x05418144, 0x06618147,
  0x00000000, 0x0001014A, 0x0001014C, 0x0661814E, 0x06618151, 0x05418154, 0x05418157, 0x00000000, 0x0661815A, 0x0661815D,
  0x05418160, 0x05418163, 0x06618166, 0x06618169, 0x0001816C, 0x0001816F, 0x00000000, 0x00000000, 0x06618172, 0x06618175,
  0x05418178, 0x0541817B, 0x0661817E, 0x06618181, 0x00018184, 0x00000000, 0x00000000, 0x06618187, 0x0661818A, 0x0661818D,
  0x06618190, 0x06618193, 0x06618196, 0x00000000, 0x00000000, 0x06618199, 0x0661819C, 0x0541819F, 0x054181A2, 0x066181A5,
  0x066181A8, 0x066181AB, 0x066181AE, 0x066181B1, 0x066181B4, 0x054181B7, 0x054181BA, 0x066181BD, 0x066181C0, 0x054181C3,
  0x054181C6, 0x066181C9, 0x066181CC, 0x00000000, 0x00000000, 0x066181CF, 0x066181D2, 0x066181D5, 0x066181D8, 0x066181DB,
  0x066181DE, 0x066181E1, 0x066181E4, 0x066181E7, 0x066181EA, 0x054181ED, 0x054181F0, 0x066181F3, 0x066181F6, 0x066181F9,
  0x066181FC, 0x066181FF, 0x06618202, 0x06618205, 0x06618208, 0x0661820B, 0x0661820E, 0x06618211, 0x00008214, 0x00000000,
  0x00000000, 0x00000000, 0x00000000, 0x06620221, 0x06620225, 0x06620229, 0x0001022D, 0x0001022F, 0x00010231, 0x00010233,
  0x00010235, 0x00010237, 0x06618239, 0x0661823C, 0x0661823F, 0x06618242, 0x06618245, 0x06618248, 0x0661824B, 0x0661824E,
  0x06628251, 0x06628256, 0x0662825B, 0x06628260, 0x06628265, 0x0662826A, 0x0662826F, 0x06628274, 0x00000000, 0x06628279,
  0x0662827E, 0x06628283, 0x06628288, 0x0662028D, 0x06620291, 0x00000000, 0x00000000, 0x06618295, 0x06618298, 0x0661829B,
  0x0661829E, 0x054182A1, 0x054182A4, 0x066282A7, 0x066282AC, 0x066202B1, 0x066202B5, 0x066182B9, 0x000102BC, 0x000102BE,
  0x000102C0, 0x066182C2, 0x066182C5, 0x00000000, 0x00000000, 0x066182C8, 0x066182CB, 0x066282CE, 0x066282D3, 0x066202D8,
  0x066202DC, 0x066202E0, 0x066202E4, 0x00000000, 0x00000000, 0x00000000, 0x00000000, 0x00000000, 0x00000000, 0x00000000,
  0x00000000, 0x00000000, 0x00000000, 0x00000000, 0x00000000, 0x00000000, 0x00000000, 0x00000000, 0x00000000, 0x00000000,
  0x00000000, 0x00000000, 0x00000000, 0x00000000, 0x00000000, 0x00000000, 0x00000000, 0x00000000, 0x00000000, 0x00000000,
  0x00000000, 0x00000000, 0x00000000, 0x00000000, 0x00000000, 0x00000000, 0x00000000, 0x00000000, 0x00000000, 0x00000000,
  0x00000000, 0x00000000, 0x00000000, 0x00000000, 0x00000000, 0x00000000, 0x00000000, 0x00000000, 0x00000000, 0x00000000,
  0x00000000, 0x00008378, 0x00010379, 0x0000837B, 0x0000837C, 0x0001037D, 0x0001037F, 0x00010381, 0x00008383, 0x00008384,
  0x00000000, 0x00000000, 0x00000000, 0x00000000, 0x00000000, 0x00000000, 0x00000000, 0x00000000, 0x00000000, 0x00000000,
  0x00000000, 0x00000000, 0x00000000, 0x00000000, 0x00000000, 0x00000000, 0x00000000, 0x00000000, 0x00000000, 0x00000000,
  0x00000000, 0x00000000, 0x00000000, 0x00000000, 0x06618385, 0x06618388, 0x0661838B, 0x0541838E, 0x06618391, 0x06618394,
  0x00000000, 0x00000000, 0x00010397, 0x00008399, 0x0000839A, 0x0000839B, 0x0001039C, 0x00000000, 0x00000000, 0x00000000,
  0x00000000, 0x00000000, 0x00000000, 0x00000000, 0x00000000, 0x00000000, 0x00000000, 0x00000000, 0x00000000, 0x00000000,
  0x00000000, 0x00000000, 0x00000000, 0x00000000, 0x00000000, 0x00000000, 0x00000000, 0x00000000, 0x00000000, 0x00000000,
  0x00000000, 0x00000000, 0x00000000, 0x00000000, 0x0661041E, 0x06610420, 0x06610422, 0x06610424, 0x06620426, 0x06E1042A,
  0x0661042C, 0x05C1042E, 0x05C10430, 0x05C10432, 0x06610434, 0x06610436, 0x06610438, 0x05C1043A, 0x05C1043C, 0x00000000,
  0x0661043E, 0x06610440, 0x06610442, 0x05C10444, 0x05C10446, 0x05C10448, 0x05C1044A, 0x0661044C, 0x0681044E, 0x05C10450,
  0x05C10452, 0x06610454, 0x06A10456, 0x06C10458, 0x06C1045A, 0x06A1045C, 0x06C1045E, 0x06C10460, 0x06A10462, 0x06610464,
  0x06610466, 0x06610468, 0x0661046A, 0x0661046C, 0x0661046E, 0x06610470, 0x06610472, 0x06610474, 0x06610476, 0x06610478,
  0x0661047A, 0x0661047C, 0x00000000, 0x00000000, 0x00000000, 0x00000000, 0x0001047E, 0x00000000, 0x00000000, 0x00000000,
  0x00000000, 0x00000000, 0x06E18480, 0x00000000, 0x00000000, 0x00000000, 0x00008483, 0x00000000, 0x00000000, 0x00000000,
  0x00000000, 0x06618484, 0x06628487, 0x06620490, 0x00010494, 0x06620496, 0x0662049A, 0x0662049E, 0x00000000, 0x066204A2,
  0x00000000, 0x066204A6, 0x066204AA, 0x066304AE, 0x00000000, 0x00000000, 0x00000000, 0x00000000, 0x00000000, 0x00000000,
  0x00000000, 0x00000000, 0x00000000, 0x00000000, 0x00000000, 0x00000000, 0x00000000, 0x00000000, 0x00000000, 0x00000000,
  0x00000000, 0x00000000, 0x00000000, 0x00000000, 0x00000000, 0x00000000, 0x00000000, 0x00000000, 0x00000000, 0x066204B4,
  0x066204B8, 0x066204BC, 0x066204C0, 0x066204C4, 0x066204C8, 0x066304CC, 0x00000000, 0x00000000, 0x00000000, 0x00000000,
  0x00000000, 0x00000000, 0x00000000, 0x00000000, 0x00000000, 0x00000000, 0x00000000, 0x00000000, 0x00000000, 0x00000000,
  0x00000000, 0x066204D2, 0x066204D6, 0x066204DA, 0x066204DE, 0x066204E2, 0x00000000, 0x000104E6, 0x000104E8, 0x000104EA,
  0x066204EC, 0x066204F4, 0x000104FC, 0x000104FE, 0x00000000, 0x00000000, 0x00000000, 0x00000000, 0x00000000, 0x00000000,
  0x00000000, 0x00000000, 0x00000000, 0x00000000, 0x00000000, 0x00000000, 0x00000000, 0x00000000, 0x00000000, 0x00000000,
  0x00000000, 0x00000000, 0x00000000, 0x00000000, 0x00000000, 0x00000000, 0x00000000, 0x00000000, 0x00000000, 0x00010500,
  0x00010502, 0x00010504, 0x00000000, 0x00010506, 0x00010508, 0x00000000, 0x00000000, 0x00000000, 0x0001050A, 0x00000000,
  0x00000000, 0x00000000, 0x00000000, 0x00000000, 0x00000000, 0x00000000, 0x000205E6, 0x00000000, 0x00000000, 0x00000000,
  0x00000000, 0x00000000, 0x00000000, 0x00000000, 0x00000000, 0x00000000, 0x05C105EA, 0x066105EC, 0x066105EE, 0x066105F0,
  0x066105F2, 0x05C105F4, 0x066105F6, 0x066105F8, 0x066105FA, 0x05E105FC, 0x05C105FE, 0x06610600, 0x06610602, 0x06610604,
  0x06610606, 0x06610608, 0x0661060A, 0x05C1060C, 0x05C1060E, 0x05C10610, 0x05C10612, 0x05C10614, 0x05C10616, 0x06610618,
  0x0661061A, 0x05C1061C, 0x0661061E, 0x06610620, 0x05E10622, 0x06410624, 0x06610626, 0x00C10628, 0x00E1062A, 0x0101062C,
  0x0121062E, 0x01410630, 0x01610632, 0x01810634, 0x01A10636, 0x01C10638, 0x01E1063A, 0x01E1063C, 0x0201063E, 0x02210640,
  0x02410642, 0x00000000, 0x02610644, 0x00000000, 0x00000000, 0x00000000, 0x00000000, 0x00000000, 0x00000000, 0x00000000,
  0x00000000, 0x00000000, 0x00000000, 0x00000000, 0x02E1067A, 0x0301067C, 0x0321067E, 0x03410680, 0x03610682, 0x03810684,
  0x03A10686, 0x03C10688, 0x0661068A, 0x0661068C, 0x05C1068E, 0x05C10690, 0x06610692, 0x06610694, 0x06610696, 0x06610698,
  0x0661069A, 0x05C1069C, 0x0661069E, 0x066106A0, 0x05C106A2, 0x00000000, 0x00000000, 0x00000000, 0x00000000, 0x00000000,
  0x00000000, 0x00000000, 0x00000000, 0x00000000, 0x00000000, 0x00000000, 0x00000000, 0x00000000, 0x00000000, 0x00000000,
  0x00000000, 0x03E106A4, 0x00000000, 0x00000000, 0x00000000, 0x00000000, 0x000206A6, 0x000206AA, 0x000206AE, 0x000206B2,
  0x00000000, 0x00000000, 0x00000000, 0x00000000, 0x00000000, 0x00000000, 0x00000000, 0x00000000, 0x00000000, 0x00000000,
  0x00000000, 0x00000000, 0x00000000, 0x00000000, 0x00000000, 0x00000000, 0x00000000, 0x00000000, 0x00000000, 0x00000000,
  0x00000000, 0x00000000, 0x00000000, 0x00000000, 0x00000000, 0x00000000, 0x00000000, 0x00000000, 0x00000000, 0x00000000,
  0x00000000, 0x00000000, 0x00000000, 0x00000000, 0x00000000, 0x00000000, 0x00000000, 0x00000000, 0x00000000, 0x00000000,
  0x00000000, 0x00000000, 0x00000000, 0x00000000, 0x00000000, 0x00000000, 0x00000000, 0x00000000, 0x00000000, 0x00000000,
  0x00000000, 0x00030992, 0x00000000, 0x00000000, 0x00000000, 0x00000000, 0x04618998, 0x0461899B, 0x00A1899E, 0x00000000,
  0x00000000, 0x00000000, 0x00000000, 0x00000000, 0x00000000, 0x00000000, 0x00000000, 0x00000000, 0x00000000, 0x00000000,
  0x00000000, 0x00000000, 0x00000000, 0x00000000, 0x00000000, 0x00000000, 0x00000000, 0x00000000, 0x00000000, 0x00000000,
  0x00000000, 0x00000000, 0x00000000, 0x00000000, 0x00000000, 0x00000000, 0x00000000, 0x00000000, 0x00000000, 0x00000000,
  0x00000000, 0x00000000, 0x00000000, 0x00000000, 0x00000000, 0x00000000, 0x00000000, 0x00000000, 0x00000000, 0x00000000,
  0x00000000, 0x00000000, 0x00000000, 0x00000000, 0x00000000, 0x00000000, 0x00000000, 0x00000000, 0x00000000, 0x00000000,
  0x000309AD, 0x00000000, 0x00000000, 0x00000000, 0x00000000, 0x04A189B3, 0x04A189B6, 0x00A189B9, 0x00000000, 0x00000000,
  0x00000000, 0x00000000, 0x00000000, 0x00000000, 0x00000000, 0x00000000, 0x04C189BC, 0x04C189BF, 0x04C189C2, 0x04C189C5,
  0x00000000, 0x00000000, 0x00000000, 0x00000000, 0x00000000, 0x00000000, 0x00000000, 0x00000000, 0x00000000, 0x00000000,
  0x00000000, 0x00000000, 0x00000000, 0x00000000, 0x00000000, 0x00000000, 0x000309C8, 0x000309CE, 0x00000000, 0x00000000,
  0x00000000, 0x00000000, 0x00000000, 0x00000000, 0x00000000, 0x00000000, 0x00000000, 0x00000000, 0x00000000, 0x00000000,
  0x00000000, 0x00000000, 0x00000000, 0x00000000, 0x00000000, 0x00000000, 0x00000000, 0x00000000, 0x00000000, 0x00000000,
  0x00000000, 0x00000000, 0x00000000, 0x00000000, 0x00000000, 0x00000000, 0x00000000, 0x00000000, 0x00000000, 0x00000000,
  0x00000000, 0x00000000, 0x000189D4, 0x00000000, 0x00000000, 0x00000000, 0x00000000, 0x00000000, 0x00000000, 0x00000000,
  0x00000000, 0x00000000, 0x00000000, 0x00000000, 0x05C189D7, 0x05C189DA, 0x00000000, 0x00000000, 0x00000000, 0x00000000,
  0x00000000, 0x00000000, 0x00000000, 0x00000000, 0x00000000, 0x00000000, 0x00000000, 0x00000000, 0x00000000, 0x00000000,
  0x00000000, 0x00000000, 0x00000000, 0x00000000, 0x00000000, 0x00000000, 0x00000000, 0x00000000, 0x00000000, 0x00000000,
  0x00000000, 0x00000000, 0x00000000, 0x05C189DD, 0x00000000, 0x05C189E0, 0x00000000, 0x058189E3, 0x00000000, 0x00000000,
  0x00000000, 0x00000000, 0x00000000, 0x00000000, 0x000309E6, 0x00000000, 0x00000000, 0x00000000, 0x00000000, 0x00000000,
  0x00000000, 0x00000000, 0x00000000, 0x00000000, 0x000309EC, 0x00000000, 0x00000000, 0x00000000, 0x00000000, 0x000309F2,
  0x00000000, 0x00000000, 0x00000000, 0x00000000, 0x000309F8, 0x00000000, 0x00000000, 0x00000000, 0x00000000, 0x000309FE,
  0x00000000, 0x00000000, 0x00000000, 0x00000000, 0x00000000, 0x00000000, 0x00000000, 0x00000000, 0x00000000, 0x00000000,
  0x00000000, 0x00000000, 0x00030A04, 0x00000000, 0x00000000, 0x00000000, 0x00000000, 0x00000000, 0x00000000, 0x00000000,
  0x04E18A0A, 0x05018A0D, 0x25030A10, 0x05218A16, 0x45230A19, 0x05030A1F, 0x05048A25, 0x05030A2E, 0x05048A34, 0x05018A3D,
  0x05018A40, 0x05018A43, 0x05018A46, 0x00000000, 0x00000000, 0x00000000, 0x00000000, 0x00000000, 0x00000000, 0x00000000,
  0x00000000, 0x00000000, 0x00000000, 0x00000000, 0x00000000, 0x00000000, 0x00000000, 0x00000000, 0x00000000, 0x00000000,
  0x00000000, 0x00000000, 0x00000000, 0x00000000, 0x00000000, 0x00000000, 0x00000000, 0x00000000, 0x00000000, 0x00000000,
  0x00000000, 0x00000000, 0x00000000, 0x00000000, 0x00000000, 0x00000000, 0x00000000, 0x00000000, 0x00000000, 0x00000000,
  0x00000000, 0x00000000, 0x00000000, 0x00000000, 0x00000000, 0x00000000, 0x00000000, 0x00000000, 0x00000000, 0x00000000,
  0x00000000, 0x00000000, 0x00000000, 0x00000000, 0x00000000, 0x00000000, 0x00000000, 0x00000000, 0x00000000, 0x00000000,
  0x00000000, 0x00000000, 0x00000000, 0x00018A9A, 0x00000000, 0x00000000, 0x00000000, 0x00000000, 0x00000000, 0x00000000,
  0x00000000, 0x00000000, 0x00000000, 0x00000000, 0x00000000, 0x00000000, 0x00000000, 0x00000000, 0x00000000, 0x00000000,
  0x00000000, 0x00000000, 0x00000000, 0x00000000, 0x00000000, 0x00000000, 0x00000000, 0x00000000, 0x00000000, 0x00000000,
  0x00000000, 0x00000000, 0x00000000, 0x00000000, 0x00000000, 0x00000000, 0x00000000, 0x00000000, 0x00000000, 0x00000000,
  0x00000000, 0x00000000, 0x00000000, 0x00000000, 0x00000000, 0x00000000, 0x00000000, 0x00000000, 0x00008C56, 0x00010C57,
  0x00008C59, 0x00000000, 0x00008C5A, 0x00008C5B, 0x00010C5C, 0x00008C5E, 0x00008C5F, 0x00008C60, 0x00008C61, 0x00008C62,
  0x00008C63, 0x00008C64, 0x00008C65, 0x00000000, 0x00008C66, 0x00010C67, 0x00008C69, 0x00008C6A, 0x00008C6B, 0x00008C6C,
  0x00008C6D, 0x00008C6E, 0x00010C6F, 0x00010C71, 0x00018C73, 0x00008C76, 0x00008C77, 0x00008C78, 0x00010C79, 0x00010C7B,
  0x00010C7D, 0x00008C7F, 0x00000000, 0x00008C80, 0x00008C81, 0x00010C82, 0x00008C84, 0x00010C85, 0x00018C87, 0x00018C8A,
  0x00008C8D, 0x00008C8E, 0x00008C8F, 0x00018C90, 0x00010C93, 0x00008C95, 0x00018C96, 0x00010C99, 0x00010C9B, 0x00010C9D,
  0x00010C9F, 0x00010CA1, 0x00008CA3, 0x00008CA4, 0x00008CA5, 0x00008CA6, 0x00010CA7, 0x00010CA9, 0x00010CAB, 0x00010CAD,
  0x00010CAF, 0x00000000, 0x00000000, 0x00000000, 0x00000000, 0x00000000, 0x00000000, 0x00000000, 0x00000000, 0x00000000,
  0x00000000, 0x00000000, 0x00000000, 0x00000000, 0x00010CB1, 0x00000000, 0x00000000, 0x00000000, 0x00000000, 0x00000000,
  0x00000000, 0x00000000, 0x00000000, 0x00000000, 0x00000000, 0x00000000, 0x00000000, 0x00000000, 0x00000000, 0x00000000,
  0x00000000, 0x00000000, 0x00000000, 0x00000000, 0x00000000, 0x00000000, 0x00000000, 0x00000000, 0x00000000, 0x00000000,
  0x00000000, 0x00000000, 0x00010CB3, 0x00008CB5, 0x00010CB6, 0x00010CB8, 0x00010CBA, 0x00008CBC, 0x00010CBD, 0x00010CBF,
  0x00010CC1, 0x00010CC3, 0x00010CC5, 0x00010CC7, 0x00018CC9, 0x00010CCC, 0x00010CCE, 0x00018CD0, 0x00010CD3, 0x00010CD5,
  0x00010CD7, 0x00010CD9, 0x00010CDB, 0x00010CDD, 0x00010CDF, 0x00010CE1, 0x00010CE3, 0x00010CE5, 0x00010CE7, 0x00010CE9,
  0x00010CEB, 0x00018CED, 0x00010CF0, 0x00010CF2, 0x00008CF4, 0x00010CF5, 0x00010CF7, 0x00010CF9, 0x00010CFB, 0x06618F7D,
  0x06618F80, 0x06618F83, 0x06618F86, 0x06618F89, 0x06618F8C, 0x06618F8F, 0x06618F92, 0x05C18F95, 0x05C18F98, 0x06618F9B,
  0x06618F9E, 0x06618FA1, 0x06618FA4, 0x06618FA7, 0x06618FAA, 0x06618FAD, 0x06618FB0, 0x05C18FB3, 0x05C18FB6, 0x05C18FB9,
  0x05C18FBC, 0x05C18FBF, 0x06618FC2, 0x06618FC5, 0x06618FC8, 0x00018FCB, 0x06618FCE, 0x00000000, 0x00000000, 0x00000000,
  0x00000000, 0x05C18FD5, 0x05C18FD8, 0x06618FDB, 0x06618FDE, 0x06628FE1, 0x06628FE6, 0x06628FEB, 0x06628FF0, 0x06628FF5,
  0x06628FFA, 0x06628FFF, 0x06629004, 0x06629009, 0x0662900E, 0x06629013, 0x06629018, 0x0662901D, 0x06629022, 0x06629027,
  0x0662902C, 0x06629031, 0x06629036, 0x0662903B, 0x06629040, 0x05C19045, 0x05C19048, 0x0661904B, 0x0661904E, 0x06619051,
  0x06619054, 0x06629057, 0x0662905C, 0x06E313B5, 0x06E313BB, 0x06E413C1, 0x06E413C9, 0x06E413D1, 0x06E413D9, 0x06E413E1,
  0x06E413E9, 0x06E313F1, 0x06E313F7, 0x06E413FD, 0x06E41405, 0x06E4140D, 0x06E41415, 0x06E4141D, 0x06E41425, 0x06E3142D,
  0x06E31433, 0x06E41439, 0x06E41441, 0x06E41449, 0x06E41451, 0x06E41459, 0x06E41461, 0x06E31469, 0x06E3146F, 0x06E41475,
  0x06E4147D, 0x06E41485, 0x06E4148D, 0x06E41495, 0x06E4149D, 0x06E314A5, 0x06E314AB, 0x06E414B1, 0x06E414B9, 0x06E414C1,
  0x06E414C9, 0x06E414D1, 0x06E414D9, 0x06E314E1, 0x06E314E7, 0x06E414ED, 0x06E414F5, 0x06E414FD, 0x06E41505, 0x06E4150D,
  0x06E41515, 0x0662151D, 0x06621521, 0x06E31525, 0x06E2152B, 0x06E3152F, 0x00000000, 0x06621535, 0x06E31539, 0x0662153F,
  0x06621543, 0x06621547, 0x0662154B, 0x06E2154F, 0x06619553, 0x00011556, 0x06619558, 0x0661955B, 0x0662955E, 0x06E31567,
  0x06E2156D, 0x06E31571, 0x00000000, 0x06621577, 0x06E3157B, 0x06621581, 0x06621585, 0x06621589, 0x0662158D, 0x06E21591,
  0x06629595, 0x0662959F, 0x066295A9, 0x066215B3, 0x066215B7, 0x066315BB, 0x066315C1, 0x00000000, 0x00000000, 0x066215C7,
  0x066315CB, 0x066215D1, 0x066215D5, 0x066215D9, 0x066215DD, 0x00000000, 0x066295E1, 0x066295EB, 0x066295F5, 0x066215FF,
  0x06621603, 0x06631607, 0x0663160D, 0x06621613, 0x06621617, 0x0662161B, 0x0663161F, 0x06621625, 0x06621629, 0x0662162D,
  0x06621631, 0x06621635, 0x06629639, 0x06629642, 0x0000964B, 0x00000000, 0x00000000, 0x06E3164C, 0x06E21652, 0x06E31656,
  0x00000000, 0x0662165C, 0x06E31660, 0x06621666, 0x0662166A, 0x0662166E, 0x06621672, 0x06E21676, 0x0661967A, 0x0661967F,
  0x00000000, 0x00009682, 0x00009686, 0x0000968A, 0x0000968B, 0x0000968C, 0x0000968D, 0x0000968E, 0x0000968F, 0x00009690,
  0x00009691, 0x00009692, 0x00000000, 0x00000000, 0x00000000, 0x00000000, 0x00000000, 0x00000000, 0x00019693, 0x00000000,
  0x00000000, 0x00000000, 0x00000000, 0x00000000, 0x05C19696, 0x00000000, 0x00000000, 0x00000000, 0x00000000, 0x00000000,
  0x00000000, 0x00000000, 0x00000000, 0x00000000, 0x00000000, 0x00000000, 0x00000000, 0x00009699, 0x0001169A, 0x0001969C,
  0x00000000, 0x00000000, 0x00000000, 0x00000000, 0x00000000, 0x00000000, 0x00000000, 0x00000000, 0x0000969F, 0x00000000,
  0x00000000, 0x00000000, 0x000316A0, 0x000496A6, 0x00000000, 0x000316AF, 0x000496B5, 0x00000000, 0x00000000, 0x00000000,
  0x00000000, 0x000116BE, 0x00000000, 0x066196C0, 0x00000000, 0x00000000, 0x00000000, 0x00000000, 0x00000000, 0x00000000,
  0x00000000, 0x000116C3, 0x000116C5, 0x000116C7, 0x00000000, 0x00000000, 0x00000000, 0x00000000, 0x00000000, 0x00000000,
  0x00000000, 0x00000000, 0x00000000, 0x00000000, 0x00000000, 0x00000000, 0x00000000, 0x000616C9, 0x00000000, 0x00000000,
  0x00000000, 0x00000000, 0x00000000, 0x00000000, 0x00000000, 0x000096D5, 0x00000000, 0x00000000, 0x00000000, 0x00000000,
  0x00000000, 0x00000000, 0x00000000, 0x00000000, 0x00000000, 0x00000000, 0x00000000, 0x00000000, 0x00000000, 0x00000000,
  0x00000000, 0x00000000, 0x000096D6, 0x000096D7, 0x00000000, 0x00000000, 0x000096D8, 0x000096D9, 0x000096DA, 0x000096DB,
  0x000096DC, 0x000096DD, 0x000096DE, 0x000196DF, 0x000096E2, 0x000096E3, 0x000096E4, 0x000096E5, 0x000096E6, 0x000096E7,
  0x000096E8, 0x000096E9, 0x000096EA, 0x000096EB, 0x000096EC, 0x000096ED, 0x000096EE, 0x000096EF, 0x000096F0, 0x000196F1,
  0x000096F4, 0x000096F5, 0x000096F6, 0x00000000, 0x000096F7, 0x000096F8, 0x000096F9, 0x000096FA, 0x000116FB, 0x000096FD,
  0x000096FE, 0x000096FF, 0x00009700, 0x00009701, 0x00009702, 0x00009703, 0x00009704, 0x00000000, 0x00000000, 0x00000000,
  0x00000000, 0x00000000, 0x00000000, 0x00000000, 0x00000000, 0x00000000, 0x00000000, 0x00000000, 0x00011705, 0x00000000,
  0x00000000, 0x00000000, 0x00000000, 0x00000000, 0x00000000, 0x00000000, 0x00000000, 0x00000000, 0x00000000, 0x00000000,
  0x00000000, 0x00000000, 0x00000000, 0x00000000, 0x00000000, 0x00000000, 0x00000000, 0x00000000, 0x00000000, 0x00000000,
  0x00000000, 0x00000000, 0x00019755, 0x00019758, 0x0000975B, 0x0001975C, 0x00000000, 0x0001975F, 0x00019762, 0x00011765,
  0x00000000, 0x00019767, 0x0000976A, 0x0000976B, 0x0000976C, 0x0000976D, 0x0000976E, 0x0001176F, 0x00009771, 0x00009772,
  0x00009773, 0x00009774, 0x00000000, 0x00009775, 0x00011776, 0x00000000, 0x00000000, 0x00009778, 0x00009779, 0x0000977A,
  0x0000977B, 0x0000977C, 0x00000000, 0x00000000, 0x0001177D, 0x0001977F, 0x00011782, 0x00000000, 0x00009784, 0x00000000,
  0x00011785, 0x00000000, 0x00009787, 0x00000000, 0x00009788, 0x06619789, 0x0000978C, 0x0000978D, 0x00000000, 0x0000978E,
  0x0000978F, 0x00009790, 0x00000000, 0x00009791, 0x00009792, 0x00011793, 0x00011795, 0x00011797, 0x00011799, 0x0000979B,
  0x00000000, 0x0001979C, 0x0001179F, 0x000117A1, 0x000117A3, 0x000117A5, 0x000197A7, 0x00000000, 0x00000000, 0x00000000,
  0x00000000, 0x000097AA, 0x000097AB, 0x000097AC, 0x000097AD, 0x000097AE, 0x00000000, 0x00000000, 0x00000000, 0x00000000,
  0x00000000, 0x00000000, 0x000297AF, 0x000297B4, 0x000317B9, 0x000297BF, 0x000297C4, 0x000297C9, 0x000297CE, 0x000297D3,
  0x000297D8, 0x000297DD, 0x000297E2, 0x000297E7, 0x000297EC, 0x000297F1, 0x000297F6, 0x000217FB, 0x000097FF, 0x00011800,
  0x00019802, 0x00011805, 0x00009807, 0x00011808, 0x0001980A, 0x0002180D, 0x00011811, 0x00009813, 0x00011814, 0x00019816,
  0x00009819, 0x0000981A, 0x0000981B, 0x0000981C, 0x0000981D, 0x0001181E, 0x00019820, 0x00011823, 0x00009825, 0x00011826,
  0x00019828, 0x0002182B, 0x0001182F, 0x00009831, 0x00011832, 0x00019834, 0x00009837, 0x00009838, 0x00009839, 0x0000983A,
  0x00000000, 0x00000000, 0x00000000, 0x00000000, 0x00000000, 0x00000000, 0x00000000, 0x00000000, 0x00000000, 0x0002983B,
  0x00000000, 0x00000000, 0x00000000, 0x00000000, 0x00000000, 0x00000000, 0x00000000, 0x00000000, 0x00000000, 0x00000000,
  0x00000000, 0x00000000, 0x00000000, 0x00000000, 0x00000000, 0x00000000, 0x00229840, 0x00229845, 0x00000000, 0x00000000,
  0x00000000, 0x00000000, 0x00000000, 0x00000000, 0x00000000, 0x00000000, 0x00000000, 0x00000000, 0x00000000, 0x00000000,
  0x00000000, 0x00000000, 0x00000000, 0x00000000, 0x00000000, 0x00000000, 0x0022984A, 0x00000000, 0x00000000, 0x00000000,
  0x00000000, 0x00000000, 0x00000000, 0x00000000, 0x00000000, 0x00000000, 0x00000000, 0x00000000, 0x00000000, 0x00000000,
  0x00000000, 0x00000000, 0x00000000, 0x00000000, 0x0022985E, 0x00000000, 0x00000000, 0x00000000, 0x00000000, 0x00229863,
  0x00000000, 0x00000000, 0x00229868, 0x00000000, 0x00000000, 0x00000000, 0x00000000, 0x00000000, 0x00000000, 0x00000000,
  0x00000000, 0x00000000, 0x00000000, 0x00000000, 0x00000000, 0x00000000, 0x00000000, 0x00000000, 0x00000000, 0x00000000,
  0x00000000, 0x00000000, 0x00000000, 0x00000000, 0x00000000, 0x00000000, 0x0022986D, 0x00000000, 0x00229872, 0x00000000,
  0x00000000, 0x00000000, 0x00000000, 0x00000000, 0x00031877, 0x0004987D, 0x00000000, 0x00031886, 0x0004988C, 0x00000000,
  0x00000000, 0x00000000, 0x00000000, 0x00000000, 0x00000000, 0x00000000, 0x00000000, 0x00000000, 0x00000000, 0x00000000,
  0x00000000, 0x00000000, 0x00000000, 0x00000000, 0x00000000, 0x00000000, 0x00000000, 0x00000000, 0x00000000, 0x00000000,
  0x00000000, 0x00000000, 0x00000000, 0x00000000, 0x00000000, 0x00000000, 0x00000000, 0x00000000, 0x00000000, 0x00000000,
  0x00000000, 0x0000993A, 0x0000993B, 0x0000993C, 0x0000993D, 0x0000993E, 0x0000993F, 0x00009940, 0x00009941, 0x00009942,
  0x00011943, 0x00011945, 0x00011947, 0x00011949, 0x0001194B, 0x0001194D, 0x0001194F, 0x00011951, 0x00011953, 0x00011955,
  0x00011957, 0x00019959, 0x0001995C, 0x0001995F, 0x00019962, 0x00019965, 0x00019968, 0x0001996B, 0x0001996E, 0x00019971,
  0x00021974, 0x00021978, 0x0002197C, 0x00021980, 0x00021984, 0x00021988, 0x0002198C, 0x00021990, 0x00021994, 0x00021998,
  0x0002199C, 0x000119A0, 0x000119A2, 0x000119A4, 0x000119A6, 0x000119A8, 0x000119AA, 0x000119AC, 0x000119AE, 0x000119B0,
  0x000199B2, 0x000199B5, 0x000199B8, 0x000199BB, 0x000199BE, 0x000199C1, 0x000199C4, 0x000199C7, 0x000199CA, 0x000199CD,
  0x000199D0, 0x000199D3, 0x000199D6, 0x000199D9, 0x000199DC, 0x000199DF, 0x000199E2, 0x000199E5, 0x000199E8, 0x000199EB,
  0x000199EE, 0x000199F1, 0x000199F4, 0x000199F7, 0x000199FA, 0x000199FD, 0x00019A00, 0x00019A03, 0x00019A06, 0x00019A09,
  0x00019A0C, 0x00019A0F, 0x00019A12, 0x00019A15, 0x00019A18, 0x00019A1B, 0x00019A1E, 0x00009A21, 0x00009A22, 0x00009A23,
  0x00009A24, 0x00009A25, 0x00009A26, 0x00009A27, 0x00009A28, 0x00009A29, 0x00009A2A, 0x00009A2B, 0x00009A2C, 0x00009A2D,
  0x00009A2E, 0x00009A2F, 0x00009A30, 0x00009A31, 0x00009A32, 0x00009A33, 0x00009A34, 0x00009A35, 0x00009A36, 0x00009A37,
  0x00009A38, 0x00009A39, 0x00009A3A, 0x00009A3B, 0x00009A3C, 0x00009A3D, 0x00009A3E, 0x00009A3F, 0x00009A40, 0x00009A41,
  0x00009A42, 0x00009A43, 0x00009A44, 0x00009A45, 0x00009A46, 0x00009A47, 0x00009A48, 0x00009A49, 0x00009A4A, 0x00009A4B,
  0x00009A4C, 0x00009A4D, 0x00009A4E, 0x00009A4F, 0x00009A50, 0x00009A51, 0x00009A52, 0x00009A53, 0x00009A54, 0x00009A55,
  0x00000000, 0x00000000, 0x00000000, 0x00000000, 0x00000000, 0x00000000, 0x00000000, 0x00000000, 0x00000000, 0x00000000,
  0x00000000, 0x00000000, 0x00000000, 0x00000000, 0x00000000, 0x00000000, 0x00000000, 0x00000000, 0x00000000, 0x00000000,
  0x00000000, 0x00061A56, 0x00000000, 0x00000000, 0x00000000, 0x00000000, 0x00000000, 0x00000000, 0x00000000, 0x00000000,
  0x00000000, 0x00000000, 0x00000000, 0x00000000, 0x00000000, 0x00000000, 0x00000000, 0x00000000, 0x00000000, 0x00000000,
  0x00000000, 0x00000000, 0x00000000, 0x00000000, 0x00000000, 0x00000000, 0x00000000, 0x00000000, 0x00000000, 0x00000000,
  0x00000000, 0x00000000, 0x00000000, 0x00000000, 0x00000000, 0x00000000, 0x00000000, 0x00000000, 0x00000000, 0x00000000,
  0x00000000, 0x00000000, 0x00000000, 0x00000000, 0x00000000, 0x00000000, 0x00000000, 0x00000000, 0x00000000, 0x00000000,
  0x00000000, 0x00000000, 0x00000000, 0x00000000, 0x00019A62, 0x00011A65, 0x00019A67, 0x00000000, 0x00000000, 0x00000000,
  0x00000000, 0x00000000, 0x00000000, 0x00000000, 0x00000000, 0x00000000, 0x00000000, 0x00000000, 0x00000000, 0x00000000,
  0x00000000, 0x00000000, 0x00000000, 0x00000000, 0x00000000, 0x00000000, 0x00000000, 0x00000000, 0x00000000, 0x00000000,
  0x00000000, 0x00000000, 0x00000000, 0x00000000, 0x00000000, 0x00000000, 0x00000000, 0x00000000, 0x00000000, 0x00000000,
  0x00000000, 0x00000000, 0x00000000, 0x00000000, 0x00000000, 0x00000000, 0x00000000, 0x00000000, 0x00000000, 0x00000000,
  0x00000000, 0x00000000, 0x00000000, 0x00000000, 0x00000000, 0x00000000, 0x00000000, 0x00000000, 0x00000000, 0x00000000,
  0x00000000, 0x00000000, 0x00000000, 0x00000000, 0x00000000, 0x00000000, 0x00000000, 0x00009A6F, 0x00009A70, 0x00000000,
  0x00000000, 0x00000000, 0x00000000, 0x00000000, 0x00000000, 0x00000000, 0x00000000, 0x00000000, 0x00000000, 0x00000000,
  0x00000000, 0x00000000, 0x00000000, 0x00000000, 0x00000000, 0x00000000, 0x00000000, 0x00000000, 0x00000000, 0x00000000,
  0x00000000, 0x00000000, 0x00000000, 0x00000000, 0x00000000, 0x00000000, 0x00000000, 0x00000000, 0x00000000, 0x00000000,
  0x00000000, 0x00000000, 0x00000000, 0x00000000, 0x00000000, 0x00000000, 0x00000000, 0x00000000, 0x00000000, 0x00000000,
  0x00000000, 0x00000000, 0x00000000, 0x00000000, 0x00000000, 0x00000000, 0x00019A7A, 0x00000000, 0x00000000, 0x00000000,
  0x00000000, 0x00000000, 0x00000000, 0x00000000, 0x00000000, 0x00000000, 0x00000000, 0x00000000, 0x00000000, 0x00000000,
  0x00000000, 0x00000000, 0x00A19A7D, 0x00000000, 0x00000000, 0x00000000, 0x00000000, 0x00000000, 0x00000000, 0x00000000,
  0x00000000, 0x00000000, 0x00000000, 0x00000000, 0x00000000, 0x00000000, 0x00000000, 0x00000000, 0x00000000, 0x00000000,
  0x00000000, 0x00000000, 0x00000000, 0x00000000, 0x00000000, 0x00000000, 0x00000000, 0x00000000, 0x00000000, 0x00000000,
  0x00000000, 0x00000000, 0x00000000, 0x00000000, 0x00019AE0, 0x00000000, 0x00000000, 0x00000000, 0x00000000, 0x00000000,
  0x00000000, 0x00000000, 0x00000000, 0x00000000, 0x00000000, 0x00000000, 0x00000000, 0x00000000, 0x00000000, 0x00000000,
  0x00000000, 0x00000000, 0x00000000, 0x00000000, 0x00000000, 0x00000000, 0x00000000, 0x00000000, 0x00000000, 0x00000000,
  0x00000000, 0x00000000, 0x00000000, 0x00000000, 0x00000000, 0x00000000, 0x00000000, 0x00000000, 0x00000000, 0x00000000,
  0x00000000, 0x00000000, 0x00000000, 0x00000000, 0x00000000, 0x00000000, 0x00000000, 0x00000000, 0x00000000, 0x00000000,
  0x00000000, 0x00000000, 0x00000000, 0x00000000, 0x00000000, 0x00000000, 0x00019AE3, 0x00000000, 0x00000000, 0x00000000,
  0x00000000, 0x00000000, 0x00000000, 0x00000000, 0x00000000, 0x00000000, 0x00000000, 0x00000000, 0x00000000, 0x00019AE6,
  0x00019AE9, 0x00019AEC, 0x00019AEF, 0x00019AF2, 0x00019AF5, 0x00019AF8, 0x00019AFB, 0x00019AFE, 0x00019B01, 0x00019B04,
  0x00019B07, 0x00019B0A, 0x00019B0D, 0x00019B10, 0x00019B13, 0x00019B16, 0x00019B19, 0x00019B1C, 0x00019B1F, 0x00019B22,
  0x00019B25, 0x00019B28, 0x00019B2B, 0x00019B2E, 0x00019B31, 0x00019B34, 0x00019B37, 0x00019B3A, 0x00019B3D, 0x00019B40,
  0x00019B43, 0x00019B46, 0x00019B49, 0x00019B4C, 0x00019B4F, 0x00019B52, 0x00019B55, 0x00019B58, 0x00019B5B, 0x00019B5E,
  0x00019B61, 0x00019B64, 0x00019B67, 0x00019B6A, 0x00019B6D, 0x00019B70, 0x00019B73, 0x00019B76, 0x00019B79, 0x00019B7C,
  0x00019B7F, 0x00019B82, 0x00019B85, 0x00019B88, 0x00019B8B, 0x00019B8E, 0x00019B91, 0x00019B94, 0x00019B97, 0x00019B9A,
  0x00019B9D, 0x00019BA0, 0x00019BA3, 0x00019BA6, 0x00019BA9, 0x00019BAC, 0x00019BAF, 0x00019BB2, 0x00019BB5, 0x00019BB8,
  0x00019BBB, 0x00019BBE, 0x00019BC1, 0x00019BC4, 0x00019BC7, 0x00019BCA, 0x00019BCD, 0x00019BD0, 0x00019BD3, 0x00019BD6,
  0x00019BD9, 0x00019BDC, 0x00019BDF, 0x00019BE2, 0x00019BE5, 0x00019BE8, 0x00019BEB, 0x00019BEE, 0x00019BF1, 0x00019BF4,
  0x00019BF7, 0x00019BFA, 0x00019BFD, 0x00019C00, 0x00019C03, 0x00019C06, 0x00019C09, 0x00019C0C, 0x00019C0F, 0x00019C12,
  0x00019C15, 0x00019C18, 0x00019C1B, 0x00019C1E, 0x00019C21, 0x00019C24, 0x00019C27, 0x00019C2A, 0x00019C2D, 0x00019C30,
  0x00019C33, 0x00019C36, 0x00019C39, 0x00019C3C, 0x00019C3F, 0x00019C42, 0x00019C45, 0x00019C48, 0x00019C4B, 0x00019C4E,
  0x00019C51, 0x00019C54, 0x00019C57, 0x00019C5A, 0x00019C5D, 0x00019C60, 0x00019C63, 0x00019C66, 0x00019C69, 0x00019C6C,
  0x00019C6F, 0x00019C72, 0x00019C75, 0x00019C78, 0x00019C7B, 0x00019C7E, 0x00019C81, 0x00019C84, 0x00019C87, 0x00019C8A,
  0x00019C8D, 0x00019C90, 0x00019C93, 0x00019C96, 0x00019C99, 0x00019C9C, 0x00019C9F, 0x00019CA2, 0x00019CA5, 0x00019CA8,
  0x00019CAB, 0x00019CAE, 0x00019CB1, 0x00019CB4, 0x00019CB7, 0x00019CBA, 0x00019CBD, 0x00019CC0, 0x00019CC3, 0x00019CC6,
  0x00019CC9, 0x00019CCC, 0x00019CCF, 0x00019CD2, 0x00019CD5, 0x00019CD8, 0x00019CDB, 0x00019CDE, 0x00019CE1, 0x00019CE4,
  0x00019CE7, 0x00019CEA, 0x00019CED, 0x00019CF0, 0x00019CF3, 0x00019CF6, 0x00019CF9, 0x00019CFC, 0x00019CFF, 0x00019D02,
  0x00019D05, 0x00019D08, 0x00019D0B, 0x00019D0E, 0x00019D11, 0x00019D14, 0x00019D17, 0x00019D1A, 0x00019D1D, 0x00019D20,
  0x00019D23, 0x00019D26, 0x00019D29, 0x00019D2C, 0x00019D2F, 0x00019D32, 0x00019D35, 0x00019D38, 0x00019D3B, 0x00019D3E,
  0x00019D41, 0x00019D44, 0x00019D47, 0x00019D4A, 0x00019D4D, 0x00019D50, 0x00019D53, 0x00019D56, 0x00019D59, 0x00019D5C,
  0x00019D5F, 0x00019D62, 0x00019D65, 0x00000000, 0x00000000, 0x00000000, 0x00000000, 0x00000000, 0x00000000, 0x00000000,
  0x00000000, 0x00000000, 0x00000000, 0x00000000, 0x00000000, 0x00000000, 0x00000000, 0x00000000, 0x00000000, 0x00000000,
  0x00000000, 0x00000000, 0x00000000, 0x00000000, 0x00000000, 0x00000000, 0x00000000, 0x00000000, 0x00000000, 0x00000000,
  0x00000000, 0x00000000, 0x00000000, 0x00000000, 0x00000000, 0x00000000, 0x00000000, 0x00000000, 0x00000000, 0x00000000,
  0x00000000, 0x00000000, 0x00000000, 0x00000000, 0x00000000, 0x00009D68, 0x00000000, 0x00000000, 0x00000000, 0x00000000,
  0x00000000, 0x00000000, 0x00000000, 0x00000000, 0x00000000, 0x00000000, 0x00000000, 0x00000000, 0x00000000, 0x00000000,
  0x00000000, 0x00000000, 0x00000000, 0x00000000, 0x00000000, 0x00000000, 0x00000000, 0x00000000, 0x00000000, 0x00000000,
  0x00000000, 0x00000000, 0x00000000, 0x00000000, 0x00000000, 0x00000000, 0x00000000, 0x00000000, 0x00000000, 0x00000000,
  0x00000000, 0x00000000, 0x00000000, 0x00000000, 0x00000000, 0x00000000, 0x00000000, 0x05A19D69, 0x06419D6C, 0x06819D6F,
  0x05E19D72, 0x06019D75, 0x06019D78, 0x00000000, 0x00000000, 0x00000000, 0x00000000, 0x00000000, 0x00000000, 0x00019D7B,
  0x00000000, 0x00019D7E, 0x00019D81, 0x00019D84, 0x00000000, 0x00000000, 0x00000000, 0x00000000, 0x00000000, 0x00000000,
  0x00000000, 0x00000000, 0x00000000, 0x00000000, 0x00000000, 0x00000000, 0x00000000, 0x00000000, 0x00000000, 0x00000000,
  0x00000000, 0x00000000, 0x00000000, 0x00000000, 0x00831E1D, 0x00000000, 0x00000000, 0x00000000, 0x00000000, 0x00819E23,
  0x00819E26, 0x00821E29, 0x00821E2D, 0x00000000, 0x00831E31, 0x00031E37, 0x00000000, 0x00000000, 0x00000000, 0x00000000,
  0x00000000, 0x00000000, 0x00000000, 0x00000000, 0x00000000, 0x00000000, 0x00000000, 0x00000000, 0x00831E3D, 0x00000000,
  0x00831E43, 0x00000000, 0x00831E49, 0x00000000, 0x00831E4F, 0x00000000, 0x00831E55, 0x00000000, 0x00831E5B, 0x00000000,
  0x00831E61, 0x00000000, 0x00831E67, 0x00000000, 0x00831E6D, 0x00000000, 0x00831E73, 0x00000000, 0x00831E79, 0x00000000,
  0x00831E7F, 0x00000000, 0x00000000, 0x00831E85, 0x00000000, 0x00831E8B, 0x00000000, 0x00831E91, 0x00000000, 0x00000000,
  0x00000000, 0x00000000, 0x00000000, 0x00000000, 0x00831E97, 0x00831E9D, 0x00000000, 0x00831EA3, 0x00831EA9, 0x00000000,
  0x00831EAF, 0x00831EB5, 0x00000000, 0x00831EBB, 0x00831EC1, 0x00000000, 0x00831EC7, 0x00831ECD, 0x00000000, 0x00000000,
  0x00000000, 0x00000000, 0x00000000, 0x00000000, 0x00000000, 0x00000000, 0x00000000, 0x00000000, 0x00000000, 0x00000000,
  0x00000000, 0x00000000, 0x00000000, 0x00000000, 0x00000000, 0x00000000, 0x00000000, 0x00000000, 0x00000000, 0x00000000,
  0x00831ED3, 0x00000000, 0x00000000, 0x00831ED9, 0x00831EDF, 0x00831EE5, 0x00831EEB, 0x00000000, 0x00000000, 0x00000000,
  0x00831EF1, 0x00031EF7, 0x00000000, 0x00000000, 0x00000000, 0x00000000, 0x00000000, 0x00000000, 0x00000000, 0x00000000,
  0x00000000, 0x00000000, 0x00000000, 0x00000000, 0x00000000, 0x00000000, 0x00000000, 0x00000000, 0x00000000, 0x00000000,
  0x00000000, 0x00000000, 0x00000000, 0x00000000, 0x00000000, 0x00000000, 0x00000000, 0x00000000, 0x00000000, 0x00000000,
  0x00000000, 0x00000000, 0x00000000, 0x00000000, 0x00000000, 0x00000000, 0x00000000, 0x00000000, 0x00000000, 0x00000000,
  0x00000000, 0x00000000, 0x00000000, 0x00000000, 0x00000000, 0x00000000, 0x00000000, 0x00000000, 0x00000000, 0x00000000,
  0x00000000, 0x00019EFD, 0x00019F00, 0x00019F03, 0x00019F06, 0x00019F09, 0x00019F0C, 0x00019F0F, 0x00019F12, 0x00019F15,
  0x00019F18, 0x00019F1B, 0x00019F1E, 0x00019F21, 0x00019F24, 0x00019F27, 0x00019F2A, 0x00019F2D, 0x00019F30, 0x00019F33,
  0x00019F36, 0x00019F39, 0x00019F3C, 0x00019F3F, 0x00019F42, 0x00019F45, 0x00019F48, 0x00019F4B, 0x00019F4E, 0x00019F51,
  0x00019F54, 0x00019F57, 0x00019F5A, 0x00019F5D, 0x00019F60, 0x00019F63, 0x00019F66, 0x00019F69, 0x00019F6C, 0x00019F6F,
  0x00019F72, 0x00019F75, 0x00019F78, 0x00019F7B, 0x00019F7E, 0x00019F81, 0x00019F84, 0x00019F87, 0x00019F8A, 0x00019F8D,
  0x00019F90, 0x00019F93, 0x00019F96, 0x00019F99, 0x00019F9C, 0x00019F9F, 0x00019FA2, 0x00019FA5, 0x00019FA8, 0x00019FAB,
  0x00019FAE, 0x00019FB1, 0x00019FB4, 0x00019FB7, 0x00019FBA, 0x00019FBD, 0x00019FC0, 0x00019FC3, 0x00019FC6, 0x00019FC9,
  0x00019FCC, 0x00019FCF, 0x00019FD2, 0x00019FD5, 0x00019FD8, 0x00019FDB, 0x00019FDE, 0x00019FE1, 0x00019FE4, 0x00019FE7,
  0x00019FEA, 0x00019FED, 0x00019FF0, 0x00019FF3, 0x00019FF6, 0x00019FF9, 0x00019FFC, 0x00019FFF, 0x0001A002, 0x0001A005,
  0x0001A008, 0x0001A00B, 0x0001A00E, 0x0001A011, 0x0001A014, 0x00000000, 0x00000000, 0x00000000, 0x0001A017, 0x0001A01A,
  0x0001A01D, 0x0001A020, 0x0001A023, 0x0001A026, 0x0001A029, 0x0001A02C, 0x0001A02F, 0x0001A032, 0x0001A035, 0x0001A038,
  0x0001A03B, 0x0001A03E, 0x00000000, 0x00000000, 0x00000000, 0x00000000, 0x00000000, 0x00000000, 0x00000000, 0x00000000,
  0x00000000, 0x00000000, 0x00000000, 0x00000000, 0x00000000, 0x00000000, 0x00000000, 0x00000000, 0x00000000, 0x00000000,
  0x00000000, 0x00000000, 0x00000000, 0x00000000, 0x00000000, 0x00000000, 0x00000000, 0x00000000, 0x00000000, 0x00000000,
  0x00000000, 0x00000000, 0x00000000, 0x00000000, 0x0002A041, 0x0002A046, 0x0002A04B, 0x0002A050, 0x0002A055, 0x0002A05A,
  0x0002A05F, 0x0002A064, 0x0002A069, 0x0002A06E, 0x0002A073, 0x0002A078, 0x0002A07D, 0x0002A082, 0x00042087, 0x0004208F,
  0x00042097, 0x0004209F, 0x000420A7, 0x000420AF, 0x000420B7, 0x000420BF, 0x000420C7, 0x000420CF, 0x000420D7, 0x000420DF,
  0x000420E7, 0x000420EF, 0x000420F7, 0x0008A0FF, 0x00072110, 0x00000000, 0x0002A11E, 0x0002A123, 0x0002A128, 0x0002A12D,
  0x0002A132, 0x0002A137, 0x0002A13C, 0x0002A141, 0x0002A146, 0x0002A14B, 0x0002A150, 0x0002A155, 0x0002A15A, 0x0002A15F,
  0x0002A164, 0x0002A169, 0x0002A16E, 0x0002A173, 0x0002A178, 0x0002A17D, 0x0002A182, 0x0002A187, 0x0002A18C, 0x0002A191,
  0x0002A196, 0x0002A19B, 0x0002A1A0, 0x0002A1A5, 0x0002A1AA, 0x0002A1AF, 0x0002A1B4, 0x0002A1B9, 0x0002A1BE, 0x0002A1C3,
  0x0002A1C8, 0x0002A1CD, 0x0001A1D2, 0x0001A1D5, 0x0001A1D8, 0x0001A1DB, 0x00000000, 0x00000000, 0x00000000, 0x00000000,
  0x00000000, 0x00000000, 0x00000000, 0x00000000, 0x0001A1DE, 0x000121E1, 0x000121E3, 0x000121E5, 0x000121E7, 0x000121E9,
  0x000121EB, 0x000121ED, 0x000121EF, 0x000121F1, 0x000121F3, 0x000121F5, 0x000121F7, 0x000121F9, 0x000121FB, 0x000121FD,
  0x0001A1FF, 0x0001A202, 0x0001A205, 0x0001A208, 0x0001A20B, 0x0001A20E, 0x0001A211, 0x0001A214, 0x0001A217, 0x0001A21A,
  0x0001A21D, 0x0001A220, 0x0001A223, 0x0001A226, 0x00032229, 0x0003222F, 0x00032235, 0x0003223B, 0x00032241, 0x00032247,
  0x0003224D, 0x00032253, 0x00032259, 0x0003225F, 0x00032265, 0x0003226B, 0x00032271, 0x00032277, 0x0007A27D, 0x0006228C,
  0x00032298, 0x00000000, 0x0001A29E, 0x0001A2A1, 0x0001A2A4, 0x0001A2A7, 0x0001A2AA, 0x0001A2AD, 0x0001A2B0, 0x0001A2B3,
  0x0001A2B6, 0x0001A2B9, 0x0001A2BC, 0x0001A2BF, 0x0001A2C2, 0x0001A2C5, 0x0001A2C8, 0x0001A2CB, 0x0001A2CE, 0x0001A2D1,
  0x0001A2D4, 0x0001A2D7, 0x0001A2DA, 0x0001A2DD, 0x0001A2E0, 0x0001A2E3, 0x0001A2E6, 0x0001A2E9, 0x0001A2EC, 0x0001A2EF,
  0x0001A2F2, 0x0001A2F5, 0x0001A2F8, 0x0001A2FB, 0x0001A2FE, 0x0001A301, 0x0001A304, 0x0001A307, 0x0001A30A, 0x0001A30D,
  0x0001A310, 0x0001A313, 0x0001A316, 0x0001A319, 0x0001A31C, 0x0001A31F, 0x0001A322, 0x0001A325, 0x0001A328, 0x0001A32B,
  0x0001A32E, 0x00012331, 0x00012333, 0x00012335, 0x00012337, 0x00012339, 0x0001233B, 0x0001233D, 0x0001233F, 0x00012341,
  0x00012343, 0x00012345, 0x00012347, 0x00012349, 0x0001234B, 0x0001234D, 0x0002234F, 0x00022353, 0x00022357, 0x0002235B,
  0x0002235F, 0x00022363, 0x00022367, 0x0002236B, 0x0002236F, 0x0002A373, 0x0002A378, 0x0002A37D, 0x00012382, 0x0001A384,
  0x00012387, 0x0001A389, 0x0001A38C, 0x0001A38F, 0x0001A392, 0x0001A395, 0x0001A398, 0x0001A39B, 0x0001A39E, 0x0001A3A1,
  0x0001A3A4, 0x0001A3A7, 0x0001A3AA, 0x0001A3AD, 0x0001A3B0, 0x0001A3B3, 0x0001A3B6, 0x0001A3B9, 0x0001A3BC, 0x0001A3BF,
  0x0001A3C2, 0x0001A3C5, 0x0001A3C8, 0x0001A3CB, 0x0001A3CE, 0x0001A3D1, 0x0001A3D4, 0x0001A3D7, 0x0001A3DA, 0x0001A3DD,
  0x0001A3E0, 0x0001A3E3, 0x0001A3E6, 0x0001A3E9, 0x0001A3EC, 0x0001A3EF, 0x0001A3F2, 0x0001A3F5, 0x0001A3F8, 0x0001A3FB,
  0x0001A3FE, 0x0001A401, 0x0001A404, 0x0001A407, 0x0001A40A, 0x0001A40D, 0x0001A410, 0x0001A413, 0x0001A416, 0x00032419,
  0x0007A41F, 0x0006242E, 0x0007A43A, 0x0004A449, 0x0087A452, 0x0004A461, 0x0004A46A, 0x00892473, 0x00062485, 0x0004A491,
  0x0004A49A, 0x0004A4A3, 0x000624AC, 0x000624B8, 0x000624C4, 0x000624D0, 0x008624DC, 0x000624E8, 0x000624F4, 0x00092500,
  0x00032512, 0x00092518, 0x0009252A, 0x0007A53C, 0x0006254B, 0x00092557, 0x00092569, 0x0006257B, 0x0004A587, 0x0004A590,
  0x00862599, 0x000625A5, 0x0007A5B1, 0x0087A5C0, 0x0004A5CF, 0x0004A5D8, 0x000625E1, 0x0004A5ED, 0x0004A5F6, 0x000325FF,
  0x00032605, 0x0004A60B, 0x0004A614, 0x0009261D, 0x0006262F, 0x0007A63B, 0x0009264A, 0x0006265C, 0x0004A668, 0x0004A671,
  0x0089267A, 0x0006268C, 0x00092698, 0x0004A6AA, 0x0007A6B3, 0x0004A6C2, 0x000626CB, 0x0004A6D7, 0x000626E0, 0x0087A6EC,
  0x000626FB, 0x0007A707, 0x00062716, 0x00032722, 0x0087A728, 0x0004A737, 0x0004A740, 0x00062749, 0x0004A755, 0x0004A75E,
  0x0004A767, 0x0007A770, 0x0006277F, 0x0003278B, 0x00092791, 0x0084A7A3, 0x0007A7AC, 0x000627BB, 0x008627C7, 0x0004A7D3,
  0x0004A7DC, 0x000627E5, 0x000327F1, 0x000627F7, 0x0007A803, 0x00032812, 0x00092818, 0x0004A82A, 0x00022833, 0x00022837,
  0x0002283B, 0x0002283F, 0x00022843, 0x00022847, 0x0002284B, 0x0002284F, 0x00022853, 0x00022857, 0x0002A85B, 0x0002A860,
  0x0002A865, 0x0002A86A, 0x0002A86F, 0x0002A874, 0x0002A879, 0x0002A87E, 0x0002A883, 0x0002A888, 0x0002A88D, 0x0002A892,
  0x0002A897, 0x0002A89C, 0x0002A8A1, 0x0001A8A6, 0x000128A9, 0x000128AB, 0x0001A8AD, 0x000128B0, 0x000128B2, 0x000128B4,
  0x0001A8B6, 0x0001A8B9, 0x000128BC, 0x000328BE, 0x000328C4, 0x000328CA, 0x000328D0, 0x000628D6, 0x000128E2, 0x000128E4,
  0x0001A8E6, 0x000128E9, 0x000128EB, 0x000128ED, 0x000128EF, 0x000128F1, 0x0001A8F3, 0x000228F6, 0x000128FA, 0x000128FC,
  0x0001A8FE, 0x0001A901, 0x00012904, 0x00012906, 0x00012908, 0x0001A90A, 0x0001A90D, 0x0001A910, 0x0001A913, 0x0001A916,
  0x00012919, 0x0001291B, 0x0001291D, 0x0001291F, 0x00012921, 0x0001A923, 0x00012926, 0x00012928, 0x0001292A, 0x0001A92C,
  0x0001A92F, 0x00012932, 0x0001A934, 0x0001A937, 0x0001A93A, 0x0001293D, 0x0001A93F, 0x0002A942, 0x00032947, 0x0001294D,
  0x0001A94F, 0x0001A952, 0x0001A955, 0x0001A958, 0x0003A95B, 0x00042962, 0x0001296A, 0x0001296C, 0x0001A96E, 0x00012971,
  0x00012973, 0x00012975, 0x0001A977, 0x0001297A, 0x0001297C, 0x0001297E, 0x00012980, 0x00012982, 0x0001A984, 0x00012987,
  0x00012989, 0x0001298B, 0x0001A98D, 0x0001A990, 0x00022993, 0x00012997, 0x00012999, 0x0001299B, 0x0003299D, 0x0001A9A3,
  0x000129A6, 0x000129A8, 0x000129AA, 0x000129AC, 0x000129AE, 0x000129B0, 0x000129B2, 0x000129B4, 0x000129B6, 0x000129B8,
  0x0001A9BA, 0x000129BD, 0x000129BF, 0x0001A9C1, 0x0001A9C4, 0x000129C7, 0x000229C9, 0x0001A9CD, 0x000129D0, 0x000129D2,
  0x000129D4, 0x000129D6, 0x0002A9D8, 0x0002A9DD, 0x000229E2, 0x000229E6, 0x000229EA, 0x000229EE, 0x000229F2, 0x000229F6,
  0x000229FA, 0x000229FE, 0x00022A02, 0x0002AA06, 0x0002AA0B, 0x0002AA10, 0x0002AA15, 0x0002AA1A, 0x0002AA1F, 0x0002AA24,
  0x0002AA29, 0x0002AA2E, 0x0002AA33, 0x0002AA38, 0x0002AA3D, 0x0002AA42, 0x0002AA47, 0x0002AA4C, 0x0002AA51, 0x0002AA56,
  0x0002AA5B, 0x0002AA60, 0x0002AA65, 0x0002AA6A, 0x0002AA6F, 0x0001AA74, 0x00000000, 0x00000000, 0x00000000, 0x00000000,
  0x00000000, 0x00000000, 0x00000000, 0x00000000, 0x00000000, 0x00000000, 0x00000000, 0x00000000, 0x00000000, 0x00000000,
  0x00000000, 0x00000000, 0x00000000, 0x00000000, 0x00000000, 0x00000000, 0x00000000, 0x00000000, 0x00000000, 0x00000000,
  0x00000000, 0x00000000, 0x00000000, 0x00000000, 0x00012A98, 0x00012A9A, 0x0661AA9C, 0x0661AA9F, 0x00000000, 0x00000000,
  0x00000000, 0x00000000, 0x00000000, 0x00000000, 0x00000000, 0x00000000, 0x00000000, 0x00000000, 0x00000000, 0x00000000,
  0x00000000, 0x00000000, 0x00000000, 0x00000000, 0x00000000, 0x00000000, 0x00000000, 0x00000000, 0x00000000, 0x00000000,
  0x00000000, 0x00000000, 0x00000000, 0x00000000, 0x00000000, 0x00000000, 0x00000000, 0x00000000, 0x00000000, 0x00000000,
  0x00000000, 0x00000000, 0x00000000, 0x00000000, 0x00000000, 0x00000000, 0x00000000, 0x00000000, 0x00000000, 0x00000000,
  0x00000000, 0x00000000, 0x00000000, 0x00000000, 0x00000000, 0x00000000, 0x0001AAA8, 0x00000000, 0x00000000, 0x00000000,
  0x00000000, 0x00000000, 0x00000000, 0x00000000, 0x00000000, 0x00000000, 0x00000000, 0x00000000, 0x00000000, 0x00000000,
  0x00000000, 0x00000000, 0x00000000, 0x00000000, 0x00000000, 0x00000000, 0x00000000, 0x00000000, 0x00000000, 0x00000000,
  0x00000000, 0x00000000, 0x00000000, 0x00000000, 0x00000000, 0x00000000, 0x00000000, 0x00000000, 0x00000000, 0x00000000,
  0x00000000, 0x00000000, 0x00000000, 0x00000000, 0x00000000, 0x00000000, 0x00000000, 0x00000000, 0x00000000, 0x00000000,
  0x00000000, 0x00000000, 0x00000000, 0x00000000, 0x00000000, 0x00000000, 0x0000AAAB, 0x0000AAAC, 0x0000AAAD, 0x0000AAAE,
  0x00000000, 0x00000000, 0x00000000, 0x00012AAF, 0x00012AB1, 0x00000000, 0x00000000, 0x00000000, 0x00000000, 0x00000000,
  0x00000000, 0x00000000, 0x00000000, 0x00000000, 0x00000000, 0x00000000, 0x00000000, 0x00000000, 0x00000000, 0x00000000,
  0x00000000, 0x00000000, 0x00000000, 0x00000000, 0x00000000, 0x00000000, 0x00000000, 0x00000000, 0x00000000, 0x00000000,
  0x00000000, 0x00000000, 0x00000000, 0x0001AB22, 0x0001AB25, 0x00012B28, 0x0001AB2A, 0x00000000, 0x00000000, 0x00000000,
  0x00000000, 0x00000000, 0x00000000, 0x00000000, 0x00000000, 0x00000000, 0x00012B2D, 0x00000000, 0x00000000, 0x00000000,
  0x00000000, 0x00000000, 0x00000000, 0x00000000, 0x00000000, 0x00000000, 0x00000000, 0x00000000, 0x00000000, 0x00000000,
  0x00000000, 0x00000000, 0x00000000, 0x00000000, 0x00000000, 0x00000000, 0x00000000, 0x00000000, 0x00000000, 0x0001309D,
  0x0001309F, 0x000130A1, 0x0001B0A3, 0x0001B0A6, 0x000130A9, 0x000130AB, 0x00000000, 0x00000000, 0x00000000, 0x00000000,
  0x00000000, 0x00000000, 0x00000000, 0x00000000, 0x00000000, 0x00000000, 0x00000000, 0x00000000, 0x000230AD, 0x000230B1,
  0x000230B5, 0x000230B9, 0x000230BD, 0x00000000, 0x00000000, 0x00000000, 0x00000000, 0x00000000, 0x014230C1, 0x02C1B0C5,
  0x01A230C8, 0x000130CC, 0x000130CE, 0x000130D0, 0x000130D2, 0x000130D4, 0x000130D6, 0x000130D8, 0x000130DA, 0x000130DC,
  0x0000B0DE, 0x028230DF, 0x02A230E3, 0x028330E7, 0x02A330ED, 0x01A230F3, 0x01C230F7, 0x022230FB, 0x022230FF, 0x02223103,
  0x02223107, 0x0222310B, 0x0222310F, 0x02223113, 0x00000000, 0x02223117, 0x0222311B, 0x0222311F, 0x02223123, 0x02223127,
  0x00000000, 0x0222312B, 0x00000000, 0x0222312F, 0x02223133, 0x00000000, 0x02223137, 0x0222313B, 0x00000000, 0x0222313F,
  0x02223143, 0x02223147, 0x0222314B, 0x0222314F, 0x01E23153, 0x02623157, 0x0262315B, 0x0262315F, 0x00023163, 0x00013167,
  0x00013169, 0x0001316B, 0x0001316D, 0x0001316F, 0x00013171, 0x00013173, 0x00013175, 0x00013177, 0x00013179, 0x0001317B,
  0x0001317D, 0x0001317F, 0x00013181, 0x00013183, 0x00013185, 0x00013187, 0x00013189, 0x0001318B, 0x0001318D, 0x0001318F,
  0x00013191, 0x00013193, 0x00013195, 0x00013197, 0x00013199, 0x0001319B, 0x0001319D, 0x0001319F, 0x000131A1, 0x000131A3,
  0x000131A5, 0x000131A7, 0x000131A9, 0x000131AB, 0x000131AD, 0x000131AF, 0x000131B1, 0x000131B3, 0x000131B5, 0x000131B7,
  0x000131B9, 0x000131BB, 0x000131BD, 0x000131BF, 0x000131C1, 0x000131C3, 0x000131C5, 0x000131C7, 0x000131C9, 0x000131CB,
  0x000131CD, 0x000131CF, 0x000131D1, 0x000131D3, 0x000131D5, 0x000131D7, 0x000131D9, 0x000131DB, 0x000131DD, 0x000131DF,
  0x000131E1, 0x000131E3, 0x000131E5, 0x000131E7, 0x000131E9, 0x000131EB, 0x000131ED, 0x000131EF, 0x000131F1, 0x000131F3,
  0x000131F5, 0x000131F7, 0x000131F9, 0x000131FB, 0x000131FD, 0x000131FF, 0x00013201, 0x00013203, 0x00013205, 0x00013207,
  0x00013209, 0x0001320B, 0x0001320D, 0x0662320F, 0x06623213, 0x00013217, 0x00013219, 0x0001321B, 0x0001321D, 0x0001321F,
  0x00013221, 0x00013223, 0x00013225, 0x00013227, 0x00013229, 0x0662322B, 0x0662322F, 0x00000000, 0x00000000, 0x00000000,
  0x00000000, 0x00000000, 0x00000000, 0x00000000, 0x00000000, 0x00000000, 0x00000000, 0x00000000, 0x00000000, 0x00000000,
  0x00000000, 0x00000000, 0x00000000, 0x00000000, 0x00000000, 0x00000000, 0x00013233, 0x00013235, 0x00013237, 0x00013239,
  0x0001323B, 0x0001323D, 0x0001323F, 0x00013241, 0x00013243, 0x00013245, 0x00023247, 0x0001324B, 0x0001324D, 0x0001324F,
  0x00013251, 0x00013253, 0x00013255, 0x00013257, 0x00013259, 0x0001325B, 0x0001325D, 0x0001325F, 0x00013261, 0x00033263,
  0x00033269, 0x0003326F, 0x00033275, 0x0003327B, 0x00033281, 0x00033287, 0x0003328D, 0x00033293, 0x00033299, 0x0003329F,
  0x000332A5, 0x000332AB, 0x000332B1, 0x000332B7, 0x000332BD, 0x000332C3, 0x000332C9, 0x000132CF, 0x000132D1, 0x000132D3,
  0x000132D5, 0x000332D7, 0x000332DD, 0x000332E3, 0x000332E9, 0x000332EF, 0x000232F5, 0x000232F9, 0x000232FD, 0x00023301,
  0x00023305, 0x00023309, 0x0002330D, 0x00023311, 0x00023315, 0x00023319, 0x0002331D, 0x00023321, 0x00023325, 0x00023329,
  0x0002332D, 0x00023331, 0x00023335, 0x00023339, 0x0002333D, 0x00023341, 0x00023345, 0x00023349, 0x0002334D, 0x00023351,
  0x00023355, 0x00023359, 0x0002335D, 0x00023361, 0x00023365, 0x00023369, 0x0002336D, 0x00023371, 0x00023375, 0x00023379,
  0x0002337D, 0x00023381, 0x00023385, 0x00023389, 0x0002338D, 0x00023391, 0x00023395, 0x00023399, 0x0002339D, 0x000233A1,
  0x000233A5, 0x000233A9, 0x000233AD, 0x000233B1, 0x000233B5, 0x000233B9, 0x000233BD, 0x000233C1, 0x000233C5, 0x000233C9,
  0x000233CD, 0x000233D1, 0x000233D5, 0x000233D9, 0x000233DD, 0x000233E1, 0x000233E5, 0x000233E9, 0x000233ED, 0x000233F1,
  0x000233F5, 0x000233F9, 0x000233FD, 0x00023401, 0x00023405, 0x00023409, 0x0002340D, 0x00023411, 0x00023415, 0x00023419,
  0x0002341D, 0x00023421, 0x00023425, 0x00023429, 0x0002342D, 0x00023431, 0x00023435, 0x00023439, 0x0002343D, 0x00023441,
  0x00023445, 0x00023449, 0x03E2344D, 0x03E23451, 0x03E23455, 0x03A2B459, 0x03A2B45E, 0x03A2B463, 0x03A2B468, 0x03A2B46D,
  0x03E2B472, 0x00033477, 0x0003347D, 0x00033483, 0x00033489, 0x0003348F, 0x00033495, 0x0002349B, 0x0002349F, 0x000234A3,
  0x000234A7, 0x000234AB, 0x000234AF, 0x000234B3, 0x000234B7, 0x000234BB, 0x000234BF, 0x000234C3, 0x000234C7, 0x000234CB,
  0x000234CF, 0x000234D3, 0x000234D7, 0x000234DB, 0x000234DF, 0x000234E3, 0x000234E7, 0x000234EB, 0x000234EF, 0x000234F3,
  0x000234F7, 0x000234FB, 0x000234FF, 0x00023503, 0x00023507, 0x0002350B, 0x0002350F, 0x00023513, 0x00023517, 0x0002351B,
  0x0002351F, 0x00023523, 0x00023527, 0x0002352B, 0x0002352F, 0x03E23533, 0x00023537, 0x0002353B, 0x0002353F, 0x00023543,
  0x00023547, 0x0002354B, 0x0003354F, 0x00033555, 0x0003355B, 0x00033561, 0x00033567, 0x0002356D, 0x00023571, 0x00023575,
  0x00023579, 0x0002357D, 0x00023581, 0x00023585, 0x00023589, 0x0002358D, 0x00023591, 0x00023595, 0x00023599, 0x0002359D,
  0x000235A1, 0x000235A5, 0x000235A9, 0x000235AD, 0x000235B1, 0x000235B5, 0x000235B9, 0x000235BD, 0x000235C1, 0x000235C5,
  0x000235C9, 0x000235CD, 0x000235D1, 0x000235D5, 0x000235D9, 0x000235DD, 0x000235E1, 0x000235E5, 0x000235E9, 0x000235ED,
  0x000235F1, 0x000235F5, 0x000235F9, 0x000235FD, 0x00023601, 0x00023605, 0x00023609, 0x0002360D, 0x00023611, 0x00023615,
  0x00023619, 0x0002361D, 0x00023621, 0x00023625, 0x00023629, 0x0002362D, 0x00023631, 0x00023635, 0x00023639, 0x0002363D,
  0x00023641, 0x00023645, 0x00023649, 0x0002364D, 0x00023651, 0x00023655, 0x00023659, 0x0002365D, 0x03E23661, 0x00023665,
  0x00023669, 0x0002366D, 0x00023671, 0x00023675, 0x00033679, 0x0003367F, 0x00023685, 0x00023689, 0x0002368D, 0x00023691,
  0x00023695, 0x00023699, 0x0002369D, 0x000236A1, 0x000236A5, 0x000236A9, 0x000236AD, 0x000236B1, 0x000236B5, 0x000236B9,
  0x000236BD, 0x000236C1, 0x000236C5, 0x03A336C9, 0x03A336CF, 0x03A336D5, 0x000236DB, 0x000236DF, 0x000236E3, 0x000236E7,
  0x000236EB, 0x000236EF, 0x000236F3, 0x000236F7, 0x000236FB, 0x000236FF, 0x00023703, 0x00023707, 0x0002370B, 0x0002370F,
  0x00023713, 0x00023717, 0x0002371B, 0x0002371F, 0x00023723, 0x00023727, 0x0002372B, 0x0002372F, 0x00023733, 0x00023737,
  0x0002373B, 0x0002373F, 0x00023743, 0x00023747, 0x0002374B, 0x0002374F, 0x00023753, 0x00023757, 0x0002375B, 0x0002375F,
  0x00023763, 0x00023767, 0x0002376B, 0x0002376F, 0x00023773, 0x00023777, 0x0002377B, 0x0002377F, 0x00023783, 0x00023787,
  0x0002378B, 0x0002378F, 0x00023793, 0x00023797, 0x0002379B, 0x0002379F, 0x000237A3, 0x000237A7, 0x000237AB, 0x000237AF,
  0x000237B3, 0x000237B7, 0x000237BB, 0x000237BF, 0x000237C3, 0x000237C7, 0x000237CB, 0x000237CF, 0x000237D3, 0x000237D7,
  0x000237DB, 0x000237DF, 0x000237E3, 0x000237E7, 0x000237EB, 0x000237EF, 0x000237F3, 0x02E237F7, 0x02E237FB, 0x00000000,
  0x00000000, 0x00000000, 0x00000000, 0x00000000, 0x00000000, 0x00000000, 0x00000000, 0x00000000, 0x00000000, 0x00000000,
  0x00000000, 0x00000000, 0x00000000, 0x00000000, 0x00000000, 0x000337FF, 0x00033805, 0x0003380B, 0x00033811, 0x00033817,
  0x0003381D, 0x00033823, 0x00033829, 0x0003382F, 0x00033835, 0x0003383B, 0x00033841, 0x00033847, 0x0003384D, 0x00033853,
  0x00033859, 0x0003385F, 0x00033865, 0x0003386B, 0x00033871, 0x00033877, 0x0003387D, 0x00033883, 0x00033889, 0x0003388F,
  0x00033895, 0x0003389B, 0x000338A1, 0x000338A7, 0x000338AD, 0x000338B3, 0x000338B9, 0x000338BF, 0x000338C5, 0x000338CB,
  0x000338D1, 0x000338D7, 0x000338DD, 0x000338E3, 0x000338E9, 0x000338EF, 0x000338F5, 0x000338FB, 0x00033901, 0x00033907,
  0x0003390D, 0x00033913, 0x00033919, 0x0003391F, 0x00033925, 0x0003392B, 0x00033931, 0x00033937, 0x0003393D, 0x00033943,
  0x00033949, 0x0003394F, 0x00033955, 0x0003395B, 0x00033961, 0x00033967, 0x0003396D, 0x00033973, 0x00033979, 0x00000000,
  0x00000000, 0x0003397F, 0x00033985, 0x0003398B, 0x00033991, 0x00033997, 0x0003399D, 0x000339A3, 0x000339A9, 0x000339AF,
  0x000339B5, 0x000339BB, 0x000339C1, 0x000339C7, 0x000339CD, 0x000339D3, 0x000339D9, 0x000339DF, 0x000339E5, 0x000339EB,
  0x000339F1, 0x000339F7, 0x000339FD, 0x00033A03, 0x00033A09, 0x00033A0F, 0x00033A15, 0x00033A1B, 0x00033A21, 0x00033A27,
  0x00033A2D, 0x00033A33, 0x00033A39, 0x00033A3F, 0x00033A45, 0x00033A4B, 0x00033A51, 0x00033A57, 0x00033A5D, 0x00033A63,
  0x00033A69, 0x00033A6F, 0x00033A75, 0x00033A7B, 0x00033A81, 0x00033A87, 0x00033A8D, 0x00033A93, 0x00033A99, 0x00033A9F,
  0x00033AA5, 0x00033AAB, 0x00033AB1, 0x00033AB7, 0x00033ABD, 0x00000000, 0x00000000, 0x00000000, 0x00000000, 0x00000000,
  0x00000000, 0x00000000, 0x00000000, 0x00000000, 0x00000000, 0x00000000, 0x00000000, 0x00000000, 0x00000000, 0x00000000,
  0x00000000, 0x00000000, 0x00000000, 0x00000000, 0x00000000, 0x00000000, 0x00000000, 0x00000000, 0x00000000, 0x00000000,
  0x00000000, 0x00000000, 0x00000000, 0x00000000, 0x00000000, 0x00000000, 0x00000000, 0x00000000, 0x00000000, 0x00000000,
  0x00000000, 0x00000000, 0x00000000, 0x00000000, 0x00000000, 0x00033AC3, 0x00033AC9, 0x00043ACF, 0x00043AD7, 0x00043ADF,
  0x00043AE7, 0x00043AEF, 0x00043AF7, 0x00043AFF, 0x00033B07, 0x0010BB0D, 0x0007BB2E, 0x00043B3D, 0x00000000, 0x00000000,
  0x00000000, 0x00000000, 0x00000000, 0x00000000, 0x00000000, 0x00000000, 0x00000000, 0x00000000, 0x00000000, 0x00000000,
  0x00000000, 0x00000000, 0x00000000, 0x00000000, 0x0000BB45, 0x0001BB46, 0x0001BB49, 0x0000BB4C, 0x0000BB4D, 0x0000BB4E,
  0x0000BB4F, 0x0001BB50, 0x0001BB53, 0x0001BB56, 0x00000000, 0x00000000, 0x00000000, 0x00000000, 0x00000000, 0x00000000,
  0x0661BB59, 0x0661BB5C, 0x0661BB5F, 0x0661BB62, 0x0661BB65, 0x0661BB68, 0x0661BB6B, 0x05C1BB6E, 0x05C1BB71, 0x05C1BB74,
  0x05C1BB77, 0x05C1BB7A, 0x05C1BB7D, 0x05C1BB80, 0x0661BB83, 0x0661BB86, 0x00013B89, 0x0001BB8B, 0x0001BB8E, 0x0000BB91,
  0x0000BB92, 0x0000BB93, 0x0000BB94, 0x0000BB95, 0x0000BB96, 0x0001BB97, 0x0001BB9A, 0x0001BB9D, 0x0001BBA0, 0x0001BBA3,
  0x0001BBA6, 0x0001BBA9, 0x0001BBAC, 0x0001BBAF, 0x0001BBB2, 0x0001BBB5, 0x0001BBB8, 0x00000000, 0x00000000, 0x0000BBBB,
  0x0000BBBC, 0x0661BBBD, 0x0661BBC0, 0x0661BBC3, 0x0661BBC6, 0x0000BBC9, 0x0000BBCA, 0x0000BBCB, 0x0000BBCC, 0x0001BBCD,
  0x0000BBD0, 0x00000000, 0x0000BBD1, 0x0000BBD2, 0x0000BBD3, 0x0000BBD4, 0x0001BBD5, 0x0000BBD8, 0x0000BBD9, 0x0000BBDA,
  0x0000BBDB, 0x0001BBDC, 0x0001BBDF, 0x0000BBE2, 0x0000BBE3, 0x0000BBE4, 0x0000BBE5, 0x0000BBE6, 0x0000BBE7, 0x0000BBE8,
  0x0000BBE9, 0x00000000, 0x0000BBEA, 0x0000BBEB, 0x0000BBEC, 0x0000BBED, 0x00000000, 0x00000000, 0x00000000, 0x00000000,
  0x02E1BBEE, 0x02E23BF1, 0x0301BBF5, 0x00000000, 0x0321BBF8, 0x00000000, 0x0341BBFB, 0x03423BFE, 0x0361BC02, 0x03623C05,
  0x0381BC09, 0x03823C0C, 0x03A1BC10, 0x03A23C13, 0x03C1BC17, 0x03C23C1A, 0x00013C1E, 0x06623C20, 0x06623C24, 0x06623C28,
  0x06623C2C, 0x06623C30, 0x06623C34, 0x05C23C38, 0x05C23C3C, 0x06623C40, 0x06623C44, 0x06623C48, 0x06623C4C, 0x00013C50,
  0x00013C52, 0x00013C54, 0x00013C56, 0x00013C58, 0x00013C5A, 0x00013C5C, 0x00013C5E, 0x00013C60, 0x00013C62, 0x00013C64,
  0x00013C66, 0x00013C68, 0x00013C6A, 0x00013C6C, 0x00013C6E, 0x00013C70, 0x00013C72, 0x00013C74, 0x00013C76, 0x00013C78,
  0x00013C7A, 0x00013C7C, 0x00013C7E, 0x00013C80, 0x00013C82, 0x00013C84, 0x00013C86, 0x00013C88, 0x00013C8A, 0x00013C8C,
  0x00013C8E, 0x00013C90, 0x00013C92, 0x00013C94, 0x00013C96, 0x00013C98, 0x00013C9A, 0x00013C9C, 0x00013C9E, 0x00013CA0,
  0x00013CA2, 0x00013CA4, 0x00013CA6, 0x00013CA8, 0x00013CAA, 0x00013CAC, 0x00013CAE, 0x00013CB0, 0x00013CB2, 0x00013CB4,
  0x00013CB6, 0x00013CB8, 0x00013CBA, 0x00013CBC, 0x00013CBE, 0x00013CC0, 0x00013CC2, 0x00013CC4, 0x00013CC6, 0x00013CC8,
  0x00013CCA, 0x00013CCC, 0x00013CCE, 0x00013CD0, 0x00013CD2, 0x00013CD4, 0x00013CD6, 0x00013CD8, 0x00013CDA, 0x00013CDC,
  0x00013CDE, 0x00013CE0, 0x00013CE2, 0x00013CE4, 0x00013CE6, 0x00013CE8, 0x00013CEA, 0x00013CEC, 0x00013CEE, 0x00013CF0,
  0x00013CF2, 0x00013CF4, 0x00013CF6, 0x00013CF8, 0x00013CFA, 0x00013CFC, 0x00013CFE, 0x00013D00, 0x00013D02, 0x00013D04,
  0x00013D06, 0x00013D08, 0x00013D0A, 0x00013D0C, 0x00013D0E, 0x00013D10, 0x00013D12, 0x00013D14, 0x00013D16, 0x00013D18,
  0x00013D1A, 0x00013D1C, 0x00013D1E, 0x06633D20, 0x06633D26, 0x06633D2C, 0x06633D32, 0x05C33D38, 0x05C33D3E, 0x00023D44,
  0x00023D48, 0x00000000, 0x00000000, 0x00000000, 0x0000BD4C, 0x0000BD4D, 0x0000BD4E, 0x0000BD4F, 0x0000BD50, 0x0000BD51,
  0x0000BD52, 0x0000BD53, 0x0000BD54, 0x0000BD55, 0x0000BD56, 0x0000BD57, 0x0000BD58, 0x0000BD59, 0x0000BD5A, 0x0000BD5B,
  0x0000BD5C, 0x0000BD5D, 0x0000BD5E, 0x0000BD5F, 0x0000BD60, 0x0000BD61, 0x0000BD62, 0x0000BD63, 0x0000BD64, 0x0000BD65,
  0x0000BD66, 0x0000BD67, 0x0000BD68, 0x0000BD69, 0x0000BD6A, 0x0000BD6B, 0x0000BD6C, 0x0000BD6D, 0x0000BD6E, 0x0000BD6F,
  0x0000BD70, 0x0000BD71, 0x0000BD72, 0x0000BD73, 0x0000BD74, 0x0000BD75, 0x0000BD76, 0x0000BD77, 0x0000BD78, 0x0000BD79,
  0x0000BD7A, 0x0000BD7B, 0x0000BD7C, 0x0000BD7D, 0x0000BD7E, 0x0000BD7F, 0x0000BD80, 0x0000BD81, 0x0000BD82, 0x0000BD83,
  0x0000BD84, 0x0000BD85, 0x0000BD86, 0x0000BD87, 0x0000BD88, 0x0000BD89, 0x0000BD8A, 0x0000BD8B, 0x0000BD8C, 0x0000BD8D,
  0x0000BD8E, 0x0000BD8F, 0x0000BD90, 0x0000BD91, 0x0000BD92, 0x0000BD93, 0x0000BD94, 0x0000BD95, 0x0000BD96, 0x0000BD97,
  0x0000BD98, 0x0000BD99, 0x0000BD9A, 0x0000BD9B, 0x0000BD9C, 0x0000BD9D, 0x0000BD9E, 0x0000BD9F, 0x0000BDA0, 0x0000BDA1,
  0x0000BDA2, 0x0000BDA3, 0x0000BDA4, 0x0000BDA5, 0x0000BDA6, 0x0000BDA7, 0x0000BDA8, 0x0000BDA9, 0x0001BDAA, 0x0001BDAD,
  0x0001BDB0, 0x0001BDB3, 0x0001BDB6, 0x0001BDB9, 0x0001BDBC, 0x0001BDBF, 0x0001BDC2, 0x0001BDC5, 0x0001BDC8, 0x0001BDCB,
  0x0001BDCE, 0x0001BDD1, 0x0001BDD4, 0x0001BDD7, 0x0001BDDA, 0x0001BDDD, 0x0001BDE0, 0x0001BDE3, 0x0001BDE6, 0x0001BDE9,
  0x0001BDEC, 0x0001BDEF, 0x0001BDF2, 0x0001BDF5, 0x0001BDF8, 0x0001BDFB, 0x0001BDFE, 0x0001BE01, 0x0001BE04, 0x0001BE07,
  0x0001BE0A, 0x0001BE0D, 0x0001BE10, 0x0001BE13, 0x0001BE16, 0x0001BE19, 0x0001BE1C, 0x0001BE1F, 0x0001BE22, 0x0001BE25,
  0x0001BE28, 0x0001BE2B, 0x0001BE2E, 0x0001BE31, 0x0001BE34, 0x0001BE37, 0x0001BE3A, 0x0001BE3D, 0x0001BE40, 0x0001BE43,
  0x0001BE46, 0x0001BE49, 0x0001BE4C, 0x0001BE4F, 0x0001BE52, 0x0001BE55, 0x0001BE58, 0x0001BE5B, 0x0001BE5E, 0x0001BE61,
  0x0001BE64, 0x0081BE67, 0x0081BE6A, 0x0001BE6D, 0x0001BE70, 0x0001BE73, 0x0001BE76, 0x0001BE79, 0x0001BE7C, 0x0001BE7F,
  0x0001BE82, 0x0001BE85, 0x0001BE88, 0x0001BE8B, 0x0001BE8E, 0x0001BE91, 0x0001BE94, 0x0001BE97, 0x0001BE9A, 0x0001BE9D,
  0x0001BEA0, 0x0001BEA3, 0x0001BEA6, 0x0001BEA9, 0x0001BEAC, 0x0001BEAF, 0x0001BEB2, 0x0001BEB5, 0x0001BEB8, 0x0001BEBB,
  0x0001BEBE, 0x0001BEC1, 0x0001BEC4, 0x0001BEC7, 0x00000000, 0x00000000, 0x0001BECA, 0x0001BECD, 0x0001BED0, 0x0001BED3,
  0x0001BED6, 0x0001BED9, 0x00000000, 0x00000000, 0x0001BEDC, 0x0001BEDF, 0x0001BEE2, 0x0001BEE5, 0x0001BEE8, 0x0001BEEB,
  0x00000000, 0x00000000, 0x0001BEEE, 0x0001BEF1, 0x0001BEF4, 0x0001BEF7, 0x0001BEFA, 0x0001BEFD, 0x00000000, 0x00000000,
  0x0001BF00, 0x0001BF03, 0x0001BF06, 0x00000000, 0x00000000, 0x00000000, 0x00013F09, 0x00013F0B, 0x00013F0D, 0x0661BF0F,
  0x00013F12, 0x00013F14, 0x0001BF16, 0x00000000, 0x0001BF19, 0x0001BF1C, 0x0001BF1F, 0x0001BF22, 0x0001BF25, 0x0001BF28,
  0x0001BF2B, 0x00000000, 0x00000000, 0x00000000, 0x00000000, 0x00000000, 0x00000000, 0x00000000, 0x00000000, 0x00000000,
  0x00000000, 0x00000000, 0x00000000, 0x00000000, 0x00000000, 0x00000000, 0x00000000, 0x00000000, 0x00013F56, 0x00013F58,
  0x00013F5A, 0x00013F5C, 0x00013F5E, 0x00000000, 0x00013F60, 0x0001BF62, 0x00013F65, 0x00013F67, 0x00013F69, 0x00013F6B,
  0x0001BF6D, 0x00013F70, 0x00013F72, 0x00013F74, 0x00013F76, 0x00013F78, 0x00013F7A, 0x00013F7C, 0x00013F7E, 0x00013F80,
  0x00013F82, 0x00013F84, 0x00013F86, 0x00013F88, 0x00013F8A, 0x00023F8C, 0x0001BF90, 0x00013F93, 0x00023F95, 0x00013F99,
  0x00023F9B, 0x00013F9F, 0x00013FA1, 0x00013FA3, 0x0000BFA5, 0x00013FA6, 0x00023FA8, 0x00013FAC, 0x00013FAE, 0x00013FB0,
  0x00013FB2, 0x00013FB4, 0x0001BFB6, 0x00013FB9, 0x00013FBB, 0x0001BFBD, 0x00000000, 0x00013FC0, 0x00013FC2, 0x00013FC4,
  0x00013FC6, 0x00013FC8, 0x00013FCA, 0x00013FCC, 0x00023FCE, 0x00023FD2, 0x00000000, 0x00000000, 0x00000000, 0x00000000,
  0x00000000, 0x00000000, 0x00000000, 0x00000000, 0x00000000, 0x00000000, 0x00000000, 0x00000000, 0x00000000, 0x00000000,
  0x00000000, 0x00000000, 0x00000000, 0x00000000, 0x00000000, 0x00000000, 0x00000000, 0x00000000, 0x0000C2B2, 0x0000C2B3,
  0x0000C2B4, 0x0000C2B5, 0x0000C2B6, 0x0000C2B7, 0x0000C2B8, 0x0000C2B9, 0x0000C2BA, 0x0000C2BB, 0x0000C2BC, 0x0000C2BD,
  0x0000C2BE, 0x0000C2BF, 0x0000C2C0, 0x0000C2C1, 0x0000C2C2, 0x0000C2C3, 0x0000C2C4, 0x0000C2C5, 0x0000C2C6, 0x0000C2C7,
  0x0000C2C8, 0x0000C2C9, 0x0000C2CA, 0x0000C2CB, 0x0000C2CC, 0x0000C2CD, 0x0000C2CE, 0x0000C2CF, 0x0000C2D0, 0x0000C2D1,
  0x0000C2D2, 0x0000C2D3, 0x0000C2D4, 0x0000C2D5, 0x00000000, 0x00000000, 0x00000000, 0x00000000, 0x00000000, 0x00000000,
  0x0000C3E6, 0x0000C3E7, 0x0000C3E8, 0x0000C3E9, 0x0000C3EA, 0x0000C3EB, 0x0000C3EC, 0x0000C3ED, 0x0000C3EE, 0x0000C3EF,
  0x0000C3F0, 0x0000C3F1, 0x0000C3F2, 0x0000C3F3, 0x0000C3F4, 0x0000C3F5, 0x0000C3F6, 0x0000C3F7, 0x0000C3F8, 0x0000C3F9,
  0x0000C3FA, 0x0000C3FB, 0x0000C3FC, 0x0000C3FD, 0x0000C3FE, 0x0000C3FF, 0x0000C400, 0x0000C401, 0x0000C402, 0x0000C403,
  0x0000C404, 0x0000C405, 0x0000C406, 0x0000C407, 0x0000C408, 0x0000C409, 0x0000C40A, 0x0000C40B, 0x0000C40C, 0x0000C40D,
  0x0000C40E, 0x0000C40F, 0x0000C410, 0x0000C411, 0x0000C412, 0x0000C413, 0x0000C414, 0x0000C415, 0x0000C416, 0x0000C417,
  0x0000C418, 0x0000C419, 0x0000C41A, 0x0000C41B, 0x0000C41C, 0x0000C41D, 0x0000C41E, 0x0000C41F, 0x0000C420, 0x0000C421,
  0x0000C422, 0x0000C423, 0x0000C424, 0x0000C425, 0x0000C426, 0x0000C427, 0x0000C428, 0x0000C429, 0x0000C42A, 0x0000C42B,
  0x0000C42C, 0x0000C42D, 0x0000C42E, 0x0000C42F, 0x0000C430, 0x0000C431, 0x0000C432, 0x0000C433, 0x0000C434, 0x0000C435,
  0x0000C436, 0x0000C437, 0x0000C438, 0x0000C439, 0x0000C43A, 0x00000000, 0x0000C43B, 0x0000C43C, 0x0000C43D, 0x0000C43E,
  0x0000C43F, 0x0000C440, 0x0000C441, 0x0000C442, 0x0000C443, 0x0000C444, 0x0000C445, 0x0000C446, 0x0000C447, 0x0000C448,
  0x0000C449, 0x0000C44A, 0x0000C44B, 0x0000C44C, 0x0000C44D, 0x0000C44E, 0x0000C44F, 0x0000C450, 0x0000C451, 0x0000C452,
  0x0000C453, 0x0000C454, 0x0000C455, 0x0000C456, 0x0000C457, 0x0000C458, 0x0000C459, 0x0000C45A, 0x0000C45B, 0x0000C45C,
  0x0000C45D, 0x0000C45E, 0x0000C45F, 0x0000C460, 0x0000C461, 0x0000C462, 0x0000C463, 0x0000C464, 0x0000C465, 0x0000C466,
  0x0000C467, 0x0000C468, 0x0000C469, 0x0000C46A, 0x0000C46B, 0x0000C46C, 0x0000C46D, 0x0000C46E, 0x0000C46F, 0x0000C470,
  0x0000C471, 0x0000C472, 0x0000C473, 0x0000C474, 0x0000C475, 0x0000C476, 0x0000C477, 0x0000C478, 0x0000C479, 0x0000C47A,
  0x0000C47B, 0x0000C47C, 0x0000C47D, 0x0000C47E, 0x0000C47F, 0x0000C480, 0x0000C481, 0x00000000, 0x0000C482, 0x0000C483,
  0x00000000, 0x00000000, 0x0000C484, 0x00000000, 0x00000000, 0x0000C485, 0x0000C486, 0x00000000, 0x00000000, 0x0000C487,
  0x0000C488, 0x0000C489, 0x0000C48A, 0x00000000, 0x0000C48B, 0x0000C48C, 0x0000C48D, 0x0000C48E, 0x0000C48F, 0x0000C490,
  0x0000C491, 0x0000C492, 0x0000C493, 0x0000C494, 0x0000C495, 0x0000C496, 0x00000000, 0x0000C497, 0x00000000, 0x0000C498,
  0x0000C499, 0x0000C49A, 0x0000C49B, 0x0000C49C, 0x0000C49D, 0x0000C49E, 0x00000000, 0x0000C49F, 0x0000C4A0, 0x0000C4A1,
  0x0000C4A2, 0x0000C4A3, 0x0000C4A4, 0x0000C4A5, 0x0000C4A6, 0x0000C4A7, 0x0000C4A8, 0x0000C4A9, 0x0000C4AA, 0x0000C4AB,
  0x0000C4AC, 0x0000C4AD, 0x0000C4AE, 0x0000C4AF, 0x0000C4B0, 0x0000C4B1, 0x0000C4B2, 0x0000C4B3, 0x0000C4B4, 0x0000C4B5,
  0x0000C4B6, 0x0000C4B7, 0x0000C4B8, 0x0000C4B9, 0x0000C4BA, 0x0000C4BB, 0x0000C4BC, 0x0000C4BD, 0x0000C4BE, 0x0000C4BF,
  0x0000C4C0, 0x0000C4C1, 0x0000C4C2, 0x0000C4C3, 0x0000C4C4, 0x0000C4C5, 0x0000C4C6, 0x0000C4C7, 0x0000C4C8, 0x0000C4C9,
  0x0000C4CA, 0x0000C4CB, 0x0000C4CC, 0x0000C4CD, 0x0000C4CE, 0x0000C4CF, 0x0000C4D0, 0x0000C4D1, 0x0000C4D2, 0x0000C4D3,
  0x0000C4D4, 0x0000C4D5, 0x0000C4D6, 0x0000C4D7, 0x0000C4D8, 0x0000C4D9, 0x0000C4DA, 0x0000C4DB, 0x0000C4DC, 0x0000C4DD,
  0x0000C4DE, 0x0000C4DF, 0x00000000, 0x0000C4E0, 0x0000C4E1, 0x0000C4E2, 0x0000C4E3, 0x00000000, 0x00000000, 0x0000C4E4,
  0x0000C4E5, 0x0000C4E6, 0x0000C4E7, 0x0000C4E8, 0x0000C4E9, 0x0000C4EA, 0x0000C4EB, 0x00000000, 0x0000C4EC, 0x0000C4ED,
  0x0000C4EE, 0x0000C4EF, 0x0000C4F0, 0x0000C4F1, 0x0000C4F2, 0x00000000, 0x0000C4F3, 0x0000C4F4, 0x0000C4F5, 0x0000C4F6,
  0x0000C4F7, 0x0000C4F8, 0x0000C4F9, 0x0000C4FA, 0x0000C4FB, 0x0000C4FC, 0x0000C4FD, 0x0000C4FE, 0x0000C4FF, 0x0000C500,
  0x0000C501, 0x0000C502, 0x0000C503, 0x0000C504, 0x0000C505, 0x0000C506, 0x0000C507, 0x0000C508, 0x0000C509, 0x0000C50A,
  0x0000C50B, 0x0000C50C, 0x0000C50D, 0x0000C50E, 0x00000000, 0x0000C50F, 0x0000C510, 0x0000C511, 0x0000C512, 0x00000000,
  0x0000C513, 0x0000C514, 0x0000C515, 0x0000C516, 0x0000C517, 0x00000000, 0x0000C518, 0x00000000, 0x00000000, 0x00000000,
  0x0000C519, 0x0000C51A, 0x0000C51B, 0x0000C51C, 0x0000C51D, 0x0000C51E, 0x0000C51F, 0x00000000, 0x0000C520, 0x0000C521,
  0x0000C522, 0x0000C523, 0x0000C524, 0x0000C525, 0x0000C526, 0x0000C527, 0x0000C528, 0x0000C529, 0x0000C52A, 0x0000C52B,
  0x0000C52C, 0x0000C52D, 0x0000C52E, 0x0000C52F, 0x0000C530, 0x0000C531, 0x0000C532, 0x0000C533, 0x0000C534, 0x0000C535,
  0x0000C536, 0x0000C537, 0x0000C538, 0x0000C539, 0x0000C53A, 0x0000C53B, 0x0000C53C, 0x0000C53D, 0x0000C53E, 0x0000C53F,
  0x0000C540, 0x0000C541, 0x0000C542, 0x0000C543, 0x0000C544, 0x0000C545, 0x0000C546, 0x0000C547, 0x0000C548, 0x0000C549,
  0x0000C54A, 0x0000C54B, 0x0000C54C, 0x0000C54D, 0x0000C54E, 0x0000C54F, 0x0000C550, 0x0000C551, 0x0000C552, 0x0000C553,
  0x0000C554, 0x0000C555, 0x0000C556, 0x0000C557, 0x0000C558, 0x0000C559, 0x0000C55A, 0x0000C55B, 0x0000C55C, 0x0000C55D,
  0x0000C55E, 0x0000C55F, 0x0000C560, 0x0000C561, 0x0000C562, 0x0000C563, 0x0000C564, 0x0000C565, 0x0000C566, 0x0000C567,
  0x0000C568, 0x0000C569, 0x0000C56A, 0x0000C56B, 0x0000C56C, 0x0000C56D, 0x0000C56E, 0x0000C56F, 0x0000C570, 0x0000C571,
  0x0000C572, 0x0000C573, 0x0000C574, 0x0000C575, 0x0000C576, 0x0000C577, 0x0000C578, 0x0000C579, 0x0000C57A, 0x0000C57B,
  0x0000C57C, 0x0000C57D, 0x0000C57E, 0x0000C57F, 0x0000C580, 0x0000C581, 0x0000C582, 0x0000C583, 0x0000C584, 0x0000C585,
  0x0000C586, 0x0000C587, 0x0000C588, 0x0000C589, 0x0000C58A, 0x0000C58B, 0x0000C58C, 0x0000C58D, 0x0000C58E, 0x0000C58F,
  0x0000C590, 0x0000C591, 0x0000C592, 0x0000C593, 0x0000C594, 0x0000C595, 0x0000C596, 0x0000C597, 0x0000C598, 0x0000C599,
  0x0000C59A, 0x0000C59B, 0x0000C59C, 0x0000C59D, 0x0000C59E, 0x0000C59F, 0x0000C5A0, 0x0000C5A1, 0x0000C5A2, 0x0000C5A3,
  0x0000C5A4, 0x0000C5A5, 0x0000C5A6, 0x0000C5A7, 0x0000C5A8, 0x0000C5A9, 0x0000C5AA, 0x0000C5AB, 0x0000C5AC, 0x0000C5AD,
  0x0000C5AE, 0x0000C5AF, 0x0000C5B0, 0x0000C5B1, 0x0000C5B2, 0x0000C5B3, 0x0000C5B4, 0x0000C5B5, 0x0000C5B6, 0x0000C5B7,
  0x0000C5B8, 0x0000C5B9, 0x0000C5BA, 0x0000C5BB, 0x0000C5BC, 0x0000C5BD, 0x0000C5BE, 0x0000C5BF, 0x0000C5C0, 0x0000C5C1,
  0x0000C5C2, 0x0000C5C3, 0x0000C5C4, 0x0000C5C5, 0x0000C5C6, 0x0000C5C7, 0x0000C5C8, 0x0000C5C9, 0x0000C5CA, 0x0000C5CB,
  0x0000C5CC, 0x0000C5CD, 0x0000C5CE, 0x0000C5CF, 0x0000C5D0, 0x0000C5D1, 0x0000C5D2, 0x0000C5D3, 0x0000C5D4, 0x0000C5D5,
  0x0000C5D6, 0x0000C5D7, 0x0000C5D8, 0x0000C5D9, 0x0000C5DA, 0x0000C5DB, 0x0000C5DC, 0x0000C5DD, 0x0000C5DE, 0x0000C5DF,
  0x0000C5E0, 0x0000C5E1, 0x0000C5E2, 0x0000C5E3, 0x0000C5E4, 0x0000C5E5, 0x0000C5E6, 0x0000C5E7, 0x0000C5E8, 0x0000C5E9,
  0x0000C5EA, 0x0000C5EB, 0x0000C5EC, 0x0000C5ED, 0x0000C5EE, 0x0000C5EF, 0x0000C5F0, 0x0000C5F1, 0x0000C5F2, 0x0000C5F3,
  0x0000C5F4, 0x0000C5F5, 0x0000C5F6, 0x0000C5F7, 0x0000C5F8, 0x0000C5F9, 0x0000C5FA, 0x0000C5FB, 0x0000C5FC, 0x0000C5FD,
  0x0000C5FE, 0x0000C5FF, 0x0000C600, 0x0000C601, 0x0000C602, 0x0000C603, 0x0000C604, 0x0000C605, 0x0000C606, 0x0000C607,
  0x0000C608, 0x0000C609, 0x0000C60A, 0x0000C60B, 0x0000C60C, 0x0000C60D, 0x0000C60E, 0x0000C60F, 0x0000C610, 0x0000C611,
  0x0000C612, 0x0000C613, 0x0000C614, 0x0000C615, 0x0000C616, 0x0000C617, 0x0000C618, 0x0000C619, 0x0000C61A, 0x0000C61B,
  0x0000C61C, 0x0000C61D, 0x0000C61E, 0x0000C61F, 0x0000C620, 0x0000C621, 0x0000C622, 0x0000C623, 0x0000C624, 0x0000C625,
  0x0000C626, 0x0000C627, 0x0000C628, 0x0000C629, 0x0000C62A, 0x0000C62B, 0x0000C62C, 0x0000C62D, 0x0000C62E, 0x0000C62F,
  0x0000C630, 0x0000C631, 0x0000C632, 0x0000C633, 0x0000C634, 0x0000C635, 0x0000C636, 0x0000C637, 0x0000C638, 0x0000C639,
  0x0000C63A, 0x0000C63B, 0x0000C63C, 0x0000C63D, 0x0000C63E, 0x0000C63F, 0x0000C640, 0x0000C641, 0x0000C642, 0x0000C643,
  0x0000C644, 0x0000C645, 0x0000C646, 0x0000C647, 0x0000C648, 0x0000C649, 0x0000C64A, 0x0000C64B, 0x0000C64C, 0x0000C64D,
  0x0000C64E, 0x0000C64F, 0x0000C650, 0x0000C651, 0x0000C652, 0x0000C653, 0x0000C654, 0x0000C655, 0x0000C656, 0x0000C657,
  0x0000C658, 0x0000C659, 0x0000C65A, 0x0000C65B, 0x0000C65C, 0x0000C65D, 0x0000C65E, 0x0000C65F, 0x0000C660, 0x0000C661,
  0x0000C662, 0x0000C663, 0x0000C664, 0x0000C665, 0x0000C666, 0x0000C667, 0x0000C668, 0x0000C669, 0x0000C66A, 0x0000C66B,
  0x0000C66C, 0x0000C66D, 0x0000C66E, 0x0000C66F, 0x0000C670, 0x0000C671, 0x00014672, 0x00014674, 0x00000000, 0x00000000,
  0x00014676, 0x00014678, 0x0001467A, 0x0001467C, 0x0001467E, 0x00014680, 0x00014682, 0x00014684, 0x00014686, 0x00014688,
  0x0001468A, 0x0001468C, 0x0001468E, 0x00014690, 0x00014692, 0x00014694, 0x00014696, 0x00014698, 0x0001469A, 0x0001469C,
  0x0001469E, 0x000146A0, 0x000146A2, 0x000146A4, 0x000146A6, 0x0001C6A8, 0x000146AB, 0x000146AD, 0x000146AF, 0x000146B1,
  0x000146B3, 0x000146B5, 0x000146B7, 0x000146B9, 0x000146BB, 0x000146BD, 0x000146BF, 0x000146C1, 0x000146C3, 0x000146C5,
  0x000146C7, 0x000146C9, 0x000146CB, 0x000146CD, 0x000146CF, 0x000146D1, 0x000146D3, 0x000146D5, 0x000146D7, 0x000146D9,
  0x000146DB, 0x0001C6DD, 0x000146E0, 0x000146E2, 0x000146E4, 0x000146E6, 0x000146E8, 0x000146EA, 0x000146EC, 0x000146EE,
  0x000146F0, 0x000146F2, 0x000146F4, 0x000146F6, 0x000146F8, 0x000146FA, 0x000146FC, 0x000146FE, 0x00014700, 0x00014702,
  0x00014704, 0x00014706, 0x00014708, 0x0001470A, 0x0001470C, 0x0001470E, 0x00014710, 0x00014712, 0x00014714, 0x00014716,
  0x00014718, 0x0001471A, 0x0001471C, 0x0001C71E, 0x00014721, 0x00014723, 0x00014725, 0x00014727, 0x00014729, 0x0001472B,
  0x0001472D, 0x0001472F, 0x00014731, 0x00014733, 0x00014735, 0x00014737, 0x00014739, 0x0001473B, 0x0001473D, 0x0001473F,
  0x00014741, 0x00014743, 0x00014745, 0x00014747, 0x00014749, 0x0001474B, 0x0001474D, 0x0001474F, 0x00014751, 0x0001C753,
  0x00014756, 0x00014758, 0x0001475A, 0x0001475C, 0x0001475E, 0x00014760, 0x00014762, 0x00014764, 0x00014766, 0x00014768,
  0x0001476A, 0x0001476C, 0x0001476E, 0x00014770, 0x00014772, 0x00014774, 0x00014776, 0x00014778, 0x0001477A, 0x0001477C,
  0x0001477E, 0x00014780, 0x00014782, 0x00014784, 0x00014786, 0x00014788, 0x0001478A, 0x0001478C, 0x0001478E, 0x00014790,
  0x00014792, 0x0001C794, 0x00014797, 0x00014799, 0x0001479B, 0x0001479D, 0x0001479F, 0x000147A1, 0x000147A3, 0x000147A5,
  0x000147A7, 0x000147A9, 0x000147AB, 0x000147AD, 0x000147AF, 0x000147B1, 0x000147B3, 0x000147B5, 0x000147B7, 0x000147B9,
  0x000147BB, 0x000147BD, 0x000147BF, 0x000147C1, 0x000147C3, 0x000147C5, 0x000147C7, 0x0001C7C9, 0x000147CC, 0x000147CE,
  0x000147D0, 0x000147D2, 0x000147D4, 0x000147D6, 0x000147D8, 0x000147DA, 0x000147DC, 0x000147DE, 0x000147E0, 0x000147E2,
  0x000147E4, 0x000147E6, 0x000147E8, 0x000147EA, 0x000147EC, 0x000147EE, 0x000147F0, 0x000147F2, 0x000147F4, 0x000147F6,
  0x000147F8, 0x000147FA, 0x000147FC, 0x000147FE, 0x00014800, 0x00014802, 0x00014804, 0x00014806, 0x00014808, 0x0001C80A,
  0x0001480D, 0x0001480F, 0x00014811, 0x00014813, 0x00014815, 0x00014817, 0x00014819, 0x0001481B, 0x0001481D, 0x0001481F,
  0x00014821, 0x00014823, 0x00014825, 0x00014827, 0x00014829, 0x0001482B, 0x0001482D, 0x0001482F, 0x00014831, 0x00014833,
  0x00014835, 0x00014837, 0x00014839, 0x0001483B, 0x0001483D, 0x0001C83F, 0x00014842, 0x00014844, 0x00014846, 0x00014848,
  0x0001484A, 0x0001484C, 0x0001484E, 0x00014850, 0x00014852, 0x00014854, 0x00014856, 0x00014858, 0x0001485A, 0x0001485C,
  0x0001485E, 0x00014860, 0x00014862, 0x00014864, 0x00014866, 0x00014868, 0x0001486A, 0x0001486C, 0x0001486E, 0x00014870,
  0x00014872, 0x00014874, 0x00014876, 0x00014878, 0x0001487A, 0x0001487C, 0x0001487E, 0x0001C880, 0x00014883, 0x00014885,
  0x00014887, 0x00014889, 0x0001488B, 0x0001488D, 0x0001488F, 0x00014891, 0x00014893, 0x00014895, 0x00014897, 0x00014899,
  0x0001489B, 0x0001489D, 0x0001489F, 0x000148A1, 0x000148A3, 0x000148A5, 0x000148A7, 0x000148A9, 0x000148AB, 0x000148AD,
  0x000148AF, 0x000148B1, 0x000148B3, 0x0001C8B5, 0x000148B8, 0x000148BA, 0x000148BC, 0x000148BE, 0x000148C0, 0x000148C2,
  0x000148C4, 0x000148C6, 0x00000000, 0x00000000, 0x0000C8C8, 0x0000C8C9, 0x0000C8CA, 0x0000C8CB, 0x0000C8CC, 0x0000C8CD,
  0x0000C8CE, 0x0000C8CF, 0x0000C8D0, 0x0000C8D1, 0x0000C8D2, 0x0000C8D3, 0x0000C8D4, 0x0000C8D5, 0x0000C8D6, 0x0000C8D7,
  0x0000C8D8, 0x0000C8D9, 0x0000C8DA, 0x0000C8DB, 0x0000C8DC, 0x0000C8DD, 0x0000C8DE, 0x0000C8DF, 0x0000C8E0, 0x0000C8E1,
  0x0000C8E2, 0x0000C8E3, 0x0000C8E4, 0x0000C8E5, 0x0000C8E6, 0x0000C8E7, 0x0000C8E8, 0x0000C8E9, 0x0000C8EA, 0x0000C8EB,
  0x0000C8EC, 0x0000C8ED, 0x0000C8EE, 0x0000C8EF, 0x0000C8F0, 0x0000C8F1, 0x0000C8F2, 0x0000C8F3, 0x0000C8F4, 0x0000C8F5,
  0x0000C8F6, 0x0000C8F7, 0x0000C8F8, 0x0000C8F9, 0x066248FA, 0x066248FE, 0x06624902, 0x06624906, 0x0662490A, 0x0662490E,
  0x06624912, 0x00000000, 0x06624916, 0x0662491A, 0x0662491E, 0x06624922, 0x06624926, 0x0662492A, 0x0662492E, 0x06624932,
  0x06624936, 0x0662493A, 0x0662493E, 0x06624942, 0x06624946, 0x0662494A, 0x0662494E, 0x06624952, 0x06624956, 0x00000000,
  0x00000000, 0x0662495A, 0x0662495E, 0x06624962, 0x06624966, 0x0662496A, 0x0662496E, 0x06624972, 0x00000000, 0x06624976,
  0x0662497A, 0x00000000, 0x0662497E, 0x06624982, 0x06624986, 0x0662498A, 0x0662498E, 0x00000000, 0x00000000, 0x00000000,
  0x00000000, 0x00000000, 0x00014992, 0x00014994, 0x00014996, 0x00014998, 0x0001499A, 0x0001499C, 0x0001499E, 0x000149A0,
  0x000149A2, 0x000149A4, 0x000149A6, 0x000149A8, 0x000149AA, 0x000149AC, 0x000149AE, 0x000149B0, 0x000149B2, 0x000149B4,
  0x000149B6, 0x000149B8, 0x000149BA, 0x000149BC, 0x000149BE, 0x000149C0, 0x000149C2, 0x000149C4, 0x0001C9C6, 0x000149C9,
  0x000149CB, 0x000149CD, 0x000149CF, 0x000149D1, 0x000149D3, 0x000149D5, 0x000149D7, 0x000149D9, 0x000149DB, 0x000149DD,
  0x000149DF, 0x000149E1, 0x000149E3, 0x000149E5, 0x000149E7, 0x000149E9, 0x000149EB, 0x000149ED, 0x000149EF, 0x000149F1,
  0x000149F3, 0x000149F5, 0x000149F7, 0x000149F9, 0x000149FB, 0x000149FD, 0x000149FF, 0x00014A01, 0x00014A03, 0x00014A05,
  0x00014A07, 0x00014A09, 0x0001CA0B, 0x00014A0E, 0x00000000, 0x00000000, 0x00000000, 0x00000000, 0x00000000, 0x00000000,
  0x00000000, 0x00000000, 0x00000000, 0x00000000, 0x00000000, 0x00000000, 0x00000000, 0x00000000, 0x00000000, 0x00000000,
  0x00000000, 0x00000000, 0x00014AA8, 0x00014AAA, 0x00014AAC, 0x00014AAE, 0x00000000, 0x00014AB0, 0x00014AB2, 0x00014AB4,
  0x00014AB6, 0x00014AB8, 0x00014ABA, 0x00014ABC, 0x00014ABE, 0x00014AC0, 0x00014AC2, 0x00014AC4, 0x00014AC6, 0x00014AC8,
  0x00014ACA, 0x00014ACC, 0x00014ACE, 0x00014AD0, 0x00014AD2, 0x00014AD4, 0x00014AD6, 0x00014AD8, 0x00014ADA, 0x00014ADC,
  0x00014ADE, 0x00014AE0, 0x00014AE2, 0x00014AE4, 0x00000000, 0x00014AE6, 0x00014AE8, 0x00000000, 0x00014AEA, 0x00000000,
  0x00000000, 0x00014AEC, 0x00000000, 0x00014AEE, 0x00014AF0, 0x00014AF2, 0x00014AF4, 0x00014AF6, 0x00014AF8, 0x00014AFA,
  0x00014AFC, 0x00014AFE, 0x00014B00, 0x00000000, 0x00014B02, 0x00014B04, 0x00014B06, 0x00014B08, 0x00000000, 0x00014B0A,
  0x00000000, 0x00014B0C, 0x00000000, 0x00000000, 0x00000000, 0x00000000, 0x00014B0E, 0x00000000, 0x00000000, 0x00000000,
  0x00000000, 0x00014B10, 0x00000000, 0x00014B12, 0x00000000, 0x00014B14, 0x00000000, 0x00014B16, 0x00014B18, 0x00014B1A,
  0x00000000, 0x00014B1C, 0x00014B1E, 0x00000000, 0x00014B20, 0x00000000, 0x00000000, 0x00014B22, 0x00000000, 0x00014B24,
  0x00000000, 0x00014B26, 0x00000000, 0x00014B28, 0x00000000, 0x00014B2A, 0x00000000, 0x00014B2C, 0x00014B2E, 0x00000000,
  0x00014B30, 0x00000000, 0x00000000, 0x00014B32, 0x00014B34, 0x00014B36, 0x00014B38, 0x00000000, 0x00014B3A, 0x00014B3C,
  0x00014B3E, 0x00014B40, 0x00014B42, 0x00014B44, 0x00014B46, 0x00000000, 0x00014B48, 0x00014B4A, 0x00014B4C, 0x00014B4E,
  0x00000000, 0x00014B50, 0x00014B52, 0x00014B54, 0x00014B56, 0x00000000, 0x00014B58, 0x00000000, 0x00014B5A, 0x00014B5C,
  0x00014B5E, 0x00014B60, 0x00014B62, 0x00014B64, 0x00014B66, 0x00014B68, 0x00014B6A, 0x00014B6C, 0x00000000, 0x00014B6E,
  0x00014B70, 0x00014B72, 0x00014B74, 0x00014B76, 0x00014B78, 0x00014B7A, 0x00014B7C, 0x00014B7E, 0x00014B80, 0x00014B82,
  0x00014B84, 0x00014B86, 0x00014B88, 0x00014B8A, 0x00014B8C, 0x00014B8E, 0x00000000, 0x00000000, 0x00000000, 0x00000000,
  0x00000000, 0x00014B90, 0x00014B92, 0x00014B94, 0x00000000, 0x00014B96, 0x00014B98, 0x00014B9A, 0x00014B9C, 0x00014B9E,
  0x00000000, 0x00014BA0, 0x00014BA2, 0x00014BA4, 0x00014BA6, 0x00014BA8, 0x00014BAA, 0x00014BAC, 0x00014BAE, 0x00014BB0,
  0x00014BB2, 0x00014BB4, 0x00014BB6, 0x00014BB8, 0x00014BBA, 0x00014BBC, 0x00014BBE, 0x00014BC0, 0x00000000, 0x00000000,
  0x00000000, 0x00000000, 0x00014BC2, 0x00014BC4, 0x00014BC6, 0x00014BC8, 0x00014BCA, 0x00014BCC, 0x00014BCE, 0x00014BD0,
  0x00014BD2, 0x00014BD4, 0x00014BD6, 0x00000000, 0x00000000, 0x00000000, 0x00000000, 0x00000000, 0x0001CBD8, 0x0001CBDB,
  0x0001CBDE, 0x0001CBE1, 0x0001CBE4, 0x0001CBE7, 0x0001CBEA, 0x0001CBED, 0x0001CBF0, 0x0001CBF3, 0x0001CBF6, 0x0001CBF9,
  0x0001CBFC, 0x0001CBFF, 0x0001CC02, 0x0001CC05, 0x0001CC08, 0x0001CC0B, 0x0001CC0E, 0x0001CC11, 0x0001CC14, 0x0001CC17,
  0x0001CC1A, 0x0001CC1D, 0x0001CC20, 0x0001CC23, 0x0003CC26, 0x0000CC2D, 0x0000CC2E, 0x00014C2F, 0x00014C31, 0x00000000,
  0x0000CC33, 0x0000CC34, 0x0000CC35, 0x0000CC36, 0x0000CC37, 0x0000CC38, 0x0000CC39, 0x0000CC3A, 0x0000CC3B, 0x0000CC3C,
  0x0000CC3D, 0x0000CC3E, 0x0000CC3F, 0x0000CC40, 0x0000CC41, 0x0000CC42, 0x0000CC43, 0x0000CC44, 0x0000CC45, 0x0000CC46,
  0x0000CC47, 0x0000CC48, 0x0000CC49, 0x0000CC4A, 0x0000CC4B, 0x0000CC4C, 0x00014C4D, 0x00014C4F, 0x00014C51, 0x00014C53,
  0x0001CC55, 0x00014C58, 0x00000000, 0x00000000, 0x00000000, 0x00000000, 0x00000000, 0x00000000, 0x00000000, 0x00000000,
  0x00000000, 0x00000000, 0x00000000, 0x00000000, 0x00000000, 0x00000000, 0x00000000, 0x00000000, 0x00000000, 0x00000000,
  0x00000000, 0x00000000, 0x00000000, 0x00000000, 0x00000000, 0x00000000, 0x00000000, 0x00000000, 0x00014C5A, 0x00014C5C,
  0x00014C5E, 0x00000000, 0x00000000, 0x00000000, 0x00000000, 0x00000000, 0x00000000, 0x00000000, 0x00000000, 0x00000000,
  0x00000000, 0x00000000, 0x00000000, 0x00000000, 0x00000000, 0x00000000, 0x00000000, 0x00000000, 0x00000000, 0x00000000,
  0x00014C60, 0x00000000, 0x00000000, 0x00000000, 0x00000000, 0x00000000, 0x00000000, 0x00000000, 0x00000000, 0x00000000,
  0x00000000, 0x00000000, 0x00000000, 0x00000000, 0x00000000, 0x00000000, 0x00000000, 0x00000000, 0x00000000, 0x00000000,
  0x00000000, 0x00000000, 0x00000000, 0x00000000, 0x00000000, 0x00000000, 0x00000000, 0x00000000, 0x00000000, 0x00000000,
  0x00000000, 0x00000000, 0x00000000, 0x00000000, 0x00000000, 0x00000000, 0x00000000, 0x00000000, 0x00000000, 0x00000000,
  0x00000000, 0x00000000, 0x00000000, 0x00000000, 0x00000000, 0x00000000, 0x00000000, 0x00000000, 0x00034C62, 0x00034C68,
  0x0001CC6E, 0x00000000, 0x00000000, 0x00000000, 0x00000000, 0x00000000, 0x00000000, 0x00000000, 0x00000000, 0x00000000,
  0x00000000, 0x00000000, 0x00000000, 0x00000000, 0x0001CC71, 0x0001CC74, 0x0001CC77, 0x00834C7A, 0x0001CC80, 0x0001CC83,
  0x0001CC86, 0x0001CC89, 0x0001CC8C, 0x0001CC8F, 0x0001CC92, 0x0001CC95, 0x0001CC98, 0x0001CC9B, 0x0001CC9E, 0x0001CCA1,
  0x0001CCA4, 0x0001CCA7, 0x0001CCAA, 0x0001CCAD, 0x0001CCB0, 0x0001CCB3, 0x0001CCB6, 0x0001CCB9, 0x0001CCBC, 0x0001CCBF,
  0x0001CCC2, 0x0001CCC5, 0x0001CCC8, 0x0001CCCB, 0x0001CCCE, 0x0001CCD1, 0x0001CCD4, 0x0001CCD7, 0x0001CCDA, 0x0001CCDD,
  0x0001CCE0, 0x0001CCE3, 0x0001CCE6, 0x0001CCE9, 0x0001CCEC, 0x0001CCEF, 0x0001CCF2, 0x0001CCF5, 0x00000000, 0x00000000,
  0x00000000, 0x00000000, 0x0004CCF8, 0x0004CD01, 0x0004CD0A, 0x0004CD13, 0x0004CD1C, 0x0004CD25, 0x0004CD2E, 0x0004CD37,
  0x0004CD40, 0x00000000, 0x00000000, 0x00000000, 0x00000000, 0x00000000, 0x00000000, 0x00000000, 0x0001CD49, 0x0001CD4C,
  0x00000000, 0x00000000, 0x00000000, 0x00000000, 0x00000000, 0x00000000, 0x00000000, 0x00000000, 0x00000000, 0x00000000,
  0x00000000, 0x00000000, 0x00000000, 0x00000000, 0x00000000, 0x00000000, 0x00000000, 0x00000000, 0x00000000, 0x00000000,
  0x00000000, 0x00000000, 0x00000000, 0x00000000, 0x00000000, 0x00000000, 0x00000000, 0x00000000, 0x00000000, 0x00000000,
  0x00000000, 0x00000000, 0x00000000, 0x00000000, 0x00000000, 0x00000000, 0x00000000, 0x00000000, 0x00000000, 0x00000000,
  0x00000000, 0x00000000, 0x00000000, 0x00000000, 0x00000000, 0x00000000, 0x00000000, 0x00000000, 0x0000CD4F, 0x0000CD50,
  0x0000CD51, 0x0000CD52, 0x0000CD53, 0x0000CD54, 0x0000CD55, 0x0000CD56, 0x0000CD57, 0x0000CD58, 0x00000000, 0x00000000,
  0x00000000, 0x00000000, 0x00000000, 0x00000000,
};

namespace nfd {

const uint16_t full_trie_index[1024] = {
  0x0000, 0x0000, 0x0000, 0x0040, 0x0080, 0x00BF, 0x00FE, 0x0131, 0x0171, 0x0000,
  0x0000, 0x0000, 0x01B1, 0x01F1, 0x0230, 0x0266, 0x02A6, 0x02E0, 0x031D, 0x035C,
  0x0000, 0x0000, 0x0396, 0x03D6, 0x0406, 0x043B, 0x0000, 0x047B, 0x04AA, 0x04EA,
  0x0000, 0x04FF, 0x053D, 0x056B, 0x0594, 0x05CA, 0x060A, 0x0647, 0x0667, 0x06A4,
  0x06E3, 0x0720, 0x073F, 0x077C, 0x078A, 0x07C7, 0x07F3, 0x0829, 0x0837, 0x0874,
  0x088B, 0x08CB, 0x08D9, 0x0916, 0x0000, 0x094C, 0x096B, 0x09A6, 0x09B2, 0x09ED,
  0x0A15, 0x0A52, 0x0A92, 0x0ACC, 0x0AE6, 0x0000, 0x0B21, 0x0000, 0x0000, 0x0000,
  0x0000, 0x0000, 0x0000, 0x0000, 0x0000, 0x0000, 0x0000, 0x0B44, 0x0000, 0x0000,
  0x0000, 0x0000, 0x0000, 0x0000, 0x0000, 0x0000, 0x0000, 0x0000, 0x0000, 0x0000,
  0x0000, 0x0000, 0x0B70, 0x0000, 0x0000, 0x0BA5, 0x0000, 0x0000, 0x0BC3, 0x0000,
  0x0BED, 0x0000, 0x0000, 0x0000, 0x0C29, 0x0C49, 0x0C89, 0x0CC9, 0x0D03, 0x0D43,
  0x0D77, 0x0DA3, 0x0DD7, 0x0000, 0x0000, 0x0E0F, 0x0000, 0x0000, 0x0000, 0x0E4F,
  0x0E8F, 0x0ECF, 0x0F0F, 0x0F4F, 0x0F8F, 0x0FCF, 0x100F, 0x104E, 0x108E, 0x0000,
  0x0000, 0x10BE, 0x10EF, 0x0000, 0x111B, 0x114E, 0x118A, 0x11C9, 0x1209, 0x1239,
  0x1267, 0x0000, 0x0000, 0x0000, 0x0000, 0x0000, 0x0000, 0x0000, 0x0000, 0x0000,
  0x0000, 0x0000, 0x0000, 0x0000, 0x0000, 0x0000, 0x0000, 0x0000, 0x0000, 0x0000,
  0x0000, 0x0000, 0x0000, 0x0000, 0x0000, 0x0000, 0x0000, 0x0000, 0x0000, 0x0000,
  0x0000, 0x1292, 0x0000, 0x0000, 0x0000, 0x0000, 0x0000, 0x0000, 0x0000, 0x12AF,
  0x0000, 0x12E1, 0x0000, 0x1321, 0x0000, 0x0000, 0x0000, 0x0000, 0x0000, 0x0000,
  0x0000, 0x0000, 0x1361, 0x1395, 0x13D3, 0x1413, 0x0000, 0x0000, 0x0000, 0x0000,
  0x0000, 0x0000, 0x0000, 0x0000, 0x0000, 0x0000, 0x0000, 0x0000, 0x0000, 0x0000,
  0x0000, 0x0000, 0x0000, 0x0000, 0x0000, 0x0000, 0x0000, 0x0000, 0x0000, 0x0000,
  0x0000, 0x0000, 0x0000, 0x0000, 0x0000, 0x0000, 0x0000, 0x0000, 0x0000, 0x0000,
  0x0000, 0x0000, 0x0000, 0x0000, 0x0000, 0x0000, 0x0000, 0x0000, 0x0000, 0x0000,
  0x0000, 0x0000, 0x0000, 0x0000, 0x0000, 0x0000, 0x0000, 0x0000, 0x0000, 0x0000,
  0x0000, 0x0000, 0x0000, 0x0000, 0x0000, 0x0000, 0x0000, 0x0000, 0x0000, 0x0000,
  0x0000, 0x0000, 0x0000, 0x0000, 0x0000, 0x0000, 0x0000, 0x0000, 0x0000, 0x0000,
  0x0000, 0x0000, 0x0000, 0x0000, 0x0000, 0x0000, 0x0000, 0x0000, 0x0000, 0x0000,
  0x0000, 0x0000, 0x0000, 0x0000, 0x0000, 0x0000, 0x0000, 0x0000, 0x0000, 0x0000,
  0x0000, 0x0000, 0x0000, 0x0000, 0x0000, 0x0000, 0x0000, 0x0000, 0x0000, 0x0000,
  0x0000, 0x0000, 0x0000, 0x0000, 0x0000, 0x0000, 0x0000, 0x0000, 0x0000, 0x0000,
  0x0000, 0x0000, 0x0000, 0x0000, 0x0000, 0x0000, 0x0000, 0x0000, 0x0000, 0x0000,
  0x0000, 0x0000, 0x0000, 0x0000, 0x0000, 0x0000, 0x0000, 0x0000, 0x0000, 0x0000,
  0x0000, 0x0000, 0x0000, 0x0000, 0x0000, 0x0000, 0x0000, 0x0000, 0x0000, 0x0000,
  0x0000, 0x0000, 0x0000, 0x0000, 0x0000, 0x0000, 0x0000, 0x0000, 0x0000, 0x0000,
  0x0000, 0x0000, 0x0000, 0x0000, 0x0000, 0x0000, 0x0000, 0x0000, 0x0000, 0x0000,
  0x0000, 0x0000, 0x0000, 0x0000, 0x0000, 0x0000, 0x0000, 0x0000, 0x0000, 0x0000,
  0x0000, 0x0000, 0x0000, 0x0000, 0x0000, 0x0000, 0x0000, 0x0000, 0x0000, 0x0000,
  0x0000, 0x0000, 0x0000, 0x0000, 0x0000, 0x0000, 0x0000, 0x0000, 0x0000, 0x0000,
  0x0000, 0x0000, 0x0000, 0x0000, 0x0000, 0x0000, 0x0000, 0x0000, 0x0000, 0x0000,
  0x0000, 0x0000, 0x0000, 0x0000, 0x0000, 0x0000, 0x0000, 0x0000, 0x0000, 0x0000,
  0x0000, 0x0000, 0x0000, 0x0000, 0x0000, 0x0000, 0x0000, 0x0000, 0x0000, 0x0000,
  0x0000, 0x0000, 0x0000, 0x0000, 0x0000, 0x0000, 0x0000, 0x0000, 0x0000, 0x0000,
  0x0000, 0x0000, 0x0000, 0x0000, 0x0000, 0x0000, 0x0000, 0x0000, 0x0000, 0x0000,
  0x0000, 0x0000, 0x0000, 0x0000, 0x0000, 0x0000, 0x0000, 0x0000, 0x0000, 0x0000,
  0x0000, 0x0000, 0x0000, 0x0000, 0x0000, 0x0000, 0x0000, 0x0000, 0x0000, 0x0000,
  0x0000, 0x0000, 0x0000, 0x0000, 0x0000, 0x0000, 0x0000, 0x0000, 0x0000, 0x0000,
  0x0000, 0x0000, 0x0000, 0x0000, 0x0000, 0x0000, 0x0000, 0x0000, 0x0000, 0x0000,
  0x0000, 0x0000, 0x0000, 0x0000, 0x0000, 0x0000, 0x0000, 0x0000, 0x0000, 0x0000,
  0x0000, 0x0000, 0x0000, 0x0000, 0x0000, 0x0000, 0x0000, 0x0000, 0x0000, 0x0000,
  0x0000, 0x0000, 0x0000, 0x0000, 0x0000, 0x0000, 0x0000, 0x0000, 0x0000, 0x0000,
  0x0000, 0x0000, 0x0000, 0x0000, 0x0000, 0x0000, 0x0000, 0x0000, 0x0000, 0x0000,
  0x0000, 0x0000, 0x0000, 0x0000, 0x0000, 0x0000, 0x0000, 0x0000, 0x0000, 0x0000,
  0x0000, 0x0000, 0x0000, 0x0000, 0x0000, 0x0000, 0x0000, 0x0000, 0x0000, 0x0000,
  0x0000, 0x0000, 0x0000, 0x0000, 0x0000, 0x0000, 0x0000, 0x0000, 0x0000, 0x0000,
  0x0000, 0x0000, 0x0000, 0x0000, 0x0000, 0x0000, 0x0000, 0x0000, 0x0000, 0x0000,
  0x0000, 0x0000, 0x0000, 0x0000, 0x0000, 0x0000, 0x0000, 0x0000, 0x0000, 0x0000,
  0x0000, 0x0000, 0x0000, 0x0000, 0x0000, 0x0000, 0x0000, 0x0000, 0x0000, 0x0000,
  0x0000, 0x0000, 0x0000, 0x0000, 0x0000, 0x0000, 0x0000, 0x0000, 0x0000, 0x0000,
  0x0000, 0x0000, 0x0000, 0x0000, 0x0000, 0x0000, 0x0000, 0x0000, 0x0000, 0x0000,
  0x0000, 0x0000, 0x0000, 0x0000, 0x0000, 0x0000, 0x0000, 0x0000, 0x0000, 0x0000,
  0x0000, 0x0000, 0x0000, 0x0000, 0x0000, 0x0000, 0x0000, 0x0000, 0x0000, 0x0000,
  0x0000, 0x0000, 0x0000, 0x0000, 0x0000, 0x0000, 0x0000, 0x0000, 0x0000, 0x0000,
  0x0000, 0x0000, 0x0000, 0x0000, 0x0000, 0x0000, 0x0000, 0x0000, 0x0000, 0x0000,
  0x0000, 0x0000, 0x0000, 0x0000, 0x0000, 0x0000, 0x0000, 0x0000, 0x0000, 0x0000,
  0x0000, 0x0000, 0x0000, 0x0000, 0x0000, 0x0000, 0x0000, 0x0000, 0x0000, 0x0000,
  0x0000, 0x0000, 0x0000, 0x0000, 0x0000, 0x1452, 0x1490, 0x14B0, 0x0000, 0x0000,
  0x0000, 0x0000, 0x14EA, 0x0000, 0x0000, 0x1526, 0x1558, 0x1586, 0x159A, 0x15DA,
  0x0000, 0x0000, 0x15EA, 0x162A, 0x0000, 0x0000, 0x0000, 0x1661, 0x0000, 0x0000,
  0x0000, 0x0000, 0x0000, 0x0000, 0x0000, 0x0000, 0x0000, 0x0000, 0x0000, 0x0000,
  0x0000, 0x0000, 0x0000, 0x0000, 0x0000, 0x0000, 0x0000, 0x0000, 0x0000, 0x0000,
  0x0000, 0x0000, 0x0000, 0x0000, 0x0000, 0x0000, 0x0000, 0x0000, 0x0000, 0x0000,
  0x0000, 0x0000, 0x0000, 0x0000, 0x0000, 0x0000, 0x0000, 0x0000, 0x0000, 0x0000,
  0x0000, 0x0000, 0x0000, 0x0000, 0x0000, 0x0000, 0x0000, 0x0000, 0x0000, 0x0000,
  0x0000, 0x0000, 0x0000, 0x0000, 0x0000, 0x0000, 0x0000, 0x0000, 0x0000, 0x0000,
  0x0000, 0x0000, 0x0000, 0x0000, 0x0000, 0x0000, 0x0000, 0x0000, 0x0000, 0x0000,
  0x0000, 0x0000, 0x0000, 0x0000, 0x0000, 0x0000, 0x0000, 0x0000, 0x0000, 0x0000,
  0x0000, 0x0000, 0x0000, 0x0000, 0x0000, 0x0000, 0x0000, 0x0000, 0x0000, 0x0000,
  0x0000, 0x0000, 0x0000, 0x0000, 0x0000, 0x0000, 0x0000, 0x0000, 0x0000, 0x0000,
  0x0000, 0x0000, 0x0000, 0x0000, 0x0000, 0x0000, 0x0000, 0x0000, 0x0000, 0x0000,
  0x0000, 0x0000, 0x0000, 0x0000, 0x0000, 0x0000, 0x0000, 0x0000, 0x0000, 0x0000,
  0x0000, 0x0000, 0x0000, 0x0000, 0x0000, 0x0000, 0x0000, 0x0000, 0x0000, 0x0000,
  0x0000, 0x0000, 0x0000, 0x0000, 0x0000, 0x0000, 0x0000, 0x0000, 0x0000, 0x0000,
  0x0000, 0x0000, 0x0000, 0x0000, 0x0000, 0x0000, 0x0000, 0x0000, 0x0000, 0x0000,
  0x0000, 0x0000, 0x0000, 0x0000, 0x0000, 0x0000, 0x0000, 0x0000, 0x0000, 0x0000,
  0x0000, 0x0000, 0x0000, 0x0000, 0x0000, 0x0000, 0x0000, 0x0000, 0x0000, 0x0000,
  0x0000, 0x0000, 0x0000, 0x0000, 0x0000, 0x0000, 0x0000, 0x0000, 0x0000, 0x0000,
  0x0000, 0x0000, 0x0000, 0x0000, 0x0000, 0x0000, 0x0000, 0x0000, 0x0000, 0x0000,
  0x0000, 0x0000, 0x0000, 0x0000, 0x0000, 0x0000, 0x0000, 0x0000, 0x0000, 0x0000,
  0x0000, 0x0000, 0x0000, 0x0000, 0x0000, 0x0000, 0x0000, 0x0000, 0x0000, 0x0000,
  0x0000, 0x0000, 0x0000, 0x0000, 0x0000, 0x0000, 0x0000, 0x0000, 0x0000, 0x0000,
  0x0000, 0x0000, 0x0000, 0x0000, 0x0000, 0x0000, 0x0000, 0x0000, 0x0000, 0x0000,
  0x0000, 0x0000, 0x0000, 0x0000, 0x0000, 0x0000, 0x0000, 0x0000, 0x0000, 0x0000,
  0x0000, 0x0000, 0x0000, 0x0000, 0x0000, 0x0000, 0x0000, 0x0000, 0x0000, 0x0000,
  0x0000, 0x0000, 0x0000, 0x0000, 0x0000, 0x0000, 0x0000, 0x0000, 0x0000, 0x0000,
  0x0000, 0x0000, 0x0000, 0x0000, 0x0000, 0x0000, 0x0000, 0x0000, 0x0000, 0x0000,
  0x0000, 0x0000, 0x0000, 0x0000, 0x0000, 0x0000, 0x0000, 0x0000, 0x0000, 0x0000,
  0x0000, 0x0000, 0x0000, 0x0000, 0x0000, 0x0000, 0x0000, 0x0000, 0x0000, 0x0000,
  0x0000, 0x0000, 0x0000, 0x0000, 0x0000, 0x0000, 0x0000, 0x0000, 0x0000, 0x0000,
  0x0000, 0x0000, 0x0000, 0x0000, 0x0000, 0x0000, 0x16A1, 0x16E1, 0x1721, 0x1761,
  0x17A1, 0x17E1, 0x1821, 0x1861, 0x1884, 0x18C4, 0x0000, 0x0000, 0x0000, 0x0000,
  0x0000, 0x0000, 0x0000, 0x0000, 0x0000, 0x0000, 0x18E4, 0x0000, 0x0000, 0x0000,
  0x0000, 0x0000, 0x0000, 0x0000,
};

const uint16_t full_trie_index1[512] = {
  0x0000, 0x0018, 0x0037, 0x0057, 0x0075, 0x0075, 0x0075, 0x0075, 0x0075, 0x0075,
  0x0075, 0x0075, 0x0091, 0x00A6, 0x0075, 0x0075, 0x0075, 0x0075, 0x0075, 0x0075,
  0x0075, 0x0075, 0x0075, 0x00C6, 0x0075, 0x0075, 0x00E1, 0x0075, 0x0101, 0x011E,
  0x0075, 0x0075, 0x0075, 0x0075, 0x0075, 0x0075, 0x0075, 0x0075, 0x0075, 0x0075,
  0x0075, 0x0075, 0x0075, 0x0075, 0x0075, 0x0075, 0x0075, 0x0075, 0x0075, 0x0075,
  0x0075, 0x0075, 0x0075, 0x0075, 0x0075, 0x0075, 0x0075, 0x0075, 0x0075, 0x0075,
  0x0075, 0x0075, 0x0075, 0x013E, 0x0075, 0x0075, 0x0075, 0x0075, 0x0075, 0x0075,
  0x0075, 0x0075, 0x0075, 0x0075, 0x0075, 0x0075, 0x0075, 0x0075, 0x0075, 0x0075,
  0x0075, 0x0075, 0x0075, 0x0075, 0x0075, 0x0075, 0x0075, 0x0075, 0x0075, 0x0075,
  0x0075, 0x0075, 0x0075, 0x0075, 0x0075, 0x0075, 0x0075, 0x0075, 0x0075, 0x0075,
  0x0075, 0x0075, 0x0075, 0x0075, 0x0075, 0x0075, 0x0075, 0x0075, 0x0075, 0x0075,
  0x0075, 0x0075, 0x0075, 0x0075, 0x0075, 0x0075, 0x0075, 0x0075, 0x0075, 0x0075,
  0x0075, 0x0075, 0x0075, 0x0075, 0x0075, 0x0075, 0x0075, 0x0075, 0x0075, 0x0075,
  0x0075, 0x0075, 0x0075, 0x0075, 0x0075, 0x0075, 0x0075, 0x0075, 0x0075, 0x0075,
  0x0075, 0x0075, 0x0075, 0x0075, 0x0075, 0x0075, 0x0075, 0x0075, 0x0075, 0x0075,
  0x0075, 0x0075, 0x0075, 0x0075, 0x0075, 0x0075, 0x0075, 0x0075, 0x0075, 0x0075,
  0x0075, 0x0075, 0x0075, 0x0075, 0x0075, 0x0075, 0x0075, 0x0075, 0x0075, 0x0075,
  0x0075, 0x0075, 0x0075, 0x0075, 0x0075, 0x0075, 0x0075, 0x0075, 0x0075, 0x0075,
  0x0075, 0x0075, 0x0075, 0x0075, 0x0075, 0x0075, 0x0075, 0x0075, 0x0075, 0x0075,
  0x0075, 0x0075, 0x0075, 0x0075, 0x0075, 0x0075, 0x0075, 0x0075, 0x0075, 0x0075,
  0x0075, 0x0075, 0x0075, 0x0075, 0x0075, 0x0075, 0x0075, 0x0075, 0x0075, 0x0075,
  0x0075, 0x0075, 0x0075, 0x0075, 0x0075, 0x0075, 0x0075, 0x0075, 0x0075, 0x0075,
  0x0075, 0x0075, 0x0075, 0x0075, 0x0075, 0x0075, 0x0075, 0x0075, 0x0075, 0x0075,
  0x0075, 0x0075, 0x0075, 0x0075, 0x0075, 0x0075, 0x0075, 0x0075, 0x0075, 0x0075,
  0x0075, 0x0075, 0x0075, 0x0075, 0x0075, 0x0075, 0x0075, 0x0075, 0x0075, 0x0075,
  0x0075, 0x0075, 0x0075, 0x0075, 0x0075, 0x0075, 0x0075, 0x0075, 0x0075, 0x0075,
  0x0075, 0x0075, 0x0075, 0x0075, 0x0075, 0x0075, 0x0075, 0x0075, 0x0075, 0x0075,
  0x0075, 0x0075, 0x0075, 0x0075, 0x0075, 0x0075, 0x0075, 0x0075, 0x0075, 0x0075,
  0x0075, 0x0075, 0x0075, 0x0075, 0x0075, 0x0075, 0x0075, 0x0075, 0x0075, 0x0075,
  0x0075, 0x0075, 0x0075, 0x0075, 0x0075, 0x0075, 0x0075, 0x0075, 0x0075, 0x0075,
  0x0075, 0x0075, 0x0075, 0x0075, 0x0075, 0x0075, 0x0075, 0x0075, 0x0075, 0x0075,
  0x0075, 0x0075, 0x0075, 0x0075, 0x0075, 0x0075, 0x0075, 0x0075, 0x0075, 0x0075,
  0x0075, 0x0075, 0x0075, 0x0075, 0x0075, 0x0075, 0x0075, 0x0075, 0x0075, 0x0075,
  0x0075, 0x0075, 0x0075, 0x0075, 0x0075, 0x0075, 0x0075, 0x0075, 0x0075, 0x0075,
  0x0075, 0x0075, 0x0075, 0x0075, 0x0075, 0x0075, 0x0075, 0x0075, 0x0075, 0x0075,
  0x0075, 0x0075, 0x0075, 0x0075, 0x0075, 0x0075, 0x0075, 0x0075, 0x0075, 0x0075,
  0x0075, 0x0075, 0x0075, 0x0075, 0x0075, 0x0075, 0x0075, 0x0075, 0x0075, 0x0075,
  0x0075, 0x0075, 0x0075, 0x0075, 0x0075, 0x0075, 0x0075, 0x0075, 0x0075, 0x0075,
  0x0075, 0x0075, 0x0075, 0x0075, 0x0075, 0x0075, 0x0075, 0x0075, 0x0075, 0x0075,
  0x0075, 0x0075, 0x0075, 0x0075, 0x0075, 0x0075, 0x0075, 0x0075, 0x0075, 0x0075,
  0x0075, 0x0075, 0x0075, 0x0075, 0x0075, 0x0075, 0x0075, 0x0075, 0x0075, 0x0075,
  0x0075, 0x0075, 0x0075, 0x0075, 0x0075, 0x0075, 0x0075, 0x0075, 0x0075, 0x0075,
  0x0075, 0x0075, 0x0075, 0x0075, 0x0075, 0x0075, 0x0075, 0x0075, 0x0075, 0x0075,
  0x0075, 0x0075, 0x0075, 0x0075, 0x0075, 0x0075, 0x0075, 0x0075, 0x0075, 0x0075,
  0x0075, 0x0075, 0x0075, 0x0075, 0x0075, 0x0075, 0x0075, 0x0075, 0x0075, 0x0075,
  0x0075, 0x0075, 0x0075, 0x0075, 0x0075, 0x0075, 0x0075, 0x0075, 0x0075, 0x0075,
  0x0075, 0x0075, 0x0075, 0x0075, 0x0075, 0x0075, 0x0075, 0x0075, 0x0075, 0x0075,
  0x0075, 0x0075, 0x0075, 0x0075, 0x0075, 0x0075, 0x0075, 0x0075, 0x0075, 0x0075,
  0x0075, 0x0075, 0x0075, 0x0075, 0x0075, 0x0075, 0x0075, 0x0075, 0x0075, 0x0075,
  0x0075, 0x0075, 0x0075, 0x0075, 0x0075, 0x0075, 0x0075, 0x0075, 0x0075, 0x0075,
  0x0075, 0x0075, 0x0075, 0x0075, 0x0075, 0x0075, 0x0075, 0x0075, 0x0075, 0x0075,
  0x0075, 0x0075,
};

const uint16_t full_trie_index2[350] = {
  0x0000, 0x0000, 0x0000, 0x0000, 0x0000, 0x0000, 0x0000, 0x1914, 0x0000, 0x0000,
  0x0000, 0x1952, 0x0000, 0x1973, 0x0000, 0x0000, 0x0000, 0x0000, 0x0000, 0x0000,
  0x0000, 0x0000, 0x0000, 0x19AE, 0x0000, 0x0000, 0x0000, 0x0000, 0x0000, 0x0000,
  0x0000, 0x0000, 0x19E1, 0x0000, 0x0000, 0x1A21, 0x0000, 0x0000, 0x0000, 0x0000,
  0x0000, 0x0000, 0x0000, 0x0000, 0x1A48, 0x1A70, 0x0000, 0x0000, 0x0000, 0x0000,
  0x1A9E, 0x1ACB, 0x0000, 0x1B0B, 0x1B49, 0x0000, 0x1B83, 0x1BC3, 0x0000, 0x1C03,
  0x1C38, 0x0000, 0x1C78, 0x1C83, 0x0000, 0x0000, 0x1CBA, 0x1CE5, 0x1D22, 0x1D5F,
  0x1D9A, 0x0000, 0x1DD8, 0x1DF7, 0x1E36, 0x0000, 0x0000, 0x1E3C, 0x1E7C, 0x1E7D,
  0x0000, 0x1EBD, 0x0000, 0x1EF5, 0x0000, 0x0000, 0x0000, 0x1F21, 0x0000, 0x0000,
  0x0000, 0x1F5C, 0x1F9B, 0x0000, 0x1FBB, 0x1FDC, 0x2015, 0x203C, 0x0000, 0x0000,
  0x0000, 0x0000, 0x0000, 0x2056, 0x0000, 0x0000, 0x0000, 0x0000, 0x2096, 0x20BF,
  0x0000, 0x0000, 0x0000, 0x0000, 0x0000, 0x0000, 0x20FE, 0x0000, 0x0000, 0x0000,
  0x0000, 0x0000, 0x0000, 0x0000, 0x0000, 0x0000, 0x0000, 0x0000, 0x0000, 0x0000,
  0x0000, 0x0000, 0x0000, 0x0000, 0x0000, 0x0000, 0x0000, 0x0000, 0x0000, 0x0000,
  0x0000, 0x0000, 0x0000, 0x0000, 0x0000, 0x0000, 0x0000, 0x0000, 0x0000, 0x211D,
  0x0000, 0x0000, 0x0000, 0x0000, 0x0000, 0x0000, 0x0000, 0x0000, 0x0000, 0x0000,
  0x0000, 0x0000, 0x0000, 0x0000, 0x0000, 0x0000, 0x0000, 0x0000, 0x0000, 0x0000,
  0x0000, 0x0000, 0x0000, 0x0000, 0x0000, 0x0000, 0x0000, 0x214D, 0x2182, 0x0000,
  0x0000, 0x0000, 0x0000, 0x0000, 0x0000, 0x0000, 0x0000, 0x21B9, 0x0000, 0x0000,
  0x0000, 0x0000, 0x0000, 0x0000, 0x0000, 0x0000, 0x0000, 0x21E4, 0x0000, 0x0000,
  0x0000, 0x0000, 0x0000, 0x0000, 0x0000, 0x0000, 0x0000, 0x0000, 0x0000, 0x0000,
  0x0000, 0x0000, 0x0000, 0x0000, 0x0000, 0x0000, 0x2216, 0x0000, 0x0000, 0x0000,
  0x0000, 0x0000, 0x0000, 0x0000, 0x0000, 0x0000, 0x0000, 0x0000, 0x0000, 0x0000,
  0x2238, 0x2278, 0x22B8, 0x0000, 0x22F6, 0x0000, 0x0000, 0x0000, 0x0000, 0x0000,
  0x0000, 0x0000, 0x0000, 0x0000, 0x0000, 0x0000, 0x0000, 0x0000, 0x0000, 0x0000,
  0x0000, 0x0000, 0x0000, 0x0000, 0x0000, 0x0000, 0x0000, 0x2336, 0x0000, 0x2367,
  0x0000, 0x2377, 0x0000, 0x0000, 0x0000, 0x0000, 0x0000, 0x23AE, 0x23DD, 0x0000,
  0x0000, 0x0000, 0x0000, 0x0000, 0x0000, 0x0000, 0x240D, 0x0000, 0x0000, 0x0000,
  0x243D, 0x0000, 0x0000, 0x0000, 0x246D, 0x0000, 0x0000, 0x0000, 0x0000, 0x24A3,
  0x0000, 0x24DF, 0x0000, 0x0000, 0x0000, 0x0000, 0x0000, 0x0000, 0x0000, 0x0000,
  0x0000, 0x0000, 0x0000, 0x0000, 0x0000, 0x0000, 0x0000, 0x0000, 0x0000, 0x0000,
  0x0000, 0x0000, 0x0000, 0x0000, 0x0000, 0x0000, 0x0000, 0x0000, 0x251F, 0x255F,
  0x259F, 0x25DF, 0x261F, 0x265F, 0x269F, 0x26DF, 0x271F, 0x0000, 0x0000, 0x0000,
  0x0000, 0x0000, 0x0000, 0x0000, 0x0000, 0x0000, 0x0000, 0x0000, 0x0000, 0x0000,
  0x0000, 0x0000, 0x0000, 0x0000, 0x0000, 0x0000, 0x0000, 0x0000, 0x0000, 0x0000,
};
} // namespace nfd

namespace nfkd {

const uint16_t full_trie_index[1024] = {
  0x0000, 0x0000, 0x273F, 0x0040, 0x277F, 0x27BF, 0x00FE, 0x27FF, 0x0171, 0x0000,
  0x283F, 0x2878, 0x01B1, 0x28B8, 0x28F7, 0x292D, 0x02A6, 0x02E0, 0x031D, 0x035C,
  0x0000, 0x0000, 0x2967, 0x03D6, 0x0406, 0x29A7, 0x0000, 0x047B, 0x04AA, 0x04EA,
  0x0000, 0x04FF, 0x053D, 0x056B, 0x0594, 0x05CA, 0x060A, 0x0647, 0x0667, 0x06A4,
  0x06E3, 0x0720, 0x073F, 0x077C, 0x078A, 0x07C7, 0x07F3, 0x0829, 0x0837, 0x0874,
  0x088B, 0x08CB, 0x08D9, 0x0916, 0x0000, 0x094C, 0x29E0, 0x09A6, 0x2A1B, 0x2A56,
  0x2A8A, 0x2AC7, 0x0A92, 0x0ACC, 0x0AE6, 0x0000, 0x0B21, 0x2B05, 0x0000, 0x0000,
  0x0000, 0x0000, 0x0000, 0x0000, 0x0000, 0x0000, 0x0000, 0x0B44, 0x0000, 0x0000,
  0x0000, 0x0000, 0x0000, 0x0000, 0x0000, 0x0000, 0x0000, 0x0000, 0x0000, 0x0000,
  0x0000, 0x0000, 0x0B70, 0x0000, 0x0000, 0x0BA5, 0x0000, 0x0000, 0x0BC3, 0x0000,
  0x0BED, 0x0000, 0x0000, 0x0000, 0x0C29, 0x0C49, 0x0C89, 0x0CC9, 0x0D03, 0x0D43,
  0x0D77, 0x0DA3, 0x0DD7, 0x0000, 0x0000, 0x0E0F, 0x2B42, 0x2B82, 0x2BBB, 0x0E4F,
  0x0E8F, 0x0ECF, 0x2BFB, 0x0F4F, 0x0F8F, 0x0FCF, 0x2C3B, 0x2C7B, 0x2CBB, 0x2CFA,
  0x2D3A, 0x10BE, 0x2D7A, 0x2DBA, 0x2DFA, 0x114E, 0x2E36, 0x11C9, 0x1209, 0x1239,
  0x1267, 0x0000, 0x0000, 0x0000, 0x0000, 0x2E67, 0x2EA7, 0x2EE7, 0x0000, 0x0000,
  0x0000, 0x0000, 0x0000, 0x0000, 0x0000, 0x0000, 0x0000, 0x0000, 0x0000, 0x0000,
  0x0000, 0x0000, 0x0000, 0x0000, 0x0000, 0x0000, 0x0000, 0x0000, 0x2F1B, 0x2F28,
  0x0000, 0x1292, 0x0000, 0x0000, 0x0000, 0x0000, 0x0000, 0x2F5F, 0x0000, 0x12AF,
  0x0000, 0x2F9D, 0x0000, 0x1321, 0x0000, 0x0000, 0x2FDD, 0x2FFD, 0x303D, 0x307D,
  0x30BD, 0x30FD, 0x313D, 0x1395, 0x3178, 0x31B8, 0x31F8, 0x3238, 0x3278, 0x0000,
  0x32B8, 0x32F8, 0x3338, 0x3378, 0x33B8, 0x33F8, 0x3438, 0x3478, 0x0000, 0x0000,
  0x0000, 0x0000, 0x0000, 0x0000, 0x0000, 0x0000, 0x0000, 0x0000, 0x0000, 0x0000,
  0x0000, 0x0000, 0x0000, 0x0000, 0x0000, 0x0000, 0x0000, 0x0000, 0x0000, 0x0000,
  0x0000, 0x0000, 0x0000, 0x0000, 0x0000, 0x0000, 0x0000, 0x0000, 0x0000, 0x0000,
  0x0000, 0x0000, 0x0000, 0x0000, 0x0000, 0x0000, 0x0000, 0x0000, 0x0000, 0x0000,
  0x0000, 0x0000, 0x0000, 0x0000, 0x0000, 0x0000, 0x0000, 0x0000, 0x0000, 0x0000,
  0x0000, 0x0000, 0x0000, 0x0000, 0x0000, 0x0000, 0x0000, 0x0000, 0x0000, 0x0000,
  0x0000, 0x0000, 0x0000, 0x0000, 0x0000, 0x0000, 0x0000, 0x0000, 0x0000, 0x0000,
  0x0000, 0x0000, 0x0000, 0x0000, 0x0000, 0x0000, 0x0000, 0x0000, 0x0000, 0x0000,
  0x0000, 0x0000, 0x0000, 0x0000, 0x0000, 0x0000, 0x0000, 0x0000, 0x0000, 0x0000,
  0x0000, 0x0000, 0x0000, 0x0000, 0x0000, 0x0000, 0x0000, 0x0000, 0x0000, 0x0000,
  0x0000, 0x0000, 0x0000, 0x0000, 0x0000, 0x0000, 0x0000, 0x0000, 0x0000, 0x0000,
  0x0000, 0x0000, 0x0000, 0x0000, 0x0000, 0x0000, 0x0000, 0x0000, 0x0000, 0x0000,
  0x0000, 0x0000, 0x0000, 0x0000, 0x0000, 0x0000, 0x0000, 0x0000, 0x0000, 0x0000,
  0x0000, 0x0000, 0x0000, 0x0000, 0x0000, 0x0000, 0x0000, 0x0000, 0x0000, 0x0000,
  0x0000, 0x0000, 0x0000, 0x0000, 0x0000, 0x0000, 0x0000, 0x0000, 0x0000, 0x0000,
  0x0000, 0x0000, 0x0000, 0x0000, 0x0000, 0x0000, 0x0000, 0x0000, 0x0000, 0x0000,
  0x0000, 0x0000, 0x0000, 0x0000, 0x0000, 0x0000, 0x0000, 0x0000, 0x0000, 0x0000,
  0x0000, 0x0000, 0x0000, 0x0000, 0x0000, 0x0000, 0x0000, 0x0000, 0x0000, 0x0000,
  0x0000, 0x0000, 0x0000, 0x0000, 0x0000, 0x0000, 0x0000, 0x0000, 0x0000, 0x0000,
  0x0000, 0x0000, 0x0000, 0x0000, 0x0000, 0x0000, 0x0000, 0x0000, 0x0000, 0x0000,
  0x0000, 0x0000, 0x0000, 0x0000, 0x0000, 0x0000, 0x0000, 0x0000, 0x0000, 0x0000,
  0x0000, 0x0000, 0x0000, 0x0000, 0x0000, 0x0000, 0x0000, 0x0000, 0x0000, 0x0000,
  0x0000, 0x0000, 0x0000, 0x0000, 0x0000, 0x0000, 0x0000, 0x0000, 0x0000, 0x0000,
  0x0000, 0x0000, 0x0000, 0x0000, 0x0000, 0x0000, 0x0000, 0x0000, 0x0000, 0x0000,
  0x0000, 0x0000, 0x0000, 0x0000, 0x0000, 0x0000, 0x0000, 0x0000, 0x0000, 0x0000,
  0x0000, 0x0000, 0x0000, 0x0000, 0x0000, 0x0000, 0x0000, 0x0000, 0x0000, 0x0000,
  0x0000, 0x0000, 0x0000, 0x0000, 0x0000, 0x0000, 0x0000, 0x0000, 0x0000, 0x0000,
  0x0000, 0x0000, 0x0000, 0x0000, 0x0000, 0x0000, 0x0000, 0x0000, 0x0000, 0x0000,
  0x0000, 0x0000, 0x0000, 0x0000, 0x0000, 0x0000, 0x0000, 0x0000, 0x0000, 0x0000,
  0x0000, 0x0000, 0x0000, 0x0000, 0x0000, 0x0000, 0x0000, 0x0000, 0x0000, 0x0000,
  0x0000, 0x0000, 0x0000, 0x0000, 0x0000, 0x0000, 0x0000, 0x0000, 0x0000, 0x0000,
  0x0000, 0x0000, 0x0000, 0x0000, 0x0000, 0x0000, 0x0000, 0x0000, 0x0000, 0x0000,
  0x0000, 0x0000, 0x0000, 0x0000, 0x0000, 0x0000, 0x0000, 0x0000, 0x0000, 0x0000,
  0x0000, 0x0000, 0x0000, 0x0000, 0x0000, 0x0000, 0x0000, 0x0000, 0x0000, 0x0000,
  0x0000, 0x0000, 0x0000, 0x0000, 0x0000, 0x0000, 0x0000, 0x0000, 0x0000, 0x0000,
  0x0000, 0x0000, 0x0000, 0x0000, 0x0000, 0x0000, 0x0000, 0x0000, 0x0000, 0x0000,
  0x0000, 0x0000, 0x0000, 0x0000, 0x0000, 0x0000, 0x0000, 0x0000, 0x0000, 0x0000,
  0x0000, 0x0000, 0x0000, 0x0000, 0x0000, 0x0000, 0x0000, 0x0000, 0x0000, 0x0000,
  0x0000, 0x0000, 0x0000, 0x0000, 0x0000, 0x0000, 0x0000, 0x0000, 0x0000, 0x0000,
  0x0000, 0x0000, 0x0000, 0x0000, 0x0000, 0x0000, 0x0000, 0x0000, 0x0000, 0x0000,
  0x0000, 0x0000, 0x0000, 0x0000, 0x0000, 0x0000, 0x0000, 0x0000, 0x0000, 0x0000,
  0x0000, 0x0000, 0x0000, 0x0000, 0x0000, 0x0000, 0x0000, 0x0000, 0x0000, 0x0000,
  0x0000, 0x0000, 0x0000, 0x0000, 0x0000, 0x0000, 0x0000, 0x0000, 0x0000, 0x0000,
  0x0000, 0x0000, 0x0000, 0x0000, 0x0000, 0x0000, 0x0000, 0x0000, 0x0000, 0x0000,
  0x0000, 0x0000, 0x0000, 0x0000, 0x0000, 0x0000, 0x0000, 0x0000, 0x0000, 0x0000,
  0x0000, 0x0000, 0x0000, 0x0000, 0x0000, 0x1452, 0x34B8, 0x14B0, 0x0000, 0x34D8,
  0x0000, 0x3509, 0x14EA, 0x0000, 0x0000, 0x1526, 0x1558, 0x1586, 0x159A, 0x15DA,
  0x0000, 0x0000, 0x15EA, 0x162A, 0x0000, 0x3543, 0x0000, 0x1661, 0x0000, 0x0000,
  0x0000, 0x0000, 0x0000, 0x0000, 0x0000, 0x0000, 0x0000, 0x0000, 0x0000, 0x0000,
  0x0000, 0x0000, 0x0000, 0x0000, 0x0000, 0x0000, 0x0000, 0x0000, 0x0000, 0x0000,
  0x0000, 0x0000, 0x0000, 0x0000, 0x0000, 0x0000, 0x0000, 0x0000, 0x0000, 0x0000,
  0x0000, 0x0000, 0x0000, 0x0000, 0x0000, 0x0000, 0x0000, 0x0000, 0x0000, 0x0000,
  0x0000, 0x0000, 0x0000, 0x0000, 0x0000, 0x0000, 0x0000, 0x0000, 0x0000, 0x0000,
  0x0000, 0x0000, 0x0000, 0x0000, 0x0000, 0x0000, 0x0000, 0x0000, 0x0000, 0x0000,
  0x0000, 0x0000, 0x0000, 0x0000, 0x0000, 0x0000, 0x0000, 0x0000, 0x0000, 0x0000,
  0x0000, 0x0000, 0x0000, 0x0000, 0x0000, 0x0000, 0x0000, 0x0000, 0x0000, 0x0000,
  0x0000, 0x0000, 0x0000, 0x0000, 0x0000, 0x0000, 0x0000, 0x0000, 0x0000, 0x0000,
  0x0000, 0x0000, 0x0000, 0x0000, 0x0000, 0x0000, 0x0000, 0x0000, 0x0000, 0x0000,
  0x0000, 0x0000, 0x0000, 0x0000, 0x0000, 0x0000, 0x0000, 0x0000, 0x0000, 0x0000,
  0x0000, 0x0000, 0x0000, 0x0000, 0x0000, 0x0000, 0x0000, 0x0000, 0x0000, 0x0000,
  0x0000, 0x0000, 0x0000, 0x0000, 0x0000, 0x0000, 0x0000, 0x0000, 0x0000, 0x0000,
  0x0000, 0x0000, 0x0000, 0x0000, 0x0000, 0x0000, 0x0000, 0x0000, 0x0000, 0x0000,
  0x0000, 0x0000, 0x0000, 0x0000, 0x0000, 0x0000, 0x0000, 0x0000, 0x0000, 0x0000,
  0x0000, 0x0000, 0x0000, 0x0000, 0x0000, 0x0000, 0x0000, 0x0000, 0x0000, 0x0000,
  0x0000, 0x0000, 0x0000, 0x0000, 0x0000, 0x0000, 0x0000, 0x0000, 0x0000, 0x0000,
  0x0000, 0x0000, 0x0000, 0x0000, 0x0000, 0x0000, 0x0000, 0x0000, 0x0000, 0x0000,
  0x0000, 0x0000, 0x0000, 0x0000, 0x0000, 0x0000, 0x0000, 0x0000, 0x0000, 0x0000,
  0x0000, 0x0000, 0x0000, 0x0000, 0x0000, 0x0000, 0x0000, 0x0000, 0x0000, 0x0000,
  0x0000, 0x0000, 0x0000, 0x0000, 0x0000, 0x0000, 0x0000, 0x0000, 0x0000, 0x0000,
  0x0000, 0x0000, 0x0000, 0x0000, 0x0000, 0x0000, 0x0000, 0x0000, 0x0000, 0x0000,
  0x0000, 0x0000, 0x0000, 0x0000, 0x0000, 0x0000, 0x0000, 0x0000, 0x0000, 0x0000,
  0x0000, 0x0000, 0x0000, 0x0000, 0x0000, 0x0000, 0x0000, 0x0000, 0x0000, 0x0000,
  0x0000, 0x0000, 0x0000, 0x0000, 0x0000, 0x0000, 0x0000, 0x0000, 0x0000, 0x0000,
  0x0000, 0x0000, 0x0000, 0x0000, 0x0000, 0x0000, 0x0000, 0x0000, 0x0000, 0x0000,
  0x0000, 0x0000, 0x0000, 0x0000, 0x0000, 0x0000, 0x0000, 0x0000, 0x0000, 0x0000,
  0x0000, 0x0000, 0x0000, 0x0000, 0x0000, 0x0000, 0x0000, 0x0000, 0x0000, 0x0000,
  0x0000, 0x0000, 0x0000, 0x0000, 0x0000, 0x0000, 0x0000, 0x0000, 0x0000, 0x0000,
  0x0000, 0x0000, 0x0000, 0x0000, 0x0000, 0x0000, 0x0000, 0x0000, 0x0000, 0x0000,
  0x0000, 0x0000, 0x0000, 0x0000, 0x0000, 0x0000, 0x16A1, 0x16E1, 0x1721, 0x1761,
  0x17A1, 0x17E1, 0x1821, 0x1861, 0x3583, 0x35C3, 0x3603, 0x3635, 0x3675, 0x36B5,
  0x36F5, 0x3735, 0x3775, 0x37B3, 0x37F3, 0x3833, 0x3870, 0x38B0, 0x38F0, 0x3930,
  0x396F, 0x39AF, 0x39EF, 0x3A2E,
};

const uint16_t full_trie_index1[512] = {
  0x0000, 0x001F, 0x003E, 0x005E, 0x007C, 0x007C, 0x007C, 0x007C, 0x007C, 0x007C,
  0x007C, 0x007C, 0x0098, 0x00AD, 0x007C, 0x007C, 0x007C, 0x007C, 0x007C, 0x007C,
  0x007C, 0x007C, 0x007C, 0x00CD, 0x007C, 0x00E0, 0x00FB, 0x007C, 0x011B, 0x0138,
  0x0154, 0x0165, 0x007C, 0x007C, 0x007C, 0x007C, 0x007C, 0x007C, 0x007C, 0x007C,
  0x007C, 0x007C, 0x007C, 0x007C, 0x007C, 0x007C, 0x007C, 0x007C, 0x007C, 0x007C,
  0x007C, 0x007C, 0x007C, 0x007C, 0x007C, 0x007C, 0x007C, 0x007C, 0x007C, 0x007C,
  0x007C, 0x007C, 0x007C, 0x0185, 0x007C, 0x007C, 0x007C, 0x007C, 0x007C, 0x007C,
  0x007C, 0x007C, 0x007C, 0x007C, 0x007C, 0x007C, 0x007C, 0x007C, 0x007C, 0x007C,
  0x007C, 0x007C, 0x007C, 0x007C, 0x007C, 0x007C, 0x007C, 0x007C, 0x007C, 0x007C,
  0x007C, 0x007C, 0x007C, 0x007C, 0x007C, 0x007C, 0x007C, 0x007C, 0x007C, 0x007C,
  0x007C, 0x007C, 0x007C, 0x007C, 0x007C, 0x007C, 0x007C, 0x007C, 0x007C, 0x007C,
  0x007C, 0x007C, 0x007C, 0x007C, 0x007C, 0x007C, 0x007C, 0x007C, 0x007C, 0x007C,
  0x007C, 0x007C, 0x007C, 0x007C, 0x007C, 0x007C, 0x007C, 0x007C, 0x007C, 0x007C,
  0x007C, 0x007C, 0x007C, 0x007C, 0x007C, 0x007C, 0x007C, 0x007C, 0x007C, 0x007C,
  0x007C, 0x007C, 0x007C, 0x007C, 0x007C, 0x007C, 0x007C, 0x007C, 0x007C, 0x007C,
  0x007C, 0x007C, 0x007C, 0x007C, 0x007C, 0x007C, 0x007C, 0x007C, 0x007C, 0x007C,
  0x007C, 0x007C, 0x007C, 0x007C, 0x007C, 0x007C, 0x007C, 0x007C, 0x007C, 0x007C,
  0x007C, 0x007C, 0x007C, 0x007C, 0x007C, 0x007C, 0x007C, 0x007C, 0x007C, 0x007C,
  0x007C, 0x007C, 0x007C, 0x007C, 0x007C, 0x007C, 0x007C, 0x007C, 0x007C, 0x007C,
  0x007C, 0x007C, 0x007C, 0x007C, 0x007C, 0x007C, 0x007C, 0x007C, 0x007C, 0x007C,
  0x007C, 0x007C, 0x007C, 0x007C, 0x007C, 0x007C, 0x007C, 0x007C, 0x007C, 0x007C,
  0x007C, 0x007C, 0x007C, 0x007C, 0x007C, 0x007C, 0x007C, 0x007C, 0x007C, 0x007C,
  0x007C, 0x007C, 0x007C, 0x007C, 0x007C, 0x007C, 0x007C, 0x007C, 0x007C, 0x007C,
  0x007C, 0x007C, 0x007C, 0x007C, 0x007C, 0x007C, 0x007C, 0x007C, 0x007C, 0x007C,
  0x007C, 0x007C, 0x007C, 0x007C, 0x007C, 0x007C, 0x007C, 0x007C, 0x007C, 0x007C,
  0x007C, 0x007C, 0x007C, 0x007C, 0x007C, 0x007C, 0x007C, 0x007C, 0x007C, 0x007C,
  0x007C, 0x007C, 0x007C, 0x007C, 0x007C, 0x007C, 0x007C, 0x007C, 0x007C, 0x007C,
  0x007C, 0x007C, 0x007C, 0x007C, 0x007C, 0x007C, 0x007C, 0x007C, 0x007C, 0x007C,
  0x007C, 0x007C, 0x007C, 0x007C, 0x007C, 0x007C, 0x007C, 0x007C, 0x007C, 0x007C,
  0x007C, 0x007C, 0x007C, 0x007C, 0x007C, 0x007C, 0x007C, 0x007C, 0x007C, 0x007C,
  0x007C, 0x007C, 0x007C, 0x007C, 0x007C, 0x007C, 0x007C, 0x007C, 0x007C, 0x007C,
  0x007C, 0x007C, 0x007C, 0x007C, 0x007C, 0x007C, 0x007C, 0x007C, 0x007C, 0x007C,
  0x007C, 0x007C, 0x007C, 0x007C, 0x007C, 0x007C, 0x007C, 0x007C, 0x007C, 0x007C,
  0x007C, 0x007C, 0x007C, 0x007C, 0x007C, 0x007C, 0x007C, 0x007C, 0x007C, 0x007C,
  0x007C, 0x007C, 0x007C, 0x007C, 0x007C, 0x007C, 0x007C, 0x007C, 0x007C, 0x007C,
  0x007C, 0x007C, 0x007C, 0x007C, 0x007C, 0x007C, 0x007C, 0x007C, 0x007C, 0x007C,
  0x007C, 0x007C, 0x007C, 0x007C, 0x007C, 0x007C, 0x007C, 0x007C, 0x007C, 0x007C,
  0x007C, 0x007C, 0x007C, 0x007C, 0x007C, 0x007C, 0x007C, 0x007C, 0x007C, 0x007C,
  0x007C, 0x007C, 0x007C, 0x007C, 0x007C, 0x007C, 0x007C, 0x007C, 0x007C, 0x007C,
  0x007C, 0x007C, 0x007C, 0x007C, 0x007C, 0x007C, 0x007C, 0x007C, 0x007C, 0x007C,
  0x007C, 0x007C, 0x007C, 0x007C, 0x007C, 0x007C, 0x007C, 0x007C, 0x007C, 0x007C,
  0x007C, 0x007C, 0x007C, 0x007C, 0x007C, 0x007C, 0x007C, 0x007C, 0x007C, 0x007C,
  0x007C, 0x007C, 0x007C, 0x007C, 0x007C, 0x007C, 0x007C, 0x007C, 0x007C, 0x007C,
  0x007C, 0x007C, 0x007C, 0x007C, 0x007C, 0x007C, 0x007C, 0x007C, 0x007C, 0x007C,
  0x007C, 0x007C, 0x007C, 0x007C, 0x007C, 0x007C, 0x007C, 0x007C, 0x007C, 0x007C,
  0x007C, 0x007C, 0x007C, 0x007C, 0x007C, 0x007C, 0x007C, 0x007C, 0x007C, 0x007C,
  0x007C, 0x007C, 0x007C, 0x007C, 0x007C, 0x007C, 0x007C, 0x007C, 0x007C, 0x007C,
  0x007C, 0x007C, 0x007C, 0x007C, 0x007C, 0x007C, 0x007C, 0x007C, 0x007C, 0x007C,
  0x007C, 0x007C, 0x007C, 0x007C, 0x007C, 0x007C, 0x007C, 0x007C, 0x007C, 0x007C,
  0x007C, 0x007C, 0x007C, 0x007C, 0x007C, 0x007C, 0x007C, 0x007C, 0x007C, 0x007C,
  0x007C, 0x007C, 0x007C, 0x007C, 0x007C, 0x007C, 0x007C, 0x007C, 0x007C, 0x007C,
  0x007C, 0x007C,
};

const uint16_t full_trie_index2[421] = {
  0x0000, 0x0000, 0x0000, 0x0000, 0x0000, 0x0000, 0x0000, 0x1914, 0x0000, 0x0000,
  0x0000, 0x1952, 0x0000, 0x1973, 0x0000, 0x0000, 0x0000, 0x0000, 0x0000, 0x0000,
  0x0000, 0x0000, 0x0000, 0x19AE, 0x0000, 0x0000, 0x0000, 0x0000, 0x0000, 0x0000,
  0x3A6D, 0x0000, 0x0000, 0x0000, 0x0000, 0x0000, 0x0000, 0x0000, 0x0000, 0x19E1,
  0x0000, 0x0000, 0x1A21, 0x0000, 0x0000, 0x0000, 0x0000, 0x0000, 0x0000, 0x0000,
  0x0000, 0x1A48, 0x1A70, 0x0000, 0x0000, 0x0000, 0x0000, 0x1A9E, 0x1ACB, 0x0000,
  0x1B0B, 0x1B49, 0x0000, 0x1B83, 0x1BC3, 0x0000, 0x1C03, 0x1C38, 0x0000, 0x1C78,
  0x1C83, 0x0000, 0x0000, 0x1CBA, 0x1CE5, 0x1D22, 0x1D5F, 0x1D9A, 0x0000, 0x1DD8,
  0x1DF7, 0x1E36, 0x0000, 0x0000, 0x1E3C, 0x1E7C, 0x1E7D, 0x0000, 0x1EBD, 0x0000,
  0x1EF5, 0x0000, 0x0000, 0x0000, 0x1F21, 0x0000, 0x0000, 0x0000, 0x1F5C, 0x1F9B,
  0x0000, 0x1FBB, 0x1FDC, 0x2015, 0x203C, 0x0000, 0x0000, 0x0000, 0x0000, 0x0000,
  0x2056, 0x0000, 0x0000, 0x0000, 0x0000, 0x2096, 0x20BF, 0x0000, 0x0000, 0x0000,
  0x0000, 0x0000, 0x0000, 0x20FE, 0x0000, 0x0000, 0x0000, 0x0000, 0x0000, 0x0000,
  0x0000, 0x0000, 0x0000, 0x0000, 0x0000, 0x0000, 0x0000, 0x0000, 0x0000, 0x0000,
  0x0000, 0x0000, 0x0000, 0x0000, 0x0000, 0x0000, 0x0000, 0x0000, 0x0000, 0x0000,
  0x0000, 0x0000, 0x0000, 0x0000, 0x0000, 0x0000, 0x211D, 0x0000, 0x0000, 0x0000,
  0x0000, 0x0000, 0x0000, 0x0000, 0x0000, 0x0000, 0x0000, 0x0000, 0x0000, 0x0000,
  0x0000, 0x0000, 0x0000, 0x0000, 0x0000, 0x0000, 0x0000, 0x0000, 0x0000, 0x0000,
  0x0000, 0x0000, 0x0000, 0x0000, 0x214D, 0x2182, 0x0000, 0x0000, 0x0000, 0x0000,
  0x0000, 0x0000, 0x0000, 0x0000, 0x21B9, 0x0000, 0x0000, 0x0000, 0x0000, 0x0000,
  0x0000, 0x0000, 0x0000, 0x0000, 0x21E4, 0x0000, 0x0000, 0x0000, 0x0000, 0x0000,
  0x0000, 0x0000, 0x0000, 0x0000, 0x0000, 0x0000, 0x0000, 0x0000, 0x0000, 0x0000,
  0x0000, 0x0000, 0x0000, 0x2216, 0x0000, 0x0000, 0x0000, 0x0000, 0x0000, 0x0000,
  0x0000, 0x0000, 0x0000, 0x0000, 0x0000, 0x0000, 0x0000, 0x0000, 0x0000, 0x0000,
  0x0000, 0x0000, 0x0000, 0x3AA8, 0x0000, 0x0000, 0x0000, 0x0000, 0x0000, 0x0000,
  0x0000, 0x0000, 0x0000, 0x0000, 0x0000, 0x0000, 0x2238, 0x2278, 0x22B8, 0x0000,
  0x22F6, 0x0000, 0x0000, 0x0000, 0x0000, 0x0000, 0x0000, 0x3AE8, 0x3B28, 0x3B68,
  0x3BA8, 0x3BE8, 0x3C28, 0x3C68, 0x3CA8, 0x3CE8, 0x3D28, 0x3D68, 0x3DA8, 0x3DE8,
  0x3E28, 0x3E68, 0x3EA8, 0x3EE8, 0x3F28, 0x2367, 0x0000, 0x2377, 0x0000, 0x0000,
  0x0000, 0x0000, 0x0000, 0x23AE, 0x23DD, 0x0000, 0x0000, 0x0000, 0x0000, 0x0000,
  0x0000, 0x0000, 0x240D, 0x0000, 0x0000, 0x0000, 0x243D, 0x0000, 0x0000, 0x0000,
  0x246D, 0x0000, 0x0000, 0x0000, 0x0000, 0x24A3, 0x0000, 0x24DF, 0x0000, 0x0000,
  0x0000, 0x0000, 0x0000, 0x0000, 0x0000, 0x0000, 0x0000, 0x0000, 0x0000, 0x0000,
  0x0000, 0x0000, 0x0000, 0x0000, 0x0000, 0x0000, 0x3F68, 0x3FA6, 0x3FE6, 0x0000,
  0x0000, 0x0000, 0x0000, 0x0000, 0x4026, 0x4066, 0x4096, 0x0000, 0x40D6, 0x4116,
  0x0000, 0x0000, 0x0000, 0x0000, 0x0000, 0x0000, 0x0000, 0x0000, 0x0000, 0x0000,
  0x0000, 0x0000, 0x0000, 0x0000, 0x0000, 0x0000, 0x0000, 0x0000, 0x0000, 0x0000,
  0x0000, 0x0000, 0x4128, 0x0000, 0x0000, 0x0000, 0x0000, 0x0000, 0x0000, 0x0000,
  0x0000, 0x0000, 0x0000, 0x0000, 0x0000, 0x0000, 0x0000, 0x0000, 0x0000, 0x251F,
  0x255F, 0x259F, 0x25DF, 0x261F, 0x265F, 0x269F, 0x26DF, 0x271F, 0x0000, 0x0000,
  0x0000, 0x0000, 0x0000, 0x0000, 0x0000, 0x0000, 0x0000, 0x0000, 0x0000, 0x0000,
  0x0000, 0x0000, 0x0000, 0x0000, 0x0000, 0x0000, 0x0000, 0x0000, 0x0000, 0x0000,
  0x0000,
};
} // namespace nfkd

const uint16_t check_trie_data[14801] = {
  0x0001, 0x0001, 0x0001, 0x0001, 0x0001, 0x0001, 0x0001, 0x0001, 0x0001, 0x0001,
  0x0001, 0x0001, 0x0001, 0x0001, 0x0001, 0x0001, 0x0001, 0x0001, 0x0001, 0x0001,
  0x0001, 0x0001, 0x0001, 0x0001, 0x0001, 0x0001, 0x0001, 0x0001, 0x0001, 0x0001,
  0x0001, 0x0001, 0x0001, 0x0001, 0x0001, 0x0001, 0x0001, 0x0001, 0x0001, 0x0001,
  0x0001, 0x0001, 0x0001, 0x0001, 0x0001, 0x0001, 0x0001, 0x0001, 0x0001, 0x0001,
  0x0001, 0x0001, 0x0001, 0x0001, 0x0001, 0x0001, 0x0001, 0x0001, 0x0001, 0x0001,
  0x0001, 0x0001, 0x0001, 0x0001, 0x0002, 0x0002, 0x0002, 0x0002, 0x0002, 0x0002,
  0x0002, 0x0002, 0x0002, 0x0002, 0x0002, 0x0002, 0x0002, 0x0002, 0x0002, 0x0002,
  0x0002, 0x0002, 0x0002, 0x0002, 0x0002, 0x0002, 0x0002, 0x0002, 0x0002, 0x0002,
  0x0002, 0x0002, 0x0002, 0x0002, 0x0002, 0x0002, 0x0002, 0x0002, 0x0002, 0x0002,
  0x0002, 0x0002, 0x0002, 0x0002, 0x0002, 0x0002, 0x0002, 0x0002, 0x0002, 0x0002,
  0x0002, 0x0002, 0x0002, 0x0002, 0x0002, 0x0002, 0x0002, 0x0002, 0x0002, 0x0002,
  0x0002, 0x0002, 0x0002, 0x0002, 0x0002, 0x0002, 0x0002, 0x0002, 0xC003, 0xC003,
  0xC003, 0xC003, 0xC003, 0xC003, 0x0002, 0xC003, 0xC003, 0xC003, 0xC003, 0xC003,
  0xC003, 0xC003, 0xC003, 0xC003, 0x0002, 0xC003, 0xC003, 0xC003, 0xC003, 0xC003,
  0xC003, 0x0002, 0x0002, 0xC003, 0xC003, 0xC003, 0xC003, 0xC003, 0x0002, 0x0002,
  0xC003, 0xC003, 0xC003, 0xC003, 0xC003, 0xC003, 0x0002, 0xC003, 0xC003, 0xC003,
  0xC003, 0xC003, 0xC003, 0xC003, 0xC003, 0xC003, 0x0002, 0xC003, 0xC003, 0xC003,
  0xC003, 0xC003, 0xC003, 0x0002, 0x0002, 0xC003, 0xC003, 0xC003, 0xC003, 0xC003,
  0x0002, 0xC003, 0xC003, 0xC003, 0xC003, 0xC003, 0xC003, 0xC003, 0xC003, 0xC003,
  0xC003, 0xC003, 0xC003, 0xC003, 0xC003, 0xC003, 0xC003, 0x0002, 0x0002, 0xC003,
  0xC003, 0xC003, 0xC003, 0xC003, 0xC003, 0xC003, 0xC003, 0xC003, 0xC003, 0xC003,
  0xC003, 0xC003, 0xC003, 0xC003, 0xC003, 0xC003, 0xC003, 0xC003, 0xC003, 0x0002,
  0x0002, 0xC003, 0xC003, 0xC003, 0xC003, 0xC003, 0xC003, 0xC003, 0xC003, 0xC003,
  0x0002, 0x0002, 0x0002, 0xC003, 0xC003, 0xC003, 0xC003, 0x0002, 0xC003, 0xC003,
  0xC003, 0xC003, 0xC003, 0xC003, 0x0002, 0x0002, 0x0002, 0xC003, 0xC003, 0xC003,
  0xC003, 0xC003, 0xC003, 0x0002, 0x0002, 0x0002, 0xC003, 0xC003, 0xC003, 0xC003,
  0xC003, 0xC003, 0x0002, 0x0002, 0xC003, 0xC003, 0xC003, 0xC003, 0xC003, 0xC003,
  0xC003, 0xC003, 0xC003, 0xC003, 0xC003, 0xC003, 0xC003, 0xC003, 0xC003, 0xC003,
  0xC003, 0xC003, 0x0002, 0x0002, 0xC003, 0xC003, 0xC003, 0xC003, 0xC003, 0xC003,
  0xC003, 0xC003, 0xC003, 0xC003, 0xC003, 0xC003, 0xC003, 0xC003, 0xC003, 0xC003,
  0xC003, 0xC003, 0xC003, 0xC003, 0xC003, 0xC003, 0xC003, 0x0002, 0x0002, 0x0002,
  0x0002, 0x0002, 0x0002, 0x0002, 0x0002, 0x0002, 0x0002, 0x0002, 0x0002, 0x0002,
  0x0002, 0x0002, 0x0002, 0x0002, 0x0002, 0x0002, 0x0002, 0x0002, 0x0002, 0x0002,
  0x0002, 0x0002, 0x0002, 0x0002, 0x0002, 0x0002, 0x0002, 0x0002, 0x0002, 0xC003,
  0xC003, 0x0002, 0x0002, 0x0002, 0x0002, 0x0002, 0x0002, 0x0002, 0x0002, 0x0002,
  0x0002, 0x0002, 0x0002, 0x0002, 0xC003, 0xC003, 0x0002, 0x0002, 0x0002, 0x0002,
  0x0002, 0x0002, 0x0002, 0x0002, 0x0002, 0x0002, 0x0002, 0x0002, 0x0002, 0x0002,
  0x0002, 0xC003, 0xC003, 0xC003, 0xC003, 0xC003, 0xC003, 0xC003, 0xC003, 0xC005,
  0xC005, 0xC005, 0xC005, 0xC005, 0xC005, 0xC005, 0xC005, 0x0002, 0xC005, 0xC005,
  0xC005, 0xC005, 0xC004, 0xC004, 0x0002, 0x0002, 0xC003, 0xC003, 0xC003, 0xC003,
  0xC003, 0xC003, 0xC005, 0xC005, 0xC004, 0xC004, 0xC003, 0x0002, 0x0002, 0x0002,
  0xC003, 0xC003, 0x0002, 0x0002, 0xC003, 0xC003, 0xC005, 0xC005, 0xC004, 0xC004,
  0xC004, 0xC004, 0xC003, 0xC003, 0xC003, 0xC003, 0xC003, 0xC003, 0xC003, 0xC003,
  0xC003, 0xC003, 0xC003, 0xC003, 0xC003, 0xC003, 0xC003, 0xC003, 0xC003, 0xC003,
  0xC003, 0xC003, 0xC003, 0xC003, 0xC003, 0xC003, 0xC003, 0xC003, 0xC003, 0xC003,
  0x0002, 0x0002, 0xC003, 0xC003, 0x0002, 0x0002, 0x0002, 0x0002, 0x0002, 0x0002,
  0xC003, 0xC003, 0xC003, 0xC003, 0xC005, 0xC005, 0xC005, 0xC005, 0xC003, 0xC003,
  0xC005, 0xC005, 0xC003, 0xC003, 0x0002, 0x0002, 0x0002, 0x0002, 0x0002, 0x0002,
  0x0002, 0x0002, 0x0002, 0x0002, 0x0002, 0x0002, 0x7CC2, 0x7CC2, 0x7CC2, 0x7CC2,
  0x7CC2, 0x5CC2, 0x7CC2, 0x7CC2, 0x7CC2, 0x7CC2, 0x7CC2, 0x7CC2, 0x7CC2, 0x5CC2,
  0x5CC2, 0x7CC2, 0x5CC2, 0x7CC2, 0x5CC2, 0x7CC2, 0x7CC2, 0x5D02, 0x5B82, 0x5B82,
  0x5B82, 0x5B82, 0x5D02, 0x7B02, 0x5B82, 0x5B82, 0x5B82, 0x5B82, 0x5B82, 0x5A82,
  0x5A82, 0x7B82, 0x7B82, 0x7B82, 0x7B82, 0x7A82, 0x7A82, 0x5B82, 0x5B82, 0x5B82,
  0x5B82, 0x7B82, 0x7B82, 0x5B82, 0x7B82, 0x7B82, 0x5B82, 0x5B82, 0x5042, 0x5042,
  0x5042, 0x5042, 0x7042, 0x5B82, 0x5B82, 0x5B82, 0x5B82, 0x5CC2, 0x5CC2, 0x5CC2,
  0xFCC2, 0xFCC2, 0x7CC2, 0xFCC2, 0xFCC4, 0x7DC2, 0x5CC2, 0x5B82, 0x5B82, 0x5B82,
  0x5CC2, 0x5CC2, 0x5CC2, 0x5B82, 0x5B82, 0x0002, 0x5CC2, 0x5CC2, 0x5CC2, 0x5B82,
  0x5B82, 0x5B82, 0x5B82, 0x5CC2, 0x5D02, 0x5B82, 0x5B82, 0x5CC2, 0x5D42, 0x5D82,
  0x5D82, 0x5D42, 0x5D82, 0x5D82, 0x5D42, 0x5CC2, 0x5CC2, 0x5CC2, 0x5CC2, 0x5CC2,
  0x5CC2, 0x5CC2, 0x5CC2, 0x5CC2, 0x5CC2, 0x5CC2, 0x5CC2, 0x5CC2, 0x0002, 0x0002,
  0x0002, 0x0002, 0xF002, 0x0002, 0x0002, 0x0002, 0x0002, 0x0002, 0x0002, 0x0002,
  0x0002, 0x0002, 0xF001, 0x0002, 0x0002, 0x0002, 0x0002, 0x0002, 0xC004, 0xC004,
  0xF002, 0xC004, 0xC004, 0xC004, 0x0002, 0xC004, 0x0002, 0xC004, 0xC004, 0xC006,
  0x0002, 0x0002, 0x0002, 0x0002, 0x0002, 0x0002, 0x0002, 0x0002, 0x0002, 0x0002,
  0x0002, 0x0002, 0x0002, 0x0002, 0x0002, 0x0002, 0x0002, 0x0002, 0x0002, 0x0002,
  0x0002, 0x0002, 0x0002, 0x0002, 0x0002, 0xC004, 0xC004, 0xC004, 0xC004, 0xC004,
  0xC004, 0xC006, 0x0002, 0x0002, 0x0002, 0x0002, 0x0002, 0x0002, 0x0002, 0x0002,
  0x0002, 0x0002, 0x0002, 0x0002, 0x0002, 0x0002, 0x0002, 0xC004, 0xC004, 0xC004,
  0xC004, 0xC004, 0x0002, 0x0002, 0x0002, 0x0002, 0xC004, 0xC004, 0x0002, 0x0002,
  0x0002, 0x0002, 0x0002, 0x0002, 0x0002, 0x0002, 0x0002, 0x0002, 0x0002, 0x0002,
  0x0002, 0x0002, 0x0002, 0x0002, 0x0002, 0x0002, 0x0002, 0x0002, 0x0002, 0x0002,
  0x0002, 0x0002, 0x0002, 0x0002, 0x0002, 0x0002, 0x0002, 0x0002, 0x0002, 0x0002,
  0x0002, 0x0002, 0x0002, 0x0002, 0x0002, 0x0002, 0x0002, 0x0002, 0x0002, 0x0002,
  0x0002, 0xC004, 0xC004, 0x0002, 0xC004, 0x0002, 0x0002, 0x0002, 0xC004, 0x0002,
  0x0002, 0x0002, 0x0002, 0xC004, 0xC004, 0xC004, 0x0002, 0x0002, 0x0002, 0x0002,
  0x0002, 0x0002, 0x0002, 0x0002, 0x0002, 0x0002, 0xC004, 0x0002, 0x0002, 0x0002,
  0x0002, 0x0002, 0x0002, 0x0002, 0x0002, 0x0002, 0x0002, 0x0002, 0x0002, 0x0002,
  0x0002, 0x0002, 0x0002, 0x0002, 0x0002, 0x0002, 0x0002, 0x0002, 0x0002, 0x0002,
  0x0002, 0x0002, 0x0002, 0x0002, 0x0002, 0x0002, 0x0002, 0x0002, 0xC004, 0x0002,
  0x0002, 0x0002, 0x0002, 0x0002, 0x0002, 0x0002, 0x0002, 0x0002, 0x0002, 0x0002,
  0x0002, 0x0002, 0x0002, 0x0002, 0x0002, 0xC004, 0xC004, 0x0002, 0xC004, 0x0002,
  0x0002, 0x0002, 0xC004, 0x0002, 0x0002, 0x0002, 0x0002, 0xC004, 0xC004, 0xC004,
  0x0002, 0x0002, 0x0002, 0x0002, 0x0002, 0x0002, 0x0002, 0x0002, 0x0002, 0x0002,
  0x0002, 0x0002, 0x0002, 0x0002, 0x0002, 0x0002, 0x0002, 0x0002, 0x0002, 0x0002,
  0x0002, 0x0002, 0x0002, 0xC004, 0xC004, 0x0002, 0x0002, 0x0002, 0x0002, 0x0002,
  0x0002, 0x0002, 0x0002, 0x5CC2, 0x5CC2, 0x5CC2, 0x5CC2, 0x5CC2, 0x0002, 0x0002,
  0x0002, 0x0002, 0x0002, 0x0002, 0x0002, 0x0002, 0x0002, 0x0002, 0x0002, 0x0002,
  0x0002, 0x0002, 0x0002, 0x0002, 0x0002, 0x0002, 0x0002, 0x0002, 0x0002, 0x0002,
  0x0002, 0x0002, 0x0002, 0x0002, 0x0002, 0x0002, 0x0002, 0x0002, 0x0002, 0x0002,
  0x0002, 0x0002, 0x0002, 0x0002, 0x0002, 0x0002, 0x0002, 0x0002, 0x0002, 0x0002,
  0x0002, 0x0002, 0x0002, 0x0002, 0x0002, 0x0002, 0x0002, 0x0002, 0x0002, 0x0002,
  0x0002, 0x0002, 0x0002, 0x0002, 0xC004, 0xC004, 0x0002, 0x0002, 0x0002, 0x0002,
  0x0002, 0x0002, 0x0002, 0x0002, 0x0002, 0x0002, 0x0002, 0x0002, 0x0002, 0xC004,
  0xC004, 0xC004, 0xC004, 0x0002, 0x0002, 0xC004, 0xC004, 0x0002, 0x0002, 0xC004,
  0xC004, 0xC004, 0xC004, 0xC004, 0xC004, 0x0002, 0x0002, 0xC004, 0xC004, 0xC004,
  0xC004, 0xC004, 0xC004, 0x0002, 0x0002, 0xC004, 0xC004, 0xC004, 0xC004, 0xC004,
  0xC004, 0xC004, 0xC004, 0xC004, 0xC004, 0xC004, 0xC004, 0x0002, 0x0002, 0xC004,
  0xC004, 0x0002, 0x0002, 0x0002, 0x0002, 0x0002, 0x0002, 0x0002, 0x0002, 0x0002,
  0x0002, 0x0002, 0x0002, 0x0002, 0x0002, 0x0002, 0x0002, 0x0002, 0x5B82, 0x5CC2,
  0x5CC2, 0x5CC2, 0x5CC2, 0x5B82, 0x5CC2, 0x5CC2, 0x5CC2, 0x5BC2, 0x5B82, 0x5CC2,
  0x5CC2, 0x5CC2, 0x5CC2, 0x5CC2, 0x5CC2, 0x5B82, 0x5B82, 0x5B82, 0x5B82, 0x5B82,
  0x5B82, 0x5CC2, 0x5CC2, 0x5B82, 0x5CC2, 0x5CC2, 0x5BC2, 0x5C82, 0x5CC2, 0x5182,
  0x51C2, 0x5202, 0x5242, 0x5282, 0x52C2, 0x5302, 0x5342, 0x5382, 0x53C2, 0x53C2,
  0x5402, 0x5442, 0x5482, 0x0002, 0x54C2, 0x0002, 0x5502, 0x5542, 0x0002, 0x5CC2,
  0x5B82, 0x0002, 0x5382, 0x0002, 0x0002, 0x0002, 0x0002, 0x0002, 0x0002, 0x0002,
  0x0002, 0x0002, 0x0002, 0x0002, 0x0002, 0x0002, 0x0002, 0x0002, 0x0002, 0x0002,
  0x0002, 0x0002, 0x0002, 0x0002, 0x0002, 0x0002, 0x0002, 0x0002, 0x0002, 0x0002,
  0x0002, 0x0002, 0x0002, 0x0002, 0x0002, 0x0002, 0x0002, 0x0002, 0x0002, 0x0002,
  0x0002, 0x0002, 0x0002, 0x0002, 0x0002, 0x0002, 0x0002, 0x0002, 0x0002, 0x0002,
  0x0002, 0x0002, 0x0002, 0x0002, 0x0002, 0x0002, 0x0002, 0x0002, 0x0002, 0x5CC2,
  0x5CC2, 0x5CC2, 0x5CC2, 0x5CC2, 0x5CC2, 0x5CC2, 0x5CC2, 0x5682, 0x56C2, 0x5702,
  0x0002, 0x0002, 0x0002, 0x0002, 0x0002, 0x0002, 0x0002, 0xC004, 0xC004, 0xC004,
  0xC004, 0xC004, 0x0002, 0x0002, 0x0002, 0x0002, 0x0002, 0x0002, 0x0002, 0x0002,
  0x0002, 0x0002, 0x0002, 0x0002, 0x0002, 0x0002, 0x0002, 0x0002, 0x0002, 0x0002,
  0x0002, 0x0002, 0x0002, 0x0002, 0x0002, 0x0002, 0x0002, 0x55C2, 0x5602, 0x5642,
  0x5682, 0x56C2, 0x5702, 0x5742, 0x5782, 0x7CC2, 0x7CC2, 0x7B82, 0x5B82, 0x5CC2,
  0x5CC2, 0x5CC2, 0x5CC2, 0x5CC2, 0x5B82, 0x5CC2, 0x5CC2, 0x5B82, 0x0002, 0x0002,
  0x0002, 0x0002, 0x0002, 0x0002, 0x0002, 0x0002, 0x0002, 0x0002, 0x0002, 0x0002,
  0x0002, 0x0002, 0x0002, 0x0002, 0x57C2, 0x0002, 0x0002, 0x0002, 0x0002, 0x0002,
  0x0002, 0x0002, 0x0002, 0x0002, 0x0002, 0x0002, 0x0002, 0x0002, 0x0002, 0x0002,
  0xC004, 0x0002, 0xC004, 0x0002, 0x0002, 0x0002, 0x0002, 0x0002, 0x0002, 0x0002,
  0x0002, 0x0002, 0x0002, 0x0002, 0x0002, 0x0002, 0x0002, 0x0002, 0x0002, 0xC004,
  0x0002, 0x0002, 0x5CC2, 0x5CC2, 0x5CC2, 0x5CC2, 0x5CC2, 0x5CC2, 0x5CC2, 0x0002,
  0x0002, 0x5CC2, 0x5CC2, 0x5CC2, 0x5CC2, 0x5B82, 0x5CC2, 0x0002, 0x0002, 0x5CC2,
  0x5CC2, 0x0002, 0x5B82, 0x5CC2, 0x5CC2, 0x5B82, 0x0002, 0x0002, 0x0002, 0x0002,
  0x0002, 0x0002, 0x0002, 0x0002, 0x0002, 0x0002, 0x0002, 0x0002, 0x0002, 0x0002,
  0x0002, 0x0002, 0x0002, 0x0002, 0x5802, 0x0002, 0x0002, 0x0002, 0x0002, 0x0002,
  0x0002, 0x0002, 0x0002, 0x0002, 0x0002, 0x0002, 0x0002, 0x0002, 0x0002, 0x0002,
  0x0002, 0x0002, 0x0002, 0x0002, 0x0002, 0x0002, 0x0002, 0x0002, 0x0002, 0x0002,
  0x0002, 0x0002, 0x0002, 0x0002, 0x0002, 0x5CC2, 0x5B82, 0x5CC2, 0x5CC2, 0x5B82,
  0x5CC2, 0x5CC2, 0x5B82, 0x5B82, 0x5B82, 0x5CC2, 0x5B82, 0x5B82, 0x5CC2, 0x5B82,
  0x5CC2, 0x5CC2, 0x5B82, 0x5CC2, 0x5B82, 0x5CC2, 0x5B82, 0x5CC2, 0x5B82, 0x5CC2,
  0x5CC2, 0x0002, 0x0002, 0x0002, 0x0002, 0x0002, 0x0002, 0x0002, 0x0002, 0x0002,
  0x0002, 0x0002, 0x0002, 0x0002, 0x0002, 0x0002, 0x0002, 0x0002, 0x0002, 0x0002,
  0x0002, 0x0002, 0x0002, 0x0002, 0x0002, 0x0002, 0x0002, 0x0002, 0x0002, 0x0002,
  0x0002, 0x0002, 0x0002, 0x0002, 0x0002, 0x0002, 0x0002, 0x0002, 0x0002, 0x0002,
  0x0002, 0x0002, 0x0002, 0x0002, 0x0002, 0x0002, 0x0002, 0x0002, 0x0002, 0x0002,
  0x0002, 0x0002, 0x0002, 0x0002, 0x5CC2, 0x5CC2, 0x5CC2, 0x5CC2, 0x5CC2, 0x5CC2,
  0x5CC2, 0x5B82, 0x5CC2, 0x0002, 0x0002, 0x0002, 0x0002, 0x0002, 0x0002, 0x0002,
  0x0002, 0x0002, 0x5B82, 0x0002, 0x0002, 0x0003, 0x0003, 0x0003, 0x0003, 0x0003,
  0x0003, 0x0003, 0x0003, 0x0003, 0x0003, 0x0003, 0x0003, 0x0003, 0x0003, 0x0003,
  0x0003, 0x0003, 0x0003, 0x0003, 0x0003, 0x0003, 0x0003, 0x5CC3, 0x5CC3, 0x5CC3,
  0x5CC3, 0x0003, 0x5CC3, 0x5CC3, 0x5CC3, 0x5CC3, 0x5CC3, 0x5CC3, 0x5CC3, 0x5CC3,
  0x5CC3, 0x0003, 0x5CC3, 0x5CC3, 0x5CC3, 0x0003, 0x5CC3, 0x5CC3, 0x5CC3, 0x5CC3,
  0x5CC3, 0x0003, 0x0003, 0x0003, 0x0003, 0x0003, 0x0003, 0x0003, 0x0003, 0x0003,
  0x0003, 0x0003, 0x0003, 0x0003, 0x0003, 0x0003, 0x0003, 0x0003, 0x0003, 0x0003,
  0x0003, 0x0003, 0x0003, 0x0003, 0x0003, 0x0003, 0x5B83, 0x5B83, 0x5B83, 0x0003,
  0x0003, 0x0003, 0x0003, 0x0003, 0x0003, 0x0003, 0x0003, 0x0003, 0x0003, 0x0003,
  0x0003, 0x0003, 0x0003, 0x0003, 0x0003, 0x0003, 0x0003, 0x0003, 0x0003, 0x0003,
  0x0003, 0x0003, 0x0003, 0x0003, 0x0003, 0x0003, 0x0003, 0x0003, 0x0003, 0x0003,
  0x0003, 0x0003, 0x0003, 0x0003, 0x0003, 0x5CC3, 0x5CC3, 0x5B83, 0x5B83, 0x5B83,
  0x5CC3, 0x5CC3, 0x5CC3, 0x5CC3, 0x0003, 0x0003, 0x0003, 0x0003, 0x0003, 0x0003,
  0x0003, 0x0003, 0x0003, 0x0003, 0x0003, 0x0003, 0x0003, 0x0003, 0x0003, 0x0003,
  0x0003, 0x0003, 0x0003, 0x0003, 0x0003, 0x0003, 0x0003, 0x0003, 0x0003, 0x0003,
  0x0003, 0x0003, 0x0003, 0x0003, 0x0003, 0x0003, 0x5CC3, 0x5CC3, 0x5CC3, 0x5CC3,
  0x5CC3, 0x5B83, 0x5B83, 0x5B83, 0x5B83, 0x5B83, 0x5CC3, 0x5CC3, 0x5CC3, 0x5CC3,
  0x5CC3, 0x5CC3, 0x5CC3, 0x5CC3, 0x5CC3, 0x5CC3, 0x5CC3, 0x5CC3, 0x5CC3, 0x5CC3,
  0x0003, 0x5B83, 0x5CC3, 0x5CC3, 0x5B83, 0x5CC3, 0x5CC3, 0x5B83, 0x5CC3, 0x5CC3,
  0x5CC3, 0x5B83, 0x5B83, 0x5B83, 0x55C3, 0x5603, 0x5643, 0x5CC3, 0x5CC3, 0x5CC3,
  0x5B83, 0x5CC3, 0x5CC3, 0x5B83, 0x5B83, 0x5CC3, 0x5CC3, 0x5CC3, 0x5CC3, 0x5CC3,
  0x0003, 0x0003, 0x0003, 0x0003, 0x0003, 0x0003, 0x0003, 0x0003, 0x0003, 0x0003,
  0x0003, 0x0003, 0x0003, 0x0003, 0x0003, 0x0003, 0x0003, 0x0003, 0x0003, 0x0003,
  0x0003, 0x0003, 0x0003, 0x0003, 0x0003, 0x0003, 0x0003, 0x0003, 0x0003, 0x0003,
  0x0003, 0x0003, 0x0003, 0x0003, 0x0003, 0x0003, 0x0003, 0x0003, 0x0003, 0x0003,
  0x0003, 0xC006, 0x0003, 0x0003, 0x0003, 0x0003, 0x0003, 0x0003, 0x0003, 0xC006,
  0x0003, 0x0003, 0xC006, 0x0003, 0x0003, 0x0003, 0x0003, 0x0003, 0x0003, 0x0003,
  0x70C3, 0x0003, 0x0003, 0x0003, 0x0003, 0x0003, 0x0003, 0x0003, 0x0003, 0x0003,
  0x0003, 0x0003, 0x0003, 0x0003, 0x5143, 0x0003, 0x0003, 0x0003, 0x5CC3, 0x5B83,
  0x5CC3, 0x5CC3, 0x0003, 0x0003, 0x0003, 0xF006, 0xF006, 0xF006, 0xF006, 0xF006,
  0xF006, 0xF006, 0xF006, 0x0003, 0x0003, 0x0003, 0x0003, 0x0003, 0x0003, 0x0003,
  0x0003, 0x0003, 0x0003, 0x0003, 0x0003, 0x0003, 0x0003, 0x0003, 0x0003, 0x0003,
  0x0003, 0x0003, 0x0003, 0x0003, 0x0003, 0x0003, 0x0003, 0x0003, 0x0003, 0x0003,
  0x0003, 0x0003, 0x0003, 0x0003, 0x0003, 0x0003, 0x0003, 0x0003, 0x0003, 0x0003,
  0x0003, 0x0003, 0x0003, 0x0003, 0x0003, 0x0003, 0x0003, 0x0003, 0x0003, 0x0003,
  0x0003, 0x0003, 0x0003, 0x0003, 0x0003, 0x0003, 0x0003, 0x0003, 0x0003, 0x0003,
  0x0003, 0x0003, 0x0003, 0x50C3, 0x0003, 0x3003, 0x0003, 0x0003, 0x0003, 0x0003,
  0x0003, 0x0003, 0x0003, 0x0003, 0x0003, 0x0003, 0x0003, 0xC006, 0xC006, 0x5143,
  0x0003, 0x0003, 0x0003, 0x0003, 0x0003, 0x0003, 0x0003, 0x0003, 0x0003, 0x3003,
  0x0003, 0x0003, 0x0003, 0x0003, 0xF006, 0xF006, 0x0003, 0xF006, 0x0003, 0x0003,
  0x0003, 0x0003, 0x0003, 0x0003, 0x0003, 0x0003, 0x0003, 0x0003, 0x0003, 0x0003,
  0x0003, 0x0003, 0x0003, 0x0003, 0x0003, 0x0003, 0x0003, 0x0003, 0x0003, 0x0003,
  0x0003, 0x0003, 0x0003, 0x0003, 0x0003, 0x0003, 0x0003, 0x0003, 0x5CC3, 0x0003,
  0x0003, 0x0003, 0x0003, 0x0003, 0x0003, 0x0003, 0x0003, 0x0003, 0x0003, 0x0003,
  0x0003, 0x0003, 0x0003, 0x0003, 0x0003, 0x0003, 0x0003, 0x0003, 0x0003, 0x0003,
  0x0003, 0x0003, 0x0003, 0x0003, 0x0003, 0x0003, 0x0003, 0x0003, 0x0003, 0x0003,
  0x0003, 0x0003, 0x0003, 0x0003, 0x0003, 0x0003, 0x0003, 0x0003, 0x0003, 0x0003,
  0x0003, 0x0003, 0x0003, 0x0003, 0x0003, 0x0003, 0x0003, 0x0003, 0x0003, 0x0003,
  0xF006, 0x0003, 0x0003, 0xF006, 0x0003, 0x0003, 0x0003, 0x0003, 0x0003, 0x50C3,
  0x0003, 0x0003, 0x0003, 0x0003, 0x0003, 0x0003, 0x0003, 0x0003, 0x0003, 0x0003,
  0x0003, 0x0003, 0x0003, 0x5143, 0x0003, 0x0003, 0x0003, 0x0003, 0x0003, 0x0003,
  0x0003, 0x0003, 0x0003, 0x0003, 0x0003, 0xF006, 0xF006, 0xF006, 0x0003, 0x0003,
  0xF006, 0x0003, 0x0003, 0x0003, 0x0003, 0x0003, 0x0003, 0x0003, 0x0003, 0x0003,
  0x0003, 0x0003, 0x0003, 0x0003, 0x0003, 0x0003, 0x0003, 0x0003, 0x0003, 0x0003,
  0x0003, 0x0003, 0x0003, 0x0003, 0x0003, 0x0003, 0x0003, 0x0003, 0x0003, 0x0003,
  0x0003, 0x0003, 0x0003, 0x0003, 0x0003, 0x0003, 0x0003, 0x0003, 0x0003, 0x0003,
  0x0003, 0x0003, 0x0003, 0x0003, 0x0003, 0x0003, 0x0003, 0x0003, 0x0003, 0x0003,
  0x0003, 0x0003, 0x0003, 0x0003, 0x0003, 0x0003, 0x0003, 0x0003, 0x0003, 0x0003,
  0x0003, 0x50C3, 0x0003, 0x0003, 0x0003, 0x0003, 0x0003, 0x0003, 0x0003, 0x0003,
  0x0003, 0x0003, 0x0003, 0x0003, 0x0003, 0x5143, 0x0003, 0x0003, 0x0003, 0x0003,
  0x0003, 0x0003, 0x0003, 0x0003, 0x0003, 0x0003, 0x0003, 0x0003, 0x0003, 0x0003,
  0x0003, 0x0003, 0x0003, 0x0003, 0x0003, 0x0003, 0x0003, 0x0003, 0x0003, 0x0003,
  0x0003, 0x0003, 0x0003, 0x0003, 0x0003, 0x0003, 0x0003, 0x0003, 0x0003, 0x0003,
  0x0003, 0x0003, 0x0003, 0x0003, 0x0003, 0x0003, 0x0003, 0x0003, 0x0003, 0x0003,
  0x0003, 0x0003, 0x0003, 0x0003, 0x0003, 0x0003, 0xC006, 0x0003, 0x0003, 0xC006,
  0xC006, 0x5143, 0x0003, 0x0003, 0x0003, 0x0003, 0x0003, 0x0003, 0x0003, 0x0003,
  0x3003, 0x3003, 0x0003, 0x0003, 0x0003, 0x0003, 0xF006, 0xF006, 0x0003, 0x0003,
  0x0003, 0x0003, 0x0003, 0x0003, 0x0003, 0x0003, 0x0003, 0x0003, 0x0003, 0x0003,
  0x0003, 0x0003, 0x0003, 0x0003, 0x0003, 0x0003, 0x0003, 0x0003, 0x0003, 0x0003,
  0x0003, 0x0003, 0x0003, 0x0003, 0x0003, 0x0003, 0x0003, 0x0003, 0x0003, 0x0003,
  0x0003, 0x0003, 0xC006, 0x0003, 0x0003, 0x0003, 0x0003, 0x0003, 0x0003, 0x0003,
  0x0003, 0x0003, 0x0003, 0x0003, 0x0003, 0x0003, 0x0003, 0x0003, 0x0003, 0x0003,
  0x0003, 0x0003, 0x0003, 0x0003, 0x0003, 0x0003, 0x0003, 0x0003, 0x0003, 0x0003,
  0x0003, 0x0003, 0x0003, 0x0003, 0x0003, 0x0003, 0x0003, 0x0003, 0x0003, 0x0003,
  0x0003, 0x0003, 0x0003, 0x0003, 0x3003, 0x0003, 0x0003, 0x0003, 0x0003, 0x0003,
  0x0003, 0x0003, 0x0003, 0x0003, 0x0003, 0xC006, 0xC006, 0xC006, 0x5143, 0x0003,
  0x0003, 0x0003, 0x0003, 0x0003, 0x0003, 0x0003, 0x0003, 0x0003, 0x3003, 0x0003,
  0x0003, 0x0003, 0x0003, 0x0003, 0x0003, 0x0003, 0x0003, 0x0003, 0x0003, 0x0003,
  0x0003, 0x0003, 0x0003, 0x0003, 0x0003, 0x0003, 0x0003, 0x0003, 0x0003, 0x0003,
  0x0003, 0x0003, 0x0003, 0x0003, 0x0003, 0x0003, 0x0003, 0x0003, 0x0003, 0x0003,
  0x0003, 0x0003, 0x0003, 0x0003, 0x0003, 0x0003, 0x0003, 0x0003, 0x0003, 0xC006,
  0x0003, 0x0003, 0x0003, 0x0003, 0x5143, 0x0003, 0x0003, 0x0003, 0x0003, 0x0003,
  0x0003, 0x0003, 0x5843, 0x7883, 0x0003, 0x0003, 0x0003, 0x0003, 0x0003, 0x0003,
  0x0003, 0x0003, 0x0003, 0x0003, 0x0003, 0x0003, 0x0003, 0x0003, 0x0003, 0x0003,
  0x0003, 0x0003, 0x0003, 0x0003, 0x0003, 0x0003, 0x0003, 0x0003, 0x0003, 0x0003,
  0x0003, 0x0003, 0x0003, 0x0003, 0x0003, 0x0003, 0x0003, 0x0003, 0x0003, 0x0003,
  0x0003, 0x0003, 0x0003, 0x0003, 0x0003, 0xC006, 0x0003, 0x3003, 0x0003, 0x0003,
  0x0003, 0x0003, 0xC006, 0xC006, 0x0003, 0xC006, 0xC009, 0x0003, 0x5143, 0x0003,
  0x0003, 0x0003, 0x0003, 0x0003, 0x0003, 0x0003, 0x3003, 0x3003, 0x0003, 0x0003,
  0x0003, 0x0003, 0x0003, 0x0003, 0x0003, 0x0003, 0x0003, 0x0003, 0x0003, 0x0003,
  0x0003, 0x0003, 0x0003, 0x0003, 0x0003, 0x0003, 0x0003, 0x0003, 0x0003, 0x0003,
  0x0003, 0x0003, 0x0003, 0x0003, 0x0003, 0x0003, 0x0003, 0x0003, 0x0003, 0x0003,
  0x0003, 0x0003, 0x0003, 0x0003, 0x0003, 0x0003, 0x0003, 0x0003, 0x0003, 0x0003,
  0x0003, 0x0003, 0x0003, 0x0003, 0x0003, 0x0003, 0x0003, 0x0003, 0x0003, 0x0003,
  0x0003, 0x0003, 0x0003, 0x0003, 0x0003, 0x0003, 0x0003, 0x5143, 0x5143, 0x0003,
  0x3003, 0x0003, 0x0003, 0x0003, 0x0003, 0x0003, 0x0003, 0x0003, 0x0003, 0x0003,
  0x0003, 0x0003, 0x0003, 0x0003, 0x0003, 0x0003, 0x0003, 0x0003, 0x0003, 0x0003,
  0x0003, 0x0003, 0x0003, 0x0003, 0x0003, 0x0003, 0x0003, 0x0003, 0x0003, 0x0003,
  0x0003, 0x0003, 0x0003, 0x0003, 0x0003, 0x0003, 0x0003, 0x0003, 0x0003, 0x0003,
  0x0003, 0x0003, 0x0003, 0x0003, 0x0003, 0x0003, 0x0003, 0x0003, 0x0003, 0x0003,
  0x0003, 0x0003, 0x0003, 0x0003, 0x0003, 0x0003, 0x0003, 0x0003, 0x0003, 0x0003,
  0x0003, 0x0003, 0x0003, 0x0003, 0x0003, 0x7143, 0x0003, 0x0003, 0x0003, 0x0003,
  0x3003, 0x0003, 0x0003, 0x0003, 0x0003, 0x0003, 0x0003, 0x0003, 0x0003, 0x0003,
  0x0003, 0xC006, 0x0003, 0xC006, 0xC009, 0xC006, 0x3003, 0x0003, 0x0003, 0x0003,
  0x0003, 0x0003, 0x0003, 0x0003, 0x0003, 0x0003, 0x0003, 0x0003, 0x0003, 0x0003,
  0x0003, 0x0003, 0x0003, 0x0003, 0x0003, 0x0003, 0x0003, 0x0003, 0x0003, 0x0003,
  0x0003, 0x0003, 0x0003, 0x0003, 0x0003, 0x0003, 0x0003, 0x0003, 0x0003, 0x0003,
  0x0003, 0x0003, 0x0003, 0x0003, 0x0003, 0x0003, 0x0003, 0x0003, 0x0003, 0x0003,
  0x0003, 0x0003, 0x0003, 0x0003, 0x0003, 0x0003, 0x0003, 0x0003, 0x0003, 0x0003,
  0x0003, 0x0003, 0x0003, 0x58C3, 0x58C3, 0x5143, 0x0003, 0x0003, 0x0003, 0x0003,
  0x0003, 0x0003, 0x0003, 0x0003, 0x5903, 0x5903, 0x5903, 0x5903, 0x0003, 0x0003,
  0x0003, 0x0003, 0x0003, 0x0003, 0x0003, 0x0003, 0x0003, 0x0003, 0x0003, 0x0003,
  0x0003, 0x0003, 0x0003, 0x0003, 0x0003, 0x0003, 0x0003, 0x0003, 0x0003, 0x0003,
  0x0003, 0x0003, 0x0003, 0x0003, 0x0003, 0x0003, 0x0003, 0x0003, 0x0003, 0x0003,
  0x0003, 0x0003, 0x0003, 0x0003, 0x0003, 0x0003, 0x0003, 0x0003, 0x0003, 0x0003,
  0x0003, 0x0003, 0x0003, 0x0003, 0x0003, 0x0003, 0x0003, 0x0003, 0x0003, 0x0003,
  0x0003, 0x0003, 0x0003, 0x0003, 0x5943, 0x5943, 0x5143, 0x0003, 0x0003, 0x0003,
  0x0003, 0x0003, 0x0003, 0x0003, 0x0003, 0x5983, 0x5983, 0x5983, 0x5983, 0x0003,
  0x0003, 0x0003, 0x0003, 0x0003, 0x0003, 0x0003, 0x0003, 0x0003, 0x0003, 0x0003,
  0x0003, 0x0003, 0x0003, 0x0003, 0x0003, 0x0003, 0x0003, 0x0003, 0x0003, 0x0003,
  0x0003, 0x0003, 0x0003, 0x0003, 0x0003, 0x0003, 0x0003, 0x0003, 0x0003, 0x0003,
  0x0003, 0x0003, 0x0003, 0x0003, 0x0003, 0x0003, 0x0003, 0x0003, 0x0003, 0x0003,
  0x0003, 0x0003, 0x0003, 0x0003, 0x0003, 0x0003, 0x0003, 0x0003, 0x0003, 0x0003,
  0x0003, 0x5B83, 0x5B83, 0x0003, 0x0003, 0x0003, 0x0003, 0x0003, 0x0003, 0x0003,
  0x0003, 0x0003, 0x0003, 0x0003, 0x0003, 0x0003, 0x0003, 0x0003, 0x0003, 0x0003,
  0x0003, 0x0003, 0x0003, 0x0003, 0x0003, 0x0003, 0x0003, 0x0003, 0x0003, 0x0003,
  0x5B83, 0x0003, 0x5B83, 0x0003, 0x5B03, 0x0003, 0x0003, 0x0003, 0x0003, 0x0003,
  0x0003, 0xF006, 0x0003, 0x0003, 0x0003, 0x0003, 0x0003, 0x0003, 0x0003, 0x0003,
  0x0003, 0xF006, 0x0003, 0x0003, 0x0003, 0x0003, 0xF006, 0x0003, 0x0003, 0x0003,
  0x0003, 0xF006, 0x0003, 0x0003, 0x0003, 0x0003, 0xF006, 0x0003, 0x0003, 0x0003,
  0x0003, 0x0003, 0x0003, 0x0003, 0x0003, 0x0003, 0x0003, 0x0003, 0x0003, 0xF006,
  0x0003, 0x0003, 0x0003, 0x0003, 0x0003, 0x0003, 0x0003, 0x59C3, 0x5A03, 0xF046,
  0x5A43, 0xF046, 0xF006, 0x0003, 0xF006, 0x0003, 0x5A03, 0x5A03, 0x5A03, 0x5A03,
  0x0003, 0x0003, 0x5A03, 0xF046, 0x5CC3, 0x5CC3, 0x5143, 0x0003, 0x5CC3, 0x5CC3,
  0x0003, 0x0003, 0x0003, 0x0003, 0x0003, 0x0003, 0x0003, 0x0003, 0x0003, 0x0003,
  0x0003, 0xF006, 0x0003, 0x0003, 0x0003, 0x0003, 0x0003, 0x0003, 0x0003, 0x0003,
  0x0003, 0xF006, 0x0003, 0x0003, 0x0003, 0x0003, 0xF006, 0x0003, 0x0003, 0x0003,
  0x0003, 0xF006, 0x0003, 0x0003, 0x0003, 0x0003, 0xF006, 0x0003, 0x0003, 0x0003,
  0x0003, 0x0003, 0x0003, 0x0003, 0x0003, 0x0003, 0x0003, 0x0003, 0x0003, 0xF006,
  0x0003, 0x0003, 0x0003, 0x0003, 0x0003, 0x0003, 0x5B83, 0x0003, 0x0003, 0x0003,
  0x0003, 0x0003, 0x0003, 0x0003, 0x0003, 0x0003, 0x0003, 0x0003, 0x0003, 0x0003,
  0x0003, 0x0003, 0x0003, 0x0003, 0x0003, 0x0003, 0x0003, 0x0003, 0x0003, 0x0003,
  0x0003, 0x0003, 0x0003, 0x0003, 0x0003, 0x0003, 0x0003, 0x0003, 0x0003, 0x0003,
  0x0003, 0x0003, 0x0003, 0x0003, 0x0003, 0x0003, 0x0003, 0x0003, 0x0003, 0x0003,
  0x0003, 0x0003, 0x0003, 0x0003, 0x0003, 0x0003, 0x0003, 0x0003, 0x0003, 0x0003,
  0x0003, 0x0003, 0x0003, 0x0003, 0xC006, 0x0003, 0x0003, 0x0003, 0x0003, 0x0003,
  0x0003, 0x0003, 0x3003, 0x0003, 0x0003, 0x0003, 0x0003, 0x0003, 0x0003, 0x0003,
  0x0003, 0x50C3, 0x0003, 0x5143, 0x5143, 0x0003, 0x0003, 0x0003, 0x0003, 0x0003,
  0x0003, 0x0003, 0x0003, 0x0003, 0x0003, 0x0003, 0x0003, 0x0003, 0x5B83, 0x0003,
  0x0003, 0x0003, 0x0003, 0x0003, 0x0003, 0x0003, 0x0003, 0x0003, 0x0003, 0x0003,
  0x0003, 0x0003, 0x0003, 0x0003, 0x0003, 0x0003, 0x0003, 0x0003, 0x0003, 0x0003,
  0x0003, 0x0003, 0x0003, 0x0003, 0x0003, 0x0003, 0x0003, 0x0003, 0x0003, 0x0003,
  0x0003, 0x0003, 0x0003, 0x0003, 0x0003, 0x0003, 0x0003, 0x0003, 0x0003, 0x0003,
  0x0003, 0x0003, 0x0003, 0x0003, 0x0003, 0x0003, 0x0003, 0x0003, 0x0003, 0x3003,
  0x3003, 0x3003, 0x3003, 0x3003, 0x3003, 0x3003, 0x3003, 0x3003, 0x3003, 0x3003,
  0x3003, 0x3003, 0x3003, 0x3003, 0x3003, 0x3003, 0x3003, 0x3003, 0x3003, 0x3003,
  0x0003, 0x0003, 0x0003, 0x0003, 0x0003, 0x0003, 0x0003, 0x0003, 0x0003, 0x0003,
  0x0003, 0x0003, 0x0003, 0x0003, 0x0003, 0x0003, 0x0003, 0x0003, 0x0003, 0x0003,
  0x0003, 0x0003, 0x0003, 0x0003, 0x0003, 0x0003, 0x0003, 0x0003, 0x0003, 0x0003,
  0x0003, 0x0003, 0x0003, 0x0003, 0x0003, 0x0003, 0x0003, 0x0003, 0x0003, 0x0003,
  0x3003, 0x3003, 0x3003, 0x3003, 0x3003, 0x3003, 0x3003, 0x3003, 0x3003, 0x3003,
  0x3003, 0x3003, 0x3003, 0x3003, 0x3003, 0x3003, 0x3003, 0x3003, 0x3003, 0x3003,
  0x3003, 0x3003, 0x3003, 0x3003, 0x0003, 0x0003, 0x0003, 0x0003, 0x0003, 0x0003,
  0x0003, 0x0003, 0x0003, 0x0003, 0x0003, 0x0003, 0x0003, 0x0003, 0x0003, 0x0003,
  0x0003, 0x0003, 0x0003, 0x0003, 0x0003, 0x0003, 0x0003, 0x0003, 0x0003, 0x0003,
  0x0003, 0x0003, 0x0003, 0x0003, 0x0003, 0x0003, 0x0003, 0x0003, 0x0003, 0x0003,
  0x0003, 0x0003, 0x0003, 0x0003, 0x0003, 0x0003, 0x0003, 0x0003, 0x0003, 0x0003,
  0x0003, 0x0003, 0x0003, 0x0003, 0x0003, 0x0003, 0x0003, 0x0003, 0x0003, 0x0003,
  0x0003, 0x0003, 0x0003, 0x0003, 0x0003, 0x5CC3, 0x5CC3, 0x5CC3, 0x0003, 0x0003,
  0x0003, 0x0003, 0x0003, 0x0003, 0x0003, 0x0003, 0x0003, 0x0003, 0x0003, 0x0003,
  0x0003, 0x0003, 0x0003, 0x0003, 0x0003, 0x0003, 0x0003, 0x0003, 0x0003, 0x0003,
  0x0003, 0x0003, 0x0003, 0x0003, 0x0003, 0x0003, 0x0003, 0x0003, 0x0003, 0x0003,
  0x5143, 0x5143, 0x0003, 0x0003, 0x0003, 0x0003, 0x0003, 0x0003, 0x0003, 0x0003,
  0x0003, 0x0003, 0x0003, 0x0003, 0x0003, 0x0003, 0x0003, 0x0003, 0x0003, 0x0003,
  0x0003, 0x0003, 0x0003, 0x0003, 0x0003, 0x0003, 0x0003, 0x0003, 0x0003, 0x0003,
  0x0003, 0x0003, 0x5143, 0x0003, 0x0003, 0x0003, 0x0003, 0x0003, 0x0003, 0x0003,
  0x0003, 0x0003, 0x0003, 0x0003, 0x0003, 0x0003, 0x0003, 0x0003, 0x0003, 0x0003,
  0x0003, 0x5143, 0x0003, 0x0003, 0x0003, 0x0003, 0x0003, 0x0003, 0x0003, 0x0003,
  0x0003, 0x0003, 0x5CC3, 0x0003, 0x0003, 0x0003, 0x0003, 0x0003, 0x0003, 0x0003,
  0x0003, 0x0003, 0x0003, 0x0003, 0x0003, 0x0003, 0x0003, 0x0003, 0x0003, 0x0003,
  0x0003, 0x0003, 0x0003, 0x0003, 0x0003, 0x0003, 0x0003, 0x0003, 0x0003, 0x0003,
  0x0003, 0x0003, 0x0003, 0x0003, 0x0003, 0x0003, 0x0003, 0x0003, 0x0003, 0x0003,
  0x0003, 0x0003, 0x0003, 0x0003, 0x5C83, 0x0003, 0x0003, 0x0003, 0x0003, 0x0003,
  0x0003, 0x0003, 0x0003, 0x0003, 0x0003, 0x0003, 0x0003, 0x0003, 0x0003, 0x0003,
  0x0003, 0x0003, 0x0003, 0x0003, 0x0003, 0x0003, 0x0003, 0x0003, 0x0003, 0x0003,
  0x0003, 0x0003, 0x0003, 0x0003, 0x0003, 0x0003, 0x0003, 0x0003, 0x0003, 0x0003,
  0x0003, 0x0003, 0x0003, 0x0003, 0x0003, 0x0003, 0x0003, 0x0003, 0x0003, 0x0003,
  0x0003, 0x0003, 0x0003, 0x0003, 0x0003, 0x0003, 0x0003, 0x0003, 0x0003, 0x0003,
  0x0003, 0x0003, 0x5BC3, 0x5CC3, 0x5B83, 0x0003, 0x0003, 0x0003, 0x0003, 0x0003,
  0x0003, 0x0003, 0x0003, 0x0003, 0x0003, 0x0003, 0x0003, 0x0003, 0x0003, 0x0003,
  0x0003, 0x0003, 0x0003, 0x0003, 0x0003, 0x0003, 0x0003, 0x0003, 0x5CC3, 0x5B83,
  0x0003, 0x0003, 0x0003, 0x0003, 0x0003, 0x0003, 0x0003, 0x0003, 0x0003, 0x0003,
  0x0003, 0x0003, 0x0003, 0x0003, 0x0003, 0x0003, 0x0003, 0x0003, 0x0003, 0x0003,
  0x0003, 0x0003, 0x0003, 0x0003, 0x0003, 0x0003, 0x0003, 0x0003, 0x0003, 0x0003,
  0x0003, 0x0003, 0x0003, 0x0003, 0x0003, 0x0003, 0x0003, 0x0003, 0x0003, 0x5143,
  0x0003, 0x0003, 0x0003, 0x0003, 0x0003, 0x0003, 0x0003, 0x0003, 0x0003, 0x0003,
  0x0003, 0x0003, 0x0003, 0x0003, 0x0003, 0x0003, 0x0003, 0x0003, 0x0003, 0x0003,
  0x5CC3, 0x5CC3, 0x5CC3, 0x5CC3, 0x5CC3, 0x5CC3, 0x5CC3, 0x5CC3, 0x0003, 0x0003,
  0x5B83, 0x0003, 0x0003, 0x0003, 0x0003, 0x0003, 0x0003, 0x0003, 0x0003, 0x0003,
  0x0003, 0x0003, 0x0003, 0x0003, 0x0003, 0x0003, 0x0003, 0x0003, 0x0003, 0x0003,
  0x0003, 0x0003, 0x0003, 0x0003, 0x0003, 0x0003, 0x0003, 0x0003, 0x0003, 0x0003,
  0x0003, 0x0003, 0x0003, 0x0003, 0x0003, 0x0003, 0x0003, 0x0003, 0x0003, 0x0003,
  0x0003, 0x0003, 0x0003, 0x0003, 0x0003, 0x0003, 0x0003, 0x0003, 0x0003, 0x5CC3,
  0x5CC3, 0x5CC3, 0x5CC3, 0x5CC3, 0x5B83, 0x5B83, 0x5B83, 0x5B83, 0x5B83, 0x5B83,
  0x5CC3, 0x5CC3, 0x5B83, 0x0003, 0x5B83, 0x5CC3, 0x5CC3, 0x5B83, 0x5B83, 0x5CC3,
  0x5CC3, 0x5CC3, 0x5CC3, 0x5CC3, 0x5B83, 0x5CC3, 0x5CC3, 0x5CC3, 0x5CC3, 0x5CC3,
  0x5CC3, 0x5CC3, 0x5CC3, 0x5CC3, 0x5CC3, 0x5CC3, 0x5CC3, 0x5CC3, 0x5CC3, 0x5CC3,
  0x5CC3, 0x5CC3, 0x5CC3, 0x5B83, 0x0003, 0x0003, 0x5CC3, 0x5CC3, 0x5CC3, 0x5CC3,
  0x5CC3, 0x5CC3, 0x5B83, 0x5CC3, 0x5CC3, 0x5CC3, 0x5CC3, 0x5D83, 0x0003, 0x0003,
  0x0003, 0x0003, 0x0003, 0x0003, 0x0003, 0x0003, 0x0003, 0x0003, 0x0003, 0x0003,
  0x0003, 0x0003, 0x0003, 0x0003, 0x0003, 0x0003, 0x0003, 0x0003, 0xC006, 0x0003,
  0xC006, 0x0003, 0xC006, 0x0003, 0xC006, 0x0003, 0xC006, 0x0003, 0x0003, 0x0003,
  0xC006, 0x0003, 0x0003, 0x0003, 0x0003, 0x0003, 0x0003, 0x0003, 0x0003, 0x0003,
  0x0003, 0x0003, 0x0003, 0x0003, 0x0003, 0x0003, 0x0003, 0x0003, 0x0003, 0x0003,
  0x0003, 0x0003, 0x0003, 0x0003, 0x0003, 0x0003, 0x0003, 0x0003, 0x0003, 0x0003,
  0x0003, 0x0003, 0x0003, 0x0003, 0x50C3, 0x3003, 0x0003, 0x0003, 0x0003, 0x0003,
  0x0003, 0xC006, 0x0003, 0xC006, 0x0003, 0x0003, 0xC006, 0xC006, 0x0003, 0xC006,
  0x5143, 0x0003, 0x0003, 0x0003, 0x0003, 0x0003, 0x0003, 0x0003, 0x0003, 0x0003,
  0x0003, 0x0003, 0x0003, 0x0003, 0x0003, 0x0003, 0x0003, 0x0003, 0x0003, 0x0003,
  0x0003, 0x0003, 0x0003, 0x0003, 0x0003, 0x0003, 0x0003, 0x0003, 0x0003, 0x0003,
  0x0003, 0x0003, 0x0003, 0x0003, 0x0003, 0x0003, 0x0003, 0x0003, 0x0003, 0x5CC3,
  0x5B83, 0x5CC3, 0x5CC3, 0x5CC3, 0x5CC3, 0x5CC3, 0x5CC3, 0x5CC3, 0x0003, 0x0003,
  0x0003, 0x0003, 0x0003, 0x0003, 0x0003, 0x0003, 0x0003, 0x0003, 0x0003, 0x0003,
  0x0003, 0x0003, 0x0003, 0x0003, 0x0003, 0x0003, 0x0003, 0x0003, 0x0003, 0x0003,
  0x0003, 0x0003, 0x0003, 0x0003, 0x0003, 0x0003, 0x0003, 0x0003, 0x0003, 0x0003,
  0x0003, 0x0003, 0x0003, 0x0003, 0x0003, 0x0003, 0x0003, 0x0003, 0x0003, 0x0003,
  0x5143, 0x5143, 0x0003, 0x0003, 0x0003, 0x0003, 0x0003, 0x0003, 0x0003, 0x0003,
  0x0003, 0x0003, 0x0003, 0x0003, 0x0003, 0x0003, 0x0003, 0x0003, 0x0003, 0x0003,
  0x0003, 0x0003, 0x0003, 0x0003, 0x0003, 0x0003, 0x0003, 0x0003, 0x0003, 0x0003,
  0x0003, 0x0003, 0x0003, 0x0003, 0x0003, 0x0003, 0x0003, 0x0003, 0x0003, 0x0003,
  0x50C3, 0x0003, 0x0003, 0x0003, 0x0003, 0x0003, 0x0003, 0x0003, 0x0003, 0x0003,
  0x0003, 0x0003, 0x5143, 0x5143, 0x0003, 0x0003, 0x0003, 0x0003, 0x0003, 0x0003,
  0x0003, 0x0003, 0x0003, 0x0003, 0x0003, 0x0003, 0x0003, 0x0003, 0x0003, 0x0003,
  0x5CC3, 0x5CC3, 0x5CC3, 0x0003, 0x5043, 0x5B83, 0x5B83, 0x5B83, 0x5B83, 0x5B83,
  0x5CC3, 0x5CC3, 0x5B83, 0x5B83, 0x5B83, 0x5B83, 0x5CC3, 0x0003, 0x5043, 0x5043,
  0x5043, 0x5043, 0x5043, 0x5043, 0x5043, 0x0003, 0x0003, 0x0003, 0x0003, 0x5B83,
  0x0003, 0x0003, 0x0003, 0x0003, 0x0003, 0x0003, 0x5CC3, 0x0003, 0x0003, 0x0003,
  0x5CC3, 0x5CC3, 0x0003, 0x0003, 0x0003, 0x0003, 0x0003, 0x0003, 0x5CC3, 0x5CC3,
  0x5B83, 0x5CC3, 0x5CC3, 0x5CC3, 0x5CC3, 0x5CC3, 0x5CC3, 0x5CC3, 0x5B83, 0x5CC3,
  0x5CC3, 0x5D83, 0x5AC3, 0x5B83, 0x5A83, 0x5CC3, 0x5CC3, 0x5CC3, 0x5CC3, 0x5CC3,
  0x5CC3, 0x5CC3, 0x5CC3, 0x5CC3, 0x5CC3, 0x5CC3, 0x5CC3, 0x5CC3, 0x5CC3, 0x5CC3,
  0x5CC3, 0x5CC3, 0x5CC3, 0x5CC3, 0x5CC3, 0x5CC3, 0x5CC3, 0x5CC3, 0x5CC3, 0x5CC3,
  0x5CC3, 0x5CC3, 0x5CC3, 0x5CC3, 0x5CC3, 0x5CC3, 0x5CC3, 0x5CC3, 0x5CC3, 0x5CC3,
  0x5CC3, 0x5CC3, 0x5D03, 0x5C83, 0x5C83, 0x5B83, 0x5B43, 0x5CC3, 0x5D43, 0x5B83,
  0x5CC3, 0x5B83, 0xC003, 0xC003, 0xC003, 0xC003, 0xC003, 0xC003, 0xC003, 0xC003,
  0xC005, 0xC005, 0xC003, 0xC003, 0xC003, 0xC003, 0xC003, 0xC003, 0xC003, 0xC003,
  0xC003, 0xC003, 0xC005, 0xC005, 0xC005, 0xC005, 0xC003, 0xC003, 0xC003, 0xC003,
  0xC005, 0xC005, 0xC003, 0xC003, 0xC003, 0xC003, 0xC003, 0xC003, 0xC003, 0xC003,
  0xC003, 0xC003, 0xC003, 0xC003, 0xC003, 0xC003, 0xC003, 0xC003, 0xC005, 0xC005,
  0xC003, 0xC003, 0xC003, 0xC003, 0xC003, 0xC003, 0xC003, 0xC003, 0xC005, 0xC005,
  0xC003, 0xC003, 0xC003, 0xC003, 0xC003, 0xC003, 0xC003, 0xC003, 0xC003, 0xC003,
  0xC003, 0xC003, 0xC005, 0xC005, 0xC005, 0xC005, 0xC005, 0xC005, 0xC005, 0xC005,
  0xC003, 0xC003, 0xC003, 0xC003, 0xC003, 0xC003, 0xC003, 0xC003, 0xC005, 0xC005,
  0xC003, 0xC003, 0xC003, 0xC003, 0xC003, 0xC003, 0xC005, 0xC005, 0xC005, 0xC005,
  0xC005, 0xC005, 0xC003, 0xC003, 0xC003, 0xC003, 0xC003, 0xC003, 0xC003, 0xC003,
  0xC003, 0xC003, 0xC003, 0xC003, 0xC003, 0xC003, 0xC005, 0xC005, 0xC005, 0xC005,
  0xC003, 0xC003, 0xC003, 0xC003, 0xC003, 0xC003, 0xC003, 0xC003, 0xC003, 0xC003,
  0xC003, 0xC003, 0xC003, 0xC003, 0xC003, 0xC003, 0xC003, 0xC003, 0xC003, 0xC003,
  0xC003, 0xC003, 0xC003, 0xC003, 0xC003, 0xC003, 0x0003, 0xC004, 0x0003, 0x0003,
  0x0003, 0x0003, 0xC003, 0xC003, 0xC003, 0xC003, 0xC005, 0xC005, 0xC005, 0xC005,
  0xC005, 0xC005, 0xC005, 0xC005, 0xC005, 0xC005, 0xC005, 0xC005, 0xC005, 0xC005,
  0xC005, 0xC005, 0xC005, 0xC005, 0xC005, 0xC005, 0xC003, 0xC003, 0xC003, 0xC003,
  0xC003, 0xC003, 0xC005, 0xC005, 0xC005, 0xC005, 0xC005, 0xC005, 0xC005, 0xC005,
  0xC003, 0xC003, 0xC003, 0xC003, 0xC003, 0xC003, 0xC003, 0xC003, 0xC005, 0xC005,
  0xC005, 0xC005, 0xC005, 0xC005, 0xC005, 0xC005, 0xC005, 0xC005, 0xC005, 0xC005,
  0xC005, 0xC005, 0xC005, 0xC005, 0xC005, 0xC005, 0xC005, 0xC005, 0xC003, 0xC003,
  0xC003, 0xC003, 0xC005, 0xC005, 0xC005, 0xC005, 0xC005, 0xC005, 0xC005, 0xC005,
  0xC005, 0xC005, 0xC003, 0xC003, 0xC003, 0xC003, 0xC003, 0xC003, 0xC003, 0xC003,
  0x0003, 0x0003, 0x0003, 0x0003, 0x0003, 0x0003, 0xC004, 0xC004, 0xC006, 0xC006,
  0xC006, 0xC006, 0xC006, 0xC006, 0xC004, 0xC004, 0xC006, 0xC006, 0xC006, 0xC006,
  0xC006, 0xC006, 0xC004, 0xC004, 0xC006, 0xC006, 0xC006, 0xC006, 0x0003, 0x0003,
  0xC004, 0xC004, 0xC006, 0xC006, 0xC006, 0xC006, 0x0003, 0x0003, 0xC004, 0xC004,
  0xC006, 0xC006, 0xC006, 0xC006, 0xC006, 0xC006, 0xC004, 0xC004, 0xC006, 0xC006,
  0xC006, 0xC006, 0xC006, 0xC006, 0xC004, 0xC004, 0xC006, 0xC006, 0xC006, 0xC006,
  0xC006, 0xC006, 0xC004, 0xC004, 0xC006, 0xC006, 0xC006, 0xC006, 0xC006, 0xC006,
  0xC004, 0xC004, 0xC006, 0xC006, 0xC006, 0xC006, 0x0003, 0x0003, 0xC004, 0xC004,
  0xC006, 0xC006, 0xC006, 0xC006, 0x0003, 0x0003, 0xC004, 0xC004, 0xC006, 0xC006,
  0xC006, 0xC006, 0xC006, 0xC006, 0x0003, 0xC004, 0x0003, 0xC006, 0x0003, 0xC006,
  0x0003, 0xC006, 0xC004, 0xC004, 0xC006, 0xC006, 0xC006, 0xC006, 0xC006, 0xC006,
  0xC004, 0xC004, 0xC006, 0xC006, 0xC006, 0xC006, 0xC006, 0xC006, 0xC004, 0xF004,
  0xC004, 0xF004, 0xC004, 0xF004, 0xC004, 0xF004, 0xC004, 0xF004, 0xC004, 0xF004,
  0xC004, 0xF004, 0x0003, 0x0003, 0xC006, 0xC006, 0xC008, 0xC008, 0xC008, 0xC008,
  0xC008, 0xC008, 0xC006, 0xC006, 0xC008, 0xC008, 0xC008, 0xC008, 0xC008, 0xC008,
  0xC006, 0xC006, 0xC008, 0xC008, 0xC008, 0xC008, 0xC008, 0xC008, 0xC006, 0xC006,
  0xC008, 0xC008, 0xC008, 0xC008, 0xC008, 0xC008, 0xC006, 0xC006, 0xC008, 0xC008,
  0xC008, 0xC008, 0xC008, 0xC008, 0xC006, 0xC006, 0xC008, 0xC008, 0xC008, 0xC008,
  0xC008, 0xC008, 0xC004, 0xC004, 0xC006, 0xC004, 0xC006, 0x0003, 0xC004, 0xC006,
  0xC004, 0xC004, 0xC004, 0xF004, 0xC004, 0x0003, 0xF002, 0x0003, 0xC004, 0xC006,
  0xC004, 0xC006, 0x0003, 0xC004, 0xC006, 0xC004, 0xF004, 0xC004, 0xF004, 0xC004,
  0xC005, 0xC005, 0xC005, 0xC004, 0xC004, 0xC006, 0xF006, 0x0003, 0x0003, 0xC004,
  0xC006, 0xC004, 0xC004, 0xC004, 0xF004, 0x0003, 0xC005, 0xC005, 0xC005, 0xC004,
  0xC004, 0xC006, 0xF006, 0xC004, 0xC004, 0xC004, 0xC006, 0xC004, 0xC004, 0xC004,
  0xF004, 0xC004, 0xC004, 0xF004, 0xF001, 0x0003, 0x0003, 0xC006, 0xC004, 0xC006,
  0x0003, 0xC004, 0xC006, 0xC004, 0xF004, 0xC004, 0xF004, 0xC004, 0xF002, 0x0003,
  0x0003, 0xF003, 0xF003, 0x0003, 0x0003, 0x0003, 0x0003, 0x0003, 0x0003, 0x0003,
  0x0003, 0x0003, 0x0003, 0x0003, 0x0003, 0x0003, 0x0003, 0x0003, 0x0003, 0x0003,
  0x0003, 0x0003, 0x0003, 0x0003, 0x0003, 0x0003, 0x0003, 0x0003, 0x0003, 0x0003,
  0x0003, 0x0003, 0x0003, 0x0003, 0x0003, 0x0003, 0x0003, 0x0003, 0x0003, 0x0003,
  0x0003, 0x0003, 0x0003, 0x0003, 0x0003, 0x0003, 0x0003, 0x0003, 0x0003, 0x0003,
  0x0003, 0x0003, 0x0003, 0x0003, 0x0003, 0x0003, 0x0003, 0x0003, 0x0003, 0x0003,
  0x0003, 0x0003, 0x0003, 0x0003, 0x0003, 0x5CC3, 0x5CC3, 0x5043, 0x5043, 0x5CC3,
  0x5CC3, 0x5CC3, 0x5CC3, 0x5043, 0x5043, 0x5043, 0x5CC3, 0x5CC3, 0x0003, 0x0003,
  0x0003, 0x0003, 0x5CC3, 0x0003, 0x0003, 0x0003, 0x5043, 0x5043, 0x5CC3, 0x5B83,
  0x5CC3, 0x5043, 0x5043, 0x5B83, 0x5B83, 0x5B83, 0x5B83, 0x5CC3, 0x0003, 0x0003,
  0x0003, 0x0003, 0x0003, 0x0003, 0x0003, 0x0003, 0x0003, 0x0003, 0x0003, 0x0003,
  0x0003, 0x0003, 0x0003, 0x0003, 0x0003, 0x0003, 0x0003, 0x0003, 0x0003, 0x0003,
  0x0003, 0x0003, 0x0003, 0x0003, 0x0003, 0x0003, 0x0003, 0x0003, 0x0003, 0x0003,
  0x0003, 0x0003, 0x0003, 0x0003, 0x0003, 0x0003, 0xF002, 0x0003, 0x0003, 0x0003,
  0xF001, 0xF003, 0x0003, 0x0003, 0x0003, 0x0003, 0x0003, 0x0003, 0x0003, 0x0003,
  0x0003, 0x0003, 0x0003, 0x0003, 0x0003, 0x0003, 0x0003, 0x0003, 0x0003, 0x0003,
  0x0003, 0x0003, 0x0003, 0x0003, 0x0003, 0x0003, 0x0003, 0x0003, 0xC005, 0xC005,
  0x0003, 0x0003, 0x0003, 0x0003, 0x0003, 0x0003, 0x0003, 0x0003, 0x0003, 0x0003,
  0x0003, 0x0003, 0x0003, 0x0003, 0x0003, 0x0003, 0x0003, 0x0003, 0xC005, 0x0003,
  0x0003, 0x0003, 0x0003, 0x0003, 0x0003, 0x0003, 0x0003, 0x0003, 0x0003, 0x0003,
  0x0003, 0x0003, 0x0003, 0x0003, 0x0003, 0x0003, 0xC005, 0xC005, 0xC005, 0x0003,
  0x0003, 0x0003, 0x0003, 0x0003, 0x0003, 0x0003, 0x0003, 0x0003, 0x0003, 0x0003,
  0x0003, 0x0003, 0x0003, 0x0003, 0x0003, 0x0003, 0x0003, 0x0003, 0x0003, 0x0003,
  0x0003, 0x0003, 0x0003, 0x0003, 0x0003, 0x0003, 0x0003, 0x0003, 0x0003, 0x0003,
  0x0003, 0x0003, 0x0003, 0x0003, 0x0003, 0x0003, 0x0003, 0x0003, 0x0003, 0x0003,
  0x0003, 0x0003, 0x0003, 0x0003, 0x0003, 0x0003, 0x0003, 0xC005, 0x0003, 0x0003,
  0x0003, 0x0003, 0xC005, 0x0003, 0x0003, 0xC005, 0x0003, 0x0003, 0x0003, 0x0003,
  0x0003, 0x0003, 0x0003, 0x0003, 0x0003, 0x0003, 0x0003, 0x0003, 0x0003, 0x0003,
  0x0003, 0x0003, 0x0003, 0x0003, 0x0003, 0x0003, 0x0003, 0x0003, 0x0003, 0xC005,
  0x0003, 0xC005, 0x0003, 0x0003, 0x0003, 0x0003, 0x0003, 0x0003, 0x0003, 0x0003,
  0x0003, 0x0003, 0x0003, 0x0003, 0x0003, 0x0003, 0x0003, 0x0003, 0x0003, 0x0003,
  0x0003, 0x0003, 0x0003, 0x0003, 0x0003, 0x0003, 0x0003, 0xC005, 0x0003, 0x0003,
  0xC005, 0x0003, 0x0003, 0xC005, 0x0003, 0xC005, 0x0003, 0x0003, 0x0003, 0x0003,
  0x0003, 0x0003, 0x0003, 0x0003, 0x0003, 0x0003, 0x0003, 0x0003, 0x0003, 0x0003,
  0x0003, 0x0003, 0x0003, 0x0003, 0x0003, 0x0003, 0x0003, 0x0003, 0xC003, 0x0003,
  0xC005, 0x0003, 0x0003, 0x0003, 0x0003, 0x0003, 0x0003, 0x0003, 0x0003, 0x0003,
  0x0003, 0xC005, 0xC003, 0xC003, 0xC005, 0xC005, 0x0003, 0x0003, 0xC005, 0xC005,
  0x0003, 0x0003, 0xC005, 0xC005, 0x0003, 0x0003, 0x0003, 0x0003, 0x0003, 0x0003,
  0x0003, 0x0003, 0x0003, 0x0003, 0x0003, 0x0003, 0x0003, 0x0003, 0x0003, 0x0003,
  0x0003, 0x0003, 0x0003, 0x0003, 0x0003, 0x0003, 0x0003, 0x0003, 0x0003, 0x0003,
  0x0003, 0x0003, 0x0003, 0x0003, 0x0003, 0x0003, 0x0003, 0x0003, 0xC005, 0xC005,
  0xC005, 0xC005, 0x0003, 0x0003, 0x0003, 0x0003, 0x0003, 0x0003, 0x0003, 0x0003,
  0x0003, 0x0003, 0x0003, 0x0003, 0x0003, 0x0003, 0x0003, 0x0003, 0x0003, 0x0003,
  0x0003, 0x0003, 0x0003, 0x0003, 0x0003, 0x0003, 0x0003, 0x0003, 0x0003, 0x0003,
  0x0003, 0x0003, 0x0003, 0x0003, 0xC005, 0xC005, 0xC005, 0xC005, 0x0003, 0x0003,
  0x0003, 0x0003, 0x0003, 0x0003, 0xC005, 0xC005, 0xC005, 0xC005, 0x0003, 0x0003,
  0x0003, 0x0003, 0x0003, 0x0003, 0x0003, 0x0003, 0x0003, 0x0003, 0x0003, 0x0003,
  0x0003, 0x0003, 0x0003, 0x0003, 0x0003, 0x0003, 0x0003, 0x0003, 0x0003, 0x0003,
  0x0003, 0x0003, 0x0003, 0x0003, 0x0003, 0x0003, 0x0003, 0x0003, 0x0003, 0x0003,
  0x0003, 0x0003, 0x0003, 0x0003, 0x0003, 0x0003, 0x0003, 0x0003, 0x0003, 0xF003,
  0xF003, 0x0003, 0x0003, 0x0003, 0x0003, 0x0003, 0x0003, 0x0003, 0x0003, 0x0003,
  0x0003, 0x0003, 0x0003, 0x0003, 0x0003, 0x0003, 0x0003, 0x0003, 0x0003, 0x0003,
  0x0003, 0x0003, 0x0003, 0x0003, 0x0003, 0x0003, 0x0003, 0x0003, 0x0003, 0xF005,
  0x0003, 0x0003, 0x0003, 0x0003, 0x0003, 0x0003, 0x0003, 0x0003, 0x0003, 0x0003,
  0x0003, 0x0003, 0x0003, 0x0003, 0x0003, 0x0003, 0x0003, 0x0003, 0x0003, 0x0003,
  0x0003, 0x0003, 0x0003, 0x0003, 0x0003, 0x0003, 0x0003, 0x0003, 0x0003, 0x0003,
  0x0003, 0x0003, 0x0003, 0x0003, 0x0003, 0x0003, 0x0003, 0x0003, 0x0003, 0x0003,
  0x0003, 0x0003, 0x0003, 0x0003, 0x0003, 0x0003, 0x0003, 0x0003, 0x0003, 0x0003,
  0x0003, 0x0003, 0x0003, 0x0003, 0x0003, 0x0003, 0x0003, 0x0003, 0x0003, 0x0003,
  0x0003, 0x0003, 0x0003, 0x5143, 0x0003, 0x0003, 0x0003, 0x0003, 0x0003, 0x0003,
  0x0003, 0x0003, 0x0003, 0x0003, 0x0003, 0x0003, 0x0003, 0x0003, 0x0003, 0x0003,
  0x0003, 0x0003, 0x0003, 0x0003, 0x0003, 0x0003, 0x0003, 0x0003, 0x0003, 0x0003,
  0x0003, 0x0003, 0x0003, 0x0003, 0x0003, 0x0003, 0x5CC3, 0x5CC3, 0x5CC3, 0x5CC3,
  0x5CC3, 0x5CC3, 0x5CC3, 0x5CC3, 0x5CC3, 0x5CC3, 0x5CC3, 0x5CC3, 0x5CC3, 0x5CC3,
  0x5CC3, 0x5CC3, 0x5CC3, 0x5CC3, 0x5CC3, 0x5CC3, 0x5CC3, 0x5CC3, 0x5CC3, 0x5CC3,
  0x5CC3, 0x5CC3, 0x5CC3, 0x5CC3, 0x5CC3, 0x5CC3, 0x5CC3, 0x5CC3, 0x0003, 0x0003,
  0x0003, 0x0003, 0x0003, 0x0003, 0x0003, 0x0003, 0x0003, 0x0003, 0x0003, 0x0003,
  0x0003, 0x0003, 0x0003, 0x0003, 0x0003, 0x0003, 0x0003, 0x0003, 0x0003, 0x0003,
  0x0003, 0x0003, 0x0003, 0x0003, 0x0003, 0x0003, 0x0003, 0x0003, 0x0003, 0x0003,
  0x0003, 0x0003, 0x0003, 0x0003, 0x0003, 0x0003, 0x0003, 0x0003, 0x0003, 0x0003,
  0x5B43, 0x5C83, 0x5D03, 0x5BC3, 0x5C03, 0x5C03, 0x0003, 0x0003, 0x0003, 0x0003,
  0x0003, 0x0003, 0x0003, 0x0003, 0x0003, 0x0003, 0x0003, 0x0003, 0x0003, 0x0003,
  0x0003, 0x0003, 0xC006, 0x0003, 0xC006, 0x0003, 0xC006, 0x0003, 0xC006, 0x0003,
  0xC006, 0x0003, 0xC006, 0x0003, 0xC006, 0x0003, 0xC006, 0x0003, 0xC006, 0x0003,
  0xC006, 0x0003, 0xC006, 0x0003, 0xC006, 0x0003, 0x0003, 0xC006, 0x0003, 0xC006,
  0x0003, 0xC006, 0x0003, 0x0003, 0x0003, 0x0003, 0x0003, 0x0003, 0xC006, 0xC006,
  0x0003, 0xC006, 0xC006, 0x0003, 0xC006, 0xC006, 0x0003, 0xC006, 0xC006, 0x0003,
  0xC006, 0xC006, 0x0003, 0x0003, 0x0003, 0x0003, 0x0003, 0x0003, 0x0003, 0x0003,
  0x0003, 0x0003, 0x0003, 0x0003, 0x0003, 0x0003, 0x0003, 0x0003, 0x0003, 0x0003,
  0x0003, 0x0003, 0xC006, 0x0003, 0x0003, 0x0003, 0x0003, 0x7103, 0x7103, 0x0003,
  0x0003, 0x0003, 0xC006, 0x0003, 0x0003, 0x0003, 0x0003, 0x0003, 0x0003, 0x0003,
  0x0003, 0x0003, 0x0003, 0x0003, 0x0003, 0x0003, 0xC006, 0x0003, 0xC006, 0x0003,
  0xC006, 0x0003, 0xC006, 0x0003, 0xC006, 0x0003, 0xC006, 0x0003, 0xC006, 0x0003,
  0xC006, 0x0003, 0xC006, 0x0003, 0xC006, 0x0003, 0x0003, 0xC006, 0x0003, 0xC006,
  0x0003, 0xC006, 0x0003, 0x0003, 0x0003, 0x0003, 0x0003, 0x0003, 0xC006, 0xC006,
  0x0003, 0xC006, 0xC006, 0x0003, 0xC006, 0xC006, 0x0003, 0xC006, 0xC006, 0x0003,
  0xC006, 0xC006, 0x0003, 0x0003, 0x0003, 0x0003, 0x0003, 0x0003, 0x0003, 0x0003,
  0x0003, 0x0003, 0x0003, 0x0003, 0x0003, 0x0003, 0x0003, 0x0003, 0x0003, 0x0003,
  0x0003, 0x0003, 0x0003, 0x0003, 0xC006, 0x0003, 0x0003, 0xC006, 0xC006, 0xC006,
  0xC006, 0x0003, 0x0003, 0x0003, 0xC006, 0x0003, 0x0003, 0x0003, 0x0003, 0x0003,
  0x0003, 0x0003, 0x0003, 0x0003, 0x0003, 0x0003, 0x0003, 0x0003, 0x0003, 0x0003,
  0x0003, 0x0003, 0x0003, 0x0003, 0x0003, 0x0003, 0x0003, 0x0003, 0x0003, 0x0003,
  0x0003, 0x0003, 0x0003, 0x0003, 0x0003, 0x0003, 0x0003, 0x0003, 0x0003, 0x0003,
  0x0003, 0x0003, 0x0003, 0x0003, 0x0003, 0x0003, 0x0003, 0x0003, 0x0003, 0x0003,
  0x0003, 0x0003, 0x5CC3, 0x0003, 0x0003, 0x0003, 0x0003, 0x5CC3, 0x5CC3, 0x5CC3,
  0x5CC3, 0x5CC3, 0x5CC3, 0x5CC3, 0x5CC3, 0x5CC3, 0x5CC3, 0x0003, 0x0003, 0x0003,
  0x0003, 0x0003, 0x0003, 0x0003, 0x0003, 0x0003, 0x0003, 0x0003, 0x0003, 0x0003,
  0x0003, 0x0003, 0x0003, 0x0003, 0x0003, 0x0003, 0x0003, 0x0003, 0x0003, 0x0003,
  0x0003, 0x0003, 0x0003, 0x0003, 0x0003, 0x0003, 0x0003, 0x5CC3, 0x5CC3, 0x0003,
  0x0003, 0x0003, 0x0003, 0x0003, 0x0003, 0x0003, 0x0003, 0x0003, 0x0003, 0x0003,
  0x0003, 0x0003, 0x0003, 0x0003, 0x0003, 0x0003, 0x0003, 0x0003, 0x0003, 0x0003,
  0x0003, 0x0003, 0x0003, 0x0003, 0x0003, 0x0003, 0x0003, 0x0003, 0x0003, 0x0003,
  0x0003, 0x0003, 0x0003, 0x0003, 0x0003, 0x0003, 0x0003, 0x0003, 0x0003, 0x0003,
  0x0003, 0x0003, 0x0003, 0x0003, 0x0003, 0x0003, 0x0003, 0x5CC3, 0x5CC3, 0x0003,
  0x0003, 0x0003, 0x0003, 0x0003, 0x0003, 0x0003, 0x0003, 0x0003, 0x0003, 0x0003,
  0x0003, 0x0003, 0x0003, 0x5143, 0x0003, 0x0003, 0x0003, 0x0003, 0x0003, 0x0003,
  0x0003, 0x0003, 0x0003, 0x0003, 0x0003, 0x0003, 0x0003, 0x0003, 0x0003, 0x0003,
  0x0003, 0x0003, 0x0003, 0x0003, 0x0003, 0x0003, 0x0003, 0x0003, 0x0003, 0x0003,
  0x0003, 0x0003, 0x0003, 0x0003, 0x0003, 0x0003, 0x0003, 0x0003, 0x0003, 0x0003,
  0x0003, 0x5143, 0x0003, 0x0003, 0x0003, 0x0003, 0x0003, 0x0003, 0x0003, 0x0003,
  0x0003, 0x0003, 0x0003, 0x0003, 0x0003, 0x0003, 0x0003, 0x0003, 0x0003, 0x0003,
  0x0003, 0x0003, 0x0003, 0x0003, 0x0003, 0x0003, 0x0003, 0x0003, 0x0003, 0x5CC3,
  0x5CC3, 0x5CC3, 0x5CC3, 0x5CC3, 0x5CC3, 0x5CC3, 0x5CC3, 0x5CC3, 0x5CC3, 0x5CC3,
  0x5CC3, 0x5CC3, 0x5CC3, 0x5CC3, 0x5CC3, 0x5CC3, 0x5CC3, 0x0003, 0x0003, 0x0003,
  0x0003, 0x0003, 0x0003, 0x0003, 0x0003, 0x0003, 0x0003, 0x0003, 0x0003, 0x0003,
  0x0003, 0x0003, 0x0003, 0x0003, 0x0003, 0x0003, 0x0003, 0x0003, 0x0003, 0x0003,
  0x0003, 0x0003, 0x0003, 0x0003, 0x0003, 0x0003, 0x0003, 0x0003, 0x0003, 0x0003,
  0x0003, 0x0003, 0x0003, 0x0003, 0x0003, 0x0003, 0x0003, 0x0003, 0x0003, 0x0003,
  0x5B83, 0x5B83, 0x5B83, 0x0003, 0x0003, 0x0003, 0x0003, 0x0003, 0x0003, 0x0003,
  0x0003, 0x0003, 0x0003, 0x0003, 0x0003, 0x0003, 0x0003, 0x0003, 0x0003, 0x0003,
  0x0003, 0x0003, 0x5143, 0x0003, 0x0003, 0x0003, 0x0003, 0x0003, 0x0003, 0x0003,
  0x0003, 0x0003, 0x0003, 0x0003, 0x0003, 0x0003, 0x0003, 0x0003, 0x0003, 0x0003,
  0x0003, 0x0003, 0x0003, 0x0003, 0x0003, 0x0003, 0x0003, 0x0003, 0x0003, 0x0003,
  0x0003, 0x0003, 0x0003, 0x0003, 0x0003, 0x0003, 0x0003, 0x0003, 0x0003, 0x0003,
  0x0003, 0x0003, 0x0003, 0x0003, 0x0003, 0x0003, 0x0003, 0x0003, 0x0003, 0x0003,
  0x0003, 0x0003, 0x0003, 0x0003, 0x0003, 0x0003, 0x0003, 0x0003, 0x0003, 0x0003,
  0x0003, 0x0003, 0x0003, 0x0003, 0x0003, 0x0003, 0x5CC3, 0x0003, 0x5CC3, 0x5CC3,
  0x5B83, 0x0003, 0x0003, 0x5CC3, 0x5CC3, 0x0003, 0x0003, 0x0003, 0x0003, 0x0003,
  0x5CC3, 0x5CC3, 0x0003, 0x5CC3, 0x0003, 0x0003, 0x0003, 0x0003, 0x0003, 0x0003,
  0x0003, 0x0003, 0x0003, 0x0003, 0x0003, 0x0003, 0x0003, 0x0003, 0x0003, 0x0003,
  0x0003, 0x0003, 0x0003, 0x0003, 0x0003, 0x0003, 0x0003, 0x0003, 0x0003, 0x0003,
  0x0003, 0x0003, 0x0003, 0x0003, 0x0003, 0x0003, 0x0003, 0x0003, 0x0003, 0x0003,
  0x0003, 0x0003, 0x0003, 0x0003, 0x0003, 0x0003, 0x0003, 0x0003, 0x0003, 0x0003,
  0x0003, 0x0003, 0x0003, 0x0003, 0x0003, 0x0003, 0x5143, 0x0003, 0x0003, 0x0003,
  0x0003, 0x0003, 0x0003, 0x0003, 0x0003, 0x0003, 0xC006, 0xC009, 0xC009, 0xC009,
  0xC009, 0xC009, 0xC009, 0xC009, 0xC009, 0xC009, 0xC009, 0xC009, 0xC009, 0xC009,
  0xC009, 0xC009, 0xC009, 0xC009, 0xC009, 0xC009, 0xC009, 0xC009, 0xC009, 0xC009,
  0xC009, 0xC009, 0xC009, 0xC009, 0xC006, 0xC009, 0xC009, 0xC009, 0xC009, 0xC009,
  0xC009, 0xC009, 0xC009, 0xC009, 0xC009, 0xC009, 0xC009, 0xC009, 0xC009, 0xC009,
  0xC009, 0xC009, 0xC009, 0xC009, 0xC009, 0xC009, 0xC009, 0xC009, 0xC009, 0xC009,
  0xC009, 0xC009, 0xC006, 0xC009, 0xC009, 0xC009, 0xC009, 0xC009, 0xC009, 0xC009,
  0xC009, 0xC009, 0xC009, 0xC009, 0xC009, 0xC009, 0xC009, 0xC009, 0xC009, 0xC009,
  0xC009, 0xC009, 0xC009, 0xC009, 0xC009, 0xC009, 0xC009, 0xC009, 0xC009, 0xC009,
  0xC006, 0xC009, 0xC009, 0xC009, 0xC009, 0xC009, 0xC009, 0xC009, 0xC009, 0xC009,
  0xC009, 0xC009, 0xC009, 0xC009, 0xC009, 0xC009, 0xC009, 0xC009, 0xC009, 0xC009,
  0xC009, 0xC009, 0xC009, 0xC009, 0xC009, 0xC009, 0xC009, 0xC009, 0x0003, 0x0003,
  0x0003, 0x0003, 0x0003, 0x0003, 0x0003, 0x0003, 0x0003, 0x0003, 0x0003, 0x0003,
  0x0003, 0x0003, 0x0003, 0x0003, 0x0003, 0x0003, 0x0003, 0x0003, 0x0003, 0x0003,
  0x0003, 0x0003, 0x0003, 0x0003, 0x0003, 0x0003, 0x0000, 0x0000, 0x0000, 0x0000,
  0x0000, 0x0000, 0x0000, 0x0000, 0x0000, 0x0000, 0x0000, 0x0000, 0x0000, 0x0000,
  0x0000, 0x0000, 0x0000, 0x0000, 0x0000, 0x0000, 0x0000, 0x0000, 0x0000, 0x0000,
  0x0000, 0x0000, 0x0000, 0x0000, 0x0000, 0x0000, 0x0000, 0x0000, 0x0000, 0x0000,
  0x0000, 0x0000, 0x0000, 0x0000, 0x0000, 0x0000, 0x0000, 0x0000, 0x0000, 0x0000,
  0x0000, 0x0000, 0x0000, 0x0000, 0x0000, 0x0000, 0x0000, 0x0000, 0x0000, 0x0000,
  0x0000, 0x0000, 0x0000, 0x0000, 0x0000, 0x0000, 0x0000, 0x0000, 0x0000, 0x0000,
  0xF003, 0xF003, 0xF003, 0xF003, 0xF003, 0xF003, 0xF003, 0xF003, 0xF003, 0xF003,
  0xF003, 0xF003, 0xF003, 0xF003, 0xF003, 0xF003, 0xF003, 0xF003, 0xF003, 0xF003,
  0xF003, 0xF003, 0xF003, 0xF003, 0xF003, 0xF003, 0xF003, 0xF003, 0xF003, 0xF003,
  0xF003, 0xF003, 0xF003, 0xF003, 0xF003, 0xF003, 0xF003, 0xF003, 0xF003, 0xF003,
  0xF003, 0xF003, 0xF003, 0xF003, 0xF003, 0xF003, 0xF003, 0xF003, 0xF003, 0xF003,
  0xF003, 0xF003, 0xF003, 0xF003, 0xF003, 0xF003, 0xF003, 0xF003, 0xF003, 0xF003,
  0xF003, 0xF003, 0xF003, 0xF003, 0x0003, 0x0003, 0xF003, 0x0003, 0xF003, 0x0003,
  0x0003, 0xF003, 0xF003, 0xF003, 0xF003, 0xF003, 0xF003, 0xF003, 0xF003, 0xF003,
  0xF003, 0x0003, 0xF003, 0x0003, 0xF003, 0x0003, 0x0003, 0xF003, 0xF003, 0x0003,
  0x0003, 0x0003, 0xF003, 0xF003, 0xF003, 0xF003, 0xF003, 0xF003, 0xF003, 0xF003,
  0xF003, 0xF003, 0xF003, 0xF003, 0xF003, 0xF003, 0xF003, 0xF003, 0xF003, 0xF003,
  0xF003, 0xF003, 0xF003, 0xF003, 0xF003, 0xF003, 0xF003, 0xF003, 0xF003, 0xF003,
  0xF003, 0xF003, 0xF003, 0xF003, 0xF003, 0xF003, 0xF003, 0xF003, 0xF003, 0xF003,
  0xF003, 0xF003, 0xF003, 0xF003, 0xF003, 0xF003, 0xF004, 0xF003, 0x0003, 0x0003,
  0xF003, 0xF003, 0xF003, 0xF003, 0xF003, 0xF003, 0xF003, 0xF003, 0xF003, 0xF003,
  0xF003, 0xF003, 0xF003, 0xF003, 0xF003, 0xF003, 0xF004, 0xF004, 0xF004, 0xF003,
  0xF003, 0xF003, 0xF004, 0xF004, 0xF004, 0xF003, 0xF003, 0x0003, 0x0003, 0x0003,
  0x0003, 0x0003, 0x0003, 0x0003, 0x0003, 0x0003, 0x0003, 0x0003, 0x0003, 0x0003,
  0x0003, 0x0003, 0x0003, 0x0003, 0x0003, 0x0003, 0x0003, 0x0003, 0x0003, 0x0003,
  0x0003, 0x0003, 0x0003, 0x0003, 0x0003, 0x0003, 0x0003, 0x0003, 0x0003, 0x0003,
  0x0003, 0x0003, 0x0003, 0x0003, 0x0003, 0xF004, 0x5583, 0xF004, 0x0003, 0x0003,
  0x0003, 0x0003, 0x0003, 0x0003, 0x0003, 0x0003, 0x0003, 0x0003, 0xF004, 0xF004,
  0xF006, 0xF006, 0xF004, 0xF004, 0xF004, 0xF004, 0xF004, 0xF004, 0xF004, 0xF004,
  0xF004, 0x0003, 0xF004, 0xF004, 0xF004, 0xF004, 0xF004, 0x0003, 0xF004, 0x0003,
  0xF004, 0xF004, 0x0003, 0xF004, 0xF004, 0x0003, 0xF004, 0xF004, 0xF004, 0xF004,
  0xF004, 0xF004, 0xF004, 0xF004, 0xF004, 0x0003, 0x0003, 0x0003, 0x0003, 0x0003,
  0x0003, 0x0003, 0x0003, 0x0003, 0x0003, 0x0003, 0x0003, 0x0003, 0x0003, 0x0003,
  0x0003, 0x0003, 0x0003, 0x0003, 0x0003, 0x0003, 0x0003, 0x0003, 0x0003, 0x0003,
  0x0003, 0x0003, 0x0003, 0x0003, 0x0003, 0x0003, 0x0003, 0x0003, 0x0003, 0x0003,
  0x0003, 0x0003, 0x0003, 0x0003, 0x0003, 0x0003, 0x0003, 0x0003, 0x0003, 0x0003,
  0x0003, 0x0003, 0x0003, 0x0003, 0x5CC3, 0x5CC3, 0x5CC3, 0x5CC3, 0x5CC3, 0x5CC3,
  0x5CC3, 0x5B83, 0x5B83, 0x5B83, 0x5B83, 0x5B83, 0x5B83, 0x5B83, 0x5CC3, 0x5CC3,
  0x0003, 0x0003, 0x0003, 0x0003, 0x0003, 0x0003, 0x0003, 0x0003, 0x0003, 0x0003,
  0x0003, 0x0003, 0x0003, 0x0003, 0x0003, 0x0003, 0x0004, 0x0004, 0x0004, 0x0004,
  0x0004, 0x0004, 0x0004, 0x0004, 0x0004, 0x0004, 0x0004, 0x0004, 0x0004, 0x0004,
  0x0004, 0x0004, 0x0004, 0x0004, 0x0004, 0x0004, 0x0004, 0x0004, 0x0004, 0x0004,
  0x0004, 0x0004, 0x0004, 0x0004, 0x0004, 0x0004, 0x0004, 0x0004, 0x0004, 0x0004,
  0x0004, 0x0004, 0x0004, 0x0004, 0x0004, 0x0004, 0x0004, 0x0004, 0x0004, 0x0004,
  0x0004, 0x0004, 0x0004, 0x0004, 0x0004, 0x0004, 0x0004, 0x0004, 0x0004, 0x0004,
  0x0004, 0x0004, 0x0004, 0x0004, 0x0004, 0x0004, 0x0004, 0x0004, 0x0004, 0x0004,
  0x5B84, 0x0004, 0x0004, 0x0004, 0x0004, 0x0004, 0x0004, 0x0004, 0x0004, 0x0004,
  0x0004, 0x0004, 0x0004, 0x0004, 0x0004, 0x0004, 0x0004, 0x0004, 0x0004, 0x0004,
  0x0004, 0x0004, 0x0004, 0x0004, 0x0004, 0x0004, 0x0004, 0x0004, 0x0004, 0x0004,
  0x0004, 0x0004, 0x0004, 0x0004, 0x0004, 0x0004, 0x0004, 0x0004, 0x0004, 0x0004,
  0x0004, 0x0004, 0x0004, 0x0004, 0x0004, 0x0004, 0x0004, 0x0004, 0x0004, 0x0004,
  0x0004, 0x0004, 0x0004, 0x0004, 0x0004, 0x5CC4, 0x5CC4, 0x5CC4, 0x5CC4, 0x5CC4,
  0x0004, 0x0004, 0x0004, 0x0004, 0x0004, 0x0004, 0x0004, 0x0004, 0x0004, 0xC006,
  0x0004, 0x0004, 0x0004, 0x0004, 0x0004, 0x0004, 0x0004, 0x0004, 0x0004, 0x0004,
  0x0004, 0x0004, 0x0004, 0x0004, 0x0004, 0x0004, 0x0004, 0x0004, 0x0004, 0x0004,
  0x0004, 0x0004, 0x0004, 0x0004, 0x0004, 0x0004, 0xC006, 0x0004, 0x0004, 0x0004,
  0x0004, 0x0004, 0x0004, 0x0004, 0x0004, 0x0004, 0x0004, 0x0004, 0x0004, 0x0004,
  0x0004, 0x0004, 0x0004, 0x0004, 0x0004, 0x0004, 0x0004, 0x0004, 0x0004, 0x0004,
  0x0004, 0x0004, 0x0004, 0x0004, 0x5B84, 0x0004, 0x5CC4, 0x0004, 0x0004, 0x0004,
  0x0004, 0x0004, 0x0004, 0x0004, 0x0004, 0x0004, 0x0004, 0x0004, 0x0004, 0x0004,
  0x0004, 0x0004, 0x0004, 0x0004, 0x0004, 0x0004, 0x0004, 0x0004, 0x0004, 0x0004,
  0x0004, 0x0004, 0x0004, 0x0004, 0x0004, 0x0004, 0x0004, 0x0004, 0x0004, 0x0004,
  0x0004, 0x0004, 0x0004, 0x0004, 0x0004, 0x0004, 0x0004, 0x5CC4, 0x5044, 0x5B84,
  0x0004, 0x0004, 0x0004, 0x0004, 0x5144, 0x0004, 0x0004, 0x0004, 0x0004, 0x0004,
  0x0004, 0x0004, 0x0004, 0x0004, 0x0004, 0x0004, 0x0004, 0x0004, 0x0004, 0x0004,
  0x0004, 0x0004, 0x0004, 0x0004, 0x0004, 0x0004, 0x0004, 0x0004, 0x0004, 0x0004,
  0x0004, 0x0004, 0x0004, 0x0004, 0x0004, 0x0004, 0x0004, 0x0004, 0x0004, 0x0004,
  0x0004, 0x0004, 0x5CC4, 0x5B84, 0x0004, 0x0004, 0x0004, 0x0004, 0x0004, 0x0004,
  0x0004, 0x0004, 0x0004, 0x0004, 0x0004, 0x0004, 0x0004, 0x0004, 0x0004, 0x0004,
  0x0004, 0x0004, 0x0004, 0x0004, 0x0004, 0x0004, 0x0004, 0x0004, 0x0004, 0x0004,
  0x0004, 0x0004, 0x0004, 0x0004, 0x0004, 0x0004, 0x0004, 0x0004, 0x0004, 0x0004,
  0x5CC4, 0x5CC4, 0x5CC4, 0x5CC4, 0x0004, 0x0004, 0x0004, 0x0004, 0x0004, 0x0004,
  0x0004, 0x0004, 0x0004, 0x0004, 0x0004, 0x0004, 0x0004, 0x0004, 0x0004, 0x0004,
  0x0004, 0x0004, 0x0004, 0x0004, 0x0004, 0x0004, 0x0004, 0x0004, 0x0004, 0x0004,
  0x0004, 0x0004, 0x0004, 0x0004, 0x0004, 0x0004, 0x0004, 0x0004, 0x0004, 0x0004,
  0x0004, 0x0004, 0x0004, 0x0004, 0x0004, 0x5CC4, 0x5CC4, 0x5CC4, 0x5CC4, 0x5CC4,
  0x0004, 0x0004, 0x0004, 0x0004, 0x0004, 0x0004, 0x0004, 0x0004, 0x0004, 0x0004,
  0x0004, 0x0004, 0x0004, 0x0004, 0x0004, 0x0004, 0x0004, 0x0004, 0x0004, 0x0004,
  0x0004, 0x0004, 0x0004, 0x0004, 0x0004, 0x0004, 0x0004, 0x0004, 0x0004, 0x0004,
  0x0004, 0x0004, 0x0004, 0x0004, 0x0004, 0x0004, 0x0004, 0x0004, 0x0004, 0x0004,
  0x0004, 0x0004, 0x0004, 0x5CC4, 0x5CC4, 0x0004, 0x0004, 0x0004, 0x0004, 0x0004,
  0x0004, 0x0004, 0x0004, 0x0004, 0x0004, 0x0004, 0x0004, 0x0004, 0x0004, 0x0004,
  0x0004, 0x0004, 0x0004, 0x0004, 0x0004, 0x0004, 0x0004, 0x0004, 0x0004, 0x0004,
  0x0004, 0x0004, 0x0004, 0x0004, 0x0004, 0x0004, 0x0004, 0x0004, 0x0004, 0x0004,
  0x0004, 0x0004, 0x0004, 0x0004, 0x0004, 0x0004, 0x0004, 0x0004, 0x0004, 0x0004,
  0x0004, 0x0004, 0x0004, 0x0004, 0x0004, 0x0004, 0x0004, 0x0004, 0x0004, 0x0004,
  0x0004, 0x0004, 0x0004, 0x5B84, 0x5B84, 0x0004, 0x5B84, 0x5B84, 0x5B84, 0x0004,
  0x0004, 0x0004, 0x0004, 0x0004, 0x0004, 0x5B84, 0x5B84, 0x5CC4, 0x5CC4, 0x5CC4,
  0x5B84, 0x5CC4, 0x5B84, 0x5B84, 0x5B84, 0x5B84, 0x0004, 0x0004, 0x0004, 0x0004,
  0x0004, 0x0004, 0x0004, 0x0004, 0x0004, 0x0004, 0x0004, 0x0004, 0x0004, 0x0004,
  0x0004, 0x0004, 0x0004, 0x0004, 0x0004, 0x0004, 0x0004, 0x0004, 0x0004, 0x0004,
  0x0004, 0x0004, 0x0004, 0x0004, 0x0004, 0x0004, 0x0004, 0x0004, 0x0004, 0x0004,
  0x0004, 0x0004, 0x0004, 0x0004, 0x0004, 0x0004, 0x0004, 0x0004, 0x0004, 0x0004,
  0x0004, 0x0004, 0x0004, 0x5CC4, 0x5B84, 0x5CC4, 0x5B84, 0x0004, 0x0004, 0x0004,
  0x0004, 0x0004, 0x0004, 0x0004, 0x0004, 0x0004, 0x0004, 0x0004, 0x0004, 0x0004,
  0x0004, 0x0004, 0x0004, 0x0004, 0x0004, 0x0004, 0x0004, 0x0004, 0x0004, 0x0004,
  0x0004, 0x0004, 0x0004, 0x0004, 0x0004, 0x0004, 0x0004, 0x0004, 0x0004, 0x0004,
  0x0004, 0x0004, 0x0004, 0x0004, 0x0004, 0x0004, 0x0004, 0x0004, 0x0004, 0x0004,
  0x0004, 0x0004, 0x0004, 0x0004, 0x0004, 0x0004, 0x0004, 0x0004, 0x0004, 0x0004,
  0x0004, 0x0004, 0x0004, 0x0004, 0x0004, 0x5144, 0x0004, 0x0004, 0x0004, 0x0004,
  0x0004, 0x0004, 0x0004, 0x0004, 0x0004, 0x0004, 0x0004, 0x0004, 0x0004, 0x0004,
  0x0004, 0x0004, 0x0004, 0x0004, 0x0004, 0x0004, 0x0004, 0x0004, 0x0004, 0x0004,
  0x0004, 0x0004, 0x0004, 0x0004, 0x0004, 0x0004, 0x0004, 0x0004, 0x0004, 0x0004,
  0x0004, 0x0004, 0x0004, 0x0004, 0x0004, 0x0004, 0x0004, 0x5144, 0x0004, 0x0004,
  0x0004, 0x0004, 0x0004, 0x0004, 0x0004, 0x0004, 0x0004, 0x0004, 0x0004, 0x0004,
  0x0004, 0x0004, 0x5144, 0x0004, 0x0004, 0x0004, 0x0004, 0x0004, 0x0004, 0x0004,
  0x0004, 0x0004, 0x0004, 0x0004, 0x0004, 0x0004, 0x0004, 0x0004, 0x0004, 0x0004,
  0x0004, 0x0004, 0x0004, 0x0004, 0x0004, 0x0004, 0x0004, 0x0004, 0x0004, 0xC008,
  0x0004, 0xC008, 0x0004, 0x0004, 0x0004, 0x0004, 0x0004, 0x0004, 0x0004, 0x0004,
  0x0004, 0x0004, 0x0004, 0x0004, 0x0004, 0x0004, 0xC008, 0x0004, 0x0004, 0x0004,
  0x0004, 0x0004, 0x0004, 0x0004, 0x0004, 0x0004, 0x0004, 0x0004, 0x0004, 0x0004,
  0x5144, 0x70C4, 0x0004, 0x0004, 0x0004, 0x0004, 0x0004, 0x5CC4, 0x5CC4, 0x5CC4,
  0x0004, 0x0004, 0x0004, 0x0004, 0x0004, 0x0004, 0x0004, 0x0004, 0x0004, 0x0004,
  0x0004, 0x0004, 0x0004, 0x0004, 0x0004, 0x0004, 0x0004, 0x0004, 0x0004, 0x0004,
  0x0004, 0x0004, 0x0004, 0x0004, 0x0004, 0x0004, 0x0004, 0x0004, 0x0004, 0x0004,
  0x0004, 0x0004, 0x0004, 0x0004, 0x0004, 0x0004, 0x3004, 0x0004, 0x0004, 0x0004,
  0x0004, 0x0004, 0x0004, 0xC008, 0xC008, 0x0004, 0x0004, 0x0004, 0x5144, 0x5144,
  0x0004, 0x0004, 0x0004, 0x0004, 0x0004, 0x0004, 0x0004, 0x0004, 0x0004, 0x0004,
  0x0004, 0x0004, 0x0004, 0x0004, 0x0004, 0x0004, 0x0004, 0x0004, 0x0004, 0x0004,
  0x0004, 0x0004, 0x0004, 0x0004, 0x0004, 0x0004, 0x0004, 0x0004, 0x0004, 0x0004,
  0x0004, 0x0004, 0x0004, 0x0004, 0x0004, 0x0004, 0x0004, 0x0004, 0x0004, 0x0004,
  0x0004, 0x0004, 0x0004, 0x0004, 0x0004, 0x0004, 0x0004, 0x0004, 0x0004, 0x0004,
  0x0004, 0x50C4, 0x0004, 0x0004, 0x0004, 0x0004, 0x0004, 0x0004, 0x0004, 0x0004,
  0x0004, 0x0004, 0x0004, 0x0004, 0x5144, 0x0004, 0x0004, 0x0004, 0x0004, 0x0004,
  0x0004, 0x0004, 0x0004, 0x0004, 0x50C4, 0x0004, 0x0004, 0x0004, 0x0004, 0x0004,
  0x0004, 0x0004, 0x0004, 0x0004, 0x0004, 0x0004, 0x0004, 0x0004, 0x0004, 0x0004,
  0x0004, 0x0004, 0x0004, 0x0004, 0x0004, 0x0004, 0x0004, 0x0004, 0x0004, 0x0004,
  0x0004, 0x0004, 0x0004, 0x0004, 0x0004, 0x0004, 0x0004, 0x0004, 0x0004, 0x0004,
  0x0004, 0x0004, 0x0004, 0x0004, 0x0004, 0x0004, 0x0004, 0x0004, 0x0004, 0x0004,
  0x0004, 0x0004, 0x0004, 0x0004, 0x0004, 0x0004, 0x0004, 0x0004, 0x5144, 0x50C4,
  0x0004, 0x0004, 0x0004, 0x0004, 0x0004, 0x0004, 0x0004, 0x0004, 0x0004, 0x0004,
  0x0004, 0x0004, 0x0004, 0x0004, 0x0004, 0x0004, 0x0004, 0x0004, 0x0004, 0x0004,
  0x0004, 0x0004, 0x0004, 0x0004, 0x0004, 0x0004, 0x0004, 0x0004, 0x0004, 0x0004,
  0x0004, 0x0004, 0x0004, 0x0004, 0x0004, 0x0004, 0x0004, 0x0004, 0x0004, 0x0004,
  0x0004, 0x50C4, 0x5144, 0x0004, 0x0004, 0x0004, 0x0004, 0x0004, 0x0004, 0x0004,
  0x0004, 0x0004, 0x0004, 0x0004, 0x0004, 0x0004, 0x0004, 0x0004, 0x0004, 0x0004,
  0x0004, 0x0004, 0x0004, 0x0004, 0x0004, 0x0004, 0x0004, 0x0004, 0x0004, 0x0004,
  0x0004, 0x0004, 0x0004, 0x0004, 0x0004, 0x0004, 0x0004, 0x0004, 0x0004, 0x0004,
  0x0004, 0x0004, 0x0004, 0x0004, 0x0004, 0x0004, 0x0004, 0x0004, 0x0004, 0x0004,
  0x0004, 0x0004, 0x0004, 0x0004, 0x0004, 0x0004, 0x0004, 0x0004, 0x0004, 0x0004,
  0x0004, 0x0004, 0x50C4, 0x50C4, 0x0004, 0x3004, 0x0004, 0x0004, 0x0004, 0x0004,
  0x0004, 0x0004, 0x0004, 0x0004, 0x0004, 0x0004, 0x0004, 0xC008, 0xC008, 0x5144,
  0x0004, 0x0004, 0x0004, 0x0004, 0x0004, 0x0004, 0x0004, 0x0004, 0x0004, 0x3004,
  0x0004, 0x0004, 0x0004, 0x0004, 0x0004, 0x0004, 0x0004, 0x0004, 0x0004, 0x0004,
  0x0004, 0x0004, 0x0004, 0x0004, 0x5CC4, 0x5CC4, 0x5CC4, 0x5CC4, 0x5CC4, 0x5CC4,
  0x5CC4, 0x0004, 0x0004, 0x0004, 0x5CC4, 0x5CC4, 0x5CC4, 0x5CC4, 0x5CC4, 0x0004,
  0x0004, 0x0004, 0x0004, 0x0004, 0x0004, 0x0004, 0x0004, 0x0004, 0x0004, 0x0004,
  0xC008, 0x0004, 0xC008, 0x0004, 0x0004, 0x0004, 0x0004, 0x0004, 0x0004, 0x0004,
  0x0004, 0xC008, 0x0004, 0x0004, 0xC008, 0x0004, 0x0004, 0x0004, 0x0004, 0x0004,
  0x0004, 0x0004, 0x0004, 0x0004, 0x0004, 0x0004, 0x0004, 0x0004, 0x0004, 0x0004,
  0x0004, 0x0004, 0x0004, 0x0004, 0x0004, 0x0004, 0x0004, 0x0004, 0x0004, 0x0004,
  0x0004, 0x0004, 0x0004, 0x0004, 0x0004, 0x0004, 0x0004, 0x0004, 0x0004, 0x0004,
  0x0004, 0x0004, 0x0004, 0x3004, 0x0004, 0x0004, 0x3004, 0x0004, 0x0004, 0x0004,
  0x0004, 0x3004, 0x0004, 0x0004, 0xF008, 0x0004, 0xF008, 0xF008, 0x3004, 0x0004,
  0x0004, 0x0004, 0x0004, 0x5144, 0x5144, 0x5144, 0x0004, 0x0004, 0x0004, 0x0004,
  0x0004, 0x0004, 0x0004, 0x0004, 0x0004, 0x0004, 0x0004, 0x0004, 0x0004, 0x0004,
  0x0004, 0x0004, 0x0004, 0x0004, 0x0004, 0x0004, 0x0004, 0x0004, 0x0004, 0x0004,
  0x0004, 0x0004, 0x0004, 0x0004, 0x0004, 0x0004, 0x0004, 0x0004, 0x0004, 0x0004,
  0x0004, 0x0004, 0x0004, 0x0004, 0x0004, 0x0004, 0x0004, 0x0004, 0x0004, 0x0004,
  0x0004, 0x0004, 0x0004, 0x5144, 0x0004, 0x0004, 0x0004, 0x50C4, 0x0004, 0x0004,
  0x0004, 0x0004, 0x0004, 0x0004, 0x0004, 0x0004, 0x0004, 0x0004, 0x0004, 0x0004,
  0x0004, 0x0004, 0x0004, 0x0004, 0x0004, 0x0004, 0x0004, 0x0004, 0x0004, 0x0004,
  0x0004, 0x5CC4, 0x0004, 0x0004, 0x0004, 0x0004, 0x0004, 0x0004, 0x0004, 0x0004,
  0x0004, 0x0004, 0x0004, 0x0004, 0x0004, 0x0004, 0x0004, 0x0004, 0x0004, 0x0004,
  0x0004, 0x0004, 0x0004, 0x0004, 0x0004, 0x0004, 0x0004, 0x0004, 0x0004, 0x0004,
  0x0004, 0x0004, 0x0004, 0x0004, 0x0004, 0x0004, 0x0004, 0x0004, 0x0004, 0x0004,
  0x0004, 0x0004, 0x0004, 0x0004, 0x0004, 0x0004, 0x0004, 0x0004, 0x0004, 0x0004,
  0x3004, 0x0004, 0x0004, 0x0004, 0x0004, 0x0004, 0x0004, 0x0004, 0x0004, 0x0004,
  0x3004, 0xC008, 0xC008, 0x3004, 0xC008, 0x0004, 0x0004, 0x5144, 0x50C4, 0x0004,
  0x0004, 0x0004, 0x0004, 0x0004, 0x0004, 0x0004, 0x0004, 0x0004, 0x0004, 0x0004,
  0x0004, 0x0004, 0x0004, 0x0004, 0x0004, 0x0004, 0x0004, 0x0004, 0x0004, 0x0004,
  0x0004, 0x0004, 0x0004, 0x0004, 0x0004, 0x0004, 0x0004, 0x0004, 0x0004, 0x0004,
  0x0004, 0x0004, 0x0004, 0x0004, 0x0004, 0x0004, 0x0004, 0x0004, 0x0004, 0x0004,
  0x0004, 0x0004, 0x0004, 0x0004, 0x0004, 0x0004, 0x0004, 0x0004, 0x0004, 0x0004,
  0x0004, 0x0004, 0x0004, 0x0004, 0x0004, 0x0004, 0x0004, 0x0004, 0x0004, 0x3004,
  0x0004, 0x0004, 0x0004, 0x0004, 0x0004, 0x0004, 0x0004, 0x0004, 0x0004, 0x0004,
  0xC008, 0xC008, 0x0004, 0x0004, 0x0004, 0x5144, 0x50C4, 0x0004, 0x0004, 0x0004,
  0x0004, 0x0004, 0x0004, 0x0004, 0x0004, 0x0004, 0x0004, 0x0004, 0x0004, 0x0004,
  0x0004, 0x0004, 0x0004, 0x0004, 0x0004, 0x0004, 0x0004, 0x0004, 0x0004, 0x0004,
  0x0004, 0x0004, 0x0004, 0x0004, 0x0004, 0x0004, 0x0004, 0x0004, 0x0004, 0x0004,
  0x0004, 0x0004, 0x0004, 0x0004, 0x0004, 0x0004, 0x0004, 0x0004, 0x0004, 0x0004,
  0x0004, 0x0004, 0x0004, 0x0004, 0x0004, 0x0004, 0x0004, 0x0004, 0x0004, 0x0004,
  0x0004, 0x0004, 0x0004, 0x0004, 0x0004, 0x0004, 0x0004, 0x0004, 0x0004, 0x0004,
  0x5144, 0x50C4, 0x0004, 0x0004, 0x0004, 0x0004, 0x0004, 0x0004, 0x0004, 0x0004,
  0x0004, 0x0004, 0x0004, 0x0004, 0x0004, 0x0004, 0x0004, 0x0004, 0x0004, 0x0004,
  0x0004, 0x0004, 0x0004, 0x0004, 0x0004, 0x0004, 0x0004, 0x0004, 0x0004, 0x0004,
  0x0004, 0x0004, 0x0004, 0x0004, 0x0004, 0x0004, 0x0004, 0x0004, 0x0004, 0x0004,
  0x0004, 0x0004, 0x0004, 0x0004, 0x0004, 0x0004, 0x0004, 0x0004, 0x0004, 0x0004,
  0x3004, 0x0004, 0x0004, 0x0004, 0x0004, 0x0004, 0x0004, 0x0004, 0xC008, 0x0004,
  0x0004, 0x0004, 0x0004, 0x5144, 0x5144, 0x0004, 0x0004, 0x0004, 0x50C4, 0x0004,
  0x0004, 0x0004, 0x0004, 0x0004, 0x0004, 0x0004, 0x0004, 0x0004, 0x0004, 0x0004,
  0x0004, 0x0004, 0x0004, 0x0004, 0x0004, 0x0004, 0x0004, 0x0004, 0x0004, 0x0004,
  0x0004, 0x0004, 0x0004, 0x0004, 0x0004, 0x0004, 0x0004, 0x0004, 0x0004, 0x0004,
  0x0004, 0x0004, 0x0004, 0x0004, 0x0004, 0x0004, 0x0004, 0x0004, 0x0004, 0x0004,
  0x0004, 0x0004, 0x0004, 0x0004, 0x0004, 0x0004, 0x0004, 0x0004, 0x0004, 0x0004,
  0x0004, 0x0004, 0x0004, 0x0004, 0x0004, 0x0004, 0x0004, 0x0004, 0x0004, 0x5144,
  0x0004, 0x0004, 0x0004, 0x0004, 0x0004, 0x0004, 0x0004, 0x0004, 0x0004, 0x0004,
  0x0004, 0x0004, 0x0004, 0x0004, 0x0004, 0x0004, 0x0004, 0x0004, 0x0004, 0x0004,
  0x0004, 0x0004, 0x0004, 0x0004, 0x0004, 0x0004, 0x0004, 0x0004, 0x0004, 0x0004,
  0x0004, 0x0004, 0x0004, 0x0004, 0x0004, 0x0004, 0x0004, 0x0004, 0x0004, 0x0004,
  0x0004, 0x0004, 0x0004, 0x0004, 0x0004, 0x0004, 0x0004, 0x0004, 0x0004, 0x0004,
  0x0004, 0x0004, 0x0004, 0x0004, 0x0004, 0x0004, 0x50C4, 0x0004, 0x5144, 0x5144,
  0x0004, 0x0004, 0x0004, 0x0004, 0x0004, 0x0004, 0x0004, 0x0004, 0x0004, 0x0004,
  0x0004, 0x0004, 0x0004, 0x0004, 0x0004, 0x0004, 0x0004, 0x0004, 0x0004, 0x0004,
  0x0004, 0x0004, 0x0004, 0x0004, 0x0004, 0x0004, 0x0004, 0x0004, 0x0004, 0x0004,
  0x0004, 0x0004, 0x0004, 0x0004, 0x0004, 0x0004, 0x0004, 0x0004, 0x0004, 0x0004,
  0x0004, 0x0004, 0x0004, 0x0004, 0x0004, 0x0004, 0x0004, 0x0004, 0x0004, 0x0004,
  0x0004, 0x0004, 0x0004, 0x0004, 0x0004, 0x0004, 0x0004, 0x0004, 0x0004, 0x0004,
  0x0004, 0x3004, 0x3004, 0x3004, 0xF008, 0xF008, 0xF008, 0xF008, 0xF008, 0xF00C,
  0xF00C, 0xF00C, 0x3004, 0x0004, 0x0004, 0x0004, 0x0004, 0x0004, 0x5144, 0x0004,
  0x0004, 0x0004, 0x0004, 0x0004, 0x0004, 0x0004, 0x0004, 0x0004, 0x0004, 0x0004,
  0x0004, 0x0004, 0x0004, 0x0004, 0x0004, 0x0004, 0x0004, 0x0004, 0x0004, 0x0004,
  0x0004, 0x0004, 0x0004, 0x0004, 0x0004, 0x0004, 0x0004, 0x0004, 0x0004, 0x0004,
  0x0004, 0x0004, 0x0004, 0x0004, 0x0004, 0x0004, 0x0004, 0x0004, 0x0004, 0x0004,
  0x0004, 0x0004, 0x0004, 0x0004, 0x0004, 0x0004, 0x0004, 0x5044, 0x5044, 0x5044,
  0x5044, 0x5044, 0x0004, 0x0004, 0x0004, 0x0004, 0x0004, 0x0004, 0x0004, 0x0004,
  0x0004, 0x0004, 0x0004, 0x0004, 0x0004, 0x0004, 0x0004, 0x0004, 0x0004, 0x0004,
  0x0004, 0x0004, 0x0004, 0x0004, 0x0004, 0x0004, 0x0004, 0x0004, 0x0004, 0x0004,
  0x0004, 0x0004, 0x0004, 0x0004, 0x0004, 0x0004, 0x0004, 0x0004, 0x0004, 0x0004,
  0x0004, 0x0004, 0x0004, 0x0004, 0x0004, 0x0004, 0x0004, 0x0004, 0x0004, 0x0004,
  0x5CC4, 0x5CC4, 0x5CC4, 0x5CC4, 0x5CC4, 0x5CC4, 0x5CC4, 0x0004, 0x0004, 0x0004,
  0x0004, 0x0004, 0x0004, 0x0004, 0x0004, 0x0004, 0x0004, 0x0004, 0x0004, 0x0004,
  0x0004, 0x0004, 0x0004, 0x0004, 0x0004, 0x0004, 0x0004, 0x0004, 0x0004, 0x0004,
  0x0004, 0x0004, 0x0004, 0x0004, 0x0004, 0x0004, 0x0004, 0x0004, 0x0004, 0x0004,
  0x0004, 0x0004, 0x0004, 0x0004, 0x0004, 0x0004, 0x3004, 0xF008, 0xC008, 0xC00C,
  0x0004, 0x0004, 0x0004, 0x0004, 0x0004, 0x0004, 0x0004, 0x0004, 0x0004, 0x0004,
  0x0004, 0x0004, 0x0004, 0x0004, 0x0004, 0x0004, 0x0004, 0x0004, 0x0004, 0x0004,
  0x0004, 0x0004, 0x0004, 0x0004, 0x0004, 0x0004, 0x0004, 0x0004, 0x0004, 0x0004,
  0x0004, 0x0004, 0x0004, 0x0004, 0x0004, 0x0004, 0x0004, 0x0004, 0x0004, 0x0004,
  0x0004, 0x0004, 0x0004, 0x0004, 0x0004, 0x0004, 0x0004, 0x0004, 0x5084, 0x5084,
  0x0004, 0x0004, 0x0004, 0x0004, 0x0004, 0x0004, 0x0004, 0x0004, 0x0004, 0x0004,
  0x0004, 0x0004, 0x0004, 0x0004, 0x0004, 0x0004, 0x0004, 0x0004, 0x0004, 0x0004,
  0x0004, 0x0004, 0x0004, 0x0004, 0x0004, 0x0004, 0x0004, 0x0004, 0x0004, 0x0004,
  0x5044, 0x0004, 0x0004, 0x0004, 0x0004, 0x0004, 0x0004, 0x0004, 0x0004, 0x0004,
  0x0004, 0x0004, 0x0004, 0x0004, 0x0004, 0x0004, 0x0004, 0x0004, 0x0004, 0x0004,
  0x0004, 0x0004, 0x0004, 0x0004, 0x0004, 0x0004, 0x0004, 0x0004, 0x0004, 0x0004,
  0x0004, 0x0004, 0x0004, 0x0004, 0xF008, 0xF008, 0xF00C, 0xF00C, 0xF00C, 0xF00C,
  0xF00C, 0x5B04, 0x5B04, 0x5044, 0x5044, 0x5044, 0x0004, 0x0004, 0x0004, 0x5C44,
  0x5B04, 0x5B04, 0x5B04, 0x5B04, 0x5B04, 0x0004, 0x0004, 0x0004, 0x0004, 0x0004,
  0x0004, 0x0004, 0x0004, 0x5B84, 0x5B84, 0x5B84, 0x5B84, 0x5B84, 0x0004, 0x0004,
  0x5CC4, 0x5CC4, 0x5CC4, 0x5CC4, 0x5CC4, 0x5B84, 0x5B84, 0x0004, 0x0004, 0x0004,
  0x0004, 0x0004, 0x0004, 0x0004, 0x0004, 0x0004, 0x0004, 0x0004, 0x0004, 0x0004,
  0x0004, 0x0004, 0x0004, 0x0004, 0x0004, 0x0004, 0x0004, 0x0004, 0x0004, 0x0004,
  0x0004, 0x0004, 0x0004, 0x0004, 0x0004, 0x0004, 0x0004, 0x5CC4, 0x5CC4, 0x5CC4,
  0x5CC4, 0x0004, 0x0004, 0x0004, 0x0004, 0x0004, 0x0004, 0x0004, 0x0004, 0x0004,
  0x0004, 0x0004, 0x0004, 0x0004, 0xF008, 0xF008, 0xF00C, 0xF00C, 0xF00C, 0x0004,
  0x0004, 0x0004, 0x0004, 0x0004, 0x0004, 0x0004, 0x0004, 0x0004, 0x0004, 0x0004,
  0x0004, 0x0004, 0x0004, 0x0004, 0x0004, 0x0004, 0x0004, 0x0004, 0x0004, 0x0004,
  0x0004, 0x0004, 0x0004, 0x0004, 0x0004, 0x0004, 0x0004, 0x0004, 0x0004, 0x0004,
  0x0004, 0x0004, 0x0004, 0x0004, 0x0004, 0x0004, 0x0004, 0x0004, 0x0004, 0x0004,
  0x0004, 0x0004, 0x0004, 0x0004, 0x0004, 0x0004, 0x0004, 0x0004, 0x0004, 0x0004,
  0x0004, 0x0004, 0x0004, 0x0004, 0x0004, 0x0004, 0x0004, 0x0004, 0x0004, 0x0004,
  0x0004, 0x0004, 0x5CC4, 0x5CC4, 0x5CC4, 0x0004, 0x0004, 0x0004, 0x0004, 0x0004,
  0x0004, 0x0004, 0x0004, 0x0004, 0x0004, 0x0004, 0x0004, 0x0004, 0x0004, 0x0004,
  0x0004, 0x0004, 0x0004, 0x0004, 0x0004, 0x0004, 0x0004, 0x0004, 0x0004, 0x0004,
  0x0004, 0x0004, 0x0004, 0x0004, 0x0004, 0x0004, 0x0004, 0x0004, 0x0004, 0x0004,
  0x0004, 0x0004, 0x0004, 0x0004, 0x0004, 0x0004, 0x0004, 0x0004, 0x0004, 0x0004,
  0x0004, 0x0004, 0x0004, 0x0004, 0x0004, 0x0004, 0x0004, 0x0004, 0x0004, 0x0004,
  0x0004, 0x0004, 0x0004, 0x0004, 0x5CC4, 0x5CC4, 0x5CC4, 0x5CC4, 0x5CC4, 0x5CC4,
  0x5CC4, 0x0004, 0x5CC4, 0x5CC4, 0x5CC4, 0x5CC4, 0x5CC4, 0x5CC4, 0x5CC4, 0x5CC4,
  0x5CC4, 0x5CC4, 0x5CC4, 0x5CC4, 0x5CC4, 0x5CC4, 0x5CC4, 0x5CC4, 0x5CC4, 0x0004,
  0x0004, 0x5CC4, 0x5CC4, 0x5CC4, 0x5CC4, 0x5CC4, 0x5CC4, 0x5CC4, 0x0004, 0x5CC4,
  0x5CC4, 0x0004, 0x5CC4, 0x5CC4, 0x5CC4, 0x5CC4, 0x5CC4, 0x0004, 0x0004, 0x0004,
  0x0004, 0x0004, 0x0004, 0x0004, 0x0004, 0x0004, 0x0004, 0x0004, 0x0004, 0x0004,
  0x0004, 0x0004, 0x0004, 0x0004, 0x0004, 0x0004, 0x0004, 0x0004, 0x0004, 0x0004,
  0x0004, 0x0004, 0x0004, 0x0004, 0x0004, 0x0004, 0x0004, 0x0004, 0x0004, 0x0004,
  0x0004, 0x0004, 0x0004, 0x0004, 0x0004, 0x0004, 0x0004, 0x0004, 0x0004, 0x0004,
  0x0004, 0x0004, 0x0004, 0x5CC4, 0x0004, 0x0004, 0x0004, 0x0004, 0x0004, 0x0004,
  0x0004, 0x0004, 0x0004, 0x0004, 0x0004, 0x0004, 0x0004, 0x0004, 0x0004, 0x0004,
  0x0004, 0x0004, 0x0004, 0x0004, 0x0004, 0x0004, 0x0004, 0x0004, 0x0004, 0x0004,
  0x0004, 0x0004, 0x0004, 0x0004, 0x0004, 0x0004, 0x0004, 0x0004, 0x0004, 0x0004,
  0x0004, 0x0004, 0x0004, 0x0004, 0x0004, 0x0004, 0x0004, 0x0004, 0x5CC4, 0x5CC4,
  0x5CC4, 0x5CC4, 0x0004, 0x0004, 0x0004, 0x0004, 0x0004, 0x0004, 0x0004, 0x0004,
  0x0004, 0x0004, 0x0004, 0x0004, 0x0004, 0x0004, 0x0004, 0x0004, 0x0004, 0x0004,
  0x0004, 0x0004, 0x0004, 0x0004, 0x0004, 0x0004, 0x0004, 0x0004, 0x0004, 0x0004,
  0x0004, 0x0004, 0x0004, 0x0004, 0x0004, 0x0004, 0x0004, 0x0004, 0x0004, 0x0004,
  0x0004, 0x0004, 0x0004, 0x0004, 0x0004, 0x0004, 0x5D04, 0x5D04, 0x5B84, 0x5CC4,
  0x0004, 0x0004, 0x0004, 0x0004, 0x0004, 0x0004, 0x0004, 0x0004, 0x0004, 0x0004,
  0x0004, 0x0004, 0x0004, 0x0004, 0x0004, 0x0004, 0x0004, 0x0004, 0x0004, 0x0004,
  0x0004, 0x0004, 0x0004, 0x0004, 0x0004, 0x0004, 0x0004, 0x0004, 0x0004, 0x0004,
  0x0004, 0x0004, 0x0004, 0x0004, 0x0004, 0x0004, 0x0004, 0x0004, 0x0004, 0x0004,
  0x0004, 0x0004, 0x0004, 0x0004, 0x0004, 0x0004, 0x5CC4, 0x5B84, 0x0004, 0x0004,
  0x0004, 0x0004, 0x0004, 0x0004, 0x0004, 0x0004, 0x0004, 0x0004, 0x0004, 0x0004,
  0x0004, 0x0004, 0x0004, 0x0004, 0x0004, 0x0004, 0x0004, 0x0004, 0x0004, 0x0004,
  0x0004, 0x0004, 0x0004, 0x0004, 0x0004, 0x0004, 0x0004, 0x0004, 0x0004, 0x0004,
  0x0004, 0x0004, 0x0004, 0x5CC4, 0x0004, 0x0004, 0x5CC4, 0x0004, 0x0004, 0x0004,
  0x0004, 0x0004, 0x0004, 0x0004, 0x5CC4, 0x5CC4, 0x0004, 0x0004, 0x0004, 0x0004,
  0x0004, 0x5CC4, 0x0004, 0x0004, 0x0004, 0x0004, 0x0004, 0x0004, 0x0004, 0x0004,
  0x0004, 0x0004, 0x0004, 0x0004, 0x0004, 0x0004, 0x0004, 0x0004, 0x5B84, 0x5B84,
  0x5B84, 0x5B84, 0x5B84, 0x5B84, 0x5B84, 0x0004, 0x0004, 0x0004, 0x0004, 0x0004,
  0x0004, 0x0004, 0x0004, 0x0004, 0x0004, 0x0004, 0x0004, 0x0004, 0x0004, 0x0004,
  0x0004, 0x0004, 0x0004, 0x0004, 0x0004, 0x0004, 0x0004, 0x0004, 0x0004, 0x0004,
  0x0004, 0x0004, 0x0004, 0x0004, 0x0004, 0x0004, 0x0004, 0x0004, 0x0004, 0x0004,
  0x0004, 0x0004, 0x0004, 0x0004, 0x0004, 0x0004, 0x5CC4, 0x5CC4, 0x5CC4, 0x5CC4,
  0x5CC4, 0x5CC4, 0x50C4, 0x0004, 0x0004, 0x0004, 0x0004, 0x0004, 0x0004, 0x0004,
  0x0004, 0x0004, 0x0004, 0x0004, 0x0004, 0x0004, 0x0004, 0x0004, 0x0004, 0x0004,
  0x0004, 0x0004, 0x0004, 0x0004, 0x0004, 0x0004, 0x0004, 0x0004, 0x0004, 0x0004,
  0x0004, 0x0004, 0x0004, 0x0004, 0x0004, 0x0004, 0x0004, 0x0004, 0x0004, 0x0004,
  0x0004, 0x0004, 0x0004, 0x0004, 0x0004, 0x0004, 0x0004, 0x0004, 0x0004, 0x0004,
  0x0004, 0x0004, 0x0004, 0x0004, 0x0004, 0x0004, 0xF003, 0xF003, 0xF003, 0xF004,
  0xF003, 0xF003, 0xF003, 0xF003, 0xF003, 0xF003, 0xF003, 0xF003, 0xF003, 0xF004,
  0xF003, 0xF003, 0xF003, 0xF003, 0xF004, 0xF003, 0xF003, 0xF003, 0xF004, 0xF003,
  0xF003, 0xF003, 0xF003, 0xF003, 0xF004, 0xF003, 0xF003, 0xF003, 0xF003, 0xF003,
  0xF003, 0xF003, 0xF003, 0xF003, 0xF003, 0xF003, 0xF003, 0xF003, 0xF003, 0xF003,
  0xF003, 0xF003, 0xF003, 0xF003, 0xF003, 0xF003, 0xF003, 0xF003, 0xF004, 0xF003,
  0xF003, 0xF003, 0xF004, 0xF003, 0xF003, 0xF003, 0xF003, 0xF003, 0xF003, 0xF003,
  0xF003, 0xF003, 0xF003, 0xF003, 0xF003, 0xF003, 0xF003, 0xF003, 0xF003, 0xF003,
  0xF003, 0xF003, 0xF003, 0xF003, 0xF003, 0xF003, 0xF003, 0xF003, 0xF004, 0xF003,
  0xF003, 0xF003, 0xF003, 0xF003, 0xF003, 0xF004, 0xF004, 0xF003, 0xF003, 0xF003,
  0xF003, 0xF003, 0xF003, 0xF003, 0xF003, 0xF003, 0xF003, 0xF004, 0xF003, 0xF003,
  0xF003, 0xF003, 0xF004, 0xF003, 0xF003, 0xF003, 0xF003, 0xF003, 0xF003, 0xF003,
  0xF003, 0xF003, 0xF004, 0xF003, 0xF004, 0xF003, 0xF003, 0xF003, 0xF003, 0xF003,
  0xF003, 0xF003, 0xF003, 0xF003, 0xF004, 0xF003, 0xF003, 0xF003, 0xF003, 0xF003,
  0xF004, 0xF003, 0xF004, 0xF004, 0xF003, 0xF003, 0xF003, 0xF003, 0xF004, 0xF004,
  0xF003, 0xF003, 0xF003, 0xF003, 0xF003, 0xF003, 0xF003, 0xF003, 0xF003, 0xF003,
  0xF003, 0xF004, 0xF003, 0xF003, 0xF003, 0xF003, 0xF003, 0xF003, 0xF003, 0xF003,
  0xF003, 0xF003, 0xF003, 0xF003, 0xF003, 0xF003, 0xF003, 0xF003, 0xF003, 0xF003,
  0xF003, 0xF004, 0xF003, 0xF003, 0xF003, 0xF003, 0xF003, 0xF004, 0xF003, 0xF003,
  0xF003, 0xF003, 0xF003, 0xF003, 0xF003, 0xF003, 0xF003, 0xF003, 0xF004, 0xF003,
  0xF003, 0xF003, 0xF003, 0xF003, 0xF003, 0xF003, 0xF003, 0xF003, 0xF003, 0xF003,
  0xF003, 0xF003, 0xF003, 0xF003, 0xF003, 0xF003, 0xF003, 0xF004, 0xF003, 0xF003,
  0xF003, 0xF003, 0xF003, 0xF004, 0xF003, 0xF003, 0xF003, 0xF003, 0xF003, 0xF003,
  0xF003, 0xF003, 0xF004, 0xF003, 0xF003, 0xF003, 0xF004, 0xF003, 0xF003, 0xF003,
  0xF003, 0xF003, 0xF003, 0xF004, 0xF004, 0xF004, 0xF003, 0xF004, 0xF003, 0xF003,
  0xF003, 0xF003, 0xF003, 0xF003, 0xF004, 0xF003, 0xF003, 0xF003, 0xF003, 0xF003,
  0xF003, 0xF004, 0xF003, 0xF003, 0xF004, 0xF004, 0xF003, 0xF003, 0xF003, 0xF003,
  0xF003, 0xF003, 0xF003, 0xF003, 0xF003, 0xF004, 0xF003, 0xF004, 0xF003, 0xF004,
  0xF003, 0xF003, 0xF003, 0xF004, 0xF003, 0xF003, 0xF004, 0xF004, 0xF003, 0xF003,
  0xF003, 0xF003, 0xF003, 0xF003, 0xF003, 0xF003, 0xF003, 0xF003, 0xF003, 0xF003,
  0xF003, 0xF004, 0xF003, 0xF004, 0xF003, 0xF004, 0xF003, 0xF004, 0xF004, 0xF004,
  0xF003, 0xF003, 0xF004, 0xF004, 0xF004, 0xF004, 0xF003, 0xF003, 0xF003, 0xF003,
  0xF003, 0xF003, 0xF003, 0xF003, 0xF004, 0xF003, 0xF003, 0xF003, 0xF003, 0xF004,
  0xF003, 0xF004, 0xF004, 0xF003, 0xF003, 0xF003, 0xF003, 0xF003, 0xF003, 0xF004,
  0xF004, 0xF004, 0xF003, 0xF003, 0xF004, 0xF003, 0xF003, 0xF003, 0xF004, 0xF003,
  0xF003, 0xF003, 0xF003, 0xF003, 0xF004, 0xF003, 0xF003, 0xF003, 0xF003, 0xF003,
  0xF003, 0xF004, 0xF004, 0xF003, 0xF004, 0xF003, 0xF004, 0xF003, 0xF003, 0xF003,
  0xF004, 0xF004, 0xF003, 0xF004, 0xF003, 0xF003, 0xF003, 0xF003, 0xF003, 0xF003,
  0xF004, 0xF004, 0xF004, 0xF004, 0xF003, 0xF003, 0xF003, 0xF003, 0xF003, 0xF003,
  0xF003, 0xF003, 0xF003, 0xF003, 0xF003, 0xF003, 0xF004, 0xF003, 0xF003, 0xF003,
  0xF003, 0xF003, 0xF003, 0xF003, 0xF003, 0xF003, 0xF003, 0xF003, 0xF003, 0xF004,
  0xF004, 0xF004, 0xF003, 0xF003, 0xF003, 0xF003, 0xF004, 0xF003, 0xF004, 0xF003,
  0xF003, 0xF004, 0xF004, 0xF003, 0xF003, 0xF003, 0xF003, 0xF003, 0xF003, 0xF003,
  0xF003, 0xF003, 0xF003, 0xF003, 0xF003, 0xF003, 0xF003, 0xF004, 0xF003, 0xF003,
  0xF003, 0xF003, 0xF003, 0xF004, 0xF004, 0xF003, 0xF003, 0xF003, 0xF003, 0xF003,
  0xF003, 0xF004, 0xF003, 0xF003, 0xF003, 0xF003, 0xF004, 0xF004, 0xF003, 0xF003,
  0xF003, 0xF004, 0xF003, 0xF003, 0xF004, 0xF004, 0xF003, 0xF003, 0xF003, 0xF004,
  0xF003, 0xF003, 0xF003, 0xF003, 0xF003, 0xF003, 0xF003, 0xF004, 0xF003, 0xF003,
  0xF003, 0xF004, 0xF003, 0xF003, 0xF003, 0xF003, 0xF004, 0xF004, 0xF003, 0xF003,
  0xF003, 0xF004, 0xF003, 0xF004, 0xF003, 0xF003, 0xF003, 0xF003, 0xF003, 0xF003,
  0xF003, 0xF004, 0xF003, 0xF003, 0xF003, 0xF003, 0xF003, 0xF003, 0xF004, 0xF003,
  0xF004, 0xF004, 0xF004, 0xF003, 0xF003, 0xF003, 0xF003, 0xF003, 0xF003, 0xF003,
  0xF003, 0xF004, 0x0004, 0x0004, 0x0004, 0x0004, 0x0004, 0x0004, 0x0004, 0x0004,
  0x0004, 0x0004, 0x0004, 0x0004, 0x0004, 0x0004, 0x0004, 0x0004, 0x0004, 0x0004,
  0x0004, 0x0004, 0x0004, 0x0004, 0x0004, 0x0004, 0x0004, 0x0004, 0x0004, 0x0004,
  0x0004, 0x0004, 0x0004, 0x0004, 0x0004, 0x0004, 0x0002, 0x0002, 0x0002, 0x0002,
  0x0002, 0x0002, 0x0002, 0x0002, 0x0002, 0x0002, 0x0002, 0x0002, 0x0002, 0x0002,
  0x0002, 0x0002, 0x0002, 0x0002, 0x0002, 0x0002, 0x0002, 0x0002, 0x0002, 0x0002,
  0x0002, 0x0002, 0x0002, 0x0002, 0x0002, 0x0002, 0x0002, 0x0002, 0xF001, 0x0002,
  0x0002, 0x0002, 0x0002, 0x0002, 0x0002, 0x0002, 0xF003, 0x0002, 0xF001, 0x0002,
  0x0002, 0x0002, 0x0002, 0xF003, 0x0002, 0x0002, 0xF001, 0xF001, 0xF003, 0xF002,
  0x0002, 0x0002, 0xF003, 0xF001, 0xF001, 0x0002, 0xF005, 0xF005, 0xF005, 0x0002,
  0xC003, 0xC003, 0xC003, 0xC003, 0xC003, 0xC003, 0xC003, 0xC003, 0xC003, 0xC003,
  0xC003, 0xC003, 0xC003, 0xC003, 0xC003, 0xC003, 0x0002, 0x0002, 0xC003, 0xC003,
  0xC003, 0xC003, 0xC003, 0xC003, 0xC003, 0xC003, 0xC003, 0xC003, 0xC003, 0xC003,
  0xC003, 0xC003, 0xC003, 0xC003, 0xC003, 0xC003, 0xC003, 0xC003, 0x0002, 0x0002,
  0xC003, 0xC003, 0xC003, 0xC003, 0xC003, 0xC003, 0xC003, 0xC003, 0xC003, 0x0002,
  0xF002, 0xF002, 0xC003, 0xC003, 0xC003, 0xC003, 0x0002, 0xC003, 0xC003, 0xC003,
  0xC003, 0xC003, 0xC003, 0xF003, 0x0002, 0x0002, 0xC003, 0xC003, 0xC003, 0xC003,
  0xC003, 0xC003, 0xF003, 0x0002, 0x0002, 0xC003, 0xC003, 0xC003, 0xC003, 0xC003,
  0xC003, 0x0002, 0x0002, 0xC003, 0xC003, 0xC003, 0xC003, 0xC003, 0xC003, 0xC003,
  0xC003, 0xC003, 0xC003, 0xC003, 0xC003, 0xC003, 0xC003, 0xC003, 0xC003, 0xC003,
  0xC003, 0x0002, 0x0002, 0xC003, 0xC003, 0xC003, 0xC003, 0xC003, 0xC003, 0xC003,
  0xC003, 0xC003, 0xC003, 0xC003, 0xC003, 0xC003, 0xC003, 0xC003, 0xC003, 0xC003,
  0xC003, 0xC003, 0xC003, 0xC003, 0xC003, 0xC003, 0xF001, 0x0002, 0x0002, 0x0002,
  0x0002, 0xF004, 0xF004, 0xF004, 0xF002, 0xF002, 0xF002, 0xF002, 0xF002, 0xF002,
  0xC003, 0xC003, 0xC003, 0xC003, 0xC003, 0xC003, 0xC003, 0xC003, 0xC005, 0xC005,
  0xC005, 0xC005, 0xC005, 0xC005, 0xC005, 0xC005, 0x0002, 0xC005, 0xC005, 0xC005,
  0xC005, 0xC004, 0xC004, 0x0002, 0x0002, 0xC003, 0xC003, 0xC003, 0xC003, 0xC003,
  0xC003, 0xC005, 0xC005, 0xC004, 0xC004, 0xC003, 0xF002, 0xF002, 0xF002, 0xC003,
  0xC003, 0x0002, 0x0002, 0xC003, 0xC003, 0xC005, 0xC005, 0xC004, 0xC004, 0xC004,
  0xC004, 0x0002, 0x0002, 0x0002, 0x0002, 0x0002, 0x0002, 0x0002, 0x0002, 0x0002,
  0x0002, 0x0002, 0x0002, 0x0002, 0x0002, 0x0002, 0x0002, 0x0002, 0x0002, 0x0002,
  0x0002, 0x0002, 0x0002, 0x0002, 0x0002, 0x0002, 0x0002, 0x0002, 0x0002, 0x0002,
  0x0002, 0x0002, 0x0002, 0x0002, 0x0002, 0x0002, 0x0002, 0x0002, 0x0002, 0x0002,
  0x0002, 0x0002, 0x0002, 0x0002, 0x0002, 0x0002, 0x0002, 0x0002, 0x0002, 0xF001,
  0xF002, 0xF001, 0xF001, 0xF002, 0xF002, 0xF002, 0xF001, 0xF001, 0x0002, 0x0002,
  0x0002, 0x0002, 0x0002, 0x0002, 0x0002, 0x0002, 0x0002, 0x0002, 0x0002, 0x0002,
  0x0002, 0x0002, 0x0002, 0x0002, 0x0002, 0x0002, 0x0002, 0x0002, 0x0002, 0x0002,
  0x0002, 0x0002, 0xF003, 0xF003, 0xF003, 0xF003, 0xF003, 0xF003, 0x0002, 0x0002,
  0xF002, 0xF001, 0xF001, 0xF001, 0xF002, 0x0002, 0x0002, 0x0002, 0x0002, 0x0002,
  0x0002, 0x0002, 0x0002, 0x0002, 0x0002, 0x0002, 0x0002, 0x0002, 0x0002, 0x0002,
  0x0002, 0x0002, 0x0002, 0x0002, 0x0002, 0x0002, 0x0002, 0x0002, 0x0002, 0x0002,
  0x0002, 0x0002, 0xFCC2, 0xFCC2, 0x7CC2, 0xFCC2, 0xFCC4, 0x7DC2, 0x5CC2, 0x5B82,
  0x5B82, 0x5B82, 0x5CC2, 0x5CC2, 0x5CC2, 0x5B82, 0x5B82, 0x0002, 0x5CC2, 0x5CC2,
  0x5CC2, 0x5B82, 0x5B82, 0x5B82, 0x5B82, 0x5CC2, 0x5D02, 0x5B82, 0x5B82, 0x5CC2,
  0x5D42, 0x5D82, 0x5D82, 0x5D42, 0x5D82, 0x5D82, 0x5D42, 0x5CC2, 0x5CC2, 0x5CC2,
  0x5CC2, 0x5CC2, 0x5CC2, 0x5CC2, 0x5CC2, 0x5CC2, 0x5CC2, 0x5CC2, 0x5CC2, 0x5CC2,
  0x0002, 0x0002, 0x0002, 0x0002, 0xF002, 0x0002, 0x0002, 0x0002, 0x0002, 0x0002,
  0xF003, 0x0002, 0x0002, 0x0002, 0xF001, 0x0002, 0x0002, 0x0002, 0x0002, 0xF003,
  0xF005, 0xC004, 0xF002, 0xC004, 0xC004, 0xC004, 0x0002, 0xC004, 0x0002, 0xC004,
  0xC004, 0xC006, 0x0002, 0x0002, 0x0002, 0x0002, 0x0002, 0x0002, 0x0002, 0x0002,
  0x0002, 0x0002, 0x0002, 0x0002, 0x0002, 0x0002, 0x0002, 0x0002, 0x0002, 0x0002,
  0x0002, 0x0002, 0x0002, 0x0002, 0x0002, 0x0002, 0x0002, 0xC004, 0xC004, 0xC004,
  0xC004, 0xC004, 0xC004, 0xC006, 0x0002, 0x0002, 0x0002, 0x0002, 0x0002, 0x0002,
  0x0002, 0x0002, 0x0002, 0x0002, 0x0002, 0x0002, 0x0002, 0x0002, 0x0002, 0xC004,
  0xC004, 0xC004, 0xC004, 0xC004, 0x0002, 0xF002, 0xF002, 0xF002, 0xF004, 0xF004,
  0xF002, 0xF002, 0x0002, 0x0002, 0x0002, 0x0002, 0x0002, 0x0002, 0x0002, 0x0002,
  0x0002, 0x0002, 0x0002, 0x0002, 0x0002, 0x0002, 0x0002, 0x0002, 0x0002, 0x0002,
  0x0002, 0x0002, 0x0002, 0x0002, 0x0002, 0x0002, 0x0002, 0xF002, 0xF002, 0xF002,
  0x0002, 0xF002, 0xF002, 0x0002, 0x0002, 0x0002, 0xF002, 0x0002, 0x0002, 0x0002,
  0x0002, 0x0002, 0x0002, 0x0002, 0xF004, 0x0002, 0x0002, 0x0002, 0x0002, 0x0002,
  0x0002, 0x0002, 0x0002, 0x0002, 0x5B82, 0x5CC2, 0x5CC2, 0x5CC2, 0x5CC2, 0x5B82,
  0x5CC2, 0x5CC2, 0x5CC2, 0x5BC2, 0x5B82, 0x5CC2, 0x5CC2, 0x5CC2, 0x5CC2, 0x5CC2,
  0x5CC2, 0x5B82, 0x5B82, 0x5B82, 0x5B82, 0x5B82, 0x5B82, 0x5CC2, 0x5CC2, 0x5B82,
  0x5CC2, 0x5CC2, 0x5BC2, 0x5C82, 0x5CC2, 0x5182, 0x51C2, 0x5202, 0x5242, 0x5282,
  0x52C2, 0x5302, 0x5342, 0x5382, 0x53C2, 0x53C2, 0x5402, 0x5442, 0x5482, 0x0002,
  0x54C2, 0x0002, 0x0002, 0x0002, 0x0002, 0x0002, 0x0002, 0x0002, 0x0002, 0x0002,
  0x0002, 0x0002, 0x55C2, 0x5602, 0x5642, 0x5682, 0x56C2, 0x5702, 0x5742, 0x5782,
  0x7CC2, 0x7CC2, 0x7B82, 0x5B82, 0x5CC2, 0x5CC2, 0x5CC2, 0x5CC2, 0x5CC2, 0x5B82,
  0x5CC2, 0x5CC2, 0x5B82, 0x0002, 0x0002, 0x0002, 0x0002, 0x0002, 0x0002, 0x0002,
  0x0002, 0x0002, 0x0002, 0x0002, 0x0002, 0x0002, 0x0002, 0x0002, 0x0002, 0x57C2,
  0x0002, 0x0002, 0x0002, 0x0002, 0xF004, 0xF004, 0xF004, 0xF004, 0x0002, 0x0002,
  0x0002, 0x0002, 0x0002, 0x0002, 0x0002, 0x0003, 0x0003, 0x0003, 0x0003, 0x0003,
  0x0003, 0x0003, 0x0003, 0x0003, 0x0003, 0x0003, 0x0003, 0x0003, 0x0003, 0x0003,
  0x0003, 0x0003, 0x0003, 0x0003, 0x0003, 0x0003, 0x0003, 0x0003, 0x0003, 0x0003,
  0x0003, 0x0003, 0x0003, 0x0003, 0x0003, 0x0003, 0x0003, 0x0003, 0x0003, 0x0003,
  0x0003, 0x0003, 0x0003, 0x0003, 0x0003, 0x0003, 0x0003, 0x0003, 0x0003, 0x0003,
  0x0003, 0x0003, 0x0003, 0x0003, 0x0003, 0x0003, 0xF006, 0x0003, 0x0003, 0x0003,
  0x0003, 0x58C3, 0x58C3, 0x5143, 0x0003, 0x0003, 0x0003, 0x0003, 0x0003, 0x0003,
  0x0003, 0x0003, 0x0003, 0x0003, 0x0003, 0x0003, 0x0003, 0x0003, 0x0003, 0x0003,
  0x0003, 0x0003, 0x0003, 0x0003, 0x0003, 0x0003, 0x0003, 0x0003, 0x0003, 0x0003,
  0x0003, 0x0003, 0x0003, 0x0003, 0x0003, 0x0003, 0x0003, 0x0003, 0x0003, 0x0003,
  0x0003, 0x0003, 0x0003, 0x0003, 0x0003, 0x0003, 0x0003, 0x0003, 0x0003, 0x0003,
  0x0003, 0x0003, 0x0003, 0x0003, 0x0003, 0xF006, 0x0003, 0x0003, 0x0003, 0x0003,
  0x5943, 0x5943, 0x5143, 0x0003, 0x0003, 0x0003, 0x0003, 0x0003, 0x0003, 0x0003,
  0x0003, 0x5983, 0x5983, 0x5983, 0x5983, 0x0003, 0x0003, 0x0003, 0x0003, 0x0003,
  0x0003, 0x0003, 0x0003, 0x0003, 0x0003, 0x0003, 0x0003, 0x0003, 0x0003, 0x0003,
  0x0003, 0xF006, 0xF006, 0x0003, 0x0003, 0x0003, 0x0003, 0x0003, 0x0003, 0x0003,
  0x0003, 0x0003, 0x0003, 0x0003, 0x0003, 0x0003, 0x0003, 0x0003, 0x0003, 0x0003,
  0x0003, 0x0003, 0x0003, 0x0003, 0x0003, 0x0003, 0x0003, 0x0003, 0x0003, 0x0003,
  0x0003, 0x0003, 0x0003, 0x0003, 0x0003, 0x0003, 0x0003, 0xF003, 0x0003, 0x0003,
  0x0003, 0x0003, 0x0003, 0x0003, 0x0003, 0x0003, 0x0003, 0x0003, 0x0003, 0x5B83,
  0x5B83, 0x0003, 0x0003, 0x0003, 0x0003, 0x0003, 0x0003, 0x0003, 0x0003, 0x0003,
  0x0003, 0x0003, 0x0003, 0x0003, 0x0003, 0x0003, 0x0003, 0x0003, 0x0003, 0x0003,
  0x0003, 0x0003, 0x0003, 0x0003, 0x0003, 0x0003, 0x0003, 0x0003, 0x5B83, 0x0003,
  0x5B83, 0x0003, 0x5B03, 0x0003, 0x0003, 0x0003, 0x0003, 0x0003, 0x0003, 0xF006,
  0x0003, 0x0003, 0x0003, 0x0003, 0x0003, 0x0003, 0x0003, 0x0003, 0x0003, 0xF006,
  0x0003, 0x0003, 0x0003, 0x0003, 0xF006, 0x0003, 0x0003, 0x0003, 0x0003, 0xF006,
  0x0003, 0x0003, 0x0003, 0x0003, 0xF006, 0x0003, 0x0003, 0x0003, 0x0003, 0x0003,
  0x0003, 0x0003, 0x0003, 0x0003, 0x0003, 0x0003, 0x0003, 0xF006, 0x0003, 0x0003,
  0x0003, 0x0003, 0x0003, 0x0003, 0x0003, 0x59C3, 0x5A03, 0xF046, 0x5A43, 0xF046,
  0xF006, 0xF009, 0xF006, 0xF009, 0x5A03, 0x5A03, 0x5A03, 0x5A03, 0x0003, 0x0003,
  0x0003, 0x0003, 0x0003, 0x0003, 0x0003, 0x0003, 0x0003, 0x0003, 0x0003, 0x0003,
  0x0003, 0x0003, 0x0003, 0x0003, 0x0003, 0x0003, 0x0003, 0x0003, 0x0003, 0x0003,
  0x0003, 0x0003, 0x0003, 0x0003, 0x0003, 0x0003, 0x0003, 0x0003, 0x0003, 0x0003,
  0x0003, 0x0003, 0x0003, 0x0003, 0x0003, 0x0003, 0x0003, 0x0003, 0x0003, 0x0003,
  0x0003, 0x0003, 0x0003, 0x0003, 0x0003, 0x0003, 0x0003, 0x0003, 0x0003, 0x0003,
  0x0003, 0x0003, 0x0003, 0x0003, 0x0003, 0x0003, 0x0003, 0x0003, 0xF003, 0x0003,
  0x0003, 0x0003, 0x0003, 0x0003, 0x0003, 0x0003, 0x0003, 0x0003, 0x0003, 0x0003,
  0x0003, 0x0003, 0x0003, 0x0003, 0x0003, 0x0003, 0x0003, 0x0003, 0x0003, 0x0003,
  0x0003, 0x0003, 0x0003, 0x0003, 0x0003, 0x0003, 0x0003, 0x0003, 0x0003, 0x0003,
  0x0003, 0x0003, 0x0003, 0x0003, 0x0003, 0x0003, 0x0003, 0x0003, 0x0003, 0x0003,
  0x0003, 0x0003, 0x0003, 0xF001, 0xF002, 0xF001, 0x0003, 0xF001, 0xF001, 0xF002,
  0xF001, 0xF001, 0xF001, 0xF001, 0xF001, 0xF001, 0xF001, 0xF001, 0x0003, 0xF001,
  0xF002, 0xF001, 0xF001, 0xF001, 0xF001, 0xF002, 0xF002, 0xF003, 0xF001, 0xF001,
  0xF001, 0xF002, 0xF002, 0xF002, 0xF001, 0x0003, 0xF001, 0xF001, 0xF002, 0xF001,
  0xF002, 0xF003, 0xF003, 0xF001, 0xF001, 0xF001, 0xF003, 0xF002, 0xF001, 0xF003,
  0xF002, 0xF002, 0xF002, 0xF002, 0xF002, 0xF001, 0xF001, 0xF001, 0xF001, 0xF002,
  0xF002, 0xF002, 0xF002, 0xF002, 0x0003, 0x0003, 0x0003, 0x0003, 0x0003, 0x0003,
  0x0003, 0x0003, 0x0003, 0x0003, 0x0003, 0x0003, 0x0003, 0xF002, 0x0003, 0x0003,
  0x0003, 0x0003, 0x0003, 0x0003, 0x0003, 0x0003, 0x0003, 0x0003, 0x0003, 0x0003,
  0x0003, 0x0003, 0x0003, 0x0003, 0x0003, 0x0003, 0x0003, 0x0003, 0x0003, 0x0003,
  0x0003, 0x0003, 0x0003, 0x0003, 0x0003, 0xF002, 0xF001, 0xF002, 0xF002, 0xF002,
  0xF001, 0xF002, 0xF002, 0xF002, 0xF002, 0xF002, 0xF002, 0xF003, 0xF002, 0xF002,
  0xF003, 0xF002, 0xF002, 0xF002, 0xF002, 0xF002, 0xF002, 0xF002, 0xF002, 0xF002,
  0xF002, 0xF002, 0xF002, 0xF002, 0xF003, 0xF002, 0xF002, 0xF001, 0xF002, 0xF002,
  0xF002, 0xF002, 0xC003, 0xC003, 0xC003, 0xC003, 0xC003, 0xC003, 0xC003, 0xC003,
  0xC003, 0xC003, 0xC003, 0xC003, 0xC003, 0xC003, 0xC003, 0xC003, 0xC003, 0xC003,
  0xC003, 0xC003, 0xC003, 0xC003, 0xC003, 0xC003, 0xC003, 0xC003, 0xF003, 0xF003,
  0x0003, 0x0003, 0x0003, 0x0003, 0xC003, 0xC003, 0xC003, 0xC003, 0xC005, 0xC005,
  0xC005, 0xC005, 0xC005, 0xC005, 0xC005, 0xC005, 0xC005, 0xC005, 0xC005, 0xC005,
  0xC005, 0xC005, 0xC005, 0xC005, 0xC005, 0xC005, 0xC005, 0xC005, 0xC003, 0xC003,
  0xC003, 0xC003, 0xC003, 0xC003, 0xC005, 0xC005, 0xC006, 0xC006, 0xC008, 0xC008,
  0xC008, 0xC008, 0xC008, 0xC008, 0xC006, 0xC006, 0xC008, 0xC008, 0xC008, 0xC008,
  0xC008, 0xC008, 0xC006, 0xC006, 0xC008, 0xC008, 0xC008, 0xC008, 0xC008, 0xC008,
  0xC006, 0xC006, 0xC008, 0xC008, 0xC008, 0xC008, 0xC008, 0xC008, 0xC006, 0xC006,
  0xC008, 0xC008, 0xC008, 0xC008, 0xC008, 0xC008, 0xC006, 0xC006, 0xC008, 0xC008,
  0xC008, 0xC008, 0xC008, 0xC008, 0xC004, 0xC004, 0xC006, 0xC004, 0xC006, 0x0003,
  0xC004, 0xC006, 0xC004, 0xC004, 0xC004, 0xF004, 0xC004, 0xF003, 0xF002, 0xF003,
  0xF005, 0xC006, 0xC004, 0xC006, 0x0003, 0xC004, 0xC006, 0xC004, 0xF004, 0xC004,
  0xF004, 0xC004, 0xF005, 0xF005, 0xF005, 0xC004, 0xC004, 0xC006, 0xF006, 0x0003,
  0x0003, 0xC004, 0xC006, 0xC004, 0xC004, 0xC004, 0xF004, 0x0003, 0xF005, 0xF005,
  0xF005, 0xC004, 0xC004, 0xC006, 0xF006, 0xC004, 0xC004, 0xC004, 0xC006, 0xC004,
  0xC004, 0xC004, 0xF004, 0xC004, 0xF005, 0xF005, 0xF001, 0x0003, 0x0003, 0xC006,
  0xC004, 0xC006, 0x0003, 0xC004, 0xC006, 0xC004, 0xF004, 0xC004, 0xF004, 0xC004,
  0xF003, 0xF003, 0x0003, 0xF001, 0xF001, 0xF001, 0xF001, 0xF001, 0xF001, 0xF001,
  0xF001, 0xF001, 0xF001, 0xF001, 0x0003, 0x0003, 0x0003, 0x0003, 0x0003, 0x0003,
  0xF003, 0x0003, 0x0003, 0x0003, 0x0003, 0x0003, 0xF003, 0x0003, 0x0003, 0x0003,
  0x0003, 0x0003, 0x0003, 0x0003, 0x0003, 0x0003, 0x0003, 0x0003, 0x0003, 0xF001,
  0xF002, 0xF003, 0x0003, 0x0003, 0x0003, 0x0003, 0x0003, 0x0003, 0x0003, 0x0003,
  0xF001, 0x0003, 0x0003, 0x0003, 0xF006, 0xF009, 0x0003, 0xF006, 0xF009, 0x0003,
  0x0003, 0x0003, 0x0003, 0xF002, 0x0003, 0xF003, 0x0003, 0x0003, 0x0003, 0x0003,
  0x0003, 0x0003, 0x0003, 0xF002, 0xF002, 0xF002, 0x0003, 0x0003, 0x0003, 0x0003,
  0x0003, 0x0003, 0x0003, 0x0003, 0x0003, 0x0003, 0x0003, 0x0003, 0x0003, 0xF00C,
  0x0003, 0x0003, 0x0003, 0x0003, 0x0003, 0x0003, 0x0003, 0xF001, 0x0003, 0x0003,
  0x0003, 0x0003, 0x0003, 0x0003, 0x0003, 0x0003, 0x0003, 0x0003, 0x0003, 0x0003,
  0x0003, 0x0003, 0x0003, 0x0003, 0xF001, 0xF001, 0x0003, 0x0003, 0xF001, 0xF001,
  0xF001, 0xF001, 0xF001, 0xF001, 0xF001, 0xF003, 0xF001, 0xF001, 0xF001, 0xF001,
  0xF001, 0xF001, 0xF001, 0xF001, 0xF001, 0xF001, 0xF001, 0xF003, 0xF001, 0xF001,
  0xF001, 0x0003, 0xF001, 0xF001, 0xF001, 0xF001, 0xF002, 0xF001, 0xF001, 0xF001,
  0xF001, 0xF001, 0xF001, 0xF001, 0xF001, 0x0003, 0x0003, 0x0003, 0x0003, 0x0003,
  0x0003, 0x0003, 0x0003, 0x0003, 0x0003, 0x0003, 0xF002, 0x0003, 0x0003, 0x0003,
  0x0003, 0x0003, 0x0003, 0x0003, 0x0003, 0x0003, 0x0003, 0x0003, 0x0003, 0x0003,
  0x0003, 0x0003, 0x0003, 0x0003, 0x0003, 0x0003, 0x0003, 0x0003, 0x0003, 0x0003,
  0xF003, 0xF003, 0xF001, 0xF003, 0x0003, 0xF003, 0xF003, 0xF002, 0x0003, 0xF003,
  0xF001, 0xF001, 0xF001, 0xF001, 0xF001, 0xF002, 0xF001, 0xF001, 0xF001, 0xF001,
  0x0003, 0xF001, 0xF002, 0x0003, 0x0003, 0xF001, 0xF001, 0xF001, 0xF001, 0xF001,
  0x0003, 0x0003, 0xF002, 0xF003, 0xF002, 0x0003, 0xF001, 0x0003, 0xF002, 0x0003,
  0xF001, 0x0003, 0xF001, 0xF003, 0xF001, 0xF001, 0x0003, 0xF001, 0xF001, 0xF001,
  0x0003, 0xF001, 0xF001, 0xF002, 0xF002, 0xF002, 0xF002, 0xF001, 0x0003, 0xF003,
  0xF002, 0xF002, 0xF002, 0xF002, 0xF003, 0x0003, 0x0003, 0x0003, 0x0003, 0xF001,
  0xF001, 0xF001, 0xF001, 0xF001, 0x0003, 0x0003, 0x0003, 0x0003, 0x0003, 0x0003,
  0xF005, 0xF005, 0xF006, 0xF005, 0xF005, 0xF005, 0xF005, 0xF005, 0xF005, 0xF005,
  0xF005, 0xF005, 0xF005, 0xF005, 0xF005, 0xF004, 0xF001, 0xF002, 0xF003, 0xF002,
  0xF001, 0xF002, 0xF003, 0xF004, 0xF002, 0xF001, 0xF002, 0xF003, 0xF001, 0xF001,
  0xF001, 0xF001, 0xF001, 0xF002, 0xF003, 0xF002, 0xF001, 0xF002, 0xF003, 0xF004,
  0xF002, 0xF001, 0xF002, 0xF003, 0xF001, 0xF001, 0xF001, 0xF001, 0x0003, 0x0003,
  0x0003, 0x0003, 0x0003, 0x0003, 0x0003, 0x0003, 0x0003, 0xF005, 0x0003, 0x0003,
  0x0003, 0x0003, 0x0003, 0x0003, 0x0003, 0x0003, 0x0003, 0x0003, 0x0003, 0x0003,
  0x0003, 0x0003, 0x0003, 0x0003, 0xC005, 0xC005, 0x0003, 0x0003, 0x0003, 0x0003,
  0x0003, 0x0003, 0x0003, 0x0003, 0x0003, 0x0003, 0x0003, 0x0003, 0x0003, 0x0003,
  0x0003, 0x0003, 0x0003, 0x0003, 0xC005, 0x0003, 0x0003, 0x0003, 0x0003, 0x0003,
  0x0003, 0x0003, 0x0003, 0x0003, 0x0003, 0x0003, 0x0003, 0x0003, 0x0003, 0x0003,
  0x0003, 0x0003, 0xC005, 0x0003, 0x0003, 0x0003, 0x0003, 0xC005, 0x0003, 0x0003,
  0xC005, 0x0003, 0x0003, 0x0003, 0x0003, 0x0003, 0x0003, 0x0003, 0x0003, 0x0003,
  0x0003, 0x0003, 0x0003, 0x0003, 0x0003, 0x0003, 0x0003, 0x0003, 0x0003, 0x0003,
  0x0003, 0x0003, 0x0003, 0x0003, 0xC005, 0x0003, 0xC005, 0x0003, 0x0003, 0x0003,
  0x0003, 0x0003, 0xF006, 0xF009, 0x0003, 0xF006, 0xF009, 0x0003, 0x0003, 0x0003,
  0x0003, 0x0003, 0x0003, 0x0003, 0x0003, 0x0003, 0x0003, 0x0003, 0x0003, 0x0003,
  0x0003, 0x0003, 0x0003, 0x0003, 0x0003, 0x0003, 0x0003, 0x0003, 0x0003, 0x0003,
  0x0003, 0x0003, 0x0003, 0x0003, 0x0003, 0x0003, 0x0003, 0x0003, 0x0003, 0xF001,
  0xF001, 0xF001, 0xF001, 0xF001, 0xF001, 0xF001, 0xF001, 0xF001, 0xF002, 0xF002,
  0xF002, 0xF002, 0xF002, 0xF002, 0xF002, 0xF002, 0xF002, 0xF002, 0xF002, 0xF003,
  0xF003, 0xF003, 0xF003, 0xF003, 0xF003, 0xF003, 0xF003, 0xF003, 0xF004, 0xF004,
  0xF004, 0xF004, 0xF004, 0xF004, 0xF004, 0xF004, 0xF002, 0xF002, 0xF002, 0xF002,
  0xF002, 0xF002, 0xF002, 0xF002, 0xF002, 0xF003, 0xF003, 0xF003, 0xF003, 0xF003,
  0xF003, 0xF003, 0xF003, 0xF003, 0xF003, 0xF003, 0xF003, 0xF003, 0xF003, 0xF003,
  0xF003, 0xF003, 0xF003, 0xF003, 0xF003, 0xF003, 0xF003, 0xF003, 0xF003, 0xF003,
  0xF003, 0xF003, 0xF003, 0xF003, 0xF003, 0xF003, 0xF003, 0xF003, 0xF003, 0xF003,
  0xF003, 0xF003, 0xF001, 0xF001, 0xF001, 0xF001, 0xF001, 0xF001, 0xF001, 0xF001,
  0xF001, 0xF001, 0xF001, 0xF001, 0xF001, 0xF001, 0xF001, 0xF001, 0xF001, 0xF001,
  0xF001, 0xF001, 0xF001, 0xF001, 0xF001, 0xF001, 0xF001, 0xF001, 0xF001, 0xF001,
  0xF001, 0xF001, 0xF001, 0xF001, 0xF001, 0xF001, 0xF001, 0xF001, 0xF001, 0xF001,
  0xF001, 0xF001, 0xF001, 0xF001, 0xF001, 0x0003, 0x0003, 0x0003, 0x0003, 0x0003,
  0x0003, 0x0003, 0x0003, 0x0003, 0x0003, 0x0003, 0x0003, 0x0003, 0x0003, 0x0003,
  0x0003, 0x0003, 0x0003, 0x0003, 0x0003, 0x0003, 0xF00C, 0x0003, 0x0003, 0x0003,
  0x0003, 0x0003, 0x0003, 0x0003, 0x0003, 0x0003, 0x0003, 0x0003, 0x0003, 0x0003,
  0x0003, 0x0003, 0x0003, 0x0003, 0x0003, 0x0003, 0x0003, 0x0003, 0x0003, 0x0003,
  0x0003, 0x0003, 0x0003, 0x0003, 0x0003, 0x0003, 0x0003, 0x0003, 0x0003, 0x0003,
  0x0003, 0x0003, 0x0003, 0x0003, 0x0003, 0x0003, 0x0003, 0x0003, 0x0003, 0x0003,
  0x0003, 0x0003, 0x0003, 0x0003, 0x0003, 0x0003, 0x0003, 0x0003, 0x0003, 0xF003,
  0xF002, 0xF003, 0x0003, 0x0003, 0x0003, 0x0003, 0x0003, 0x0003, 0x0003, 0x0003,
  0x0003, 0x0003, 0x0003, 0x0003, 0x0003, 0x0003, 0x0003, 0x0003, 0x0003, 0x0003,
  0x0003, 0x0003, 0x0003, 0x0003, 0x0003, 0x0003, 0x0003, 0x0003, 0x0003, 0x0003,
  0x0003, 0x0003, 0x0003, 0x0003, 0x0003, 0x0003, 0x0003, 0x0003, 0x0003, 0x0003,
  0x0003, 0x0003, 0x0003, 0x0003, 0x0003, 0x0003, 0x0003, 0x0003, 0x0003, 0x0003,
  0x0003, 0x0003, 0x0003, 0x0003, 0x0003, 0x0003, 0x0003, 0x0003, 0x0003, 0x0003,
  0x0003, 0x0003, 0xF001, 0xF001, 0x0003, 0x0003, 0x0003, 0x0003, 0x0003, 0x0003,
  0x0003, 0x0003, 0x0003, 0x0003, 0x0003, 0x0003, 0x0003, 0x0003, 0x0003, 0x0003,
  0x0003, 0x0003, 0x0003, 0x0003, 0x0003, 0x0003, 0x0003, 0x0003, 0x0003, 0x0003,
  0x0003, 0x0003, 0x0003, 0x0003, 0x0003, 0x0003, 0x0003, 0x0003, 0x0003, 0x0003,
  0x0003, 0x0003, 0x0003, 0x0003, 0x0003, 0x0003, 0x0003, 0x0003, 0x0003, 0x0003,
  0x0003, 0xF003, 0x0003, 0x0003, 0x0003, 0x0003, 0x0003, 0x0003, 0x0003, 0x0003,
  0x0003, 0x0003, 0x0003, 0x0003, 0x0003, 0x0003, 0x0003, 0x5143, 0xF003, 0xF003,
  0xF003, 0xF003, 0xF003, 0xF003, 0xF003, 0xF003, 0xF003, 0xF003, 0xF003, 0xF003,
  0xF003, 0xF003, 0xF003, 0xF003, 0xF003, 0xF003, 0xF003, 0xF003, 0xF003, 0xF003,
  0x0003, 0x0003, 0x0003, 0x0003, 0x0003, 0x0003, 0x0003, 0x0003, 0x0003, 0x0003,
  0x0003, 0x0003, 0x0003, 0x0003, 0x0003, 0x0003, 0x0003, 0x0003, 0x0003, 0x0003,
  0x0003, 0x0003, 0x0003, 0x0003, 0x0003, 0x0003, 0x0003, 0x0003, 0x0003, 0x0003,
  0x0003, 0x0003, 0x0003, 0x0003, 0x0003, 0x0003, 0x0003, 0x0003, 0x0003, 0x0003,
  0x0003, 0x0003, 0xF001, 0x0003, 0x0003, 0x0003, 0x0003, 0x0003, 0x0003, 0x0003,
  0x0003, 0x0003, 0x0003, 0x0003, 0x0003, 0x0003, 0x0003, 0x0003, 0x0003, 0x0003,
  0x0003, 0x0003, 0x0003, 0x0003, 0x0003, 0x0003, 0x0003, 0x0003, 0x0003, 0x0003,
  0x0003, 0x0003, 0x0003, 0x0003, 0x0003, 0x0003, 0x0003, 0x0003, 0x0003, 0x0003,
  0x0003, 0x0003, 0x0003, 0x0003, 0x5B43, 0x5C83, 0x5D03, 0x5BC3, 0x5C03, 0x5C03,
  0x0003, 0x0003, 0x0003, 0x0003, 0x0003, 0x0003, 0xF003, 0x0003, 0xF003, 0xF003,
  0xF003, 0x0003, 0x0003, 0x0003, 0x0003, 0x0003, 0x0003, 0x0003, 0x0003, 0x0003,
  0x0003, 0x0003, 0x0003, 0x0003, 0x0003, 0x0003, 0x0003, 0x0003, 0x0003, 0x0003,
  0x0003, 0xC006, 0x0003, 0x0003, 0x0003, 0x0003, 0x7103, 0x7103, 0xF004, 0xF004,
  0x0003, 0xC006, 0xF006, 0x0003, 0x0003, 0x0003, 0x0003, 0x0003, 0x0003, 0x0003,
  0x0003, 0x0003, 0x0003, 0x0003, 0x0003, 0xC006, 0x0003, 0xC006, 0x0003, 0xC006,
  0x0003, 0xC006, 0x0003, 0xC006, 0x0003, 0xC006, 0x0003, 0xC006, 0x0003, 0xC006,
  0x0003, 0xC006, 0x0003, 0xC006, 0x0003, 0x0003, 0xC006, 0x0003, 0xC006, 0x0003,
  0xC006, 0x0003, 0x0003, 0x0003, 0x0003, 0x0003, 0x0003, 0xC006, 0xC006, 0x0003,
  0xC006, 0xC006, 0x0003, 0xC006, 0xC006, 0x0003, 0xC006, 0xC006, 0x0003, 0xC006,
  0xC006, 0x0003, 0x0003, 0x0003, 0x0003, 0x0003, 0x0003, 0x0003, 0x0003, 0x0003,
  0x0003, 0x0003, 0x0003, 0x0003, 0x0003, 0x0003, 0x0003, 0x0003, 0x0003, 0x0003,
  0x0003, 0x0003, 0x0003, 0xC006, 0x0003, 0x0003, 0xC006, 0xC006, 0xC006, 0xC006,
  0x0003, 0x0003, 0x0003, 0xC006, 0xF006, 0x0003, 0x0003, 0x0003, 0x0003, 0x0003,
  0x0003, 0x0003, 0x0003, 0x0003, 0x0003, 0x0003, 0x0003, 0x0003, 0x0003, 0x0003,
  0x0003, 0x0003, 0x0003, 0x0003, 0x0003, 0x0003, 0x0003, 0x0003, 0x0003, 0x0003,
  0x0003, 0x0003, 0x0003, 0x0003, 0x0003, 0x0003, 0x0003, 0x0003, 0x0003, 0x0003,
  0x0003, 0x0003, 0x0003, 0x0003, 0x0003, 0x0003, 0x0003, 0x0003, 0x0003, 0x0003,
  0x0003, 0x0003, 0x0003, 0x0003, 0xF003, 0xF003, 0xF003, 0xF003, 0xF003, 0xF003,
  0xF003, 0xF003, 0xF003, 0xF003, 0xF003, 0xF003, 0xF003, 0xF003, 0xF003, 0x0003,
  0x0003, 0x0003, 0xF003, 0xF003, 0xF003, 0xF003, 0xF003, 0xF003, 0xF003, 0xF003,
  0xF003, 0xF003, 0xF003, 0xF003, 0xF003, 0xF003, 0x0003, 0x0003, 0x0003, 0x0003,
  0x0003, 0x0003, 0x0003, 0x0003, 0x0003, 0x0003, 0x0003, 0x0003, 0x0003, 0x0003,
  0x0003, 0x0003, 0x0003, 0x0003, 0x0003, 0x0003, 0x0003, 0x0003, 0x0003, 0x0003,
  0x0003, 0x0003, 0x0003, 0x0003, 0x0003, 0x0003, 0x0003, 0x0003, 0xF005, 0xF005,
  0xF005, 0xF005, 0xF005, 0xF005, 0xF005, 0xF005, 0xF005, 0xF005, 0xF005, 0xF005,
  0xF005, 0xF005, 0xF008, 0xF008, 0xF008, 0xF008, 0xF008, 0xF008, 0xF008, 0xF008,
  0xF008, 0xF008, 0xF008, 0xF008, 0xF008, 0xF008, 0xF008, 0xF011, 0xF00E, 0x0003,
  0xF005, 0xF005, 0xF005, 0xF005, 0xF005, 0xF005, 0xF005, 0xF005, 0xF005, 0xF005,
  0xF005, 0xF005, 0xF005, 0xF005, 0xF005, 0xF005, 0xF005, 0xF005, 0xF005, 0xF005,
  0xF005, 0xF005, 0xF005, 0xF005, 0xF005, 0xF005, 0xF005, 0xF005, 0xF005, 0xF005,
  0xF005, 0xF005, 0xF003, 0xF003, 0xF003, 0xF003, 0x0003, 0x0003, 0x0003, 0x0003,
  0x0003, 0x0003, 0x0003, 0x0003, 0xF003, 0xF002, 0xF002, 0xF002, 0xF002, 0xF002,
  0xF002, 0xF002, 0xF002, 0xF002, 0xF002, 0xF002, 0xF002, 0xF002, 0xF002, 0xF002,
  0xF003, 0xF003, 0xF003, 0xF003, 0xF003, 0xF003, 0xF003, 0xF003, 0xF003, 0xF003,
  0xF003, 0xF003, 0xF003, 0xF003, 0xF006, 0xF006, 0xF006, 0xF006, 0xF006, 0xF006,
  0xF006, 0xF006, 0xF006, 0xF006, 0xF006, 0xF006, 0xF006, 0xF006, 0xF00F, 0xF00C,
  0xF006, 0x0003, 0xF003, 0xF003, 0xF003, 0xF003, 0xF003, 0xF003, 0xF003, 0xF003,
  0xF003, 0xF003, 0xF003, 0xF003, 0xF003, 0xF003, 0xF003, 0xF003, 0xF003, 0xF003,
  0xF003, 0xF003, 0xF003, 0xF003, 0xF003, 0xF003, 0xF003, 0xF003, 0xF003, 0xF003,
  0xF003, 0xF003, 0xF003, 0xF003, 0xF003, 0xF003, 0xF003, 0xF003, 0xF003, 0xF003,
  0xF003, 0xF003, 0xF003, 0xF003, 0xF003, 0xF003, 0xF003, 0xF003, 0xF003, 0xF003,
  0xF003, 0xF002, 0xF002, 0xF002, 0xF002, 0xF002, 0xF002, 0xF002, 0xF002, 0xF002,
  0xF002, 0xF002, 0xF002, 0xF002, 0xF002, 0xF002, 0xF004, 0xF004, 0xF004, 0xF004,
  0xF004, 0xF004, 0xF004, 0xF004, 0xF004, 0xF005, 0xF005, 0xF005, 0xF002, 0xF003,
  0xF002, 0xF003, 0xF003, 0xF003, 0xF003, 0xF003, 0xF003, 0xF003, 0xF003, 0xF003,
  0xF003, 0xF003, 0xF003, 0xF003, 0xF003, 0xF003, 0xF003, 0xF003, 0xF003, 0xF003,
  0xF003, 0xF003, 0xF003, 0xF003, 0xF003, 0xF003, 0xF003, 0xF003, 0xF003, 0xF003,
  0xF003, 0xF003, 0xF003, 0xF003, 0xF003, 0xF003, 0xF003, 0xF003, 0xF003, 0xF003,
  0xF003, 0xF003, 0xF003, 0xF003, 0xF003, 0xF003, 0xF003, 0xF003, 0xF003, 0xF006,
  0xF00F, 0xF00C, 0xF00F, 0xF009, 0xF00F, 0xF009, 0xF009, 0xF012, 0xF00C, 0xF009,
  0xF009, 0xF009, 0xF00C, 0xF00C, 0xF00C, 0xF00C, 0xF00C, 0xF00C, 0xF00C, 0xF012,
  0xF006, 0xF012, 0xF012, 0xF00F, 0xF00C, 0xF012, 0xF012, 0xF00C, 0xF009, 0xF009,
  0xF00C, 0xF00C, 0xF00F, 0xF00F, 0xF009, 0xF009, 0xF00C, 0xF009, 0xF009, 0xF006,
  0xF006, 0xF009, 0xF009, 0xF012, 0xF00C, 0xF00F, 0xF012, 0xF00C, 0xF009, 0xF009,
  0xF012, 0xF00C, 0xF012, 0xF009, 0xF00F, 0xF009, 0xF00C, 0xF009, 0xF00C, 0xF00F,
  0xF00C, 0xF00F, 0xF00C, 0xF006, 0xF00F, 0xF009, 0xF009, 0xF00C, 0xF009, 0xF009,
  0xF009, 0xF00F, 0xF00C, 0xF006, 0xF012, 0xF009, 0xF00F, 0xF00C, 0xF00C, 0xF009,
  0xF009, 0xF00C, 0xF006, 0xF00C, 0xF00F, 0xF006, 0xF012, 0xF009, 0xF004, 0xF004,
  0xF004, 0xF004, 0xF004, 0xF004, 0xF004, 0xF004, 0xF004, 0xF004, 0xF005, 0xF005,
  0xF005, 0xF005, 0xF005, 0xF005, 0xF005, 0xF005, 0xF005, 0xF005, 0xF005, 0xF005,
  0xF005, 0xF005, 0xF005, 0xF003, 0xF002, 0xF002, 0xF003, 0xF002, 0xF002, 0xF002,
  0xF003, 0xF003, 0xF002, 0xF006, 0xF006, 0xF006, 0xF006, 0xF00C, 0xF002, 0xF002,
  0xF003, 0xF002, 0xF002, 0xF002, 0xF002, 0xF002, 0xF003, 0xF004, 0xF002, 0xF002,
  0xF003, 0xF003, 0xF002, 0xF002, 0xF002, 0xF003, 0xF003, 0xF003, 0xF003, 0xF003,
  0xF002, 0xF002, 0xF002, 0xF002, 0xF002, 0xF003, 0xF002, 0xF002, 0xF002, 0xF003,
  0xF003, 0xF002, 0xF003, 0xF003, 0xF003, 0xF002, 0xF003, 0xF005, 0xF006, 0xF002,
  0xF003, 0xF003, 0xF003, 0xF003, 0xF007, 0xF008, 0xF002, 0xF002, 0xF003, 0xF002,
  0xF002, 0xF002, 0xF003, 0xF002, 0xF002, 0xF002, 0xF002, 0xF002, 0xF003, 0xF002,
  0xF002, 0xF002, 0xF003, 0xF003, 0xF004, 0xF002, 0xF002, 0xF002, 0xF006, 0xF003,
  0xF002, 0xF002, 0xF002, 0xF002, 0xF002, 0xF002, 0xF002, 0xF002, 0xF002, 0xF002,
  0xF003, 0xF002, 0xF002, 0xF003, 0xF003, 0xF002, 0xF004, 0xF003, 0xF002, 0xF002,
  0xF002, 0xF002, 0xF005, 0xF005, 0xF004, 0xF004, 0xF004, 0xF004, 0xF004, 0xF004,
  0xF004, 0xF004, 0xF004, 0xF005, 0xF005, 0xF005, 0xF005, 0xF005, 0xF005, 0xF005,
  0xF005, 0xF005, 0xF005, 0xF005, 0xF005, 0xF005, 0xF005, 0xF005, 0xF005, 0xF005,
  0xF005, 0xF005, 0xF005, 0xF005, 0xF005, 0xF003, 0x0003, 0x0003, 0x0003, 0x0003,
  0x0003, 0x0003, 0x0003, 0x0003, 0x0003, 0x0003, 0x0003, 0x0003, 0x0003, 0x0003,
  0x0003, 0x0003, 0x0003, 0x0003, 0x0003, 0x0003, 0x0003, 0x0003, 0x0003, 0x0003,
  0x0003, 0x0003, 0x0003, 0x0003, 0xF002, 0xF002, 0x5CC3, 0x5CC3, 0x0003, 0x0003,
  0x0003, 0x0003, 0x0003, 0x0003, 0x0003, 0x0003, 0x0003, 0x0003, 0x0003, 0x0003,
  0x0003, 0x0003, 0x0003, 0x0003, 0x0003, 0x0003, 0x0003, 0x0003, 0x0003, 0x0003,
  0x0003, 0x0003, 0x0003, 0x0003, 0x0003, 0x0003, 0x0003, 0x0003, 0x0003, 0x0003,
  0x0003, 0x0003, 0x0003, 0x0003, 0x0003, 0x0003, 0x0003, 0x0003, 0x0003, 0x0003,
  0x0003, 0x0003, 0x0003, 0x0003, 0x0003, 0x0003, 0x0003, 0xF001, 0xF001, 0xF001,
  0xF001, 0x0003, 0x0003, 0x0003, 0xF002, 0xF002, 0x0003, 0x0003, 0x0003, 0x0003,
  0x0003, 0x0003, 0x0003, 0x0003, 0x0003, 0x0003, 0x0003, 0x0003, 0x0003, 0x0003,
  0x0003, 0x0003, 0x0003, 0x0003, 0x0003, 0x0003, 0x0003, 0x0003, 0x0003, 0x0003,
  0x0003, 0x0003, 0x0003, 0x0003, 0xF003, 0xF003, 0xF002, 0xF003, 0x0003, 0x0003,
  0x0003, 0x0003, 0x0003, 0x0003, 0x0003, 0x0003, 0x0003, 0xF002, 0x0003, 0x0003,
  0x0003, 0x0003, 0x0003, 0x0003, 0x0003, 0x0003, 0x0003, 0x0003, 0x0003, 0x0003,
  0x0003, 0x0003, 0x0003, 0x0003, 0x0003, 0x0003, 0x0003, 0x0003, 0x0003, 0x0003,
  0xF002, 0xF002, 0xF002, 0xF003, 0xF003, 0xF002, 0xF002, 0x0003, 0x0003, 0x0003,
  0x0003, 0x0003, 0x0003, 0x0003, 0x0003, 0x0003, 0x0003, 0x0003, 0x0003, 0xF004,
  0xF004, 0xF004, 0xF004, 0xF004, 0x0003, 0x0003, 0x0003, 0x0003, 0x0003, 0xF004,
  0x5583, 0xF004, 0xF002, 0xF002, 0xF002, 0xF002, 0xF002, 0xF002, 0xF002, 0xF002,
  0xF002, 0xF001, 0xF004, 0xF004, 0xF006, 0xF006, 0xF004, 0xF004, 0xF004, 0xF004,
  0xF004, 0xF004, 0xF004, 0xF004, 0xF004, 0x0003, 0xF004, 0xF004, 0xF004, 0xF004,
  0xF004, 0x0003, 0xF004, 0x0003, 0xF004, 0xF004, 0x0003, 0xF004, 0xF004, 0x0003,
  0xF004, 0xF004, 0xF004, 0xF004, 0xF004, 0xF004, 0xF004, 0xF004, 0xF004, 0xF004,
  0xF002, 0xF002, 0xF002, 0xF002, 0xF002, 0xF002, 0xF002, 0xF002, 0xF002, 0xF002,
  0xF002, 0xF002, 0xF002, 0xF002, 0xF002, 0xF002, 0xF002, 0xF002, 0xF002, 0xF002,
  0xF002, 0xF002, 0xF002, 0xF002, 0xF002, 0xF002, 0xF002, 0xF002, 0xF002, 0xF002,
  0xF002, 0xF002, 0xF002, 0xF002, 0xF002, 0xF002, 0xF002, 0xF002, 0xF002, 0xF002,
  0xF002, 0xF002, 0xF002, 0xF002, 0xF002, 0xF002, 0xF002, 0xF002, 0xF004, 0xF004,
  0xF002, 0xF002, 0xF002, 0xF002, 0xF002, 0xF002, 0xF002, 0xF002, 0xF002, 0xF002,
  0xF004, 0xF004, 0x0003, 0x0003, 0x0003, 0x0003, 0x0003, 0x0003, 0x0003, 0x0003,
  0x0003, 0x0003, 0x0003, 0x0003, 0x0003, 0x0003, 0x0003, 0x0003, 0x0003, 0x0003,
  0x0003, 0xF002, 0xF002, 0xF002, 0xF002, 0xF002, 0xF002, 0xF002, 0xF002, 0xF002,
  0xF002, 0xF004, 0xF002, 0xF002, 0xF002, 0xF002, 0xF002, 0xF002, 0xF002, 0xF002,
  0xF002, 0xF002, 0xF002, 0xF002, 0xF006, 0xF006, 0xF006, 0xF006, 0xF006, 0xF006,
  0xF006, 0xF006, 0xF006, 0xF006, 0xF006, 0xF006, 0xF006, 0xF006, 0xF006, 0xF006,
  0xF006, 0xF006, 0xF002, 0xF002, 0xF002, 0xF002, 0xF006, 0xF006, 0xF006, 0xF006,
  0xF006, 0xF004, 0xF004, 0xF004, 0xF004, 0xF004, 0xF004, 0xF004, 0xF004, 0xF004,
  0xF004, 0xF004, 0xF004, 0xF004, 0xF004, 0xF004, 0xF004, 0xF004, 0xF004, 0xF004,
  0xF004, 0xF004, 0xF004, 0xF004, 0xF004, 0xF004, 0xF004, 0xF004, 0xF004, 0xF004,
  0xF004, 0xF004, 0xF004, 0xF004, 0xF004, 0xF004, 0xF004, 0xF004, 0xF004, 0xF004,
  0xF004, 0xF004, 0xF004, 0xF004, 0xF004, 0xF004, 0xF004, 0xF004, 0xF004, 0xF004,
  0xF004, 0xF004, 0xF004, 0xF004, 0xF004, 0xF004, 0xF004, 0xF004, 0xF004, 0xF004,
  0xF005, 0xF005, 0xF005, 0xF005, 0xF005, 0xF005, 0xF006, 0xF006, 0xF006, 0xF006,
  0xF006, 0xF006, 0xF004, 0xF004, 0xF004, 0xF004, 0xF004, 0xF004, 0xF004, 0xF004,
  0xF004, 0xF004, 0xF004, 0xF004, 0xF004, 0xF004, 0xF004, 0xF004, 0xF004, 0xF004,
  0xF004, 0xF004, 0xF004, 0xF004, 0xF004, 0xF006, 0xF006, 0xF006, 0xF006, 0xF006,
  0xF004, 0xF004, 0xF004, 0xF004, 0xF004, 0xF004, 0xF004, 0xF004, 0xF004, 0xF004,
  0xF004, 0xF004, 0xF004, 0xF004, 0xF004, 0xF004, 0xF004, 0xF004, 0xF004, 0xF004,
  0xF004, 0xF004, 0xF004, 0xF004, 0xF004, 0xF004, 0xF004, 0xF004, 0xF004, 0xF004,
  0xF004, 0xF004, 0xF004, 0xF004, 0xF004, 0xF004, 0xF006, 0xF006, 0xF004, 0xF004,
  0xF004, 0xF004, 0xF004, 0xF004, 0xF004, 0xF004, 0xF004, 0xF004, 0xF004, 0xF004,
  0xF004, 0xF004, 0xF004, 0xF004, 0xF004, 0xF006, 0xF006, 0xF006, 0xF004, 0xF004,
  0xF004, 0xF004, 0xF004, 0xF004, 0xF004, 0xF004, 0xF004, 0xF004, 0xF004, 0xF004,
  0xF004, 0xF004, 0xF004, 0xF004, 0xF004, 0xF004, 0xF004, 0xF004, 0xF004, 0xF004,
  0xF004, 0xF004, 0xF004, 0xF004, 0xF004, 0xF004, 0xF004, 0xF004, 0xF004, 0xF004,
  0xF004, 0xF004, 0xF004, 0xF004, 0xF004, 0xF004, 0xF004, 0xF004, 0xF004, 0xF004,
  0xF004, 0xF004, 0xF004, 0xF004, 0xF004, 0xF004, 0xF004, 0xF004, 0xF004, 0xF004,
  0xF004, 0xF004, 0xF004, 0xF004, 0xF004, 0xF004, 0xF004, 0xF004, 0xF004, 0xF004,
  0x0003, 0x0003, 0x0003, 0x0003, 0x0003, 0x0003, 0x0003, 0x0003, 0x0003, 0x0003,
  0x0003, 0x0003, 0x0003, 0x0003, 0x0003, 0x0003, 0xF006, 0xF006, 0xF006, 0xF006,
  0xF006, 0xF006, 0xF006, 0xF006, 0xF006, 0xF006, 0xF006, 0xF006, 0xF006, 0xF006,
  0xF006, 0xF006, 0xF006, 0xF006, 0xF006, 0xF006, 0xF006, 0xF006, 0xF006, 0xF006,
  0xF006, 0xF006, 0xF006, 0xF006, 0xF006, 0xF006, 0xF006, 0xF006, 0xF006, 0xF006,
  0xF006, 0xF006, 0xF006, 0xF006, 0xF006, 0xF006, 0xF006, 0xF006, 0xF006, 0xF006,
  0xF006, 0xF006, 0xF006, 0xF006, 0x0003, 0x0003, 0xF006, 0xF006, 0xF006, 0xF006,
  0xF006, 0xF006, 0xF006, 0xF006, 0xF006, 0xF006, 0xF006, 0xF006, 0xF006, 0xF006,
  0xF006, 0xF006, 0xF006, 0xF006, 0xF006, 0xF006, 0xF006, 0xF006, 0xF006, 0xF006,
  0xF006, 0xF006, 0xF006, 0xF006, 0xF006, 0xF006, 0xF006, 0xF006, 0xF006, 0xF006,
  0xF006, 0xF006, 0xF006, 0xF006, 0xF006, 0xF006, 0xF006, 0xF006, 0xF006, 0xF006,
  0xF006, 0xF006, 0x0003, 0x0003, 0x0003, 0x0003, 0x0003, 0x0003, 0x0003, 0x0003,
  0x0003, 0x0003, 0x0003, 0x0003, 0x0003, 0x0003, 0x0003, 0x0003, 0x0003, 0x0003,
  0x0003, 0x0003, 0x0003, 0x0003, 0x0003, 0x0003, 0x0003, 0x0003, 0x0003, 0x0003,
  0x0003, 0x0003, 0x0003, 0x0003, 0x0003, 0x0003, 0x0003, 0x0003, 0x0003, 0x0003,
  0x0003, 0x0003, 0xF006, 0xF006, 0xF008, 0xF008, 0xF008, 0xF008, 0xF008, 0xF008,
  0xF008, 0xF006, 0xF021, 0xF00F, 0xF008, 0x0003, 0x0003, 0x0003, 0x0003, 0x0003,
  0x0003, 0x0003, 0x0003, 0x0003, 0x0003, 0x0003, 0x0003, 0x0003, 0x0003, 0x0003,
  0x0003, 0xF001, 0xF003, 0xF003, 0xF001, 0xF001, 0xF001, 0xF001, 0xF003, 0xF003,
  0xF003, 0x0003, 0x0003, 0x0003, 0x0003, 0x0003, 0x0003, 0x5CC3, 0x5CC3, 0x5CC3,
  0x5CC3, 0x5CC3, 0x5CC3, 0x5CC3, 0x5B83, 0x5B83, 0x5B83, 0x5B83, 0x5B83, 0x5B83,
  0x5B83, 0x5CC3, 0x5CC3, 0xF002, 0xF003, 0xF003, 0xF001, 0xF001, 0xF001, 0xF001,
  0xF001, 0xF001, 0xF003, 0xF003, 0xF003, 0xF003, 0xF003, 0xF003, 0xF003, 0x0003,
  0x0003, 0xF001, 0xF001, 0xF003, 0xF003, 0xF003, 0xF003, 0xF001, 0xF001, 0xF001,
  0xF001, 0xF003, 0xF001, 0x0003, 0xF001, 0xF001, 0xF001, 0xF001, 0xF003, 0xF001,
  0xF001, 0xF001, 0xF001, 0xF003, 0xF003, 0xF001, 0xF001, 0xF001, 0xF001, 0xF001,
  0xF001, 0xF001, 0xF001, 0x0003, 0xF001, 0xF001, 0xF001, 0xF001, 0x0003, 0x0003,
  0x0003, 0x0003, 0xF003, 0xF004, 0xF003, 0x0003, 0xF003, 0x0003, 0xF003, 0xF004,
  0xF003, 0xF004, 0xF003, 0xF004, 0xF003, 0xF004, 0xF003, 0xF004, 0xF002, 0xF004,
  0xF004, 0xF004, 0xF004, 0xF004, 0xF004, 0xF004, 0xF004, 0xF004, 0xF004, 0xF004,
  0xF004, 0xF002, 0xF002, 0xF002, 0xF002, 0xF002, 0xF002, 0xF002, 0xF002, 0xF002,
  0xF002, 0xF002, 0xF002, 0xF002, 0xF002, 0xF002, 0xF002, 0xF002, 0xF002, 0xF002,
  0xF002, 0xF002, 0xF002, 0xF002, 0xF002, 0xF002, 0xF002, 0xF002, 0xF002, 0xF002,
  0xF002, 0xF002, 0xF002, 0xF002, 0xF002, 0xF002, 0xF002, 0xF002, 0xF002, 0xF002,
  0xF002, 0xF002, 0xF002, 0xF002, 0xF002, 0xF002, 0xF002, 0xF002, 0xF002, 0xF002,
  0xF002, 0xF002, 0xF002, 0xF002, 0xF006, 0xF006, 0xF006, 0xF006, 0xF006, 0xF006,
  0xF004, 0xF004, 0x0003, 0x0003, 0x0003, 0xF001, 0xF001, 0xF001, 0xF001, 0xF001,
  0xF001, 0xF001, 0xF001, 0xF001, 0xF001, 0xF001, 0xF001, 0xF001, 0xF001, 0xF001,
  0xF001, 0xF001, 0xF001, 0xF001, 0xF001, 0xF001, 0xF001, 0xF001, 0xF001, 0xF001,
  0xF001, 0xF001, 0xF001, 0xF001, 0xF001, 0xF001, 0xF001, 0xF001, 0xF001, 0xF001,
  0xF001, 0xF001, 0xF001, 0xF001, 0xF001, 0xF001, 0xF001, 0xF001, 0xF001, 0xF001,
  0xF001, 0xF001, 0xF001, 0xF001, 0xF001, 0xF001, 0xF001, 0xF001, 0xF001, 0xF001,
  0xF001, 0xF001, 0xF001, 0xF001, 0xF001, 0xF001, 0xF001, 0xF001, 0xF003, 0xF003,
  0xF003, 0xF003, 0xF003, 0xF003, 0xF003, 0xF003, 0xF003, 0xF003, 0xF003, 0xF003,
  0xF003, 0xF003, 0xF003, 0xF003, 0xF003, 0xF003, 0xF003, 0xF003, 0xF003, 0xF003,
  0xF003, 0xF003, 0xF003, 0xF003, 0xF003, 0xF003, 0xF003, 0xF003, 0xF003, 0xF003,
  0xF003, 0xF043, 0xF043, 0xF003, 0xF003, 0xF003, 0xF003, 0xF003, 0xF003, 0xF003,
  0xF003, 0xF003, 0xF003, 0xF003, 0xF003, 0xF003, 0xF003, 0xF003, 0xF003, 0xF003,
  0xF003, 0xF003, 0xF003, 0xF003, 0xF003, 0xF003, 0xF003, 0xF003, 0xF003, 0xF003,
  0xF003, 0xF003, 0xF003, 0xF003, 0x0003, 0x0003, 0xF003, 0xF003, 0xF003, 0xF003,
  0xF003, 0xF003, 0x0003, 0x0003, 0xF003, 0xF003, 0xF003, 0xF003, 0xF003, 0xF003,
  0x0003, 0x0003, 0xF003, 0xF003, 0xF003, 0xF003, 0xF003, 0xF003, 0x0003, 0x0003,
  0xF003, 0xF003, 0xF003, 0x0003, 0x0003, 0x0003, 0xF002, 0xF002, 0xF002, 0xF003,
  0xF002, 0xF002, 0xF003, 0x0003, 0xF003, 0xF003, 0xF003, 0xF003, 0xF003, 0xF003,
  0xF003, 0x0003, 0x0003, 0x0003, 0x0003, 0x0003, 0x0003, 0x0003, 0x0003, 0x0003,
  0x0003, 0x0003, 0x0003, 0x0003, 0x0003, 0x0003, 0x0003, 0x0003, 0x0004, 0xF002,
  0xF002, 0xF002, 0xF002, 0xF002, 0x0004, 0xF002, 0xF003, 0xF002, 0xF002, 0xF002,
  0xF002, 0xF003, 0xF002, 0xF002, 0xF002, 0xF002, 0xF002, 0xF002, 0xF002, 0xF002,
  0xF002, 0xF002, 0xF002, 0xF002, 0xF002, 0xF002, 0xF004, 0xF003, 0xF002, 0xF004,
  0xF002, 0xF004, 0xF002, 0xF002, 0xF002, 0xF001, 0xF002, 0xF004, 0xF002, 0xF002,
  0xF002, 0xF002, 0xF002, 0xF003, 0xF002, 0xF002, 0xF003, 0x0004, 0xF002, 0xF002,
  0xF002, 0xF002, 0xF002, 0xF002, 0xF002, 0xF004, 0xF004, 0x0004, 0x0004, 0x0004,
  0x0004, 0x0004, 0x0004, 0x0004, 0x0004, 0x0004, 0x0004, 0x0004, 0x0004, 0x0004,
  0x0004, 0x0004, 0x0004, 0x0004, 0x0004, 0x0004, 0x0004, 0x0004, 0x0004, 0xF001,
  0xF001, 0xF001, 0xF001, 0xF001, 0xF001, 0xF001, 0xF001, 0xF001, 0xF001, 0xF001,
  0xF001, 0xF001, 0xF001, 0xF001, 0xF001, 0xF001, 0xF001, 0xF001, 0xF001, 0xF001,
  0xF001, 0xF001, 0xF001, 0xF001, 0xF001, 0xF001, 0xF001, 0xF001, 0xF001, 0xF001,
  0xF001, 0xF001, 0xF001, 0xF001, 0xF001, 0x0004, 0x0004, 0x0004, 0x0004, 0x0004,
  0x0004, 0xF001, 0xF001, 0xF001, 0xF001, 0xF001, 0xF001, 0xF001, 0xF001, 0xF001,
  0xF001, 0xF001, 0xF001, 0xF001, 0xF001, 0xF001, 0xF001, 0xF001, 0xF001, 0xF001,
  0xF001, 0xF001, 0xF001, 0xF001, 0xF001, 0xF001, 0xF001, 0xF001, 0xF001, 0xF001,
  0xF001, 0xF001, 0xF001, 0xF001, 0xF001, 0xF001, 0xF001, 0xF001, 0xF001, 0xF001,
  0xF001, 0xF001, 0xF001, 0xF001, 0xF001, 0xF001, 0xF001, 0xF001, 0xF001, 0xF001,
  0xF001, 0xF001, 0xF001, 0xF001, 0xF001, 0xF001, 0xF001, 0xF001, 0xF001, 0xF001,
  0xF001, 0xF001, 0xF001, 0xF001, 0xF001, 0x0004, 0xF001, 0xF001, 0xF001, 0xF001,
  0xF001, 0xF001, 0xF001, 0xF001, 0xF001, 0xF001, 0xF001, 0xF001, 0xF001, 0xF001,
  0xF001, 0xF001, 0xF001, 0xF001, 0xF001, 0xF001, 0xF001, 0xF001, 0xF001, 0xF001,
  0xF001, 0xF001, 0xF001, 0xF001, 0xF001, 0xF001, 0xF001, 0xF001, 0xF001, 0xF001,
  0xF001, 0xF001, 0xF001, 0xF001, 0xF001, 0xF001, 0xF001, 0xF001, 0x0004, 0xF001,
  0xF001, 0x0004, 0x0004, 0xF001, 0x0004, 0x0004, 0xF001, 0xF001, 0x0004, 0x0004,
  0xF001, 0xF001, 0xF001, 0xF001, 0x0004, 0xF001, 0xF001, 0xF001, 0xF001, 0xF001,
  0xF001, 0xF001, 0xF001, 0xF001, 0xF001, 0xF001, 0xF001, 0x0004, 0xF001, 0x0004,
  0xF001, 0xF001, 0xF001, 0xF001, 0x0004, 0xF001, 0xF001, 0xF001, 0xF001, 0xF001,
  0xF001, 0xF001, 0xF001, 0xF001, 0xF001, 0xF001, 0xF001, 0xF001, 0xF001, 0xF001,
  0xF001, 0xF001, 0xF001, 0xF001, 0xF001, 0xF001, 0xF001, 0xF001, 0xF001, 0xF001,
  0xF001, 0xF001, 0xF001, 0xF001, 0xF001, 0xF001, 0xF001, 0xF001, 0xF001, 0xF001,
  0xF001, 0xF001, 0xF001, 0xF001, 0xF001, 0xF001, 0xF001, 0xF001, 0xF001, 0xF001,
  0xF001, 0xF001, 0xF001, 0xF001, 0xF001, 0xF001, 0xF001, 0xF001, 0xF001, 0xF001,
  0xF001, 0xF001, 0xF001, 0xF001, 0x0004, 0xF001, 0xF001, 0xF001, 0xF001, 0x0004,
  0x0004, 0xF001, 0xF001, 0xF001, 0xF001, 0xF001, 0xF001, 0xF001, 0xF001, 0x0004,
  0xF001, 0xF001, 0xF001, 0xF001, 0xF001, 0xF001, 0xF001, 0x0004, 0xF001, 0xF001,
  0xF001, 0xF001, 0xF001, 0xF001, 0xF001, 0xF001, 0xF001, 0xF001, 0xF001, 0xF001,
  0xF001, 0xF001, 0xF001, 0xF001, 0xF001, 0xF001, 0xF001, 0xF001, 0xF001, 0xF001,
  0xF001, 0xF001, 0xF001, 0xF001, 0xF001, 0xF001, 0x0004, 0xF001, 0xF001, 0xF001,
  0xF001, 0x0004, 0xF001, 0xF001, 0xF001, 0xF001, 0xF001, 0x0004, 0xF001, 0x0004,
  0x0004, 0x0004, 0xF001, 0xF001, 0xF001, 0xF001, 0xF001, 0xF001, 0xF001, 0x0004,
  0xF001, 0xF001, 0xF001, 0xF001, 0xF001, 0xF001, 0xF001, 0xF001, 0xF001, 0xF001,
  0xF001, 0xF001, 0xF001, 0xF001, 0xF001, 0xF001, 0xF001, 0xF001, 0xF001, 0xF001,
  0xF001, 0xF001, 0xF001, 0xF001, 0xF001, 0xF001, 0xF001, 0xF001, 0xF001, 0xF001,
  0xF001, 0xF001, 0xF001, 0xF001, 0xF001, 0xF001, 0xF001, 0xF001, 0xF001, 0xF001,
  0xF001, 0xF001, 0xF001, 0xF001, 0xF001, 0xF001, 0xF002, 0xF002, 0x0004, 0x0004,
  0xF002, 0xF002, 0xF002, 0xF002, 0xF002, 0xF002, 0xF002, 0xF002, 0xF002, 0xF002,
  0xF002, 0xF002, 0xF002, 0xF002, 0xF002, 0xF002, 0xF002, 0xF002, 0xF002, 0xF002,
  0xF002, 0xF002, 0xF002, 0xF002, 0xF003, 0xF002, 0xF002, 0xF002, 0xF002, 0xF002,
  0xF002, 0xF002, 0xF002, 0xF002, 0xF002, 0xF002, 0xF002, 0xF002, 0xF002, 0xF002,
  0xF002, 0xF002, 0xF002, 0xF002, 0xF002, 0xF002, 0xF002, 0xF002, 0xF002, 0xF002,
  0xF003, 0xF002, 0xF002, 0xF002, 0xF002, 0xF002, 0xF002, 0xF002, 0xF002, 0xF002,
  0xF002, 0xF002, 0xF002, 0xF002, 0xF002, 0xF002, 0xF002, 0xF002, 0xF002, 0xF002,
  0xF002, 0xF002, 0xF002, 0xF002, 0xF002, 0xF002, 0xF002, 0xF002, 0xF002, 0xF002,
  0xF002, 0xF002, 0xF003, 0xF002, 0xF002, 0xF002, 0xF002, 0xF002, 0xF002, 0xF002,
  0xF002, 0xF002, 0xF002, 0xF002, 0xF002, 0xF002, 0xF002, 0xF002, 0xF002, 0xF002,
  0xF002, 0xF002, 0xF002, 0xF002, 0xF002, 0xF003, 0xF002, 0xF002, 0xF002, 0xF002,
  0xF002, 0xF002, 0xF002, 0xF002, 0x0004, 0x0004, 0xF001, 0xF001, 0xF001, 0xF001,
  0xF001, 0xF001, 0xF001, 0xF001, 0xF001, 0xF001, 0xF001, 0xF001, 0xF001, 0xF001,
  0xF001, 0xF001, 0xF001, 0xF001, 0xF001, 0xF001, 0xF001, 0xF001, 0xF001, 0xF001,
  0xF001, 0xF001, 0xF001, 0xF001, 0xF001, 0xF001, 0xF001, 0xF001, 0xF001, 0xF001,
  0xF001, 0xF001, 0xF001, 0xF001, 0xF001, 0xF001, 0xF001, 0xF001, 0xF001, 0xF001,
  0xF001, 0xF001, 0xF001, 0xF001, 0xF001, 0xF001, 0x5CC4, 0x5CC4, 0x5CC4, 0x5CC4,
  0x5CC4, 0x5CC4, 0x5CC4, 0x0004, 0x5CC4, 0x5CC4, 0x5CC4, 0x5CC4, 0x5CC4, 0x5CC4,
  0x5CC4, 0x5CC4, 0x5CC4, 0x5CC4, 0x5CC4, 0x5CC4, 0x5CC4, 0x5CC4, 0x5CC4, 0x5CC4,
  0x5CC4, 0x0004, 0x0004, 0x5CC4, 0x5CC4, 0x5CC4, 0x5CC4, 0x5CC4, 0x5CC4, 0x5CC4,
  0x0004, 0x5CC4, 0x5CC4, 0x0004, 0x5CC4, 0x5CC4, 0x5CC4, 0x5CC4, 0x5CC4, 0x0004,
  0x0004, 0x0004, 0x0004, 0x0004, 0xF002, 0xF002, 0xF002, 0xF002, 0xF002, 0xF002,
  0xF002, 0xF002, 0xF002, 0xF002, 0xF002, 0xF002, 0xF002, 0xF002, 0xF002, 0xF002,
  0xF003, 0xF002, 0xF002, 0xF002, 0xF002, 0xF002, 0xF002, 0xF002, 0xF002, 0xF002,
  0xF002, 0xF002, 0xF002, 0xF002, 0xF002, 0xF002, 0xF002, 0xF002, 0xF002, 0xF002,
  0xF002, 0xF002, 0xF002, 0xF002, 0xF002, 0xF002, 0xF002, 0xF002, 0xF002, 0xF002,
  0xF002, 0xF002, 0xF002, 0xF002, 0xF003, 0xF002, 0x0004, 0x0004, 0x0004, 0x0004,
  0x0004, 0x0004, 0x0004, 0x0004, 0x0004, 0x0004, 0x0004, 0x0004, 0x0004, 0x0004,
  0x0004, 0x0004, 0x0004, 0x0004, 0xF002, 0xF002, 0xF002, 0xF002, 0x0004, 0xF002,
  0xF002, 0xF002, 0xF002, 0xF002, 0xF002, 0xF002, 0xF002, 0xF002, 0xF002, 0xF002,
  0xF002, 0xF002, 0xF002, 0xF002, 0xF002, 0xF002, 0xF002, 0xF002, 0xF002, 0xF002,
  0xF002, 0xF002, 0xF002, 0xF002, 0xF002, 0xF002, 0x0004, 0xF002, 0xF002, 0x0004,
  0xF002, 0x0004, 0x0004, 0xF002, 0x0004, 0xF002, 0xF002, 0xF002, 0xF002, 0xF002,
  0xF002, 0xF002, 0xF002, 0xF002, 0xF002, 0x0004, 0xF002, 0xF002, 0xF002, 0xF002,
  0x0004, 0xF002, 0x0004, 0xF002, 0x0004, 0x0004, 0x0004, 0x0004, 0xF002, 0x0004,
  0x0004, 0x0004, 0x0004, 0xF002, 0x0004, 0xF002, 0x0004, 0xF002, 0x0004, 0xF002,
  0xF002, 0xF002, 0x0004, 0xF002, 0xF002, 0x0004, 0xF002, 0x0004, 0x0004, 0xF002,
  0x0004, 0xF002, 0x0004, 0xF002, 0x0004, 0xF002, 0x0004, 0xF002, 0x0004, 0xF002,
  0xF002, 0x0004, 0xF002, 0x0004, 0x0004, 0xF002, 0xF002, 0xF002, 0xF002, 0x0004,
  0xF002, 0xF002, 0xF002, 0xF002, 0xF002, 0xF002, 0xF002, 0x0004, 0xF002, 0xF002,
  0xF002, 0xF002, 0x0004, 0xF002, 0xF002, 0xF002, 0xF002, 0x0004, 0xF002, 0x0004,
  0xF002, 0xF002, 0xF002, 0xF002, 0xF002, 0xF002, 0xF002, 0xF002, 0xF002, 0xF002,
  0x0004, 0xF002, 0xF002, 0xF002, 0xF002, 0xF002, 0xF002, 0xF002, 0xF002, 0xF002,
  0xF002, 0xF002, 0xF002, 0xF002, 0xF002, 0xF002, 0xF002, 0xF002, 0x0004, 0x0004,
  0x0004, 0x0004, 0x0004, 0xF002, 0xF002, 0xF002, 0x0004, 0xF002, 0xF002, 0xF002,
  0xF002, 0xF002, 0x0004, 0xF002, 0xF002, 0xF002, 0xF002, 0xF002, 0xF002, 0xF002,
  0xF002, 0xF002, 0xF002, 0xF002, 0xF002, 0xF002, 0xF002, 0xF002, 0xF002, 0xF002,
  0x0004, 0x0004, 0x0004, 0x0004, 0x0004, 0xF003, 0xF003, 0xF003, 0xF003, 0xF003,
  0xF003, 0xF003, 0xF003, 0xF003, 0xF003, 0xF003, 0xF003, 0xF003, 0xF003, 0xF003,
  0xF003, 0xF003, 0xF003, 0xF003, 0xF003, 0xF003, 0xF003, 0xF003, 0xF003, 0xF003,
  0xF003, 0xF007, 0xF001, 0xF001, 0xF002, 0xF002, 0x0004, 0xF001, 0xF001, 0xF001,
  0xF001, 0xF001, 0xF001, 0xF001, 0xF001, 0xF001, 0xF001, 0xF001, 0xF001, 0xF001,
  0xF001, 0xF001, 0xF001, 0xF002, 0xF002, 0xF002, 0xF002, 0xF003, 0xF002, 0x0004,
  0x0004, 0x0004, 0x0004, 0x0004, 0x0004, 0x0004, 0x0004, 0x0004, 0x0004, 0x0004,
  0x0004, 0x0004, 0x0004, 0x0004, 0x0004, 0x0004, 0x0004, 0x0004, 0x0004, 0x0004,
  0x0004, 0x0004, 0x0004, 0x0004, 0x0004, 0xF002, 0xF002, 0xF002, 0x0004, 0x0004,
  0x0004, 0x0004, 0x0004, 0x0004, 0x0004, 0x0004, 0x0004, 0x0004, 0x0004, 0x0004,
  0x0004, 0x0004, 0x0004, 0x0004, 0x0004, 0x0004, 0x0004, 0xF002, 0x0004, 0x0004,
  0x0004, 0x0004, 0x0004, 0x0004, 0x0004, 0x0004, 0x0004, 0x0004, 0x0004, 0x0004,
  0x0004, 0x0004, 0x0004, 0x0004, 0x0004, 0x0004, 0x0004, 0x0004, 0x0004, 0x0004,
  0x0004, 0x0004, 0x0004, 0x0004, 0x0004, 0x0004, 0x0004, 0x0004, 0x0004, 0x0004,
  0x0004, 0x0004, 0x0004, 0x0004, 0x0004, 0x0004, 0x0004, 0x0004, 0x0004, 0x0004,
  0x0004, 0x0004, 0x0004, 0x0004, 0x0004, 0xF006, 0xF006, 0xF003, 0x0004, 0x0004,
  0x0004, 0x0004, 0x0004, 0x0004, 0x0004, 0x0004, 0x0004, 0x0004, 0x0004, 0x0004,
  0x0004, 0xF003, 0xF003, 0xF003, 0xF006, 0xF003, 0xF003, 0xF003, 0xF003, 0xF003,
  0xF003, 0xF003, 0xF003, 0xF003, 0xF003, 0xF003, 0xF003, 0xF003, 0xF003, 0xF003,
  0xF003, 0xF003, 0xF003, 0xF003, 0xF003, 0xF003, 0xF003, 0xF003, 0xF003, 0xF003,
  0xF003, 0xF003, 0xF003, 0xF003, 0xF003, 0xF003, 0xF003, 0xF003, 0xF003, 0xF003,
  0xF003, 0xF003, 0xF003, 0xF003, 0xF003, 0x0004, 0x0004, 0x0004, 0x0004, 0xF009,
  0xF009, 0xF009, 0xF009, 0xF009, 0xF009, 0xF009, 0xF009, 0xF009, 0x0004, 0x0004,
  0x0004, 0x0004, 0x0004, 0x0004, 0x0004, 0xF003, 0xF003, 0x0004, 0x0004, 0x0004,
  0x0004, 0x0004, 0x0004, 0x0004, 0x0004, 0x0004, 0x0004, 0x0004, 0x0004, 0x0004,
  0x0004, 0x0004, 0x0004, 0x0004, 0x0004, 0x0004, 0x0004, 0x0004, 0x0004, 0x0004,
  0x0004, 0x0004, 0x0004, 0x0004, 0x0004, 0x0004, 0x0004, 0x0004, 0x0004, 0x0004,
  0x0004, 0x0004, 0x0004, 0x0004, 0x0004, 0x0004, 0x0004, 0x0004, 0x0004, 0x0004,
  0x0004, 0x0004, 0x0004, 0x0004, 0x0004, 0xF001, 0xF001, 0xF001, 0xF001, 0xF001,
  0xF001, 0xF001, 0xF001, 0xF001, 0xF001, 0x0004, 0x0004, 0x0004, 0x0004, 0x0004,
  0x0004,
};

namespace nfd {

const uint16_t check_trie_index[1024] = {
  0x0000, 0x0000, 0x0040, 0x0080, 0x00BF, 0x00FE, 0x013D, 0x0170, 0x01B0, 0x0040,
  0x0040, 0x0040, 0x01F0, 0x0230, 0x026F, 0x02A5, 0x02E5, 0x031F, 0x035C, 0x039B,
  0x0040, 0x0040, 0x03D5, 0x0415, 0x0445, 0x047A, 0x0040, 0x04BA, 0x04E9, 0x0528,
  0x0040, 0x053D, 0x057D, 0x05AB, 0x05D4, 0x060A, 0x064A, 0x0687, 0x06A7, 0x06E6,
  0x0725, 0x0762, 0x0781, 0x07BE, 0x06A7, 0x07F6, 0x0822, 0x0861, 0x0781, 0x0899,
  0x0781, 0x08D9, 0x08F0, 0x0861, 0x092F, 0x0965, 0x0985, 0x09C0, 0x09CC, 0x0A07,
  0x0A2F, 0x0A6C, 0x0AAC, 0x0AE6, 0x0B00, 0x092F, 0x0B3B, 0x092F, 0x092F, 0x0B5A,
  0x0B90, 0x0BCD, 0x092F, 0x092F, 0x092F, 0x092F, 0x092F, 0x0BF0, 0x092F, 0x092F,
  0x092F, 0x092F, 0x092F, 0x092F, 0x092F, 0x092F, 0x092F, 0x092F, 0x092F, 0x092F,
  0x092F, 0x092F, 0x0C1C, 0x092F, 0x092F, 0x0C51, 0x092F, 0x092F, 0x0C6F, 0x092F,
  0x0C99, 0x092F, 0x092F, 0x092F, 0x0CD5, 0x0CF5, 0x0D35, 0x0D74, 0x0DAE, 0x0DEE,
  0x0E22, 0x0E4E, 0x0786, 0x092F, 0x092F, 0x0E82, 0x092F, 0x092F, 0x092F, 0x0EC2,
  0x0F02, 0x0F3C, 0x0F78, 0x0FB6, 0x0FF6, 0x1036, 0x1076, 0x10B5, 0x10F5, 0x092F,
  0x092F, 0x1125, 0x1156, 0x092F, 0x1182, 0x11B5, 0x11F1, 0x1230, 0x1260, 0x1290,
  0x12BE, 0x092F, 0x092F, 0x092F, 0x092F, 0x092F, 0x092F, 0x092F, 0x092F, 0x092F,
  0x092F, 0x092F, 0x092F, 0x092F, 0x092F, 0x092F, 0x092F, 0x092F, 0x092F, 0x092F,
  0x092F, 0x092F, 0x092F, 0x092F, 0x092F, 0x092F, 0x092F, 0x092F, 0x092F, 0x092F,
  0x092F, 0x12E9, 0x092F, 0x092F, 0x092F, 0x092F, 0x092F, 0x092F, 0x092F, 0x0BDE,
  0x092F, 0x1306, 0x092F, 0x1346, 0x092F, 0x092F, 0x092F, 0x092F, 0x092F, 0x092F,
  0x092F, 0x092F, 0x1386, 0x13BA, 0x13F8, 0x1434, 0x092F, 0x092F, 0x092F, 0x092F,
  0x092F, 0x092F, 0x092F, 0x092F, 0x092F, 0x092F, 0x092F, 0x092F, 0x092F, 0x092F,
  0x092F, 0x092F, 0x092F, 0x092F, 0x092F, 0x092F, 0x092F, 0x092F, 0x092F, 0x092F,
  0x092F, 0x092F, 0x092F, 0x092F, 0x092F, 0x092F, 0x092F, 0x092F, 0x092F, 0x092F,
  0x092F, 0x092F, 0x092F, 0x092F, 0x092F, 0x092F, 0x092F, 0x092F, 0x092F, 0x092F,
  0x092F, 0x092F, 0x092F, 0x092F, 0x092F, 0x092F, 0x092F, 0x092F, 0x092F, 0x092F,
  0x092F, 0x092F, 0x092F, 0x092F, 0x092F, 0x092F, 0x092F, 0x092F, 0x092F, 0x092F,
  0x092F, 0x092F, 0x092F, 0x092F, 0x092F, 0x092F, 0x092F, 0x092F, 0x092F, 0x092F,
  0x092F, 0x092F, 0x092F, 0x092F, 0x092F, 0x092F, 0x092F, 0x092F, 0x092F, 0x092F,
  0x092F, 0x092F, 0x092F, 0x092F, 0x092F, 0x092F, 0x092F, 0x092F, 0x092F, 0x092F,
  0x092F, 0x092F, 0x092F, 0x092F, 0x092F, 0x092F, 0x092F, 0x092F, 0x092F, 0x092F,
  0x092F, 0x092F, 0x092F, 0x092F, 0x092F, 0x092F, 0x092F, 0x092F, 0x092F, 0x092F,
  0x092F, 0x092F, 0x092F, 0x092F, 0x092F, 0x092F, 0x092F, 0x092F, 0x092F, 0x092F,
  0x092F, 0x092F, 0x092F, 0x092F, 0x092F, 0x092F, 0x092F, 0x092F, 0x092F, 0x092F,
  0x092F, 0x092F, 0x092F, 0x092F, 0x092F, 0x092F, 0x092F, 0x092F, 0x092F, 0x092F,
  0x092F, 0x092F, 0x092F, 0x092F, 0x092F, 0x092F, 0x092F, 0x092F, 0x092F, 0x092F,
  0x092F, 0x092F, 0x092F, 0x092F, 0x092F, 0x092F, 0x092F, 0x092F, 0x092F, 0x092F,
  0x092F, 0x092F, 0x092F, 0x092F, 0x092F, 0x092F, 0x092F, 0x092F, 0x092F, 0x092F,
  0x092F, 0x092F, 0x092F, 0x092F, 0x092F, 0x092F, 0x092F, 0x092F, 0x092F, 0x092F,
  0x092F, 0x092F, 0x092F, 0x092F, 0x092F, 0x092F, 0x092F, 0x092F, 0x092F, 0x092F,
  0x092F, 0x092F, 0x092F, 0x092F, 0x092F, 0x092F, 0x092F, 0x092F, 0x092F, 0x092F,
  0x092F, 0x092F, 0x092F, 0x092F, 0x092F, 0x092F, 0x092F, 0x092F, 0x092F, 0x092F,
  0x092F, 0x092F, 0x092F, 0x092F, 0x092F, 0x092F, 0x092F, 0x092F, 0x092F, 0x092F,
  0x092F, 0x092F, 0x092F, 0x092F, 0x092F, 0x092F, 0x092F, 0x092F, 0x092F, 0x092F,
  0x092F, 0x092F, 0x092F, 0x092F, 0x092F, 0x092F, 0x092F, 0x092F, 0x092F, 0x092F,
  0x092F, 0x092F, 0x092F, 0x092F, 0x092F, 0x092F, 0x092F, 0x092F, 0x092F, 0x092F,
  0x092F, 0x092F, 0x092F, 0x092F, 0x092F, 0x092F, 0x092F, 0x092F, 0x092F, 0x092F,
  0x092F, 0x092F, 0x092F, 0x092F, 0x092F, 0x092F, 0x092F, 0x092F, 0x092F, 0x092F,
  0x092F, 0x092F, 0x092F, 0x092F, 0x092F, 0x092F, 0x092F, 0x092F, 0x092F, 0x092F,
  0x092F, 0x092F, 0x092F, 0x092F, 0x092F, 0x092F, 0x092F, 0x092F, 0x092F, 0x092F,
  0x092F, 0x092F, 0x092F, 0x092F, 0x092F, 0x092F, 0x092F, 0x092F, 0x092F, 0x092F,
  0x092F, 0x092F, 0x092F, 0x092F, 0x092F, 0x092F, 0x092F, 0x092F, 0x092F, 0x092F,
  0x092F, 0x092F, 0x092F, 0x092F, 0x092F, 0x092F, 0x092F, 0x092F, 0x092F, 0x092F,
  0x092F, 0x092F, 0x092F, 0x092F, 0x092F, 0x092F, 0x092F, 0x092F, 0x092F, 0x092F,
  0x092F, 0x092F, 0x092F, 0x092F, 0x092F, 0x092F, 0x092F, 0x092F, 0x092F, 0x092F,
  0x092F, 0x092F, 0x092F, 0x092F, 0x092F, 0x092F, 0x092F, 0x092F, 0x092F, 0x092F,
  0x092F, 0x092F, 0x092F, 0x092F, 0x092F, 0x092F, 0x092F, 0x092F, 0x092F, 0x092F,
  0x092F, 0x092F, 0x092F, 0x092F, 0x092F, 0x092F, 0x092F, 0x092F, 0x092F, 0x092F,
  0x092F, 0x092F, 0x092F, 0x092F, 0x092F, 0x092F, 0x092F, 0x092F, 0x092F, 0x092F,
  0x092F, 0x092F, 0x092F, 0x092F, 0x092F, 0x092F, 0x092F, 0x092F, 0x092F, 0x092F,
  0x092F, 0x092F, 0x092F, 0x092F, 0x092F, 0x092F, 0x092F, 0x092F, 0x092F, 0x092F,
  0x092F, 0x092F, 0x092F, 0x092F, 0x092F, 0x092F, 0x092F, 0x092F, 0x092F, 0x092F,
  0x092F, 0x092F, 0x092F, 0x092F, 0x092F, 0x092F, 0x092F, 0x092F, 0x092F, 0x092F,
  0x092F, 0x092F, 0x092F, 0x092F, 0x092F, 0x092F, 0x092F, 0x092F, 0x092F, 0x092F,
  0x092F, 0x092F, 0x092F, 0x092F, 0x092F, 0x092F, 0x092F, 0x092F, 0x092F, 0x092F,
  0x092F, 0x092F, 0x092F, 0x092F, 0x092F, 0x092F, 0x092F, 0x092F, 0x092F, 0x092F,
  0x092F, 0x092F, 0x092F, 0x092F, 0x092F, 0x092F, 0x092F, 0x092F, 0x092F, 0x092F,
  0x092F, 0x092F, 0x092F, 0x092F, 0x092F, 0x1473, 0x14B1, 0x14D1, 0x092F, 0x092F,
  0x092F, 0x092F, 0x150B, 0x092F, 0x092F, 0x1533, 0x1565, 0x1593, 0x078A, 0x15A6,
  0x092F, 0x092F, 0x15B6, 0x15F6, 0x092F, 0x092F, 0x092F, 0x1318, 0x1636, 0x163E,
  0x1646, 0x164E, 0x163A, 0x1642, 0x164A, 0x1636, 0x163E, 0x1646, 0x164E, 0x163A,
  0x1642, 0x164A, 0x1636, 0x163E, 0x1646, 0x164E, 0x163A, 0x1642, 0x164A, 0x1636,
  0x163E, 0x1646, 0x164E, 0x163A, 0x1642, 0x164A, 0x1636, 0x163E, 0x1646, 0x164E,
  0x163A, 0x1642, 0x164A, 0x1636, 0x163E, 0x1646, 0x164E, 0x163A, 0x1642, 0x164A,
  0x1636, 0x163E, 0x1646, 0x164E, 0x163A, 0x1642, 0x164A, 0x1636, 0x163E, 0x1646,
  0x164E, 0x163A, 0x1642, 0x164A, 0x1636, 0x163E, 0x1646, 0x164E, 0x163A, 0x1642,
  0x164A, 0x1636, 0x163E, 0x1646, 0x164E, 0x163A, 0x1642, 0x164A, 0x1636, 0x163E,
  0x1646, 0x164E, 0x163A, 0x1642, 0x164A, 0x1636, 0x163E, 0x1646, 0x164E, 0x163A,
  0x1642, 0x164A, 0x1636, 0x163E, 0x1646, 0x164E, 0x163A, 0x1642, 0x164A, 0x1636,
  0x163E, 0x1646, 0x164E, 0x163A, 0x1642, 0x164A, 0x1636, 0x163E, 0x1646, 0x164E,
  0x163A, 0x1642, 0x164A, 0x1636, 0x163E, 0x1646, 0x164E, 0x163A, 0x1642, 0x164A,
  0x1636, 0x163E, 0x1646, 0x164E, 0x163A, 0x1642, 0x164A, 0x1636, 0x163E, 0x1646,
  0x164E, 0x163A, 0x1642, 0x164A, 0x1636, 0x163E, 0x1646, 0x164E, 0x163A, 0x1642,
  0x164A, 0x1636, 0x163E, 0x1646, 0x164E, 0x163A, 0x1642, 0x164A, 0x1636, 0x163E,
  0x1646, 0x164E, 0x163A, 0x1642, 0x164A, 0x1636, 0x163E, 0x1646, 0x164E, 0x163A,
  0x1642, 0x164A, 0x1636, 0x163E, 0x1646, 0x164E, 0x163A, 0x1642, 0x164A, 0x1636,
  0x163E, 0x1646, 0x164E, 0x163A, 0x1642, 0x164A, 0x1636, 0x163E, 0x1646, 0x164E,
  0x163A, 0x1642, 0x1682, 0x092F, 0x16C2, 0x16C2, 0x16C2, 0x16C2, 0x16C2, 0x16C2,
  0x16C2, 0x16C2, 0x16C2, 0x16C2, 0x16C2, 0x16C2, 0x16C2, 0x16C2, 0x16C2, 0x16C2,
  0x16C2, 0x16C2, 0x16C2, 0x16C2, 0x16C2, 0x16C2, 0x16C2, 0x16C2, 0x16C2, 0x16C2,
  0x16C2, 0x16C2, 0x16C2, 0x16C2, 0x16C2, 0x16C2, 0x092F, 0x092F, 0x092F, 0x092F,
  0x092F, 0x092F, 0x092F, 0x092F, 0x092F, 0x092F, 0x092F, 0x092F, 0x092F, 0x092F,
  0x092F, 0x092F, 0x092F, 0x092F, 0x092F, 0x092F, 0x092F, 0x092F, 0x092F, 0x092F,
  0x092F, 0x092F, 0x092F, 0x092F, 0x092F, 0x092F, 0x092F, 0x092F, 0x092F, 0x092F,
  0x092F, 0x092F, 0x092F, 0x092F, 0x092F, 0x092F, 0x092F, 0x092F, 0x092F, 0x092F,
  0x092F, 0x092F, 0x092F, 0x092F, 0x092F, 0x092F, 0x092F, 0x092F, 0x092F, 0x092F,
  0x092F, 0x092F, 0x092F, 0x092F, 0x092F, 0x092F, 0x092F, 0x092F, 0x092F, 0x092F,
  0x092F, 0x092F, 0x092F, 0x092F, 0x092F, 0x092F, 0x092F, 0x092F, 0x092F, 0x092F,
  0x092F, 0x092F, 0x092F, 0x092F, 0x092F, 0x092F, 0x092F, 0x092F, 0x092F, 0x092F,
  0x092F, 0x092F, 0x092F, 0x092F, 0x092F, 0x092F, 0x092F, 0x092F, 0x092F, 0x092F,
  0x092F, 0x092F, 0x092F, 0x092F, 0x092F, 0x092F, 0x1702, 0x1702, 0x1702, 0x1702,
  0x1734, 0x175E, 0x1702, 0x178F, 0x17B2, 0x17F2, 0x092F, 0x092F, 0x092F, 0x092F,
  0x092F, 0x092F, 0x092F, 0x092F, 0x092F, 0x092F, 0x1812, 0x092F, 0x092F, 0x092F,
  0x092F, 0x092F, 0x092F, 0x092F,
};

const uint16_t check_trie_index1[512] = {
  0x0000, 0x0018, 0x0037, 0x0057, 0x0075, 0x0075, 0x0075, 0x0075, 0x0075, 0x0075,
  0x0075, 0x0075, 0x0091, 0x00A6, 0x0075, 0x0075, 0x0075, 0x0075, 0x0075, 0x0075,
  0x0075, 0x0075, 0x0075, 0x00C6, 0x0075, 0x0075, 0x00E1, 0x0075, 0x0101, 0x011E,
  0x0075, 0x0075, 0x0075, 0x0075, 0x0075, 0x0075, 0x0075, 0x0075, 0x0075, 0x0075,
  0x0075, 0x0075, 0x0075, 0x0075, 0x0075, 0x0075, 0x0075, 0x0075, 0x0075, 0x0075,
  0x0075, 0x0075, 0x0075, 0x0075, 0x0075, 0x0075, 0x0075, 0x0075, 0x0075, 0x0075,
  0x0075, 0x0075, 0x0075, 0x013E, 0x0075, 0x0075, 0x0075, 0x0075, 0x0075, 0x0075,
  0x0075, 0x0075, 0x0075, 0x0075, 0x0075, 0x0075, 0x0075, 0x0075, 0x0075, 0x0075,
  0x0075, 0x0075, 0x0075, 0x0075, 0x0075, 0x0075, 0x0075, 0x0075, 0x0075, 0x0075,
  0x0075, 0x0075, 0x0075, 0x0075, 0x0075, 0x0075, 0x0075, 0x0075, 0x0075, 0x0075,
  0x0075, 0x0075, 0x0075, 0x0075, 0x0075, 0x0075, 0x0075, 0x0075, 0x0075, 0x0075,
  0x0075, 0x0075, 0x0075, 0x0075, 0x0075, 0x0075, 0x0075, 0x0075, 0x0075, 0x0075,
  0x0075, 0x0075, 0x0075, 0x0075, 0x0075, 0x0075, 0x0075, 0x0075, 0x0075, 0x0075,
  0x0075, 0x0075, 0x0075, 0x0075, 0x0075, 0x0075, 0x0075, 0x0075, 0x0075, 0x0075,
  0x0075, 0x0075, 0x0075, 0x0075, 0x0075, 0x0075, 0x0075, 0x0075, 0x0075, 0x0075,
  0x0075, 0x0075, 0x0075, 0x0075, 0x0075, 0x0075, 0x0075, 0x0075, 0x0075, 0x0075,
  0x0075, 0x0075, 0x0075, 0x0075, 0x0075, 0x0075, 0x0075, 0x0075, 0x0075, 0x0075,
  0x0075, 0x0075, 0x0075, 0x0075, 0x0075, 0x0075, 0x0075, 0x0075, 0x0075, 0x0075,
  0x0075, 0x0075, 0x0075, 0x0075, 0x0075, 0x0075, 0x0075, 0x0075, 0x0075, 0x0075,
  0x0075, 0x0075, 0x0075, 0x0075, 0x0075, 0x0075, 0x0075, 0x0075, 0x0075, 0x0075,
  0x0075, 0x0075, 0x0075, 0x0075, 0x0075, 0x0075, 0x0075, 0x0075, 0x0075, 0x0075,
  0x0075, 0x0075, 0x0075, 0x0075, 0x0075, 0x0075, 0x0075, 0x0075, 0x0075, 0x0075,
  0x0075, 0x0075, 0x0075, 0x0075, 0x0075, 0x0075, 0x0075, 0x0075, 0x0075, 0x0075,
  0x0075, 0x0075, 0x0075, 0x0075, 0x0075, 0x0075, 0x0075, 0x0075, 0x0075, 0x0075,
  0x0075, 0x0075, 0x0075, 0x0075, 0x0075, 0x0075, 0x0075, 0x0075, 0x0075, 0x0075,
  0x0075, 0x0075, 0x0075, 0x0075, 0x0075, 0x0075, 0x0075, 0x0075, 0x0075, 0x0075,
  0x0075, 0x0075, 0x0075, 0x0075, 0x0075, 0x0075, 0x0075, 0x0075, 0x0075, 0x0075,
  0x0075, 0x0075, 0x0075, 0x0075, 0x0075, 0x0075, 0x0075, 0x0075, 0x0075, 0x0075,
  0x0075, 0x0075, 0x0075, 0x0075, 0x0075, 0x0075, 0x0075, 0x0075, 0x0075, 0x0075,
  0x0075, 0x0075, 0x0075, 0x0075, 0x0075, 0x0075, 0x0075, 0x0075, 0x0075, 0x0075,
  0x0075, 0x0075, 0x0075, 0x0075, 0x0075, 0x0075, 0x0075, 0x0075, 0x0075, 0x0075,
  0x0075, 0x0075, 0x0075, 0x0075, 0x0075, 0x0075, 0x0075, 0x0075, 0x0075, 0x0075,
  0x0075, 0x0075, 0x0075, 0x0075, 0x0075, 0x0075, 0x0075, 0x0075, 0x0075, 0x0075,
  0x0075, 0x0075, 0x0075, 0x0075, 0x0075, 0x0075, 0x0075, 0x0075, 0x0075, 0x0075,
  0x0075, 0x0075, 0x0075, 0x0075, 0x0075, 0x0075, 0x0075, 0x0075, 0x0075, 0x0075,
  0x0075, 0x0075, 0x0075, 0x0075, 0x0075, 0x0075, 0x0075, 0x0075, 0x0075, 0x0075,
  0x0075, 0x0075, 0x0075, 0x0075, 0x0075, 0x0075, 0x0075, 0x0075, 0x0075, 0x0075,
  0x0075, 0x0075, 0x0075, 0x0075, 0x0075, 0x0075, 0x0075, 0x0075, 0x0075, 0x0075,
  0x0075, 0x0075, 0x0075, 0x0075, 0x0075, 0x0075, 0x0075, 0x0075, 0x0075, 0x0075,
  0x0075, 0x0075, 0x0075, 0x0075, 0x0075, 0x0075, 0x0075, 0x0075, 0x0075, 0x0075,
  0x0075, 0x0075, 0x0075, 0x0075, 0x0075, 0x0075, 0x0075, 0x0075, 0x0075, 0x0075,
  0x0075, 0x0075, 0x0075, 0x0075, 0x0075, 0x0075, 0x0075, 0x0075, 0x0075, 0x0075,
  0x0075, 0x0075, 0x0075, 0x0075, 0x0075, 0x0075, 0x0075, 0x0075, 0x0075, 0x0075,
  0x0075, 0x0075, 0x0075, 0x0075, 0x0075, 0x0075, 0x0075, 0x0075, 0x0075, 0x0075,
  0x0075, 0x0075, 0x0075, 0x0075, 0x0075, 0x0075, 0x0075, 0x0075, 0x0075, 0x0075,
  0x0075, 0x0075, 0x0075, 0x0075, 0x0075, 0x0075, 0x0075, 0x0075, 0x0075, 0x0075,
  0x0075, 0x0075, 0x0075, 0x0075, 0x0075, 0x0075, 0x0075, 0x0075, 0x0075, 0x0075,
  0x0075, 0x0075, 0x0075, 0x0075, 0x0075, 0x0075, 0x0075, 0x0075, 0x0075, 0x0075,
  0x0075, 0x0075, 0x0075, 0x0075, 0x0075, 0x0075, 0x0075, 0x0075, 0x0075, 0x0075,
  0x0075, 0x0075, 0x0075, 0x0075, 0x0075, 0x0075, 0x0075, 0x0075, 0x0075, 0x0075,
  0x0075, 0x0075, 0x0075, 0x0075, 0x0075, 0x0075, 0x0075, 0x0075, 0x0075, 0x0075,
  0x0075, 0x0075,
};

const uint16_t check_trie_index2[350] = {
  0x1852, 0x1852, 0x1852, 0x1852, 0x1852, 0x1852, 0x1852, 0x1855, 0x1852, 0x1852,
  0x1852, 0x1872, 0x1852, 0x1893, 0x1852, 0x1852, 0x1852, 0x1852, 0x1852, 0x1852,
  0x1852, 0x1852, 0x1852, 0x18CE, 0x1852, 0x1852, 0x1852, 0x1852, 0x1852, 0x1852,
  0x1852, 0x1852, 0x1901, 0x1852, 0x1852, 0x1941, 0x1852, 0x1852, 0x1852, 0x1852,
  0x1852, 0x1852, 0x1852, 0x1852, 0x1968, 0x1990, 0x1852, 0x1852, 0x1852, 0x1852,
  0x19BE, 0x19EB, 0x1852, 0x1A2B, 0x1A69, 0x1852, 0x1AA3, 0x1AE3, 0x1852, 0x1B23,
  0x1B58, 0x1852, 0x1B98, 0x1BA3, 0x1852, 0x1852, 0x1BDA, 0x1C05, 0x1C44, 0x1C81,
  0x1CBF, 0x1852, 0x1CFD, 0x1D1C, 0x1D5B, 0x1852, 0x1852, 0x1D6C, 0x1DAC, 0x1DAD,
  0x1852, 0x1DB6, 0x1852, 0x1A7E, 0x1852, 0x1852, 0x1852, 0x1DB3, 0x1852, 0x1852,
  0x1852, 0x1DEE, 0x1E2D, 0x1852, 0x1A89, 0x1A75, 0x1E66, 0x1A90, 0x1852, 0x1852,
  0x1852, 0x1852, 0x1852, 0x1DAD, 0x1852, 0x1852, 0x1852, 0x1852, 0x1EA4, 0x1A92,
  0x1852, 0x1852, 0x1852, 0x1852, 0x1852, 0x1852, 0x1EA7, 0x1852, 0x1852, 0x1852,
  0x1852, 0x1852, 0x1852, 0x1852, 0x1852, 0x1852, 0x1852, 0x1852, 0x1852, 0x1852,
  0x1852, 0x1852, 0x1852, 0x1852, 0x1852, 0x1852, 0x1852, 0x1852, 0x1852, 0x1852,
  0x1852, 0x1852, 0x1852, 0x1852, 0x1852, 0x1852, 0x1852, 0x1852, 0x1852, 0x1EC9,
  0x1852, 0x1852, 0x1852, 0x1852, 0x1852, 0x1852, 0x1852, 0x1852, 0x1852, 0x1852,
  0x1852, 0x1852, 0x1852, 0x1852, 0x1852, 0x1852, 0x1852, 0x1852, 0x1852, 0x1852,
  0x1852, 0x1852, 0x1852, 0x1852, 0x1852, 0x1852, 0x1852, 0x1EF9, 0x1F2E, 0x1852,
  0x1852, 0x1852, 0x1852, 0x1852, 0x1852, 0x1852, 0x1852, 0x1F65, 0x1852, 0x1852,
  0x1852, 0x1852, 0x1852, 0x1852, 0x1852, 0x1852, 0x1852, 0x1F90, 0x1852, 0x1852,
  0x1852, 0x1852, 0x1852, 0x1852, 0x1852, 0x1852, 0x1852, 0x1852, 0x1852, 0x1852,
  0x1852, 0x1852, 0x1852, 0x1852, 0x1852, 0x1852, 0x1FC2, 0x1852, 0x1852, 0x1852,
  0x1852, 0x1852, 0x1852, 0x1852, 0x1852, 0x1852, 0x1852, 0x1852, 0x1852, 0x1852,
  0x1FE4, 0x2021, 0x2060, 0x1852, 0x209E, 0x1852, 0x1852, 0x1852, 0x1852, 0x1852,
  0x1852, 0x1852, 0x1852, 0x1852, 0x1852, 0x1852, 0x1852, 0x1852, 0x1852, 0x1852,
  0x1852, 0x1852, 0x1852, 0x1852, 0x1852, 0x1852, 0x1852, 0x20DE, 0x1852, 0x1D0C,
  0x1852, 0x1F2E, 0x1852, 0x1852, 0x1852, 0x1852, 0x1852, 0x2109, 0x2138, 0x1852,
  0x1852, 0x1852, 0x1852, 0x1852, 0x1852, 0x1852, 0x2168, 0x1852, 0x1852, 0x1852,
  0x2198, 0x1852, 0x1852, 0x1852, 0x21C8, 0x1852, 0x1852, 0x1852, 0x1852, 0x21FE,
  0x1852, 0x223A, 0x1852, 0x1852, 0x1852, 0x1852, 0x1852, 0x1852, 0x1852, 0x1852,
  0x1852, 0x1852, 0x1852, 0x1852, 0x1852, 0x1852, 0x1852, 0x1852, 0x1852, 0x1852,
  0x1852, 0x1852, 0x1852, 0x1852, 0x1852, 0x1852, 0x1852, 0x1852, 0x227A, 0x22B3,
  0x22F1, 0x2330, 0x236C, 0x23AB, 0x23E9, 0x2424, 0x2460, 0x1852, 0x1852, 0x1852,
  0x1852, 0x1852, 0x1852, 0x1852, 0x1852, 0x1852, 0x1852, 0x1852, 0x1852, 0x1852,
  0x1852, 0x1852, 0x1852, 0x1852, 0x1852, 0x1852, 0x1852, 0x1852, 0x1852, 0x1852,
};
} // namespace nfd

namespace nfkd {

const uint16_t check_trie_index[1024] = {
  0x0000, 0x0000, 0x24A0, 0x0080, 0x24E0, 0x251F, 0x013D, 0x255F, 0x01B0, 0x0040,
  0x259F, 0x25D8, 0x01F0, 0x2618, 0x2657, 0x268D, 0x02E5, 0x031F, 0x035C, 0x039B,
  0x0040, 0x0040, 0x26C7, 0x0415, 0x0445, 0x2707, 0x0040, 0x04BA, 0x04E9, 0x0528,
  0x0040, 0x053D, 0x057D, 0x05AB, 0x05D4, 0x060A, 0x064A, 0x0687, 0x06A7, 0x06E6,
  0x0725, 0x0762, 0x0781, 0x07BE, 0x06A7, 0x07F6, 0x0822, 0x0861, 0x0781, 0x0899,
  0x0781, 0x08D9, 0x08F0, 0x0861, 0x092F, 0x0965, 0x2747, 0x09C0, 0x2782, 0x27BD,
  0x27F1, 0x282E, 0x0AAC, 0x0AE6, 0x0B00, 0x092F, 0x0B3B, 0x286C, 0x092F, 0x0B5A,
  0x0B90, 0x0BCD, 0x092F, 0x092F, 0x092F, 0x092F, 0x092F, 0x0BF0, 0x092F, 0x092F,
  0x092F, 0x092F, 0x092F, 0x092F, 0x092F, 0x092F, 0x092F, 0x092F, 0x092F, 0x092F,
  0x092F, 0x092F, 0x0C1C, 0x092F, 0x092F, 0x0C51, 0x092F, 0x092F, 0x0C6F, 0x092F,
  0x0C99, 0x092F, 0x092F, 0x092F, 0x0CD5, 0x0CF5, 0x0D35, 0x0D74, 0x0DAE, 0x0DEE,
  0x0E22, 0x0E4E, 0x0786, 0x092F, 0x092F, 0x0E82, 0x28A9, 0x28E7, 0x2920, 0x0EC2,
  0x0F02, 0x0F3C, 0x2960, 0x0FB6, 0x0FF6, 0x1036, 0x29A0, 0x29DF, 0x2A1F, 0x2A5E,
  0x2A9A, 0x1125, 0x2ADA, 0x2B1A, 0x2B5A, 0x11B5, 0x2B96, 0x1230, 0x1260, 0x1290,
  0x12BE, 0x092F, 0x092F, 0x092F, 0x092F, 0x2BC7, 0x2C04, 0x2C3A, 0x092F, 0x092F,
  0x092F, 0x092F, 0x092F, 0x092F, 0x092F, 0x092F, 0x092F, 0x092F, 0x092F, 0x092F,
  0x092F, 0x092F, 0x092F, 0x092F, 0x092F, 0x092F, 0x092F, 0x092F, 0x2C6E, 0x2C7B,
  0x092F, 0x12E9, 0x092F, 0x092F, 0x092F, 0x092F, 0x092F, 0x2CB2, 0x092F, 0x0BDE,
  0x092F, 0x2CF0, 0x092F, 0x1346, 0x092F, 0x092F, 0x2889, 0x2875, 0x1702, 0x1702,
  0x1702, 0x2D30, 0x2D70, 0x13BA, 0x2DAB, 0x2DE7, 0x2E27, 0x1702, 0x2E58, 0x092F,
  0x2E98, 0x2ED4, 0x2F14, 0x2F54, 0x2F94, 0x2FD4, 0x3014, 0x3054, 0x092F, 0x092F,
  0x092F, 0x092F, 0x092F, 0x092F, 0x092F, 0x092F, 0x092F, 0x092F, 0x092F, 0x092F,
  0x092F, 0x092F, 0x092F, 0x092F, 0x092F, 0x092F, 0x092F, 0x092F, 0x092F, 0x092F,
  0x092F, 0x092F, 0x092F, 0x092F, 0x092F, 0x092F, 0x092F, 0x092F, 0x092F, 0x092F,
  0x092F, 0x092F, 0x092F, 0x092F, 0x092F, 0x092F, 0x092F, 0x092F, 0x092F, 0x092F,
  0x092F, 0x092F, 0x092F, 0x092F, 0x092F, 0x092F, 0x092F, 0x092F, 0x092F, 0x092F,
  0x092F, 0x092F, 0x092F, 0x092F, 0x092F, 0x092F, 0x092F, 0x092F, 0x092F, 0x092F,
  0x092F, 0x092F, 0x092F, 0x092F, 0x092F, 0x092F, 0x092F, 0x092F, 0x092F, 0x092F,
  0x092F, 0x092F, 0x092F, 0x092F, 0x092F, 0x092F, 0x092F, 0x092F, 0x092F, 0x092F,
  0x092F, 0x092F, 0x092F, 0x092F, 0x092F, 0x092F, 0x092F, 0x092F, 0x092F, 0x092F,
  0x092F, 0x092F, 0x092F, 0x092F, 0x092F, 0x092F, 0x092F, 0x092F, 0x092F, 0x092F,
  0x092F, 0x092F, 0x092F, 0x092F, 0x092F, 0x092F, 0x092F, 0x092F, 0x092F, 0x092F,
  0x092F, 0x092F, 0x092F, 0x092F, 0x092F, 0x092F, 0x092F, 0x092F, 0x092F, 0x092F,
  0x092F, 0x092F, 0x092F, 0x092F, 0x092F, 0x092F, 0x092F, 0x092F, 0x092F, 0x092F,
  0x092F, 0x092F, 0x092F, 0x092F, 0x092F, 0x092F, 0x092F, 0x092F, 0x092F, 0x092F,
  0x092F, 0x092F, 0x092F, 0x092F, 0x092F, 0x092F, 0x092F, 0x092F, 0x092F, 0x092F,
  0x092F, 0x092F, 0x092F, 0x092F, 0x092F, 0x092F, 0x092F, 0x092F, 0x092F, 0x092F,
  0x092F, 0x092F, 0x092F, 0x092F, 0x092F, 0x092F, 0x092F, 0x092F, 0x092F, 0x092F,
  0x092F, 0x092F, 0x092F, 0x092F, 0x092F, 0x092F, 0x092F, 0x092F, 0x092F, 0x092F,
  0x092F, 0x092F, 0x092F, 0x092F, 0x092F, 0x092F, 0x092F, 0x092F, 0x092F, 0x092F,
  0x092F, 0x092F, 0x092F, 0x092F, 0x092F, 0x092F, 0x092F, 0x092F, 0x092F, 0x092F,
  0x092F, 0x092F, 0x092F, 0x092F, 0x092F, 0x092F, 0x092F, 0x092F, 0x092F, 0x092F,
  0x092F, 0x092F, 0x092F, 0x092F, 0x092F, 0x092F, 0x092F, 0x092F, 0x092F, 0x092F,
  0x092F, 0x092F, 0x092F, 0x092F, 0x092F, 0x092F, 0x092F, 0x092F, 0x092F, 0x092F,
  0x092F, 0x092F, 0x092F, 0x092F, 0x092F, 0x092F, 0x092F, 0x092F, 0x092F, 0x092F,
  0x092F, 0x092F, 0x092F, 0x092F, 0x092F, 0x092F, 0x092F, 0x092F, 0x092F, 0x092F,
  0x092F, 0x092F, 0x092F, 0x092F, 0x092F, 0x092F, 0x092F, 0x092F, 0x092F, 0x092F,
  0x092F, 0x092F, 0x092F, 0x092F, 0x092F, 0x092F, 0x092F, 0x092F, 0x092F, 0x092F,
  0x092F, 0x092F, 0x092F, 0x092F, 0x092F, 0x092F, 0x092F, 0x092F, 0x092F, 0x092F,
  0x092F, 0x092F, 0x092F, 0x092F, 0x092F, 0x092F, 0x092F, 0x092F, 0x092F, 0x092F,
  0x092F, 0x092F, 0x092F, 0x092F, 0x092F, 0x092F, 0x092F, 0x092F, 0x092F, 0x092F,
  0x092F, 0x092F, 0x092F, 0x092F, 0x092F, 0x092F, 0x092F, 0x092F, 0x092F, 0x092F,
  0x092F, 0x092F, 0x092F, 0x092F, 0x092F, 0x092F, 0x092F, 0x092F, 0x092F, 0x092F,
  0x092F, 0x092F, 0x092F, 0x092F, 0x092F, 0x092F, 0x092F, 0x092F, 0x092F, 0x092F,
  0x092F, 0x092F, 0x092F, 0x092F, 0x092F, 0x092F, 0x092F, 0x092F, 0x092F, 0x092F,
  0x092F, 0x092F, 0x092F, 0x092F, 0x092F, 0x092F, 0x092F, 0x092F, 0x092F, 0x092F,
  0x092F, 0x092F, 0x092F, 0x092F, 0x092F, 0x092F, 0x092F, 0x092F, 0x092F, 0x092F,
  0x092F, 0x092F, 0x092F, 0x092F, 0x092F, 0x092F, 0x092F, 0x092F, 0x092F, 0x092F,
  0x092F, 0x092F, 0x092F, 0x092F, 0x092F, 0x092F, 0x092F, 0x092F, 0x092F, 0x092F,
  0x092F, 0x092F, 0x092F, 0x092F, 0x092F, 0x092F, 0x092F, 0x092F, 0x092F, 0x092F,
  0x092F, 0x092F, 0x092F, 0x092F, 0x092F, 0x092F, 0x092F, 0x092F, 0x092F, 0x092F,
  0x092F, 0x092F, 0x092F, 0x092F, 0x092F, 0x092F, 0x092F, 0x092F, 0x092F, 0x092F,
  0x092F, 0x092F, 0x092F, 0x092F, 0x092F, 0x092F, 0x092F, 0x092F, 0x092F, 0x092F,
  0x092F, 0x092F, 0x092F, 0x092F, 0x092F, 0x092F, 0x092F, 0x092F, 0x092F, 0x092F,
  0x092F, 0x092F, 0x092F, 0x092F, 0x092F, 0x092F, 0x092F, 0x092F, 0x092F, 0x092F,
  0x092F, 0x092F, 0x092F, 0x092F, 0x092F, 0x092F, 0x092F, 0x092F, 0x092F, 0x092F,
  0x092F, 0x092F, 0x092F, 0x092F, 0x092F, 0x1473, 0x3094, 0x14D1, 0x092F, 0x2878,
  0x092F, 0x30B4, 0x150B, 0x092F, 0x092F, 0x1533, 0x1565, 0x1593, 0x078A, 0x15A6,
  0x092F, 0x092F, 0x15B6, 0x15F6, 0x092F, 0x30EE, 0x092F, 0x1318, 0x1636, 0x163E,
  0x1646, 0x164E, 0x163A, 0x1642, 0x164A, 0x1636, 0x163E, 0x1646, 0x164E, 0x163A,
  0x1642, 0x164A, 0x1636, 0x163E, 0x1646, 0x164E, 0x163A, 0x1642, 0x164A, 0x1636,
  0x163E, 0x1646, 0x164E, 0x163A, 0x1642, 0x164A, 0x1636, 0x163E, 0x1646, 0x164E,
  0x163A, 0x1642, 0x164A, 0x1636, 0x163E, 0x1646, 0x164E, 0x163A, 0x1642, 0x164A,
  0x1636, 0x163E, 0x1646, 0x164E, 0x163A, 0x1642, 0x164A, 0x1636, 0x163E, 0x1646,
  0x164E, 0x163A, 0x1642, 0x164A, 0x1636, 0x163E, 0x1646, 0x164E, 0x163A, 0x1642,
  0x164A, 0x1636, 0x163E, 0x1646, 0x164E, 0x163A, 0x1642, 0x164A, 0x1636, 0x163E,
  0x1646, 0x164E, 0x163A, 0x1642, 0x164A, 0x1636, 0x163E, 0x1646, 0x164E, 0x163A,
  0x1642, 0x164A, 0x1636, 0x163E, 0x1646, 0x164E, 0x163A, 0x1642, 0x164A, 0x1636,
  0x163E, 0x1646, 0x164E, 0x163A, 0x1642, 0x164A, 0x1636, 0x163E, 0x1646, 0x164E,
  0x163A, 0x1642, 0x164A, 0x1636, 0x163E, 0x1646, 0x164E, 0x163A, 0x1642, 0x164A,
  0x1636, 0x163E, 0x1646, 0x164E, 0x163A, 0x1642, 0x164A, 0x1636, 0x163E, 0x1646,
  0x164E, 0x163A, 0x1642, 0x164A, 0x1636, 0x163E, 0x1646, 0x164E, 0x163A, 0x1642,
  0x164A, 0x1636, 0x163E, 0x1646, 0x164E, 0x163A, 0x1642, 0x164A, 0x1636, 0x163E,
  0x1646, 0x164E, 0x163A, 0x1642, 0x164A, 0x1636, 0x163E, 0x1646, 0x164E, 0x163A,
  0x1642, 0x164A, 0x1636, 0x163E, 0x1646, 0x164E, 0x163A, 0x1642, 0x164A, 0x1636,
  0x163E, 0x1646, 0x164E, 0x163A, 0x1642, 0x164A, 0x1636, 0x163E, 0x1646, 0x164E,
  0x163A, 0x1642, 0x1682, 0x092F, 0x16C2, 0x16C2, 0x16C2, 0x16C2, 0x16C2, 0x16C2,
  0x16C2, 0x16C2, 0x16C2, 0x16C2, 0x16C2, 0x16C2, 0x16C2, 0x16C2, 0x16C2, 0x16C2,
  0x16C2, 0x16C2, 0x16C2, 0x16C2, 0x16C2, 0x16C2, 0x16C2, 0x16C2, 0x16C2, 0x16C2,
  0x16C2, 0x16C2, 0x16C2, 0x16C2, 0x16C2, 0x16C2, 0x092F, 0x092F, 0x092F, 0x092F,
  0x092F, 0x092F, 0x092F, 0x092F, 0x092F, 0x092F, 0x092F, 0x092F, 0x092F, 0x092F,
  0x092F, 0x092F, 0x092F, 0x092F, 0x092F, 0x092F, 0x092F, 0x092F, 0x092F, 0x092F,
  0x092F, 0x092F, 0x092F, 0x092F, 0x092F, 0x092F, 0x092F, 0x092F, 0x092F, 0x092F,
  0x092F, 0x092F, 0x092F, 0x092F, 0x092F, 0x092F, 0x092F, 0x092F, 0x092F, 0x092F,
  0x092F, 0x092F, 0x092F, 0x092F, 0x092F, 0x092F, 0x092F, 0x092F, 0x092F, 0x092F,
  0x092F, 0x092F, 0x092F, 0x092F, 0x092F, 0x092F, 0x092F, 0x092F, 0x092F, 0x092F,
  0x092F, 0x092F, 0x092F, 0x092F, 0x092F, 0x092F, 0x092F, 0x092F, 0x092F, 0x092F,
  0x092F, 0x092F, 0x092F, 0x092F, 0x092F, 0x092F, 0x092F, 0x092F, 0x092F, 0x092F,
  0x092F, 0x092F, 0x092F, 0x092F, 0x092F, 0x092F, 0x092F, 0x092F, 0x092F, 0x092F,
  0x092F, 0x092F, 0x092F, 0x092F, 0x092F, 0x092F, 0x1702, 0x1702, 0x1702, 0x1702,
  0x1734, 0x175E, 0x1702, 0x178F, 0x312E, 0x316E, 0x318A, 0x31BC, 0x31FC, 0x321E,
  0x3248, 0x3269, 0x329E, 0x32DC, 0x330C, 0x3344, 0x3381, 0x33BC, 0x33FC, 0x3409,
  0x3448, 0x3469, 0x348B, 0x34CA,
};

const uint16_t check_trie_index1[512] = {
  0x0000, 0x001F, 0x003E, 0x005E, 0x007C, 0x007C, 0x007C, 0x007C, 0x007C, 0x007C,
  0x007C, 0x007C, 0x0098, 0x00AD, 0x007C, 0x007C, 0x007C, 0x007C, 0x007C, 0x007C,
  0x007C, 0x007C, 0x007C, 0x00CD, 0x007C, 0x00E0, 0x00FB, 0x007C, 0x011B, 0x0138,
  0x0154, 0x0165, 0x007C, 0x007C, 0x007C, 0x007C, 0x007C, 0x007C, 0x007C, 0x007C,
  0x007C, 0x007C, 0x007C, 0x007C, 0x007C, 0x007C, 0x007C, 0x007C, 0x007C, 0x007C,
  0x007C, 0x007C, 0x007C, 0x007C, 0x007C, 0x007C, 0x007C, 0x007C, 0x007C, 0x007C,
  0x007C, 0x007C, 0x007C, 0x0185, 0x007C, 0x007C, 0x007C, 0x007C, 0x007C, 0x007C,
  0x007C, 0x007C, 0x007C, 0x007C, 0x007C, 0x007C, 0x007C, 0x007C, 0x007C, 0x007C,
  0x007C, 0x007C, 0x007C, 0x007C, 0x007C, 0x007C, 0x007C, 0x007C, 0x007C, 0x007C,
  0x007C, 0x007C, 0x007C, 0x007C, 0x007C, 0x007C, 0x007C, 0x007C, 0x007C, 0x007C,
  0x007C, 0x007C, 0x007C, 0x007C, 0x007C, 0x007C, 0x007C, 0x007C, 0x007C, 0x007C,
  0x007C, 0x007C, 0x007C, 0x007C, 0x007C, 0x007C, 0x007C, 0x007C, 0x007C, 0x007C,
  0x007C, 0x007C, 0x007C, 0x007C, 0x007C, 0x007C, 0x007C, 0x007C, 0x007C, 0x007C,
  0x007C, 0x007C, 0x007C, 0x007C, 0x007C, 0x007C, 0x007C, 0x007C, 0x007C, 0x007C,
  0x007C, 0x007C, 0x007C, 0x007C, 0x007C, 0x007C, 0x007C, 0x007C, 0x007C, 0x007C,
  0x007C, 0x007C, 0x007C, 0x007C, 0x007C, 0x007C, 0x007C, 0x007C, 0x007C, 0x007C,
  0x007C, 0x007C, 0x007C, 0x007C, 0x007C, 0x007C, 0x007C, 0x007C, 0x007C, 0x007C,
  0x007C, 0x007C, 0x007C, 0x007C, 0x007C, 0x007C, 0x007C, 0x007C, 0x007C, 0x007C,
  0x007C, 0x007C, 0x007C, 0x007C, 0x007C, 0x007C, 0x007C, 0x007C, 0x007C, 0x007C,
  0x007C, 0x007C, 0x007C, 0x007C, 0x007C, 0x007C, 0x007C, 0x007C, 0x007C, 0x007C,
  0x007C, 0x007C, 0x007C, 0x007C, 0x007C, 0x007C, 0x007C, 0x007C, 0x007C, 0x007C,
  0x007C, 0x007C, 0x007C, 0x007C, 0x007C, 0x007C, 0x007C, 0x007C, 0x007C, 0x007C,
  0x007C, 0x007C, 0x007C, 0x007C, 0x007C, 0x007C, 0x007C, 0x007C, 0x007C, 0x007C,
  0x007C, 0x007C, 0x007C, 0x007C, 0x007C, 0x007C, 0x007C, 0x007C, 0x007C, 0x007C,
  0x007C, 0x007C, 0x007C, 0x007C, 0x007C, 0x007C, 0x007C, 0x007C, 0x007C, 0x007C,
  0x007C, 0x007C, 0x007C, 0x007C, 0x007C, 0x007C, 0x007C, 0x007C, 0x007C, 0x007C,
  0x007C, 0x007C, 0x007C, 0x007C, 0x007C, 0x007C, 0x007C, 0x007C, 0x007C, 0x007C,
  0x007C, 0x007C, 0x007C, 0x007C, 0x007C, 0x007C, 0x007C, 0x007C, 0x007C, 0x007C,
  0x007C, 0x007C, 0x007C, 0x007C, 0x007C, 0x007C, 0x007C, 0x007C, 0x007C, 0x007C,
  0x007C, 0x007C, 0x007C, 0x007C, 0x007C, 0x007C, 0x007C, 0x007C, 0x007C, 0x007C,
  0x007C, 0x007C, 0x007C, 0x007C, 0x007C, 0x007C, 0x007C, 0x007C, 0x007C, 0x007C,
  0x007C, 0x007C, 0x007C, 0x007C, 0x007C, 0x007C, 0x007C, 0x007C, 0x007C, 0x007C,
  0x007C, 0x007C, 0x007C, 0x007C, 0x007C, 0x007C, 0x007C, 0x007C, 0x007C, 0x007C,
  0x007C, 0x007C, 0x007C, 0x007C, 0x007C, 0x007C, 0x007C, 0x007C, 0x007C, 0x007C,
  0x007C, 0x007C, 0x007C, 0x007C, 0x007C, 0x007C, 0x007C, 0x007C, 0x007C, 0x007C,
  0x007C, 0x007C, 0x007C, 0x007C, 0x007C, 0x007C, 0x007C, 0x007C, 0x007C, 0x007C,
  0x007C, 0x007C, 0x007C, 0x007C, 0x007C, 0x007C, 0x007C, 0x007C, 0x007C, 0x007C,
  0x007C, 0x007C, 0x007C, 0x007C, 0x007C, 0x007C, 0x007C, 0x007C, 0x007C, 0x007C,
  0x007C, 0x007C, 0x007C, 0x007C, 0x007C, 0x007C, 0x007C, 0x007C, 0x007C, 0x007C,
  0x007C, 0x007C, 0x007C, 0x007C, 0x007C, 0x007C, 0x007C, 0x007C, 0x007C, 0x007C,
  0x007C, 0x007C, 0x007C, 0x007C, 0x007C, 0x007C, 0x007C, 0x007C, 0x007C, 0x007C,
  0x007C, 0x007C, 0x007C, 0x007C, 0x007C, 0x007C, 0x007C, 0x007C, 0x007C, 0x007C,
  0x007C, 0x007C, 0x007C, 0x007C, 0x007C, 0x007C, 0x007C, 0x007C, 0x007C, 0x007C,
  0x007C, 0x007C, 0x007C, 0x007C, 0x007C, 0x007C, 0x007C, 0x007C, 0x007C, 0x007C,
  0x007C, 0x007C, 0x007C, 0x007C, 0x007C, 0x007C, 0x007C, 0x007C, 0x007C, 0x007C,
  0x007C, 0x007C, 0x007C, 0x007C, 0x007C, 0x007C, 0x007C, 0x007C, 0x007C, 0x007C,
  0x007C, 0x007C, 0x007C, 0x007C, 0x007C, 0x007C, 0x007C, 0x007C, 0x007C, 0x007C,
  0x007C, 0x007C, 0x007C, 0x007C, 0x007C, 0x007C, 0x007C, 0x007C, 0x007C, 0x007C,
  0x007C, 0x007C, 0x007C, 0x007C, 0x007C, 0x007C, 0x007C, 0x007C, 0x007C, 0x007C,
  0x007C, 0x007C, 0x007C, 0x007C, 0x007C, 0x007C, 0x007C, 0x007C, 0x007C, 0x007C,
  0x007C, 0x007C, 0x007C, 0x007C, 0x007C, 0x007C, 0x007C, 0x007C, 0x007C, 0x007C,
  0x007C, 0x007C,
};

const uint16_t check_trie_index2[421] = {
  0x1852, 0x1852, 0x1852, 0x1852, 0x1852, 0x1852, 0x1852, 0x1855, 0x1852, 0x1852,
  0x1852, 0x1872, 0x1852, 0x1893, 0x1852, 0x1852, 0x1852, 0x1852, 0x1852, 0x1852,
  0x1852, 0x1852, 0x1852, 0x18CE, 0x1852, 0x1852, 0x1852, 0x1852, 0x1852, 0x1852,
  0x350A, 0x1852, 0x1852, 0x1852, 0x1852, 0x1852, 0x1852, 0x1852, 0x1852, 0x1901,
  0x1852, 0x1852, 0x1941, 0x1852, 0x1852, 0x1852, 0x1852, 0x1852, 0x1852, 0x1852,
  0x1852, 0x1968, 0x1990, 0x1852, 0x1852, 0x1852, 0x1852, 0x19BE, 0x19EB, 0x1852,
  0x1A2B, 0x1A69, 0x1852, 0x1AA3, 0x1AE3, 0x1852, 0x1B23, 0x1B58, 0x1852, 0x1B98,
  0x1BA3, 0x1852, 0x1852, 0x1BDA, 0x1C05, 0x1C44, 0x1C81, 0x1CBF, 0x1852, 0x1CFD,
  0x1D1C, 0x1D5B, 0x1852, 0x1852, 0x1D6C, 0x1DAC, 0x1DAD, 0x1852, 0x1DB6, 0x1852,
  0x1A7E, 0x1852, 0x1852, 0x1852, 0x1DB3, 0x1852, 0x1852, 0x1852, 0x1DEE, 0x1E2D,
  0x1852, 0x1A89, 0x1A75, 0x1E66, 0x1A90, 0x1852, 0x1852, 0x1852, 0x1852, 0x1852,
  0x1DAD, 0x1852, 0x1852, 0x1852, 0x1852, 0x1EA4, 0x1A92, 0x1852, 0x1852, 0x1852,
  0x1852, 0x1852, 0x1852, 0x1EA7, 0x1852, 0x1852, 0x1852, 0x1852, 0x1852, 0x1852,
  0x1852, 0x1852, 0x1852, 0x1852, 0x1852, 0x1852, 0x1852, 0x1852, 0x1852, 0x1852,
  0x1852, 0x1852, 0x1852, 0x1852, 0x1852, 0x1852, 0x1852, 0x1852, 0x1852, 0x1852,
  0x1852, 0x1852, 0x1852, 0x1852, 0x1852, 0x1852, 0x1EC9, 0x1852, 0x1852, 0x1852,
  0x1852, 0x1852, 0x1852, 0x1852, 0x1852, 0x1852, 0x1852, 0x1852, 0x1852, 0x1852,
  0x1852, 0x1852, 0x1852, 0x1852, 0x1852, 0x1852, 0x1852, 0x1852, 0x1852, 0x1852,
  0x1852, 0x1852, 0x1852, 0x1852, 0x1EF9, 0x1F2E, 0x1852, 0x1852, 0x1852, 0x1852,
  0x1852, 0x1852, 0x1852, 0x1852, 0x1F65, 0x1852, 0x1852, 0x1852, 0x1852, 0x1852,
  0x1852, 0x1852, 0x1852, 0x1852, 0x1F90, 0x1852, 0x1852, 0x1852, 0x1852, 0x1852,
  0x1852, 0x1852, 0x1852, 0x1852, 0x1852, 0x1852, 0x1852, 0x1852, 0x1852, 0x1852,
  0x1852, 0x1852, 0x1852, 0x1FC2, 0x1852, 0x1852, 0x1852, 0x1852, 0x1852, 0x1852,
  0x1852, 0x1852, 0x1852, 0x1852, 0x1852, 0x1852, 0x1852, 0x1852, 0x1852, 0x1852,
  0x1852, 0x1852, 0x1852, 0x3545, 0x1852, 0x1852, 0x1852, 0x1852, 0x1852, 0x1852,
  0x1852, 0x1852, 0x1852, 0x1852, 0x1852, 0x1852, 0x1FE4, 0x2021, 0x2060, 0x1852,
  0x209E, 0x1852, 0x1852, 0x1852, 0x1852, 0x1852, 0x1852, 0x3585, 0x35B0, 0x35D3,
  0x3610, 0x364A, 0x368A, 0x3585, 0x3585, 0x3585, 0x3585, 0x36A6, 0x36E5, 0x36EB,
  0x36F1, 0x36F7, 0x3734, 0x3774, 0x37AA, 0x1D0C, 0x1852, 0x1F2E, 0x1852, 0x1852,
  0x1852, 0x1852, 0x1852, 0x2109, 0x2138, 0x1852, 0x1852, 0x1852, 0x1852, 0x1852,
  0x1852, 0x1852, 0x2168, 0x1852, 0x1852, 0x1852, 0x2198, 0x1852, 0x1852, 0x1852,
  0x21C8, 0x1852, 0x1852, 0x1852, 0x1852, 0x21FE, 0x1852, 0x223A, 0x1852, 0x1852,
  0x1852, 0x1852, 0x1852, 0x1852, 0x1852, 0x1852, 0x1852, 0x1852, 0x1852, 0x1852,
  0x1852, 0x1852, 0x1852, 0x1852, 0x1852, 0x1852, 0x37EA, 0x3828, 0x3868, 0x1852,
  0x1852, 0x1852, 0x1852, 0x1852, 0x3899, 0x38CF, 0x38FF, 0x1852, 0x393F, 0x397F,
  0x1852, 0x1852, 0x1852, 0x1852, 0x1852, 0x1852, 0x1852, 0x1852, 0x1852, 0x1852,
  0x1852, 0x1852, 0x1852, 0x1852, 0x1852, 0x1852, 0x1852, 0x1852, 0x1852, 0x1852,
  0x1852, 0x1852, 0x3991, 0x1852, 0x1852, 0x1852, 0x1852, 0x1852, 0x1852, 0x1852,
  0x1852, 0x1852, 0x1852, 0x1852, 0x1852, 0x1852, 0x1852, 0x1852, 0x1852, 0x227A,
  0x22B3, 0x22F1, 0x2330, 0x236C, 0x23AB, 0x23E9, 0x2424, 0x2460, 0x1852, 0x1852,
  0x1852, 0x1852, 0x1852, 0x1852, 0x1852, 0x1852, 0x1852, 0x1852, 0x1852, 0x1852,
  0x1852, 0x1852, 0x1852, 0x1852, 0x1852, 0x1852, 0x1852, 0x1852, 0x1852, 0x1852,
  0x1852,
};
} // namespace nfkd
} // namespace utf8_to_decomposed
} // namespace tables
} // unnamed namespace
} // namespace simdutf

#endif // SIMDUTF_UTF8_TO_DECOMPOSED_TABLES_H
